property_name,fiscal_year,award,deed_acres,habitat,acres,habitat_group,award_apportioned
"Alston, Rowland P. Tract",FY2007-08,220000.0,220.8,open water,0.2223945515669375,water,227.97927461139892
Asbury Hills,FY2006-07,3750000.0,1892.0,open water,2.6687346188032506,water,5432.158377595363
Ashley River Historic Project,FY2004-05,6285000.0,12280.0,open water,151.22829506551753,water,120111.2922264066
Avins Tract,FY2012-13,431130.0,431.13,open water,2.891129170370188,water,2939.0089145254324
Barker Assoc.,FY2007-08,291534.0,1457.67,open water,0.4447891031338751,water,91.53343799058084
Belfast Plantation - Phase 1,FY2007-08,2000000.0,2220.0,open water,2.6687346188032506,water,1142.857142857143
Big Snooks Tract,FY2018-19,48485.0,288.0,open water,8.006203856409751,water,1370.0627943485083
Black River Landing (Rocky Point Expansion),FY2018-19,90000.0,19.0,open water,2.223945515669376,water,1711.026615969582
Black River State Park - Phase I,FY2019-20,784600.0,310.67,open water,0.2223945515669375,water,550.5964912280702
Black River State Park - Phase II,FY2021-22,435000.0,816.35,open water,1.7791564125355006,water,917.721518987342
Black River State Park - Phase III (RMS South Tract),FY2021-22,450000.0,738.44,open water,3.113523721937126,water,1979.2648444863337
Black Swamp Plantation,FY2007-08,406200.0,2031.0,open water,10.230149372079127,water,2060.791882651373
Boggy Branch Farms,FY2013-14,270630.0,451.05,open water,30.24565901310351,water,17468.286663502608
Boone Hall,FY2019-20,2000000.0,598.88,open water,4.892680134472626,water,15454.86476993326
Boyd Pond,FY2007-08,300000.0,92.34,open water,18.23635322848888,water,60442.26044226044
"Boyd, Steve Tract",FY2014-15,775000.0,1000.0,open water,8.22859840797669,water,6239.120974760661
Bramblewood Tract,FY2018-19,340000.0,680.04,open water,4.892680134472626,water,2470.277410832233
Bryan Dairy,FY2006-07,212500.0,951.0,open water,25.57537343019782,water,6120.085149010769
Bugby Tract,FY2006-07,800000.0,906.0,open water,0.2223945515669375,water,182.8571428571429
Burbage Farm,FY2015-16,36900.0,117.95,open water,1.556761860968563,water,489.2045454545455
"Cain, Kenny Easement",FY2007-08,145000.0,114.0,open water,0.8895782062677503,water,1139.4891944990177
Chisolm Plantation (Ackerman & Lesesne Tracts),FY2007-08,500000.0,5087.0,open water,64.4944199544119,water,12515.104436388743
Comalander Tracts,FY2015-16,97805.0,391.22,open water,0.2223945515669375,water,45.81030444964871
Congaree Carton LP Tracts,FY2012-13,1228000.0,4912.0,open water,103.41346647862598,water,24346.38014837554
Copeland Tract,FY2012-13,162488.0,812.44,open water,18.681142331622755,water,3604.170055452865
Cordova Road Tract,FY2013-14,28800.0,145.84,open water,0.2223945515669375,water,43.96946564885496
Cotton Hall/Mount Repose,FY2007-08,442000.0,2210.0,open water,4.892680134472626,water,1029.321477717794
Cotton Hills Farm,FY2006-07,782500.0,870.0,open water,10.674938475213002,water,9260.3550295858
Crab Orchard Plantation,FY2007-08,563800.0,2819.0,open water,9.11817661424444,water,1800.1557511097265
Cragmoor Farms,FY2015-16,1000000.0,120.83,open water,0.2223945515669375,water,1862.1973929236497
Crescent- Heritage Tract,FY2004-05,2000000.0,1539.19,open water,18.681142331622755,water,24727.700912569915
Cypress Creek III,FY2006-07,86500.0,346.0,open water,3.113523721937126,water,815.4882154882155
Dawn Plantation,FY2019-20,313650.0,731.0,open water,4.670285582905689,water,2041.1062906724512
DDK Management Tract,FY2013-14,746000.0,1865.5,open water,1.556761860968563,water,632.8929826687673
Deer & Duck Tract (RFL Princess Pond),FY2013-14,500000.0,1006.95,open water,25.57537343019782,water,12637.362637362638
DeLoach Farm,FY2015-16,255825.0,1180.0,open water,3.335918273504064,water,730.5111364934323
Dinkins Mill Tracts,FY2013-14,620160.0,652.8,open water,50.261168654127886,water,39018.97550111358
"Drayton, Eddie Tract",FY2014-15,194300.0,670.0,open water,26.46495163646557,water,7676.527224435592
DuRant Farm Tract,FY2015-16,45000.0,121.24,open water,3.335918273504064,water,1238.532110091743
Dusty Acres Tract,FY2012-13,238840.0,238.84,open water,3.780707376637938,water,3859.581749049431
E. Hickson Tract,FY2005-06,475000.0,318.0,open water,6.894231098575065,water,10347.856640899508
Edisto River/Four Hole Swamp,FY2005-06,1500000.0,2383.5,open water,2.6687346188032506,water,1680.8292090764776
Elliott Tract,FY2007-08,460780.0,2335.93,open water,12.454094887748504,water,2452.821292775665
Exley Plantation,FY2012-13,1257945.0,5031.78,open water,7.33902020170894,water,1710.5024928921673
FB SC Tracts,FY2012-13,807894.0,4302.32,open water,30.690448116237384,water,5923.039472985177
Featherhorn Farms,FY2013-14,1200000.0,1205.63,open water,12.89888399088238,water,12836.59166359277
Floyd Tract,FY2005-06,400000.0,434.14,open water,14.67804040341788,water,13757.16519020323
For Ducks Tract,FY2014-15,96875.0,193.75,open water,0.4447891031338751,water,213.85209713024287
Fox Tindal Farm Tract,FY2014-15,99780.0,199.56,open water,17.12438047065419,water,8517.804878048779
Fred Sosnowski Tract,FY2006-07,125000.0,158.0,open water,1.111972757834688,water,995.2229299363056
French Quarter Creek,FY2015-16,166650.0,424.91,open water,1.111972757834688,water,436.4850707176532
Geddings Tract,FY2015-16,69175.0,124.0,open water,1.556761860968563,water,1048.1060606060607
Glover Plantation,FY2012-13,405328.0,2026.64,open water,0.2223945515669375,water,44.575827559661285
Gopher Woods (Burris) Tract,FY2016-17,306000.0,593.76,open water,8.22859840797669,water,4417.479516191963
Gracefield Properties,FY2013-14,143250.0,573.0,open water,2.891129170370188,water,714.0529141104294
Grant Meadow Tract,FY2012-13,36800.0,36.81,open water,1.111972757834688,water,1150.0
Great Falls Natural Area Project,FY2007-08,547665.0,353.0,open water,0.8895782062677503,water,3968.586956521739
Groton Uplands,FY2018-19,850000.0,13868.0,open water,91.62655524557827,water,3713.207227076088
Halidon Hill Plantation,FY2012-13,62000.0,248.0,open water,14.900434954984815,water,3682.6241134751776
Hamilton Ridge Tract,FY2005-06,5000000.0,13280.0,open water,37.139890111678575,water,14273.260286148954
"Hanna Trs (Carol Hanna, Leslie Hanna 1 & 2)",FY2012-13,281000.0,1405.0,open water,0.8895782062677503,water,183.12153796024768
"Harper, Andrew R Tract",FY2007-08,866594.0,4322.97,open water,8.006203856409751,water,1649.7823373876254
Harrell Farm Trust Tract,FY2015-16,87254.0,290.848,open water,1.7791564125355006,water,528.4118092354278
Hickory Hills,FY2015-16,263500.0,315.0,open water,5.559863789173439,water,4593.7935843793575
Hickory Top Tract,FY2013-14,223000.0,223.85,open water,4.003101928204876,water,4018.018018018017
High Creek Tract (Salley Tr),FY2012-13,835000.0,1704.7,open water,26.68734618803251,water,12869.252504495247
Hinson Farm Project,FY2013-14,558424.0,1726.0,open water,10.452543923646065,water,3517.277941570624
Holcim Cement Tract,FY2013-14,71250.0,57.26,open water,0.2223945515669375,water,279.4117647058824
Holly Bluff II,FY2018-19,208649.0,449.56,open water,9.562965717378315,water,4374.40614334471
Indigo Farms,FY2007-08,25000.0,103.0,open water,1.3343673094016253,water,328.2275711159737
Jason Ross Tract,FY2013-14,398000.0,398.0,open water,2.446340067236313,water,2467.869222096956
"Johns, A.J. Properties",FY2012-13,330600.0,1653.0,open water,0.4447891031338751,water,88.7040515159646
Jones Tract/Mt. Pleasant Tract,FY2007-08,343700.0,982.0,open water,11.78691123304769,water,887.3782151208105
Keithfield,FY2015-16,318000.0,304.87,open water,12.67648943931544,water,13597.89947486872
Kel-Sam Farms (Carolyn Black Tract),FY2012-13,850000.0,921.0,open water,0.4447891031338751,water,412.9220306048093
Knollwood/Longlands Plt Tract (Phase 1 - Lower Santee Tr),FY2015-16,737850.0,2951.4,open water,9.785360268945253,water,2470.166628623602
Kyle Daniel Tract,FY2004-05,320000.0,188.4,open water,0.4447891031338751,water,862.533692722372
Lake Jemiki,FY2006-07,154950.0,129.16,open water,11.342122129913816,water,14136.762075134166
Landco Project (Stevens Tract),FY2016-17,555000.0,557.0,open water,107.63896295839778,water,112205.51378446116
Lemon Island,FY2006-07,500000.0,162.24,open water,15.56761860968563,water,47945.20547945205
Liberty Hill Ph II,FY2014-15,1500000.0,1829.59,open water,6.671836547008128,water,6604.050484297036
Liberty Hill Tract,FY2012-13,1500000.0,937.0,open water,5.559863789173439,water,4263.301500682127
Little Junkyard Bay,FY2013-14,227708.0,569.27,open water,0.2223945515669375,water,82.89333818711323
LOCURA Tract,FY2016-17,60250.0,241.0,open water,1.3343673094016253,water,331.043956043956
Marhaygue Tract,FY2015-16,1209205.0,2418.41,open water,3.113523721937126,water,1568.6499258710155
Marsh Furniture Tract,FY2004-05,2000000.0,8347.0,open water,26.020162533331696,water,6095.337327429018
McDowell Creek Tract,FY2007-08,2000000.0,1877.96,open water,6.44944199544119,water,6653.665251806816
McLeod Tract,FY2006-07,500000.0,375.0,open water,0.4447891031338751,water,570.4506560182543
Meyer Lake,FY2020-21,1000000.0,974.0,open water,20.01550964102438,water,19915.9105996902
Michael Walden Tract,FY2013-14,53700.0,231.0,open water,0.8895782062677503,water,206.9364161849711
Middleton Place,FY2006-07,2000000.0,4497.0,open water,13.121278542449318,water,7111.432531790514
Middleton Place/Edmondston-Alston Family Trust,FY2007-08,820000.0,1274.0,open water,136.1054655589658,water,54124.24503882658
Millgrove Plantation,FY2020-21,165000.0,444.6,open water,10.452543923646065,water,3920.6268958543983
Millwood Farms,FY2013-14,184450.0,443.46,open water,7.783809304842815,water,3914.948453608247
Millwood Farms LLP 2 (Culler Family),FY2014-15,221918.0,522.16,open water,2.223945515669376,water,947.15322236449
Morris Island Tract,FY2005-06,1500000.0,117.7,open water,25.79776798176476,water,393665.1583710407
Morrow Creek Timbers,FY2020-21,150000.0,429.92,open water,2.001550964102438,water,700.9345794392523
Mtn. Bridge Passage,FY2005-06,1550000.0,175.0,open water,4.225496479771814,water,36720.69825436409
Myrtle Grove Plt Tract,FY2014-15,643268.0,1715.38,open water,18.458747780055816,water,6719.260508431914
Oak Grove,FY2006-07,177000.0,209.0,open water,4.892680134472626,water,4395.033860045147
Oakland Club,FY2015-16,3581730.0,11166.17,open water,4.892680134472626,water,1617.199794766547
Old Santee Canal,FY2020-21,270000.0,564.94,open water,2.446340067236313,water,1071.428571428571
Paradise Shrimp Farms,FY2007-08,100000.0,504.5,open water,5.782258340740376,water,1139.8509425690486
Patriots Plantation II,FY2014-15,653625.0,1867.5,open water,32.69199908033982,water,11583.227848101264
Paul Sanders Tract,FY2006-07,420000.0,164.89,open water,1.7791564125355006,water,5098.634294385432
Pinewood Farms,FY2013-14,175747.0,270.38,open water,10.00775482051219,water,6514.509884678748
Pinnacle Partners Tracts,FY2018-19,34330.0,137.32,open water,4.225496479771814,water,1120.7388316151205
Pollard Tract (Milbury),FY2006-07,2374312.0,10398.0,open water,62.49286899030946,water,15796.890541020482
Powell Properties,FY2014-15,392142.0,364.6,open water,0.6671836547008126,water,726.6374305126621
"Powell, Marion J. ""Pete"" Tract",FY2012-13,84375.0,75.0,open water,0.4447891031338751,water,587.9790940766551
Rhodes-Kinsey Tract,FY2012-13,208320.0,1041.6,open water,0.4447891031338751,water,89.88996763754044
Rhodes and IP/Milbury,FY2013-14,328600.0,1006.7,open water,1.3343673094016253,water,234.63048911103172
River Oaks Plantation,FY2020-21,975000.0,1005.18,open water,3.780707376637938,water,3761.061946902655
Riverbend Shoals Tract,FY2012-13,290000.0,580.0,open water,13.566067645583193,water,6981.057616416733
Riverside Farms,FY2016-17,1200000.0,2120.0,open water,0.4447891031338751,water,253.2981530343008
Robert Battle Tract,FY2005-06,55250.0,65.3,open water,2.001550964102438,water,1679.8986486486483
Rocky Point Landing Tr,FY2013-14,1109670.0,467.75,open water,2.001550964102438,water,6115.756276791181
Rocky River Nature Park,FY2012-13,75000.0,128.46,open water,2.6687346188032506,water,1120.79701120797
Rogers Family Farm,FY2019-20,99539.0,496.5,open water,1.7791564125355006,water,379.3768461171987
Roxbury Park Phase II,FY2019-20,141000.0,55.88,open water,1.3343673094016253,water,3453.061224489796
Salt Landing,FY2007-08,217000.0,572.0,open water,4.670285582905689,water,1797.6331360946742
Salt Point Timber Tract,FY2007-08,400000.0,1032.0,open water,62.04807988717558,water,24543.65515724653
Saluda Rivers Gorge,FY2019-20,569988.0,225.5,open water,0.4447891031338751,water,973.5064047822376
Sanctuary Timberlands Tracts,FY2019-20,88248.0,352.99,open water,0.6671836547008126,water,166.92559899117276
Sand Creek Farm,FY2007-08,100000.0,217.1,open water,6.44944199544119,water,3020.833333333333
Santee Bottomlands Preserve,FY2015-16,1014000.0,2276.64,open water,12.009305784614629,water,5201.976059281779
Santee River Tract,FY2013-14,2167750.0,8517.0,open water,9.11817661424444,water,2264.574362371646
SCWA Tract,FY2013-14,390000.0,390.0,open water,43.14454300398589,water,46445.67219152854
Segars Mill Pond Tract,FY2006-07,2443389.0,533.88,open water,8.22859840797669,water,22344.387790410285
Shinco Chauga Tract,FY2012-13,402000.0,402.0,open water,1.111972757834688,water,1116.046640755136
Silver Bluff Audubon Center and Sanctuary,FY2015-16,812608.0,3250.43,open water,46.48046127748995,water,11406.74806904426
Simkins River Farm,FY2013-14,523600.0,2617.0,open water,2.001550964102438,water,407.8234530506274
"Simmons, Kenneth Tract (Birchwood Farms)",FY2012-13,364500.0,405.5,open water,6.004652892307314,water,5431.2913907284765
Smith Ford Farm,FY2020-21,321472.0,446.32,open water,2.001550964102438,water,1833.4904942965777
Sosnowski Property,FY2006-07,150000.0,178.0,open water,1.7791564125355006,water,1474.2014742014742
South Fenwick Island Tract,FY2015-16,500000.0,400.94,open water,7.783809304842815,water,9954.493742889648
Spring Grove Tract,FY2014-15,478000.0,638.0,open water,0.2223945515669375,water,167.71929824561403
Stumphouse Mountain,FY2006-07,1227150.0,439.6,open water,5.782258340740376,water,16017.018072289153
Sumter Wateree Tract,FY2012-13,937250.0,3749.0,open water,78.50527670312896,water,18718.48656294201
Tall Pines Tract,FY2015-16,3000000.0,1757.0,open water,15.122829506551756,water,26013.77199693955
Ten Oaks Timberlands Tract,FY2015-16,31356.0,104.52,open water,0.8895782062677503,water,182.8338192419825
Thompson J. Bradford Property/Timberhaven,FY2007-08,215000.0,878.0,open water,13.343673094016255,water,3266.6497847556348
Thornhill Farms Tract,FY2014-15,163400.0,98.2,open water,6.671836547008128,water,11755.39568345324
Ti Ti Plantation,FY2013-14,231625.0,1853.0,open water,5.559863789173439,water,695.0696194934582
Tokeena Crossroads,FY2006-07,2695745.0,1107.87,open water,3.558312825071001,water,8629.83593437375
Toole Tract,FY2007-08,250000.0,349.39,open water,2.001550964102438,water,1368.6131386861312
Van Watts Tract,FY2013-14,362338.0,724.67,open water,7.783809304842815,water,3649.447482014388
Wallace Farm,FY2016-17,100000.0,347.67,open water,1.556761860968563,water,450.4504504504504
Waterloo Tract,FY2006-07,289450.0,406.0,open water,7.33902020170894,water,5163.1621621621625
Williamson Farm Tract,FY2012-13,63000.0,63.4,open water,2.001550964102438,water,1996.4788732394368
Woodbury Tract,FY2005-06,5000000.0,25668.0,open water,257.9776798176476,water,50139.61288760946
Calico Vineyard,FY2021-22,225000.0,112.54,open water,0.2223945515669375,water,442.9133858267717
Gobblers Roost,FY2021-22,393506.0,1020.08,open water,3.558312825071001,water,1383.7573626373628
Watson Farm,FY2021-22,235000.0,701.74,open water,5.337469237606501,water,589.3416927899686
Woodsend Park and Open Space,FY2021-22,1000000.0,86.32,open water,0.8895782062677503,water,9345.794392523365
Good Hope Landing Tract,FY2021-22,170000.0,148.0,open water,1.556761860968563,water,1737.2262773722623
River Swamp Tract,FY2021-22,345000.0,1017.5,open water,0.8895782062677503,water,304.7030249503201
Santee Island (Santee Delta WMA Addition),FY2021-22,850000.0,1862.0,open water,21.349876950426005,water,9244.36388353914
Tyger River Confluence,FY2021-22,157500.0,200.78,open water,3.335918273504064,water,2651.515151515152
North Fork Edisto Tract,FY2021-22,49950.0,36.71,open water,0.4447891031338751,water,594.6428571428572
ACE Basin: St. Helena Estuary (Cummings) Ti Ti 2,FY2022-23,215000.0,1742.0,open water,68.0527327794829,water,8438.943047716777
Hazelwood Farm,FY2022-23,78050.0,178.1,open water,0.2223945515669375,water,94.26328502415458
"Black River (Camel, LLC) Park Ranger Tract",FY2022-23,1200000.0,162.93,open water,5.782258340740376,water,38235.294117647056
Waites Island,FY2022-23,4000000.0,259.25,open water,28.68889715213495,water,442918.4549356223
Black River State Park: Sims Reach (Colonial Properties),FY2022-23,300000.0,143.22,open water,1.111972757834688,water,2384.737678855326
Great Santee Swamp,FY2022-23,649000.0,2114.95,open water,18.01395867692194,water,5526.597981497056
Santee River - Dawhoo and Wadmacon Creek Tract,FY2022-23,645000.0,1742.55,open water,16.234802264386442,water,6348.254011055683
Limerick Plantation,FY2022-23,266535.0,233.99,open water,1.556761860968563,water,1849.1030723488605
Saluda Dam Acres,FY2022-23,275000.0,69.59,open water,0.8895782062677503,water,3384.6153846153848
Independence Farm,FY2022-23,650000.0,498.22,open water,0.6671836547008126,water,887.9781420765028
Black River SP - RMS North,FY2022-23,1250000.0,535.25,open water,0.6671836547008126,water,1596.4240102171138
Cotton Hall,FY2022-23,3000000.0,232.0,open water,17.791564125355006,water,230769.2307692308
Halfway Swamp Creek,FY2022-23,175000.0,288.37,open water,0.2223945515669375,water,138.4493670886076
Willowbend,FY2022-23,300000.0,348.53,open water,4.003101928204876,water,3345.7249070631974
Fort Motte Cliffs,FY2022-23,400000.0,400.0,open water,6.44944199544119,water,6767.794632438741
Daus - Knights Hill,FY2022-23,500000.0,1010.27,open water,5.337469237606501,water,2718.6225645672857
Ingleside Park,FY2023-24,1000000.0,445.8,open water,0.2223945515669375,water,498.2561036372696
Bowers Farm,FY2023-24,500000.0,488.33,open water,0.2223945515669375,water,234.9624060150376
Twin Ponds,FY2023-24,156000.0,91.69,open water,4.003101928204876,water,6685.714285714284
Andrews Black River Park,FY2023-24,5800000.0,1806.43,open water,2.446340067236313,water,7869.742198100408
George Aull Expansion Clemson Forest,FY2023-24,1200000.0,82.47,open water,0.4447891031338751,water,6250.000000000001
Santee Delta Plantation,FY2023-24,75000.0,108.86,open water,2.891129170370188,water,1993.8650306748464
Catawba - Nisbet Tract,FY2023-24,3800000.0,596.36,open water,5.559863789173439,water,35302.86138981791
Horsepen Creek II,FY2023-24,76500.0,31.72,open water,0.8895782062677503,water,1936.708860759494
Bob McCartney - Rossdhu Longleaf Preserve,FY2023-24,81000.0,61.0,open water,0.8895782062677503,water,1191.1764705882351
Santee Corridor - RMS-Wadmacon,FY2023-24,1950000.0,2248.0,open water,27.132135291166385,water,23535.813217253664
James Island CP - Bradham Road Addition,FY2023-24,500000.0,25.35,open water,0.8895782062677503,water,18867.92452830189
Seawright-Drake Homestead (Fleming),FY2023-24,50000.0,75.74,open water,0.8895782062677503,water,579.7101449275364
Stillwell Homeplace Farm,FY2023-24,62699.0,197.79,open water,0.4447891031338751,water,103.46369636963696
Waites - Olivia Boyce Tracts,FY2023-24,4000000.0,111.22,open water,15.122829506551756,water,524084.7784200385
Waites - Merrill Boyce Tracts,FY2023-24,8000000.0,107.02,open water,25.57537343019782,water,1818181.818181818
D. Brown Land and Timber LLC,FY2023-24,103850.0,308.46,open water,0.2223945515669375,water,76.13636363636364
Kings Mountain- Metker,FY2023-24,1700000.0,47.53,open water,0.6671836547008126,water,23720.930232558138
Stilwell - Cannery Farm,FY2023-24,250000.0,797.88,open water,0.2223945515669375,water,72.10845111047016
Pudding Swamp - Atkinson Farm,FY2023-24,150000.0,383.15,open water,0.2223945515669375,water,84.69791078486732
North Island,FY2023-24,2000000.0,114.66,open water,2.223945515669376,water,38610.03861003861
Shaws Creek Preserve,FY2023-24,1900000.0,2657.63,open water,84.06514049230239,water,60095.38950715421
Shealy Farm,FY2023-24,242000.0,339.44,open water,1.3343673094016253,water,977.1197846567966
Witherspoon Island,FY2023-24,850000.0,3707.94,open water,117.64671777890996,water,25883.60580244071
Gregorie Neck,FY2023-24,2000000.0,4409.3,open water,182.3635322848888,water,82131.41025641025
Cracker Farms,FY2023-24,170000.0,63.58,open water,2.891129170370188,water,7864.768683274021
Thrailkill Farm,FY2024-25,1600000.0,1063.06,open water,7.783809304842815,water,11698.3496970963
Black River SP - Mingo Creek,FY2024-25,244378.0,664.32,open water,6.004652892307314,water,2149.252768729642
Horse Gap Forest,FY2024-25,105000.0,69.6,open water,0.8895782062677503,water,1288.3435582822087
Store Creek Park,FY2024-25,110000.0,1.67,open water,0.2223945515669375,water,13750.000000000004
Snow's Island Addition,FY2024-25,5229080.0,2584.26,open water,4.447891031338751,water,9031.226252158896
Snow's Island,FY2024-25,14400000.0,5178.93,open water,56.93300520113602,water,165168.69035351046
Waites - Becky Work,FY2024-25,8000000.0,115.0,open water,12.009305784614629,water,818181.8181818182
AB Farms,FY2024-25,412500.0,126.0,open water,2.223945515669376,water,7173.913043478261
Broad River Preserve,FY2024-25,760000.0,1040.78,open water,1.556761860968563,water,1144.8246180331398
Watson Farm,FY2024-25,565000.0,358.73,open water,5.337469237606501,water,1416.9278996865205
Jackson Farms Cash Tracts,FY2024-25,500000.0,588.0,open water,2.891129170370188,water,2464.922260144103
Essex Farms,FY2024-25,560000.0,898.55,open water,0.4447891031338751,water,296.061326989162
Grimshaw Farm,FY2024-25,145000.0,122.61,open water,0.4447891031338751,water,524.4122965641952
Pipsissewa Passage - Paris Mountain,FY2024-25,2400000.0,65.42,open water,2.001550964102438,water,71523.17880794701
Burch's Mill,FY2024-25,1250000.0,374.64,open water,6.894231098575065,water,22956.16113744076
Price Family Farm,FY2024-25,205000.0,199.17,open water,0.2223945515669375,water,229.5632698768197
Black River SP - Browns Ferry,FY2024-25,498000.0,311.31,open water,3.335918273504064,water,5162.404975812025
Rivers Farm 1,FY2024-25,885000.0,668.97,open water,1.111972757834688,water,1489.3975092561427
Black River SP - Cold Creek Acquisition,FY2024-25,221107.0,178.67,open water,1.556762526996239,water,1979.2186700767263
Dean Acres,FY2024-25,112000.0,141.11,open water,2.8911304072787294,water,2467.796610169491
Broad River Conservation @Alston,FY2025-26,725000.0,109.33,open water,1.3343678802824903,water,9177.215189873416
North Widgeon,FY2025-26,250000.0,8.99,open water,0.6671839401412453,water,17857.142857142855
Stevenson Century Farm,FY2025-26,200000.0,132.8,open water,0.8895785868549937,water,1391.304347826087
Keese Family Farm,FY2025-26,812000.0,556.68,open water,1.1119732335687422,water,1618.1745715424472
Broad Arrow Landing,FY2025-26,800000.0,903.61,open water,11.564521629114918,water,10355.98705501618
Maxcy Farm Conservation Easement,FY2025-26,185000.0,48.23,open water,0.6671839401412453,water,2617.9245283018868
Gillian Farms - J.Paul Rd,FY2025-26,95000.0,42.33,open water,0.2223946467137484,water,500.0
Gillian Farms - Bodie Rd,FY2025-26,256000.0,170.66,open water,2.4463411138512328,water,3619.5372750642673
Cattails Tree Farm Extension,FY2025-26,176000.0,263.66,open water,0.6671839401412453,water,428.57142857142856
Blessing,FY2025-26,7400000.0,627.75,open water,6.894234048126202,water,79212.70718232045
Pocotaligo Station,FY2025-26,4597600.0,1742.33,open water,1.1119732335687422,water,2923.566068930434
Red Fern,FY2025-26,264000.0,302.02,open water,0.4447892934274968,water,371.3080168776372
Beneventum,FY2025-26,342000.0,190.0,open water,2.4463411138512328,water,4405.152224824356
RML Timber,FY2025-26,872625.0,1219.03,open water,4.8926822277024655,water,3557.774277242402
The Pond Conservation Easement,FY2025-26,16500.0,30.0,open water,0.8895785868549937,water,485.2941176470588
Meadow Woods Farm,FY2025-26,160000.0,124.0,open water,1.1119732335687422,water,1470.5882352941178
Eidson Family Timberland,FY2025-26,175000.0,695.0,open water,1.1119732335687422,water,283.6304700162075
AM-PM Farms,FY2025-26,1500000.0,419.0,open water,3.5583143474199748,water,11194.029850746268
Duck Ponds,FY2025-26,16000000.0,8460.0,open water,46.92527045660092,water,89772.90857841834
Duck Haven,FY2025-26,250000.0,147.0,open water,0.2223946467137484,water,380.5175038051751
Big Garvin Creek Farm,FY2025-26,317000.0,253.0,open water,27.13214689907731,water,34315.88287488908
Oscar's Place,FY2025-26,80000.0,50.0,open water,10.230153748832429,water,16355.555555555557
Kidd Family Farm,FY2025-26,264100.0,296.0,open water,2.8911304072787294,water,2493.318809005083
Whiten Farms,FY2025-26,375000.0,156.0,open water,0.2223946467137484,water,536.4806866952789
Thomason Farm,FY2025-26,378000.0,219.0,open water,0.8895785868549937,water,1561.9834710743803
Back Swamp,FY2025-26,216000.0,420.0,open water,1.3343678802824903,water,670.807453416149
Bradley Property,FY2025-26,91200.0,43.0,open water,0.2223946467137484,water,447.05882352941177
Felker Farm,FY2025-26,225000.0,248.0,open water,1.3343678802824903,water,1201.067615658363
Piedmont River Park,FY2025-26,33000.0,6.0,open water,3.3359197007062265,water,9705.882352941177
Kirkwood Farm,FY2025-26,264618.0,373.0,open water,2.2239464671374845,water,1569.5017793594309
Camden Battleground Trust,FY2007-08,106052.0,161.0,open water,8.006204,water,161.3981005274396
Wheeler Farm,FY2025-26,744000.0,887.0,open water,1.3343678802824903,water,1213.0434782608695
Montgomery Tract,FY2025-26,302000.0,312.0,open water,0.6671608598962194,water,651.7985611510793
Flat Grove Farm,FY2025-26,223500.0,232.0,open water,1.111934766493699,water,1054.245283018868
Forest View,FY2025-26,4850000.0,590.0,open water,3.335804299481097,water,27504.725897920605
River Oaks,FY2025-26,950000.0,699.0,open water,0.2223869532987398,water,303.6113774368808
Gramling and Gramling Farm,FY2026-27,1873530.0,816.0,open water,14.010378057820608,water,31926.532323505548
Chick-A-Moo Farm 1,FY2026-27,257500.0,97.0,open water,1.111934766493699,water,2899.7747747747744
Goodwill,FY2026-27,12600000.0,737.0,open water,26.33733707450012,water,449235.99320882856
Vaught Tract II,FY2026-27,205000.0,303.0,open water,0.2223869532987398,water,151.73945225758698
Wentzky Farm,FY2026-27,146000.0,52.0,open water,1.2541589083095293,water,3604.938271604938
Redding-Stone Farmstead Tracts,FY2026-27,100000.0,78.0,open water,0.9406191812321468,water,1136.3636363636365
Des Francs - Wateree,FY2026-27,12377318.0,4854.0,open water,97.85025945144552,water,232170.3508547555
Beech Creek - Wateree,FY2026-27,9822000.0,3592.0,open water,78.05782060785768,water,209537.59192852367
Alewine Tract,FY2004-05,477103.0,95.9,"developed, open space",1.7791564125355006,developed,8190.609442060087
Alexander Tract,FY2005-06,88825.0,41.394,"developed, open space",3.113523721937126,developed,6908.611111111111
"Alston, Rowland P. Tract",FY2007-08,220000.0,220.8,"developed, open space",13.566067645583193,developed,13906.73575129534
Anderson Property,FY2018-19,350000.0,314.28,"developed, open space",14.455645851850942,developed,17041.19850187266
Angel Oak,FY2013-14,890000.0,17.0,"developed, open space",1.3343673094016253,developed,68461.53846153845
Asbury Hills,FY2006-07,3750000.0,1892.0,"developed, open space",25.57537343019782,developed,52058.18445195557
Asbury Hills Expansion,FY2016-17,40000.0,40.15,"developed, open space",1.111972757834688,developed,1123.5955056179776
Ashley River Historic Project,FY2004-05,6285000.0,12280.0,"developed, open space",173.4677502222113,developed,137774.71755381933
Avins Tract,FY2012-13,431130.0,431.13,"developed, open space",3.780707376637938,developed,3843.319349764027
Bailey Mill,FY2015-16,493500.0,1645.52,"developed, open space",48.25961769002545,developed,15011.143818334736
Barker Assoc.,FY2007-08,291534.0,1457.67,"developed, open space",29.35608080683576,developed,6041.206907378337
Batten Boggy Tract,FY2006-07,63000.0,315.25,"developed, open space",0.4447891031338751,developed,88.66995073891627
"Battery Wilkes Tract (E.H. Boinest, III)",FY2012-13,354000.0,1.8,"developed, open space",0.6671836547008126,developed,106200.0
Battle of Hanging Rock - Horton,FY2019-20,157500.0,30.84,"developed, open space",7.116625650142002,developed,40000.0
Battle of Parker's Ferry - Liberty Trail,FY2020-21,55180.0,31.0,"developed, open space",0.8895782062677503,developed,1452.1052631578946
Battle of Port Royal (Harris Pillow) - Liberty Trail,FY2019-20,227963.0,6.08,"developed, open space",0.6671836547008126,developed,26303.423076923074
Battle of Port Royal (Kling) - Liberty Trail,FY2019-20,125000.0,3.73,"developed, open space",0.6671836547008126,developed,23437.5
Baxley Tract,FY2004-05,794626.0,979.0,"developed, open space",12.231700336181566,developed,9950.917577413478
Belfast Plantation - Phase 1,FY2007-08,2000000.0,2220.0,"developed, open space",116.31235046950836,developed,49809.52380952381
Big Cypress Plantation,FY2015-16,434000.0,1232.94,"developed, open space",0.8895782062677503,developed,325.03276539973785
Big Rock Access Expansion,FY2019-20,10000.0,1.0,"developed, open space",0.2223945515669375,developed,3333.333333333333
Big Rock Public Access Tract,FY2015-16,28000.0,5.89,"developed, open space",1.111972757834688,developed,6363.636363636363
Big Snooks Tract,FY2018-19,48485.0,288.0,"developed, open space",2.446340067236313,developed,418.6302982731554
Black Creek Plantation,FY2018-19,356400.0,864.0,"developed, open space",12.454094887748504,developed,5215.155474261824
Black River Landing (Rocky Point Expansion),FY2018-19,90000.0,19.0,"developed, open space",13.566067645583193,developed,10437.26235741445
Black River State Park - Phase I,FY2019-20,784600.0,310.67,"developed, open space",2.446340067236313,developed,6056.561403508772
Black River State Park - Phase II,FY2021-22,435000.0,816.35,"developed, open space",18.90353688318969,developed,9750.791139240506
Black River State Park - Phase III (RMS South Tract),FY2021-22,450000.0,738.44,"developed, open space",8.673387511110565,developed,5513.666352497644
Black Swamp Plantation,FY2007-08,406200.0,2031.0,"developed, open space",54.931454237033584,developed,11065.556413367156
Blackmon Tract,FY2006-07,424661.0,129.71,"developed, open space",2.001550964102438,developed,6445.10792580101
Blue Heron Property (Battle of Camden),FY2018-19,250000.0,294.45,"developed, open space",9.340571165811378,developed,7900.677200902933
Blue Wall Connection - (Blakely & McDiarmid Tracts),FY2007-08,440000.0,136.0,"developed, open space",10.89733302677994,developed,35518.945634266885
Blythe- Goodwin House,FY2005-06,114200.0,10.91,"developed, open space",1.3343673094016253,developed,14578.723404255315
Boggy Branch Farms,FY2013-14,270630.0,451.05,"developed, open space",14.233251300284005,developed,8220.370194589465
"Boineau, Jack H Tract",FY2014-15,352050.0,15.45,"developed, open space",0.4447891031338751,developed,10832.307692307691
Boone Hall,FY2019-20,2000000.0,598.88,"developed, open space",51.59553596352952,developed,162978.57393747807
Boones Creek Oconee Bell Preserve,FY2019-20,200000.0,40.0,"developed, open space",1.111972757834688,developed,5952.380952380953
Bowers Tract,FY2007-08,180195.0,900.978,"developed, open space",34.9159445960092,developed,6831.831683168317
Boyd Pond,FY2007-08,300000.0,92.34,"developed, open space",2.6687346188032506,developed,8845.208845208843
"Boyd, Steve Tract",FY2014-15,775000.0,1000.0,"developed, open space",7.116625650142002,developed,5395.996518711924
Bramblewood Tract,FY2018-19,340000.0,680.04,"developed, open space",7.561414753275877,developed,3817.70145310436
Bramlett Bottoms,FY2020-21,100000.0,40.7,"developed, open space",9.11817661424444,developed,23295.454545454548
Bryan Dairy,FY2006-07,212500.0,951.0,"developed, open space",7.116625650142002,developed,1702.98021537691
Bugby Tract,FY2006-07,800000.0,906.0,"developed, open space",16.012407712819503,developed,13165.714285714284
Bunched Arrowhead Preserve Tr,FY2013-14,465000.0,64.96,"developed, open space",2.6687346188032506,developed,19442.508710801398
Burbage Farm,FY2015-16,36900.0,117.95,"developed, open space",2.891129170370188,developed,908.5227272727273
Burgess Farms Tract,FY2018-19,275000.0,1012.7,"developed, open space",15.56761860968563,developed,4323.899371069182
C. McRae Tract,FY2005-06,63750.0,38.1,"developed, open space",3.335918273504064,developed,5592.105263157895
"Cain, Kenny Easement",FY2007-08,145000.0,114.0,"developed, open space",2.891129170370188,developed,3703.339882121807
Cane Creek Project,FY2012-13,313000.0,228.68,"developed, open space",0.6671836547008126,developed,806.7010309278351
Cannon Tract,FY2006-07,200000.0,144.28,"developed, open space",3.780707376637938,developed,5238.828967642528
Cantey Bay Tract,FY2015-16,940915.0,1881.83,"developed, open space",77.17090939372733,developed,38075.510787172
Chapman Bridge Oconee Bell Preserve,FY2019-20,550000.0,238.72,"developed, open space",20.01550964102438,developed,47733.847637415616
Chauga Bluff,FY2014-15,523000.0,696.0,"developed, open space",34.02636638974145,developed,25147.391577624134
Chauga Heights Tract,FY2018-19,550000.0,212.69,"developed, open space",2.001550964102438,developed,5322.58064516129
ChauRam Expansion,FY2007-08,250000.0,89.46,"developed, open space",1.556761860968563,developed,3615.702479338843
Chestnut Ridge Ext,FY2015-16,243250.0,304.75,"developed, open space",8.450992959543628,developed,6796.691176470589
Chinquapin Greenway,FY2005-06,657128.0,43.0,"developed, open space",3.113523721937126,developed,55088.57485029941
Chisolm Plantation (Ackerman & Lesesne Tracts),FY2007-08,500000.0,5087.0,"developed, open space",24.018611569229257,developed,4660.797514241326
Cleveland-Wilson Farms,FY2004-05,6370000.0,867.0,"developed, open space",22.239455156693754,developed,171052.63157894733
Comalander Tracts,FY2015-16,97805.0,391.22,"developed, open space",3.113523721937126,developed,641.344262295082
Combahatchie Family Tract,FY2015-16,165300.0,550.98,"developed, open space",12.009305784614629,developed,3606.545454545454
Congaree Carton LP Tracts,FY2012-13,1228000.0,4912.0,"developed, open space",0.8895782062677503,developed,209.4312270828004
Cope Tract,FY2015-16,141050.0,806.0,"developed, open space",6.671836547008128,developed,1158.3629893238435
Copeland Tract,FY2012-13,162488.0,812.44,"developed, open space",15.122829506551756,developed,2917.661473461843
Cordova Road Tract,FY2013-14,28800.0,145.84,"developed, open space",2.223945515669376,developed,439.6946564885496
Cotton Hall/Mount Repose,FY2007-08,442000.0,2210.0,"developed, open space",22.90663881139457,developed,4819.096009315126
Cotton Hills Farm,FY2006-07,782500.0,870.0,"developed, open space",12.009305784614629,developed,10417.899408284024
Crab Orchard Plantation,FY2007-08,563800.0,2819.0,"developed, open space",52.707508721364206,developed,10405.778366170858
Cragmoor Farms,FY2015-16,1000000.0,120.83,"developed, open space",6.44944199544119,developed,54003.72439478585
Creek Farms,FY2007-08,25000.0,77.7,"developed, open space",1.111972757834688,developed,365.4970760233919
Crescent- Heritage Tract,FY2004-05,2000000.0,1539.19,"developed, open space",29.800869909969634,developed,39446.57050338534
Crescent Tract,FY2015-16,1020750.0,2721.97,"developed, open space",23.79621701766232,developed,8871.761026724067
Crosby Farm,FY2015-16,69550.0,107.2,"developed, open space",2.446340067236313,developed,1641.7381974248926
Culbertson Mill,FY2015-16,99000.0,108.78,"developed, open space",4.447891031338751,developed,4248.92703862661
Cynthia Brown Tract,FY2004-05,135345.0,51.33,"developed, open space",1.111972757834688,developed,3207.2274881516587
Cypress Creek II,FY2006-07,727250.0,2909.84,"developed, open space",6.44944199544119,developed,1631.109822119103
Cypress Creek III,FY2006-07,86500.0,346.0,"developed, open space",13.78846219715013,developed,3611.447811447812
Cypress Swamp,FY2015-16,43575.0,248.8,"developed, open space",0.8895782062677503,developed,163.50844277673545
"Davis, J. E., Jr/Orange Grove Tract",FY2007-08,90000.0,36.7,"developed, open space",4.003101928204876,developed,9878.048780487805
Dawn Plantation,FY2019-20,313650.0,731.0,"developed, open space",12.454094887748504,developed,5442.95010845987
DDK Management Tract,FY2013-14,746000.0,1865.5,"developed, open space",53.81948147919889,developed,21880.014543691672
Deer & Duck Tract (RFL Princess Pond),FY2013-14,500000.0,1006.95,"developed, open space",13.343673094016255,developed,6593.406593406593
Deer Park Tract,FY2014-15,489825.0,2177.0,"developed, open space",21.572271501992944,developed,4792.034795763994
DeLoach Farm,FY2015-16,255825.0,1180.0,"developed, open space",17.12438047065419,developed,3749.957167332952
Dinkins Mill Tracts,FY2013-14,620160.0,652.8,"developed, open space",13.78846219715013,developed,10704.320712694878
Dixon Family Tracts,FY2014-15,200625.0,535.0,"developed, open space",7.33902020170894,developed,2638.750498206457
Donoho Farm,FY2006-07,800000.0,2055.0,"developed, open space",70.27667829515227,developed,27478.26086956522
Douglas B. Sheorn Property,FY2015-16,60800.0,152.69,"developed, open space",1.3343673094016253,developed,572.6844583987441
"Drayton, Eddie Tract",FY2014-15,194300.0,670.0,"developed, open space",4.670285582905689,developed,1354.6812749003986
DuRant Farm Tract,FY2015-16,45000.0,121.24,"developed, open space",1.3343673094016253,developed,495.4128440366972
Dusty Acres Tract,FY2012-13,238840.0,238.84,"developed, open space",6.671836547008128,developed,6811.026615969583
E. Hickson Tract,FY2005-06,475000.0,318.0,"developed, open space",10.674938475213002,developed,16022.48770203795
Edisto Packers Tract,FY2006-07,325000.0,29.8022,"developed, open space",0.4447891031338751,developed,4924.242424242424
Edisto River/Four Hole Swamp,FY2005-06,1500000.0,2383.5,"developed, open space",15.790013161252569,developed,9944.906153702494
Elliott Tract,FY2007-08,460780.0,2335.93,"developed, open space",69.16470553731759,developed,13621.91825095057
Exley Plantation,FY2012-13,1257945.0,5031.78,"developed, open space",154.56421333902162,developed,36024.21916848656
Fairfield (McCrady) Tract,FY2016-17,44450.0,177.8,"developed, open space",4.447891031338751,developed,1093.4809348093484
Fall Creek Chatooga,FY2005-06,47000.0,93.52,"developed, open space",6.44944199544119,developed,3503.856041131105
Featherhorn Farms,FY2013-14,1200000.0,1205.63,"developed, open space",20.90508784729213,developed,20804.13131685724
First Citizens Bank/Back Swamp School Tr,FY2013-14,325000.0,93.085,"developed, open space",4.670285582905689,developed,16485.507246376812
Floyd Tract,FY2005-06,400000.0,434.14,"developed, open space",21.12748239885907,developed,19801.9801980198
For Ducks Tract,FY2014-15,96875.0,193.75,"developed, open space",0.4447891031338751,developed,213.85209713024287
Forrester Tract,FY2005-06,1233000.0,38.79,"developed, open space",13.78846219715013,developed,422353.591160221
Fort Pemberton,FY2018-19,400000.0,8.48,"developed, open space",4.225496479771814,developed,194871.79487179487
Forty Acre Rock,FY2005-06,375617.0,521.69,"developed, open space",11.342122129913816,developed,8218.132561132561
Fox Tindal Farm Tract,FY2014-15,99780.0,199.56,"developed, open space",10.452543923646065,developed,5199.179600886918
Fred Sosnowski Tract,FY2006-07,125000.0,158.0,"developed, open space",1.7791564125355006,developed,1592.3566878980891
French Quarter Creek,FY2015-16,166650.0,424.91,"developed, open space",10.452543923646065,developed,4102.95966474594
Ft. Fairlawn (Corner Investors Tr),FY2013-14,1000000.0,80.0,"developed, open space",10.89733302677994,developed,132075.47169811316
Gap Creek,FY2016-17,1700000.0,954.529,"developed, open space",8.22859840797669,developed,14741.035856573702
"Garrett, Richard M.",FY2007-08,112750.0,120.0,"developed, open space",4.003101928204876,developed,3643.626570915619
Geddings Tract,FY2015-16,69175.0,124.0,"developed, open space",1.111972757834688,developed,748.6471861471861
Gill Creek Preserve,FY2020-21,82500.0,238.77,"developed, open space",7.561414753275877,developed,2633.8028169014087
Glover Plantation,FY2012-13,405328.0,2026.64,"developed, open space",128.76644535725686,developed,25809.40415704389
Gopher Woods (Burris) Tract,FY2016-17,306000.0,593.76,"developed, open space",21.79466605355988,developed,11700.351150994928
Gracefield Properties,FY2013-14,143250.0,573.0,"developed, open space",10.89733302677994,developed,2691.430214723926
Grant Meadow Addition,FY2019-20,65000.0,21.01,"developed, open space",1.3343673094016253,developed,4239.130434782609
Grant Meadow Tract,FY2012-13,36800.0,36.81,"developed, open space",2.891129170370188,developed,2989.9999999999995
Grassy Knob Tract,FY2015-16,803000.0,776.0,"developed, open space",19.34832598632357,developed,19155.744447491088
Great Falls Natural Area Project,FY2007-08,547665.0,353.0,"developed, open space",2.446340067236313,developed,10913.614130434782
Greenbrier Farms,FY2005-06,280000.0,123.52,"developed, open space",7.33902020170894,developed,17599.999999999996
Greenfield Plantation Corner,FY2014-15,75000.0,1.0,"developed, open space",0.6671836547008126,developed,22500.0
Grey Logs Property,FY2015-16,250000.0,18.9,"developed, open space",2.446340067236313,developed,28061.22448979592
Groton Uplands,FY2018-19,850000.0,13868.0,"developed, open space",175.69169573788068,developed,7119.984731529392
H.C. Edens Tract,FY2005-06,974000.0,677.22,"developed, open space",13.343673094016255,developed,18894.27740058196
Halidon Hill Plantation,FY2012-13,62000.0,248.0,"developed, open space",9.340571165811378,developed,2308.5106382978724
Hamilton Ridge Tract,FY2005-06,5000000.0,13280.0,"developed, open space",360.5015680900058,developed,138544.64026255964
Hanahan Tract,FY2015-16,286000.0,91.0,"developed, open space",0.2223945515669375,developed,692.4939467312348
"Hanna Trs (Carol Hanna, Leslie Hanna 1 & 2)",FY2012-13,281000.0,1405.0,"developed, open space",37.36228466324551,developed,7691.104594330402
Harper Family Home Place & Solomons Tract,FY2007-08,304200.0,1544.0,"developed, open space",10.452543923646065,developed,2096.392961876833
"Harper Place, Country Club and Moultrie",FY2007-08,276806.0,1384.03,"developed, open space",22.461849708260694,developed,4644.087375415282
"Harper, Andrew R Tract",FY2007-08,866594.0,4322.97,"developed, open space",70.27667829515227,developed,14481.422739291378
"Harper, Stiles Tract (Sand Pit & Mikell)",FY2007-08,209504.0,1047.52,"developed, open space",16.234802264386442,developed,3422.961504028648
Harrell Farm Trust Tract,FY2015-16,87254.0,290.848,"developed, open space",6.894231098575065,developed,2047.5957607872824
Henderson/Conestee Tract,FY2004-05,675000.0,112.42,"developed, open space",6.004652892307314,developed,39967.1052631579
St. Helena Community Farm (Henry Farms North),FY2019-20,650000.0,87.94,"developed, open space",0.6671836547008126,developed,4779.411764705882
Hickory Hills,FY2015-16,263500.0,315.0,"developed, open space",4.225496479771814,developed,3491.283124128313
Hickory Top Tract,FY2013-14,223000.0,223.85,"developed, open space",8.22859840797669,developed,8259.259259259261
High Creek Tract (Salley Tr),FY2012-13,835000.0,1704.7,"developed, open space",82.95316773446771,developed,40001.92653480607
Hills Property,FY2013-14,115000.0,575.0,"developed, open space",9.785360268945253,developed,1954.422556971804
Hinson Farm Project,FY2013-14,558424.0,1726.0,"developed, open space",54.486665133899706,developed,18334.746716697933
Holcim Cement Tract,FY2013-14,71250.0,57.26,"developed, open space",1.3343673094016253,developed,1676.470588235294
Holly Bluff II,FY2018-19,208649.0,449.56,"developed, open space",16.901985919087256,developed,7731.508532423209
Hopewell Church Property,FY2015-16,152930.0,47.76,"developed, open space",4.003101928204876,developed,11916.623376623374
Horse Trail Tract,FY2006-07,153500.0,170.59,"developed, open space",1.7791564125355006,developed,1626.4900662251655
Indigo Farms,FY2007-08,25000.0,103.0,"developed, open space",4.892680134472626,developed,1203.5010940919035
Ingleside,FY2015-16,255000.0,1020.22,"developed, open space",22.239455156693754,developed,5453.378956372969
Ingram Dunes,FY2018-19,500000.0,7.24,"developed, open space",4.447891031338751,developed,312500.0
Ingram Properties,FY2013-14,34475.0,197.0,"developed, open space",1.3343673094016253,developed,234.52380952380952
J.M. Shelley Tract,FY2005-06,33875.0,49.0,"developed, open space",1.111972757834688,developed,773.4018264840182
Jacob's Grant,FY2014-15,34400.0,171.55,"developed, open space",2.223945515669376,developed,442.7284427284428
Jason Ross Tract,FY2013-14,398000.0,398.0,"developed, open space",5.337469237606501,developed,5384.44193912063
Jimmy Calder Tract,FY2004-05,71500.0,56.5,"developed, open space",3.335918273504064,developed,4377.551020408164
JM and SL Shelley Tract,FY2005-06,36750.0,21.03,"developed, open space",0.8895782062677503,developed,1771.084337349398
JM and SL Shelley Tract 27,FY2005-06,22000.0,35.1,"developed, open space",0.6671836547008126,developed,409.9378881987578
John Shirley Tract,FY2012-13,380000.0,394.0,"developed, open space",13.78846219715013,developed,13875.147232037692
Johnathan Graham,FY2012-13,758010.0,505.34,"developed, open space",10.674938475213002,developed,16500.897959183672
"Johns, A.J. Properties",FY2012-13,330600.0,1653.0,"developed, open space",66.9407600216482,developed,13349.95975315267
"Johnson, Alex H., Jr. Tract",FY2007-08,85700.0,46.5,"developed, open space",1.3343673094016253,developed,1058.0246913580247
Jones Tract/Mt. Pleasant Tract,FY2007-08,343700.0,982.0,"developed, open space",130.76799632135928,developed,9844.875292283708
JRJ Farms,FY2020-21,40000.0,120.8,"developed, open space",7.783809304842815,developed,1703.1630170316305
Keeowee Toxaway Ext Tract,FY2014-15,420000.0,154.0,"developed, open space",9.11817661424444,developed,26370.59724349157
Keithfield,FY2015-16,318000.0,304.87,"developed, open space",15.345224058118692,developed,16460.61515378845
Kel-Sam Farms (Carolyn Black Tract),FY2012-13,850000.0,921.0,"developed, open space",23.57382246609538,developed,21884.86762205489
Knollwood/Longlands Plt Tract (Phase 1 - Lower Santee Tr),FY2015-16,737850.0,2951.4,"developed, open space",39.58623017891489,developed,9992.946815795482
Knowlton Farms,FY2013-14,161460.0,276.0,"developed, open space",0.4447891031338751,developed,267.5393537696769
"Knowlton Farms, Forest Field Farms & Thomas DuRant",FY2012-13,316470.0,575.4,"developed, open space",2.446340067236313,developed,1299.9141150112025
Kyle Daniel Tract,FY2004-05,320000.0,188.4,"developed, open space",4.225496479771814,developed,8194.070080862533
Lacie Shelley Tract,FY2005-06,84375.0,64.0,"developed, open space",6.894231098575065,developed,6242.5417661097845
Lake Conestee Nature Park,FY2006-07,99800.0,81.7,"developed, open space",1.3343673094016253,developed,1563.4464751958224
Lake Jemiki,FY2006-07,154950.0,129.16,"developed, open space",3.335918273504064,developed,4157.871198568873
Landco Project (Stevens Tract),FY2016-17,555000.0,557.0,"developed, open space",6.671836547008128,developed,6954.8872180451135
Landsford Addition Tract,FY2020-21,400000.0,385.35,"developed, open space",5.559863789173439,developed,4490.34575662326
Langley Pond Tract,FY2006-07,648800.0,96.0,"developed, open space",2.6687346188032506,developed,26481.632653061228
Lawton Boggy Tract,FY2006-07,59000.0,295.0,"developed, open space",14.455645851850942,developed,2900.907715582451
Lawton Tract,FY2006-07,268000.0,1073.58,"developed, open space",3.335918273504064,developed,820.2407671903693
Legacy Farms,FY2018-19,165316.5,367.37,"developed, open space",0.4447891031338751,developed,204.5996287128713
Liberty Hill Ph II,FY2014-15,1500000.0,1829.59,"developed, open space",7.561414753275877,developed,7484.590548869974
Liberty Hill Tract,FY2012-13,1500000.0,937.0,"developed, open space",15.345224058118692,developed,11766.712141882672
Little Junkyard Bay,FY2013-14,227708.0,569.27,"developed, open space",18.23635322848888,developed,6797.253731343283
LOCURA Tract,FY2016-17,60250.0,241.0,"developed, open space",2.891129170370188,developed,717.2619047619046
Lombard Tract,FY2012-13,55000.0,117.89,"developed, open space",2.446340067236313,developed,878.0841799709724
Lyle Property,FY2019-20,143300.0,165.89,"developed, open space",7.116625650142002,developed,6163.440860215054
Macdonald & Sons Farm,FY2007-08,169000.0,181.6,"developed, open space",11.342122129913816,developed,8085.365853658536
Marhaygue Tract,FY2015-16,1209205.0,2418.41,"developed, open space",78.50527670312896,developed,39552.38741660488
Mariwill Timber Plantation,FY2019-20,297100.0,1189.5,"developed, open space",6.671836547008128,developed,1777.268195413759
Marsh Furniture Tract,FY2004-05,2000000.0,8347.0,"developed, open space",160.5688662313289,developed,37613.961969262826
Mays - Epworth Conservation Area (Adams),FY2020-21,225000.0,1332.29,"developed, open space",30.912842667804323,developed,5248.363819432791
McCorkle Tract,FY2005-06,410000.0,28.75,"developed, open space",3.113523721937126,developed,46666.66666666666
McDowell Creek Tract,FY2007-08,2000000.0,1877.96,"developed, open space",4.447891031338751,developed,4588.734656418493
McKinney Creek Oconee Bell Preserve,FY2019-20,450000.0,195.6,"developed, open space",42.0325702461512,developed,42124.814264487366
McLeod Tract,FY2006-07,500000.0,375.0,"developed, open space",5.559863789173439,developed,7130.63320022818
Meyer Lake,FY2020-21,1000000.0,974.0,"developed, open space",10.452543923646065,developed,10400.531090949326
Michael Walden Tract,FY2013-14,53700.0,231.0,"developed, open space",0.2223945515669375,developed,51.73410404624278
Middleton Place,FY2006-07,2000000.0,4497.0,"developed, open space",3.113523721937126,developed,1687.4585668655457
Middleton Place/Edmondston-Alston Family Trust,FY2007-08,820000.0,1274.0,"developed, open space",44.47891031338751,developed,17687.661777394303
Mike and Tina Comalander Tracts,FY2015-16,66783.0,267.13,"developed, open space",2.6687346188032506,developed,637.0397456279809
Mill Shoals Community Forest,FY2019-20,1650000.0,713.15,"developed, open space",4.892680134472626,developed,10035.941387890516
"Miller, Eloise Tract",FY2015-16,79500.0,53.023,"developed, open space",2.001550964102438,developed,2993.7238493723844
Millgrove Plantation,FY2020-21,165000.0,444.6,"developed, open space",19.34832598632357,developed,7257.330637007078
MillRho (Oak Grove 2),FY2016-17,291000.0,1164.64,"developed, open space",22.68424425982763,developed,5664.503816793892
Millwood Farms,FY2013-14,184450.0,443.46,"developed, open space",2.891129170370188,developed,1454.1237113402058
Millwood Farms LLP 2 (Culler Family),FY2014-15,221918.0,522.16,"developed, open space",3.558312825071001,developed,1515.445155783184
Moore Property,FY2020-21,30557.0,56.62,"developed, open space",2.223945515669376,developed,1103.1407942238268
Morris Ford Tract,FY2015-16,60000.0,4.45,"developed, open space",0.4447891031338751,developed,5217.391304347826
Morrow Creek Timbers,FY2020-21,150000.0,429.92,"developed, open space",10.674938475213002,developed,3738.3177570093458
Mtn. Bridge Passage,FY2005-06,1550000.0,175.0,"developed, open space",11.78691123304769,developed,102431.42144638405
Murray Tract,FY2012-13,78400.0,392.29,"developed, open space",9.562965717378315,developed,1907.866440294284
Murray Tract Phase III,FY2013-14,219096.0,1095.48,"developed, open space",47.81482858689157,developed,8977.63293310463
Myrtle Grove Plt - Marvin Tracts BC,FY2015-16,134186.0,357.83,"developed, open space",1.556761860968563,developed,622.0543046357616
Myrtle Grove Plt Tract,FY2014-15,643268.0,1715.38,"developed, open space",25.35297887863088,developed,9228.863830858292
Neil McPhail Tract,FY2012-13,232187.0,117.0,"developed, open space",3.780707376637938,developed,7176.689090909091
Ness Bay Tr,FY2013-14,120000.0,300.0,"developed, open space",0.2223945515669375,developed,87.91208791208791
Nine  Times Tract A,FY2007-08,1500000.0,560.0,"developed, open space",10.230149372079127,developed,28128.821850794942
Nine Times B&C,FY2012-13,1500000.0,1648.0,"developed, open space",21.79466605355988,developed,20068.25938566553
North Enoree Watershed Tract,FY2016-17,100000.0,34.47,"developed, open space",4.447891031338751,developed,12738.853503184711
Nowacki Tract/Wadakoe Mt.,FY2007-08,120000.0,50.0,"developed, open space",0.8895782062677503,developed,2077.922077922078
Oak Grove,FY2006-07,177000.0,209.0,"developed, open space",6.894231098575065,developed,6193.002257336344
Oakland Club,FY2015-16,3581730.0,11166.17,"developed, open space",271.98853656636464,developed,89901.60677270396
Oaks Plantation,FY2021-22,290000.0,204.26,"developed, open space",3.335918273504064,developed,5023.0946882217095
Old Santee Canal,FY2020-21,270000.0,564.94,"developed, open space",1.7791564125355006,developed,779.2207792207794
Paradise Shrimp Farms,FY2007-08,100000.0,504.5,"developed, open space",3.780707376637938,developed,745.2871547566857
Paris Mountain Gospel,FY2018-19,20000.0,23.35,"developed, open space",0.4447891031338751,developed,5000.0
Patriots Plantation II,FY2014-15,653625.0,1867.5,"developed, open space",7.783809304842815,developed,2757.911392405063
Paul Sanders Tract,FY2006-07,420000.0,164.89,"developed, open space",2.6687346188032506,developed,7647.951441578149
Peeples Waldburg Tract,FY2014-15,117800.0,589.0,"developed, open space",12.009305784614629,developed,2428.865979381443
Perry Dam Tract,FY2015-16,86700.0,289.0,"developed, open space",3.558312825071001,developed,1075.3488372093025
Persimmon Ridge Headwaters Tract,FY2016-17,125000.0,16.26,"developed, open space",2.6687346188032506,developed,20547.94520547945
Pettigrew Tract (Murray Tract),FY2015-16,300000.0,1044.7,"developed, open space",1.7791564125355006,developed,525.0492233646904
Pin Branch Plantation,FY2013-14,21000.0,105.0,"developed, open space",2.223945515669376,developed,418.32669322709165
Pine Hill/Swamp Solomons,FY2007-08,99800.0,718.0,"developed, open space",8.006203856409751,developed,1489.55223880597
Pinewood Farms,FY2013-14,175747.0,270.38,"developed, open space",8.22859840797669,developed,5356.374794069193
Pinnacle Partners Tracts,FY2018-19,34330.0,137.32,"developed, open space",0.2223945515669375,developed,58.98625429553265
Plum Creek Timberlands Tr,FY2014-15,70000.0,35.83,"developed, open space",3.113523721937126,developed,6086.95652173913
Pollard Tract (Milbury),FY2006-07,2374312.0,10398.0,"developed, open space",150.78350596238366,developed,38114.91739078963
Powell Properties,FY2014-15,392142.0,364.6,"developed, open space",8.895782062677503,developed,9688.499073502162
"Powell, Marion J. ""Pete"" Tract",FY2012-13,84375.0,75.0,"developed, open space",2.891129170370188,developed,3821.864111498258
Powers Farm,FY2012-13,165110.0,207.65,"developed, open space",7.116625650142002,developed,6412.038834951457
Ramey Tract,FY2013-14,141156.0,128.324,"developed, open space",6.227047443874252,developed,6511.314662273476
Ramsay Farms,FY2012-13,130000.0,130.0,"developed, open space",8.22859840797669,developed,9620.000000000002
Rhodes-Kinsey Tract,FY2012-13,208320.0,1041.6,"developed, open space",22.90663881139457,developed,4629.333333333333
Rhodes and IP/Milbury,FY2013-14,328600.0,1006.7,"developed, open space",19.570720537890505,developed,3441.2471736284656
River Oaks Plantation,FY2020-21,975000.0,1005.18,"developed, open space",45.5908830712222,developed,45353.98230088496
Riverbend Shoals Tract,FY2012-13,290000.0,580.0,"developed, open space",17.12438047065419,developed,8812.154696132597
"Rivers, J. T., Jr. 97",FY2007-08,111000.0,148.0,"developed, open space",9.11817661424444,developed,6634.110787172011
"Rivers, J. T., Jr. 98",FY2007-08,53900.0,61.6,"developed, open space",1.111972757834688,developed,998.1481481481484
Riverside Farms,FY2016-17,1200000.0,2120.0,"developed, open space",82.28598407976689,developed,46860.15831134564
Rocky Fork Farm,FY2006-07,136500.0,130.91,"developed, open space",4.003101928204876,developed,4095.0
Rocky Point Landing Tr,FY2013-14,1109670.0,467.75,"developed, open space",2.001550964102438,developed,6115.756276791181
Rocky River Nature Park,FY2012-13,75000.0,128.46,"developed, open space",9.340571165811378,developed,3922.789539227896
Rogers Family Farm,FY2019-20,99539.0,496.5,"developed, open space",11.564516681480752,developed,2465.9494997617912
Rose Hill Farm Phase 1,FY2007-08,750000.0,336.0,"developed, open space",0.2223945515669375,developed,509.1649694501018
Rosemont Plantation Expansion,FY2019-20,350000.0,123.82,"developed, open space",4.670285582905689,developed,12373.737373737373
Roxbury Park Phase II,FY2019-20,141000.0,55.88,"developed, open space",1.111972757834688,developed,2877.551020408163
S. Tyger River Blueways Tract,FY2019-20,140000.0,52.85,"developed, open space",4.892680134472626,developed,9903.536977491962
Salt Landing,FY2007-08,217000.0,572.0,"developed, open space",2.6687346188032506,developed,1027.2189349112425
Salt Point Timber Tract,FY2007-08,400000.0,1032.0,"developed, open space",23.79621701766232,developed,9412.799648119635
Saluda Rivers Connector (Phase 1),FY2018-19,500000.0,181.0,"developed, open space",16.012407712819503,developed,9641.135511515798
Saluda Rivers Connector (Phase II),FY2019-20,500000.0,181.0,"developed, open space",16.012407712819503,developed,9641.135511515798
Saluda Rivers Gorge,FY2019-20,569988.0,225.5,"developed, open space",0.2223945515669375,developed,486.7532023911188
Samworth Farms - McTeer Tract,FY2019-20,180000.0,39.23,"developed, open space",0.6671836547008126,developed,3139.5348837209303
Sanctuary Timberlands Tracts,FY2019-20,88248.0,352.99,"developed, open space",8.22859840797669,developed,2058.749054224464
Sand Creek Farm,FY2007-08,100000.0,217.1,"developed, open space",4.225496479771814,developed,1979.166666666667
Sanders Farm Tract,FY2012-13,83600.0,418.0,"developed, open space",6.44944199544119,developed,1208.5742771684947
Sandy Run Forest,FY2019-20,155000.0,237.3,"developed, open space",1.556761860968563,developed,937.770095073466
Santee Bottomlands Preserve,FY2015-16,1014000.0,2276.64,"developed, open space",10.89733302677994,developed,4720.31160934828
Santee River Tract,FY2013-14,2167750.0,8517.0,"developed, open space",173.4677502222113,developed,43082.14640609473
Scotswood,FY2018-19,359290.0,3590.2,"developed, open space",199.9327018586769,developed,19886.81874153429
Scottland Road Tract,FY2019-20,60000.0,95.0,"developed, open space",3.335918273504064,developed,1140.684410646388
SCWA Tract,FY2013-14,390000.0,390.0,"developed, open space",4.670285582905689,developed,5027.624309392265
Segars Mill Pond Tract,FY2006-07,2443389.0,533.88,"developed, open space",23.351427914528443,developed,63409.74913494809
Seven Oaks Tract,FY2015-16,525000.0,106.2,"developed, open space",1.111972757834688,developed,5468.750000000001
Shinco Chauga Tract,FY2012-13,402000.0,402.0,"developed, open space",5.115074686039564,developed,5133.814547473625
Silver Bluff Audubon Center and Sanctuary,FY2015-16,812608.0,3250.43,"developed, open space",62.93765809344333,developed,15445.50097387333
Simkins River Farm,FY2013-14,523600.0,2617.0,"developed, open space",24.241006120796197,developed,4939.195153613154
Slater Duck Ponds,FY2021-22,1678670.0,335.62,"developed, open space",4.003101928204876,developed,19710.410958904107
Smith Ford Farm,FY2020-21,321472.0,446.32,"developed, open space",16.45719681595338,developed,15075.36628643853
Sosnowski Property,FY2006-07,150000.0,178.0,"developed, open space",5.782258340740376,developed,4791.154791154791
South Fenwick Island Tract,FY2015-16,500000.0,400.94,"developed, open space",0.4447891031338751,developed,568.8282138794084
South Saluda Trout Fishing (Jones Tree Farm),FY2013-14,97000.0,27.45,"developed, open space",1.7791564125355006,developed,5969.2307692307695
Spring Grove Tract,FY2014-15,478000.0,638.0,"developed, open space",15.790013161252569,developed,11908.070175438595
Spring Park,FY2020-21,300000.0,20.44,"developed, open space",4.003101928204876,developed,52941.17647058822
Stateline Blue Ridge Tract,FY2018-19,135000.0,28.21,"developed, open space",6.671836547008128,developed,19285.71428571429
Still Branch Plantation,FY2014-15,10400.0,52.0,"developed, open space",4.892680134472626,developed,897.2549019607842
Stuck 2020 Property,FY2019-20,347554.0,2700.0,"developed, open space",21.572271501992944,developed,3232.28552253116
Stumphouse Mountain,FY2006-07,1227150.0,439.6,"developed, open space",0.2223945515669375,developed,616.0391566265059
Stumphouse Mountain Expansion,FY2019-20,898527.0,791.8,"developed, open space",0.2223945515669375,developed,258.4201898188093
Swamp Rabbit Trail Ext. (North Saluda River Tract),FY2012-13,140000.0,49.2,"developed, open space",0.4447891031338751,developed,1320.754716981132
Tall Pines Tract,FY2015-16,3000000.0,1757.0,"developed, open space",28.02171349743413,developed,48201.98928844682
Ten Oaks Timberlands Tract,FY2015-16,31356.0,104.52,"developed, open space",9.11817661424444,developed,1874.0466472303208
Terry Andrews,FY2007-08,761805.0,1539.0,"developed, open space",21.572271501992944,developed,10358.156013456686
The Furman Face Property (Phase II),FY2016-17,450000.0,65.0,"developed, open space",0.6671836547008126,developed,5094.339622641508
Thompson J. Bradford Property/Timberhaven,FY2007-08,215000.0,878.0,"developed, open space",30.46805356467045,developed,7458.8503418587
Thornhill Farms Tract,FY2014-15,163400.0,98.2,"developed, open space",8.006203856409751,developed,14106.474820143883
Tibwin Tract,FY2006-07,500000.0,900.17,"developed, open space",11.342122129913816,developed,6400.602409638554
Timberhaven (Thompson II),FY2016-17,132500.0,516.64,"developed, open space",6.227047443874252,developed,1613.745106568073
Tokeena Crossroads,FY2006-07,2695745.0,1107.87,"developed, open space",63.60484174814415,developed,154258.3173269308
Tom's Branch,FY2015-16,155250.0,575.0,"developed, open space",11.564516681480752,developed,3070.7493343476604
Toole Tract,FY2007-08,250000.0,349.39,"developed, open space",12.009305784614629,developed,8211.678832116788
Top of South Carolina Tract,FY2015-16,550000.0,66.5,"developed, open space",0.8895782062677503,developed,7006.369426751593
Townes/S. Saluda,FY2005-06,965000.0,585.61,"developed, open space",20.90508784729213,developed,34011.998500187474
Van Watts Tract,FY2013-14,362338.0,724.67,"developed, open space",19.34832598632357,developed,9071.483741007194
Velma Johnson Tract,FY2004-05,179400.0,34.0,"developed, open space",0.8895782062677503,developed,6523.636363636363
Wallace Farm,FY2016-17,100000.0,347.67,"developed, open space",7.561414753275877,developed,2187.902187902188
"Walters, Rainey",FY2007-08,71250.0,80.7,"developed, open space",1.3343673094016253,developed,1149.1935483870968
Wambaw Tract,FY2006-07,250000.0,100.01,"developed, open space",4.670285582905689,developed,11666.666666666668
Waterloo Tract,FY2006-07,289450.0,406.0,"developed, open space",4.447891031338751,developed,3129.189189189189
Westervelt Timber,FY2014-15,2483600.0,12418.0,"developed, open space",275.32445483986874,developed,54939.63727329581
Whaley Property,FY2007-08,200000.0,94.2,"developed, open space",1.556761860968563,developed,3365.3846153846152
White Plains Tract,FY2020-21,275000.0,121.58,"developed, open space",7.561414753275877,developed,17542.2138836773
Williamson Farm Tract,FY2012-13,63000.0,63.4,"developed, open space",1.556761860968563,developed,1552.8169014084508
Willow Lake (Bamberg Tract),FY2019-20,278000.0,1373.12,"developed, open space",37.36228466324551,developed,7632.619709102794
Willow Oaks Tract,FY2012-13,195000.0,195.06,"developed, open space",8.22859840797669,developed,8488.235294117647
Willtown (Knox) - ACE Basin,FY2020-21,250000.0,2101.27,"developed, open space",24.018611569229257,developed,2888.936443398245
Winborn a/s/a Lawton Plantation,FY2007-08,262800.0,1314.0,"developed, open space",27.35452984273332,developed,5481.499067322367
Woodbury Tract,FY2005-06,5000000.0,25668.0,"developed, open space",322.91688887519337,developed,62760.963717938735
Yem Tract,FY2015-16,108750.0,435.0,"developed, open space",9.11817661424444,developed,2301.8843572534847
Altamont Ridge,FY2021-22,90000.0,9.56,"developed, open space",0.2223945515669375,developed,2093.023255813954
Calico Vineyard,FY2021-22,225000.0,112.54,"developed, open space",9.785360268945253,developed,19488.18897637795
Combahee Scott,FY2021-22,79620.0,209.0,"developed, open space",1.556761860968563,developed,600.5818965517241
Gobblers Roost,FY2021-22,393506.0,1020.08,"developed, open space",29.5784753584027,developed,11502.483076923078
Graham Family Tract,FY2021-22,242000.0,20.7,"developed, open space",6.671836547008128,developed,77234.0425531915
Green Creek on Scenic 11,FY2021-22,90000.0,16.22,"developed, open space",2.891129170370188,developed,20892.85714285714
River Falls,FY2021-22,650000.0,170.97,"developed, open space",6.44944199544119,developed,24448.767833981845
Wall Farm,FY2021-22,29169.0,97.23,"developed, open space",1.7791564125355006,developed,555.6
Whetstone Hill,FY2021-22,34500.0,38.12,"developed, open space",2.001550964102438,developed,1815.7894736842104
Battle of Hobkirk's Hill - Liberty Trail (Noskwith),FY2021-22,148500.0,5.12,"developed, open space",5.115074686039564,developed,142312.5
Historic Crawford Mill Property,FY2021-22,250000.0,40.09,"developed, open space",6.894231098575065,developed,50000.00000000001
YLASI Property,FY2021-22,150000.0,315.42,"developed, open space",14.233251300284005,developed,7038.123167155425
Mays-Epworth Conservation Area (Turner),FY2021-22,86500.0,216.25,"developed, open space",1.556761860968563,developed,619.1206543967279
Watson Farm,FY2021-22,235000.0,701.74,"developed, open space",29.35608080683576,developed,3241.379310344828
Woodsend Park and Open Space,FY2021-22,1000000.0,86.32,"developed, open space",3.335918273504064,developed,35046.72897196261
Good Hope Landing Tract,FY2021-22,170000.0,148.0,"developed, open space",0.8895782062677503,developed,992.700729927007
Core Bunched Arrowhead Preserve,FY2019-20,40000.0,16.72,"developed, open space",1.111972757834688,developed,2631.578947368421
Bobwhite Hills,FY2021-22,850000.0,773.99,"developed, open space",15.122829506551756,developed,16990.005878894768
Liberty Trail - Battle of Hobkirk's Hill (Conder Property),FY2021-22,75000.0,1.72,"developed, open space",1.556761860968563,developed,75000.0
Piedmont Manufacturing Company YWCA,FY2021-22,76500.0,0.7,"developed, open space",0.4447891031338751,developed,38250.0
River Swamp Tract,FY2021-22,345000.0,1017.5,"developed, open space",11.564516681480752,developed,3961.1393243541615
Toner Tract,FY2021-22,84068.0,336.27,"developed, open space",9.11817661424444,developed,2291.747340425532
Cedar Mountain,FY2021-22,500000.0,141.0,"developed, open space",5.337469237606501,developed,19354.838709677417
Tyger River Confluence,FY2021-22,157500.0,200.78,"developed, open space",2.446340067236313,developed,1944.4444444444448
Berkeley Orchard,FY2022-23,162500.0,4.41,"developed, open space",2.891129170370188,developed,100595.23809523808
Fishing Creek Tract,FY2022-23,125000.0,110.48,"developed, open space",1.111972757834688,developed,1299.3762993762994
Soapstone Church,FY2022-23,20000.0,6.45,"developed, open space",2.891129170370188,developed,7647.058823529411
Historic Glendale Mill,FY2022-23,785000.0,16.49,"developed, open space",2.223945515669376,developed,110563.38028169014
Newton Farm,FY2022-23,250000.0,563.47,"developed, open space",9.785360268945253,developed,4278.49085958771
"Black River (Camel, LLC) Park Ranger Tract",FY2022-23,1200000.0,162.93,"developed, open space",1.556761860968563,developed,10294.117647058823
Carter Property,FY2022-23,110000.0,46.0,"developed, open space",2.001550964102438,developed,5156.25
Black River State Park: Sims Reach (Colonial Properties),FY2022-23,300000.0,143.22,"developed, open space",8.673387511110565,developed,18600.953895071543
Great Santee Swamp,FY2022-23,649000.0,2114.95,"developed, open space",7.561414753275877,developed,2319.806560134567
Blackwell Farm,FY2022-23,137500.0,50.28,"developed, open space",1.3343673094016253,developed,3650.4424778761054
Eastatoe Headwaters,FY2022-23,45000.0,26.61,"developed, open space",3.113523721937126,developed,5526.315789473684
Plantersville Cultural Center,FY2022-23,60000.0,10.0,"developed, open space",1.111972757834688,developed,6249.999999999999
Eureka Preserve,FY2022-23,350000.0,601.46,"developed, open space",6.004652892307314,developed,3496.115427302997
Little Eastatoee on Scenic Hwy 11,FY2022-23,400000.0,234.72,"developed, open space",18.23635322848888,developed,31327.60267430755
Limerick Plantation,FY2022-23,266535.0,233.99,"developed, open space",7.116625650142002,developed,8453.042616451934
Gourdin Tracts,FY2022-23,130757.0,342.75,"developed, open space",12.454094887748504,developed,4548.069565217392
Congaree Creek Heritage Preserve Addition,FY2022-23,7000000.0,575.81,"developed, open space",21.12748239885907,developed,253429.8780487805
River Road,FY2022-23,160000.0,27.03,"developed, open space",0.8895782062677503,developed,4961.24031007752
Salters Property,FY2022-23,385000.0,626.0,"developed, open space",19.793115089457444,developed,12523.75730994152
Saluda Dam Acres,FY2022-23,275000.0,69.59,"developed, open space",7.116625650142002,developed,27076.92307692308
Bishop Branch Pastures,FY2022-23,145800.0,64.73,"developed, open space",0.8895782062677503,developed,2011.0344827586207
Independence Farm,FY2022-23,650000.0,498.22,"developed, open space",19.12593143475663,developed,25455.37340619308
Botany Bay Heritage Preserve Addition,FY2022-23,1200000.0,180.17,"developed, open space",3.113523721937126,developed,20740.740740740745
Slater Tract,FY2022-23,1000000.0,3507.45,"developed, open space",34.9159445960092,developed,10062.812459941037
Triple Oak Farm,FY2022-23,150000.0,91.79,"developed, open space",4.892680134472626,developed,8108.108108108107
Jenkins House,FY2022-23,280000.0,9.23,"developed, open space",5.782258340740376,developed,169302.32558139533
Cotton Hall,FY2022-23,3000000.0,232.0,"developed, open space",4.225496479771814,developed,54807.69230769231
Bradham Tract - SC Liberty Trail,FY2022-23,124000.0,4.29,"developed, open space",1.3343673094016253,developed,41333.333333333336
Hammonds Store Battlefield,FY2022-23,80000.0,30.0,"developed, open space",0.6671836547008126,developed,1967.213114754098
Cooler Dairy Farm,FY2022-23,250000.0,654.0,"developed, open space",16.679591367520317,developed,6332.320162107397
Halfway Swamp Creek,FY2022-23,175000.0,288.37,"developed, open space",6.004652892307314,developed,3738.132911392405
Buckfield,FY2022-23,850000.0,2064.52,"developed, open space",29.35608080683576,developed,12487.479131886475
Lee State Park - KDR/OSI (match with LF),FY2022-23,173000.0,137.29,"developed, open space",5.782258340740376,developed,7290.113452188005
Fort Motte Cliffs,FY2022-23,400000.0,400.0,"developed, open space",6.894231098575065,developed,7234.539089848309
Gilstrap Mountain (Scenic Hwy 11),FY2022-23,500000.0,166.18,"developed, open space",5.782258340740376,developed,17310.252996005325
Poinsett Bridge Expansion Tracts - Southern Blue Ridge Escarpment (Boy Scouts of America),FY2023-24,700000.0,287.6,"developed, open space",5.337469237606501,developed,13043.478260869566
White Branch on Scenic 11,FY2022-23,350000.0,159.0,"developed, open space",0.4447891031338751,developed,923.4828496042217
Nine Times Cove,FY2023-24,20000.0,4.15,"developed, open space",0.8895782062677503,developed,5000.000000000001
Cedar Mountain Expansion,FY2022-23,160000.0,24.17,"developed, open space",0.6671836547008126,developed,4444.444444444444
Daus - Knights Hill,FY2022-23,500000.0,1010.27,"developed, open space",4.225496479771814,developed,2152.2428636157683
Ingleside Park,FY2023-24,1000000.0,445.8,"developed, open space",11.342122129913816,developed,25411.061285500746
"Barberry Woods Fee Simple Project (Johns Island, SC)",FY2023-24,100000.0,6.12,"developed, open space",0.8895782062677503,developed,10810.81081081081
Bowers Farm,FY2023-24,500000.0,488.33,"developed, open space",6.671836547008128,developed,7048.872180451128
"Savannah River and Uplands (Pauline Place, LLC) Lowlands",FY2023-24,300000.0,1218.3,"developed, open space",18.01395867692194,developed,4455.445544554455
Twin Ponds,FY2023-24,156000.0,91.69,"developed, open space",3.335918273504064,developed,5571.4285714285725
Paris Mountain Forest Haven,FY2023-24,375000.0,19.96,"developed, open space",0.4447891031338751,developed,8620.689655172413
Dalzell Bay,FY2023-24,80000.0,61.1,"developed, open space",0.8895782062677503,developed,1221.3740458015266
Andrews Black River Park,FY2023-24,5800000.0,1806.43,"developed, open space",90.73697703931052,developed,291895.89243863325
Saluda Bluffs,FY2023-24,9000000.0,1090.0,"developed, open space",12.67648943931544,developed,106674.98440424204
Hazelwood Farm 2,FY2023-24,215000.0,373.43,"developed, open space",17.791564125355006,developed,9114.997350291467
Betsy Kerrison Nature Trail Phase 3,FY2023-24,145000.0,3.0,"developed, open space",0.2223945515669375,developed,10357.14285714286
Catawba - Nisbet Tract,FY2023-24,3800000.0,596.36,"developed, open space",10.452543923646065,developed,66369.37941285767
Blakely South Saluda,FY2005-06,135000.0,50.0,"developed, open space",0.6671836547008126,developed,1832.5791855203615
Horsepen Creek II,FY2023-24,76500.0,31.72,"developed, open space",0.8895782062677503,developed,1936.708860759494
The Happy Berry,FY2023-24,77000.0,22.26,"developed, open space",2.223945515669376,developed,7777.777777777777
Sleepy Prong,FY2023-24,60000.0,136.97,"developed, open space",5.782258340740376,developed,2549.019607843137
Bob McCartney - Rossdhu Longleaf Preserve,FY2023-24,81000.0,61.0,"developed, open space",1.7791564125355006,developed,2382.3529411764703
Santee Corridor - RMS-Wadmacon,FY2023-24,1950000.0,2248.0,"developed, open space",24.685795223930068,developed,21413.73169766521
James Island CP - Bradham Road Addition,FY2023-24,500000.0,25.35,"developed, open space",1.3343673094016253,developed,28301.88679245283
Beefield Community Park,FY2023-24,150000.0,4.0,"developed, open space",0.4447891031338751,developed,16666.666666666664
Seawright-Drake Homestead (Fleming),FY2023-24,50000.0,75.74,"developed, open space",1.111972757834688,developed,724.6376811594203
Stillwell Homeplace Farm,FY2023-24,62699.0,197.79,"developed, open space",5.782258340740376,developed,1345.0280528052804
Stillwell – Tatum Farm,FY2023-24,110000.0,437.51,"developed, open space",14.010856748717067,developed,3568.4860968074154
Waites - Olivia Boyce Tracts,FY2023-24,4000000.0,111.22,"developed, open space",1.3343673094016253,developed,46242.77456647398
Bay Farm,FY2023-24,100000.0,346.3,"developed, open space",6.894231098575065,developed,1996.1365099806824
Blue Branch Farm,FY2023-24,400000.0,381.1,"developed, open space",2.891129170370188,developed,2949.517867271696
Gin Branch Farms LLC II tracts,FY2023-24,150000.0,590.01,"developed, open space",14.67804040341788,developed,3888.452474469757
D. Brown Land and Timber LLC,FY2023-24,103850.0,308.46,"developed, open space",8.895782062677503,developed,3045.454545454545
Brown Mountain,FY2023-24,2145610.0,572.71,"developed, open space",1.556761860968563,developed,5719.447829398324
Kings Mountain- Metker,FY2023-24,1700000.0,47.53,"developed, open space",0.6671836547008126,developed,23720.930232558138
Hope Station LLC,FY2023-24,573100.0,1081.34,"developed, open space",37.584679214812446,developed,19786.292134831463
Stilwell - Cannery Farm,FY2023-24,250000.0,797.88,"developed, open space",17.34677502222113,developed,5624.459186616672
Cedarleaf Farm,FY2023-24,90000.0,64.96,"developed, open space",2.223945515669376,developed,3050.8474576271187
Warren Hooper,FY2023-24,85000.0,53.1,"developed, open space",7.116625650142002,developed,11826.086956521742
Betsy Kerrison Nature Trail Phase 2,FY2023-24,250000.0,13.32,"developed, open space",0.2223945515669375,developed,3472.222222222223
Hiott Station,FY2023-24,175000.0,561.8,"developed, open space",14.010856748717067,developed,4380.214541120382
Oakland Plantation,FY2023-24,602500.0,52.06,"developed, open space",12.009305784614629,developed,140237.06896551725
Hereford Hill Farm,FY2023-24,170000.0,101.41,"developed, open space",0.2223945515669375,developed,376.940133037694
Pudding Swamp - Atkinson Farm,FY2023-24,150000.0,383.15,"developed, open space",5.559863789173439,developed,2117.4477696216827
North Island,FY2023-24,2000000.0,114.66,"developed, open space",0.2223945515669375,developed,3861.003861003861
Shaws Creek Preserve,FY2023-24,1900000.0,2657.63,"developed, open space",48.25961769002545,developed,34499.20508744038
Shealy Farm,FY2023-24,242000.0,339.44,"developed, open space",22.239455156693754,developed,16285.329744279945
Pearl Bottoms,FY2023-24,143000.0,60.3,"developed, open space",1.111972757834688,developed,2718.6311787072245
Harrison Street Properties Purchase,FY2023-24,165000.0,12.61,"developed, open space",0.2223945515669375,developed,2704.9180327868853
Harrell Family Park,FY2023-24,2500000.0,156.41,"developed, open space",5.559863789173439,developed,80231.06546854942
Witherspoon Island,FY2023-24,850000.0,3707.94,"developed, open space",44.92369941652139,developed,9883.72093023256
Korn Tract,FY2023-24,1090000.0,302.32,"developed, open space",2.446340067236313,developed,8829.160530191457
Tyger Oak Property,FY2023-24,23000000.0,945.91,"developed, open space",36.6951010085447,developed,905727.9236276848
Betsy Kerrison Nature Trail Phase 4,FY2023-24,245000.0,8.6,"developed, open space",0.2223945515669375,developed,6125.000000000001
Gregorie Neck,FY2023-24,2000000.0,4409.3,"developed, open space",59.82413437150621,developed,26943.108974358973
Searles Family Homeplace,FY2023-24,330000.0,991.8,"developed, open space",4.447891031338751,developed,1490.5149051490516
Cracker Farms,FY2023-24,170000.0,63.58,"developed, open space",5.115074686039564,developed,13914.590747330962
Thrailkill Farm,FY2024-25,1600000.0,1063.06,"developed, open space",26.68734618803251,developed,40108.627532901606
Eastatoee Ridge on Scenic Highway 11,FY2024-25,935000.0,106.82,"developed, open space",3.780707376637938,developed,34857.45614035088
Camp Awanita,FY2024-25,950000.0,483.99,"developed, open space",24.908189775497007,developed,48852.15794306703
Keowee Ridge,FY2024-25,130000.0,66.93,"developed, open space",0.6671836547008126,developed,1317.5675675675675
Joanna Park Tract,FY2024-25,700000.0,334.9,"developed, open space",1.3343673094016253,developed,2798.1345769487
McCannon Farms,FY2024-25,370000.0,178.79,"developed, open space",21.12748239885907,developed,43992.49061326658
Four Leaf Farm,FY2024-25,250000.0,170.27,"developed, open space",1.111972757834688,developed,1602.5641025641028
Black River SP - Mingo Creek,FY2024-25,244378.0,664.32,"developed, open space",8.450992959543628,developed,3024.874267100977
Morrow Creek Timbers Addition,FY2024-25,65000.0,236.9,"developed, open space",4.225496479771814,developed,1157.4507966260542
Horse Gap Forest,FY2024-25,105000.0,69.6,"developed, open space",3.113523721937126,developed,4509.202453987729
Ginia's Farm,FY2024-25,56000.0,98.73,"developed, open space",0.4447891031338751,developed,250.00000000000003
Travelers Rest Bunched Arrowhead Preserve,FY2024-25,375000.0,24.73,"developed, open space",2.6687346188032506,developed,39473.68421052631
Dogwood Hill Farm,FY2024-25,400000.0,182.29,"developed, open space",6.004652892307314,developed,13533.834586466168
Store Creek Park,FY2024-25,110000.0,1.67,"developed, open space",0.4447891031338751,developed,27500.000000000007
Snow's Island Addition,FY2024-25,5229080.0,2584.26,"developed, open space",35.80552280227695,developed,72701.3713298791
Snow's Island,FY2024-25,14400000.0,5178.93,"developed, open space",77.83809304842815,developed,225816.5688426901
Horsepen Creek I,FY2024-25,165000.0,46.0,"developed, open space",2.446340067236313,developed,9074.999999999998
Old Blair Road (Lina Marston),FY2024-25,72000.0,131.0,"developed, open space",2.6687346188032506,developed,1556.7567567567569
McQueen Farm,FY2024-25,110000.0,246.0,"developed, open space",4.670285582905689,developed,2138.888888888889
Stewart Tract,FY2024-25,86950.0,174.0,"developed, open space",0.2223945515669375,developed,111.04725415070244
AB Farms,FY2024-25,412500.0,126.0,"developed, open space",1.3343673094016253,developed,4304.347826086956
Glassy Mountain Foothills - Scenic Highway 11,FY2024-25,2500000.0,365.0,"developed, open space",2.223945515669376,developed,15984.654731457802
Grayson Oaks,FY2024-25,600000.0,93.6,"developed, open space",0.6671836547008126,developed,4306.22009569378
Broad River Preserve,FY2024-25,760000.0,1040.78,"developed, open space",54.70905968546664,developed,40232.40800516463
Saluda Gorge - Phase II,FY2024-25,1000000.0,190.0,"developed, open space",2.223945515669376,developed,11820.33096926714
Fall Creek Headwaters,FY2024-25,115000.0,108.25,"developed, open space",1.111972757834688,developed,1315.7894736842104
Watson Farm,FY2024-25,565000.0,358.73,"developed, open space",29.35608080683576,developed,7793.103448275863
McClain Farm,FY2024-25,187600.0,72.46,"developed, open space",1.3343673094016253,developed,3359.9999999999995
Jackson Farms Cash Tracts,FY2024-25,500000.0,588.0,"developed, open space",7.561414753275877,developed,6446.719757299962
Alcorn Timber,FY2024-25,135000.0,166.47,"developed, open space",2.223945515669376,developed,1792.8286852589645
Essex Farms,FY2024-25,560000.0,898.55,"developed, open space",29.35608080683576,developed,19540.047581284696
Sadler Farms,FY2024-25,325000.0,264.8,"developed, open space",3.558312825071001,developed,4819.277108433735
Sam Dargan Tract,FY2024-25,20000.0,40.25,"developed, open space",0.6671836547008126,developed,377.3584905660376
Grimshaw Farm,FY2024-25,145000.0,122.61,"developed, open space",2.6687346188032506,developed,3146.4737793851714
Pipsissewa Passage - Paris Mountain,FY2024-25,2400000.0,65.42,"developed, open space",0.6671836547008126,developed,23841.05960264901
Oconee Station Connector,FY2024-25,122500.0,63.97,"developed, open space",4.225496479771814,developed,7836.700336700338
Burch's Mill,FY2024-25,1250000.0,374.64,"developed, open space",16.012407712819503,developed,53317.53554502368
Red Top Park,FY2024-25,100000.0,5.96,"developed, open space",1.556761860968563,developed,25000.0
Price Family Farm,FY2024-25,205000.0,199.17,"developed, open space",1.111972757834688,developed,1147.8163493840984
Scrambler's Knob Horse Farm,FY2024-25,160000.0,57.98,"developed, open space",2.446340067236313,developed,6616.541353383458
Black River SP - Browns Ferry,FY2024-25,498000.0,311.31,"developed, open space",2.446340067236313,developed,3785.7636489288175
Hodge Tract,FY2024-25,39600.0,89.39,"developed, open space",0.2223945515669375,developed,101.02040816326532
Beech Hill,FY2024-25,3350000.0,1637.6,"developed, open space",61.6032907840417,developed,126131.57537039553
Young's Farm,FY2024-25,100000.0,224.72,"developed, open space",7.33902020170894,developed,3264.0949554896147
Willow Oak,FY2024-25,830000.0,13.07,"developed, open space",1.556761860968563,developed,103750.0
Rivers Farm 2,FY2024-25,410000.0,347.78,"developed, open space",2.446340067236313,developed,2802.983219390926
Rivers Farm 1,FY2024-25,885000.0,668.97,"developed, open space",20.682693295725198,developed,27702.79367216425
Burrows Farm 1,FY2024-25,288000.0,284.3,"developed, open space",6.671836547008128,developed,6734.216679657054
Burrows Farm 2,FY2024-25,248000.0,296.0,"developed, open space",3.780707376637938,developed,3220.7792207792204
Harrison Farm,FY2024-25,215000.0,106.71,"developed, open space",2.446340067236313,developed,5086.021505376344
Battle of Hobkirk Hill - SC Liberty Trail,FY2024-25,15000.0,0.35,"developed, open space",0.6671836547008126,developed,15000.0
Saluda Grade Trail,FY2024-25,750000.0,373.71,"developed, open space",136.55025466209966,developed,276410.56422569026
Parris Family Farm,FY2024-25,630000.0,148.65,"developed, open space",3.780707376637938,developed,15105.782792665725
Alston Tract,FY2024-25,64350.0,174.46,"developed, open space",3.113523721937126,developed,1190.0924702774107
Black River SP - Cold Creek Acquisition,FY2024-25,221107.0,178.67,"developed, open space",0.6671839401412453,developed,848.2365728900256
Dean Acres,FY2024-25,112000.0,141.11,"developed, open space",5.782260814557459,developed,4935.593220338982
Caesars Headwaters,FY2025-26,820000.0,26.29,"developed, open space",1.556762526996239,developed,48644.067796610165
Coakley Chapel Park,FY2025-26,300000.0,6.46,"developed, open space",1.7791571737099874,developed,80000.0
Lever Farms,FY2025-26,187500.0,115.74,"developed, open space",0.6671839401412453,developed,1030.2197802197802
Wilson Ridge Farm,FY2025-26,640000.0,424.12,"developed, open space",10.452548395546176,developed,16025.572722429408
Broad River Conservation @Alston,FY2025-26,725000.0,109.33,"developed, open space",0.8895785868549937,developed,6118.143459915613
Cedar Hill Farm,FY2025-26,300000.0,312.9,"developed, open space",2.2239464671374845,developed,2144.3888491779844
Pee Dee Basin RMS Initiative,FY2025-26,3300000.0,900.04,"developed, open space",50.48358480402089,developed,189982.24702003552
Keller Tracks,FY2025-26,129100.0,271.79,"developed, open space",4.22549828756122,developed,2025.516102394715
Ninety Six Creek,FY2025-26,78000.0,68.82,"developed, open space",1.556762526996239,developed,1744.4089456869012
Carolina Seafood Hwy 17,FY2025-26,150000.0,14.67,"developed, open space",2.8911304072787294,developed,26712.328767123287
Stevenson Century Farm,FY2025-26,200000.0,132.8,"developed, open space",4.670287580988717,developed,7304.347826086956
Maxcy Farm Nature Preserve,FY2025-26,400000.0,51.73,"developed, open space",0.8895785868549937,developed,6926.406926406927
The Knight Tract,FY2025-26,800000.0,266.16,"developed, open space",0.2223946467137484,developed,651.4657980456026
Pipsissewa Passage - II,FY2025-26,350000.0,15.46,"developed, open space",0.6671839,developed,15441.175582669264
Keese Family Farm,FY2025-26,812000.0,556.68,"developed, open space",40.69822034861596,developed,59225.18931845356
Broad Arrow Landing,FY2025-26,800000.0,903.61,"developed, open space",21.5722807312336,developed,19317.89892954941
Maxcy Farm Conservation Easement,FY2025-26,185000.0,48.23,"developed, open space",2.001551820423736,developed,7853.77358490566
Gillian Farms - J.Paul Rd,FY2025-26,95000.0,42.33,"developed, open space",0.4447892934274968,developed,1000.0
Gillian Farms - Bodie Rd,FY2025-26,256000.0,170.66,"developed, open space",9.340575161977434,developed,13820.051413881743
Duck Creek - Saluda Bluffs,FY2025-26,400000.0,28.0,"developed, open space",3.3359197007062265,developed,45801.52671755725
Cattails Tree Farm Extension,FY2025-26,176000.0,263.66,"developed, open space",1.556762526996239,developed,1000.0
LeMaster Grain and Cattle,FY2025-26,860000.0,379.08,"developed, open space",13.566073449538656,developed,30288.683602771365
Moore Farm at Horsepen Creek,FY2025-26,780000.0,110.8,"developed, open space",7.561417988267447,developed,53467.74193548386
Blessing,FY2025-26,7400000.0,627.75,"developed, open space",17.791571737099876,developed,204419.88950276244
Pocotaligo Station,FY2025-26,4597600.0,1742.33,"developed, open space",45.14611328289093,developed,118696.7823985756
Evergreen LLC - Little Lynches River Tract,FY2025-26,138450.0,150.82,"developed, open space",0.4447892934274968,developed,417.6470588235294
Ashley River - Barry Tract,FY2025-26,100000.0,67.02,"developed, open space",0.6671839401412453,developed,993.3774834437088
Red Fern,FY2025-26,264000.0,302.02,"developed, open space",3.780708994133724,developed,3156.118143459916
Mayadinya-in-the-Pines Conservation Easement,FY2025-26,34825.0,76.12,"developed, open space",6.449444754698704,developed,2869.1051136363635
Beneventum,FY2025-26,342000.0,190.0,"developed, open space",7.1166286948399495,developed,12814.988290398123
Echols Farm,FY2025-26,175000.0,72.61,"developed, open space",1.1119732335687422,developed,2651.5151515151515
RML Timber,FY2025-26,872625.0,1219.03,"developed, open space",35.805538120913496,developed,26036.439028910303
Jeffers Tract,FY2025-26,20000.0,36.0,"developed, open space",0.4447892934274968,developed,253.1645569620253
The Pond Conservation Easement,FY2025-26,16500.0,30.0,"developed, open space",2.2239464671374845,developed,1213.235294117647
Eidson Family Timberland,FY2025-26,175000.0,695.0,"developed, open space",21.34988608451985,developed,5445.705024311183
AM-PM Farms,FY2025-26,1500000.0,419.0,"developed, open space",17.791571737099876,developed,55970.14925373135
H and H Farm,FY2025-26,444000.0,534.0,"developed, open space",2.2239464671374845,developed,1851.5429524603835
Duck Ponds,FY2025-26,16000000.0,8460.0,"developed, open space",72.94544412210948,developed,139552.19911716215
Mims Farm,FY2025-26,475000.0,341.0,"developed, open space",10.897337688973671,developed,15064.724919093853
Tindal Farm - Georges & Roberts,FY2025-26,200000.0,165.0,"developed, open space",6.894234048126202,developed,8412.48303934871
Tindal Farm - Mooneyham,FY2025-26,230000.0,179.0,"developed, open space",5.115076874416214,developed,6466.992665036676
Walnut Grove Plantation,FY2025-26,1305500.0,779.0,"developed, open space",58.71218673242959,developed,96325.32140860814
Edisto Island Museum,FY2025-26,40000.0,10.0,"developed, open space",1.7791571737099874,developed,7272.727272727273
Duck Haven,FY2025-26,250000.0,147.0,"developed, open space",10.452548395546176,developed,17884.322678843226
Betsy Kerrison Nature Trail Phase V,FY2025-26,600000.0,11.0,"developed, open space",0.2223946467137484,developed,12500.0
Big Garvin Creek Farm,FY2025-26,317000.0,253.0,"developed, open space",0.8895785868549937,developed,1125.1109139307896
Oscar's Place,FY2025-26,80000.0,50.0,"developed, open space",2.2239464671374845,developed,3555.555555555555
Kidd Family Farm,FY2025-26,264100.0,296.0,"developed, open space",4.003103640847471,developed,3452.287581699345
Boyd Pond Park Addition,FY2025-26,220000.0,25.0,"developed, open space",0.2223946467137484,developed,1981.981981981982
Whiten Farms,FY2025-26,375000.0,156.0,"developed, open space",8.006207281694943,developed,19313.30472103004
KAFA Lynches River Tract,FY2025-26,35250.0,130.0,"developed, open space",0.8895785868549937,developed,239.79591836734693
Thomason Farm,FY2025-26,378000.0,219.0,"developed, open space",9.118180515263685,developed,16010.330578512396
Back Swamp,FY2025-26,216000.0,420.0,"developed, open space",18.23636103052737,developed,9167.701863354036
Shelton Wood,FY2025-26,94500.0,219.0,"developed, open space",0.6671839401412453,developed,293.1747673216133
Bradley Property,FY2025-26,91200.0,43.0,"developed, open space",0.2223946467137484,developed,447.05882352941177
Reedy Cove at Twin Falls,FY2025-26,20000.0,3.0,"developed, open space",0.2223946467137484,developed,2000.0
Santuc Farm,FY2025-26,340800.0,387.0,"developed, open space",22.239464671374844,developed,19767.98143851508
Felker Farm,FY2025-26,225000.0,248.0,"developed, open space",12.009310922542417,developed,10809.608540925266
Terry Creek Confluence,FY2025-26,30000.0,4.0,"developed, open space",0.4447892934274968,developed,3333.333333333333
Piedmont River Park,FY2025-26,33000.0,6.0,"developed, open space",1.1119732335687422,developed,3235.294117647059
Long Branch Conservation,FY2025-26,100000.0,17.0,"developed, open space",2.4463411138512328,developed,13750.000000000002
Little Rock Mountain,FY2025-26,256400.0,53.0,"developed, open space",0.4447892934274968,developed,2172.881355932203
Table Rock State Park - Hutto Tract,FY2025-26,78000.0,5.0,"developed, open space",1.556762526996239,developed,23739.130434782604
Kirkwood Farm,FY2025-26,264618.0,373.0,"developed, open space",3.780708994133724,developed,2668.153024911032
Jamari at Hanging Rock,FY2025-26,522500.0,160.0,"developed, open space",5.114899925871016,developed,16553.030303030304
Keadle Bridge Addition,FY2025-26,1378752.0,431.0,"developed, open space",1.7790956263899185,developed,5839.076760190577
Camden Battlefield,FY2004-05,341250.0,310.0,"developed, open space",6.004653,developed,4309.518329968134
Camden Battleground Trust,FY2007-08,106052.0,161.0,"developed, open space",88.513032,developed,1784.3456445432162
McGovern Tract Conservation Easement,FY2025-26,31200.0,21.0,"developed, open space",0.6671839401412453,developed,1028.5714285714284
Newground,FY2025-26,180000.0,58.0,"developed, open space",2.668735760564981,developed,7686.832740213522
Sky Ranche,FY2025-26,1105000.0,130.0,"developed, open space",3.335804299481097,developed,30865.9217877095
Altamont Pass,FY2025-26,1000000.0,88.0,"developed, open space",1.5567086730911786,developed,17283.95061728395
Wheeler Farm,FY2025-26,744000.0,887.0,"developed, open space",17.791571737099876,developed,16173.91304347826
Utsey Tract,FY2025-26,500000.0,296.74,"developed, open space",4.003103640847471,developed,6701.414743112434
Frohlich Farm,FY2025-26,3465000.0,184.0,"developed, open space",11.56412157153447,developed,226926.952141058
Boones Creek Expansion,FY2025-26,20000.0,1.0,"developed, open space",0.4447739065974796,developed,8000.0
Tokeena Angus,FY2025-26,160000.0,99.0,"developed, open space",7.1166286948399495,developed,12190.476190476187
AC II,FY2025-26,610000.0,1129.0,"developed, open space",33.35804299481097,developed,17711.962833914054
Montgomery Tract,FY2025-26,302000.0,312.0,"developed, open space",1.7790956263899185,developed,1738.129496402878
Flat Grove Farm,FY2025-26,223500.0,232.0,"developed, open space",14.455151964418087,developed,13705.188679245282
Forest View,FY2025-26,4850000.0,590.0,"developed, open space",17.123795404002966,developed,141190.92627599247
Winkles Farm,FY2025-26,331578.0,330.0,"developed, open space",5.115076874416214,developed,5227.069225496915
River Oaks,FY2025-26,950000.0,699.0,"developed, open space",2.223869532987398,developed,3036.1137743688078
King Family Lynches Tract,FY2025-26,305000.0,546.0,"developed, open space",6.6716085989621945,developed,3699.9595632834616
Blue Heron LLC - Liberty Hill WMA Addition,FY2025-26,6566000.0,2006.0,"developed, open space",32.0,developed,105213.82073109664
Ulmer Farms 1,FY2026-27,165830.0,321.0,"developed, open space",7.1166286948399495,developed,3692.804453723034
Ulmer Farms 2,FY2026-27,148000.0,205.0,"developed, open space",2.2239464671374845,developed,1628.1628162816282
Tindal Farm - Hodges Corner,FY2026-27,200000.0,156.0,"developed, open space",14.455151964418087,developed,17881.705639614855
Tindal Farm - Home Place,FY2026-27,510000.0,412.0,"developed, open space",18.458117123795404,developed,21070.184171229463
Gramling and Gramling Farm,FY2026-27,1873530.0,816.0,"developed, open space",46.9236471460341,developed,106928.5447660265
Shealy Farms,FY2026-27,60000.0,60.0,"developed, open space",0.9406191812321468,developed,957.4468085106382
Chelsea,FY2026-27,1500000.0,2672.0,"developed, open space",68.27279466271312,developed,37472.5364146798
Glassy Summit,FY2026-27,814000.0,183.0,"developed, open space",3.762476724928588,developed,17288.495575221237
Boones Falls,FY2026-27,1870250.0,153.0,"developed, open space",11.600969901863143,developed,142092.91581108829
Old Schoolhouse Farm,FY2026-27,216000.0,193.0,"developed, open space",5.115076874416214,developed,5710.344827586207
Chick-A-Moo Farm 1,FY2026-27,257500.0,97.0,"developed, open space",4.670126019273536,developed,12179.054054054057
Goodwill,FY2026-27,12600000.0,737.0,"developed, open space",4.0760164520059705,developed,69524.61799660443
Hiott Farms,FY2026-27,285000.0,548.0,"developed, open space",5.337286879169755,developed,2797.5460122699387
Vaught Tract II,FY2026-27,205000.0,303.0,"developed, open space",1.3343217197924389,developed,910.4367135455218
Humbert Woods Nature Preserve,FY2026-27,700000.0,97.0,"developed, open space",0.3135397270773823,developed,2194.35736677116
Wentzky Farm,FY2026-27,146000.0,52.0,"developed, open space",5.957254814470264,developed,17123.456790123455
Bates House,FY2026-27,400000.0,11.0,"developed, open space",2.821857543696441,developed,109090.90909090907
McCoy Farm,FY2026-27,435000.0,1089.0,"developed, open space",40.47582570190222,developed,15997.171145685998
Bishop Branch Farm,FY2026-27,280000.0,117.0,"developed, open space",5.559866167843711,developed,12612.612612612616
Peach Shed Grains,FY2026-27,178500.0,43.0,"developed, open space",6.584334268625029,developed,26775.000000000004
Union of Brothers,FY2026-27,115200.0,302.0,"developed, open space",2.8911304072787294,developed,1122.6386806596702
Milky Way Farms,FY2026-27,795000.0,177.0,"developed, open space",3.558191252779837,developed,15900.0
Redding-Stone Farmstead Tracts,FY2026-27,100000.0,78.0,"developed, open space",2.821857543696441,developed,3409.090909090909
Buckwalter Conservation Project,FY2026-27,146660.0,239.0,"developed, open space",1.556762526996239,developed,956.7753960857408
"Alston, Rowland P. Tract",FY2007-08,220000.0,220.8,"developed, low",2.6687346188032506,developed,2735.7512953367877
Anderson Property,FY2018-19,350000.0,314.28,"developed, low",0.2223945515669375,developed,262.17228464419475
Asbury Hills,FY2006-07,3750000.0,1892.0,"developed, low",3.558312825071001,developed,7242.877836793819
Ashley River Historic Project,FY2004-05,6285000.0,12280.0,"developed, low",58.04497795897071,developed,46101.540104547246
Avins Tract,FY2012-13,431130.0,431.13,"developed, low",0.6671836547008126,developed,678.2328264289459
Bailey Mill,FY2015-16,493500.0,1645.52,"developed, low",15.122829506551756,developed,4703.9529015979815
Barker Assoc.,FY2007-08,291534.0,1457.67,"developed, low",2.001550964102438,developed,411.9004709576138
Batten Boggy Tract,FY2006-07,63000.0,315.25,"developed, low",0.8895782062677503,developed,177.33990147783254
"Battery Wilkes Tract (E.H. Boinest, III)",FY2012-13,354000.0,1.8,"developed, low",1.556761860968563,developed,247800.0
Battle of Hanging Rock - Horton,FY2019-20,157500.0,30.84,"developed, low",0.2223945515669375,developed,1250.0
Battle of Port Royal (Harris Pillow) - Liberty Trail,FY2019-20,227963.0,6.08,"developed, low",0.4447891031338751,developed,17535.615384615387
Baxley Tract,FY2004-05,794626.0,979.0,"developed, low",1.111972757834688,developed,904.6288706739524
Belfast Plantation - Phase 1,FY2007-08,2000000.0,2220.0,"developed, low",4.892680134472626,developed,2095.2380952380954
Big Snooks Tract,FY2018-19,48485.0,288.0,"developed, low",0.2223945515669375,developed,38.05729984301413
Black Creek Plantation,FY2018-19,356400.0,864.0,"developed, low",4.447891031338751,developed,1862.55552652208
Black River Landing (Rocky Point Expansion),FY2018-19,90000.0,19.0,"developed, low",0.6671836547008126,developed,513.3079847908746
Black River State Park - Phase I,FY2019-20,784600.0,310.67,"developed, low",3.558312825071001,developed,8809.543859649124
Black River State Park - Phase II,FY2021-22,435000.0,816.35,"developed, low",0.8895782062677503,developed,458.86075949367097
Black River State Park - Phase III (RMS South Tract),FY2021-22,450000.0,738.44,"developed, low",0.4447891031338751,developed,282.7521206409048
Black Swamp Plantation,FY2007-08,406200.0,2031.0,"developed, low",8.006203856409751,developed,1612.7936472923784
Blue Heron Property (Battle of Camden),FY2018-19,250000.0,294.45,"developed, low",3.113523721937126,developed,2633.559066967645
Blue Wall Connection - (Blakely & McDiarmid Tracts),FY2007-08,440000.0,136.0,"developed, low",0.2223945515669375,developed,724.8764415156508
Blythe- Goodwin House,FY2005-06,114200.0,10.91,"developed, low",0.2223945515669375,developed,2429.7872340425533
Boggy Branch Farms,FY2013-14,270630.0,451.05,"developed, low",3.335918273504064,developed,1926.6492643569056
"Boineau, Jack H Tract",FY2014-15,352050.0,15.45,"developed, low",0.2223945515669375,developed,5416.153846153847
Boone Hall,FY2019-20,2000000.0,598.88,"developed, low",44.03412121025364,developed,139093.78292939937
Boones Creek Oconee Bell Preserve,FY2019-20,200000.0,40.0,"developed, low",0.6671836547008126,developed,3571.428571428572
Bowers Tract,FY2007-08,180195.0,900.978,"developed, low",3.335918273504064,developed,652.7227722772277
Boyd Pond,FY2007-08,300000.0,92.34,"developed, low",0.4447891031338751,developed,1474.2014742014742
"Boyd, Steve Tract",FY2014-15,775000.0,1000.0,"developed, low",9.11817661424444,developed,6913.620539599652
Bramblewood Tract,FY2018-19,340000.0,680.04,"developed, low",1.3343673094016253,developed,673.7120211360634
Bramlett Bottoms,FY2020-21,100000.0,40.7,"developed, low",0.2223945515669375,developed,568.1818181818182
Bryan Dairy,FY2006-07,212500.0,951.0,"developed, low",1.3343673094016253,developed,319.3087903831705
Bugby Tract,FY2006-07,800000.0,906.0,"developed, low",0.2223945515669375,developed,182.8571428571429
Bunched Arrowhead Preserve Tr,FY2013-14,465000.0,64.96,"developed, low",0.2223945515669375,developed,1620.2090592334496
Burgess Farms Tract,FY2018-19,275000.0,1012.7,"developed, low",7.783809304842815,developed,2161.949685534591
C. McRae Tract,FY2005-06,63750.0,38.1,"developed, low",2.223945515669376,developed,3728.070175438597
Cane Creek Project,FY2012-13,313000.0,228.68,"developed, low",0.8895782062677503,developed,1075.6013745704468
Cannon Tract,FY2006-07,200000.0,144.28,"developed, low",0.8895782062677503,developed,1232.6656394453007
Cantey Bay Tract,FY2015-16,940915.0,1881.83,"developed, low",17.791564125355006,developed,8778.215743440232
Chapman Bridge Oconee Bell Preserve,FY2019-20,550000.0,238.72,"developed, low",6.004652892307314,developed,14320.154291224686
Chauga Bluff,FY2014-15,523000.0,696.0,"developed, low",1.111972757834688,developed,821.8101822752985
ChauRam Expansion,FY2007-08,250000.0,89.46,"developed, low",0.2223945515669375,developed,516.5289256198347
Chinquapin Greenway,FY2005-06,657128.0,43.0,"developed, low",0.2223945515669375,developed,3934.898203592815
Chisolm Plantation (Ackerman & Lesesne Tracts),FY2007-08,500000.0,5087.0,"developed, low",3.335918273504064,developed,647.3329880890731
Comalander Tracts,FY2015-16,97805.0,391.22,"developed, low",0.2223945515669375,developed,45.81030444964871
Combahatchie Family Tract,FY2015-16,165300.0,550.98,"developed, low",1.7791564125355006,developed,534.3030303030303
Cope Tract,FY2015-16,141050.0,806.0,"developed, low",3.780707376637938,developed,656.4056939501779
Copeland Tract,FY2012-13,162488.0,812.44,"developed, low",2.446340067236313,developed,471.9746501188274
Cordova Road Tract,FY2013-14,28800.0,145.84,"developed, low",0.2223945515669375,developed,43.96946564885496
Cotton Hall/Mount Repose,FY2007-08,442000.0,2210.0,"developed, low",3.335918273504064,developed,701.8100984439506
Cotton Hills Farm,FY2006-07,782500.0,870.0,"developed, low",9.11817661424444,developed,7909.886587771203
Crab Orchard Plantation,FY2007-08,563800.0,2819.0,"developed, low",22.01706060512682,developed,4346.717545362511
Cragmoor Farms,FY2015-16,1000000.0,120.83,"developed, low",2.6687346188032506,developed,22346.3687150838
Crescent- Heritage Tract,FY2004-05,2000000.0,1539.19,"developed, low",7.561414753275877,developed,10008.83132175449
Crescent Tract,FY2015-16,1020750.0,2721.97,"developed, low",8.673387511110565,developed,3233.63252375924
Crosby Farm,FY2015-16,69550.0,107.2,"developed, low",0.4447891031338751,developed,298.49785407725324
Culbertson Mill,FY2015-16,99000.0,108.78,"developed, low",0.4447891031338751,developed,424.89270386266094
Cynthia Brown Tract,FY2004-05,135345.0,51.33,"developed, low",0.8895782062677503,developed,2565.781990521327
Cypress Creek II,FY2006-07,727250.0,2909.84,"developed, low",1.3343673094016253,developed,337.47099767981433
Cypress Creek III,FY2006-07,86500.0,346.0,"developed, low",2.891129170370188,developed,757.239057239057
Cypress Swamp,FY2015-16,43575.0,248.8,"developed, low",0.2223945515669375,developed,40.87711069418386
"Davis, J. E., Jr/Orange Grove Tract",FY2007-08,90000.0,36.7,"developed, low",0.4447891031338751,developed,1097.560975609756
DDK Management Tract,FY2013-14,746000.0,1865.5,"developed, low",2.223945515669376,developed,904.1328323839534
Deer & Duck Tract (RFL Princess Pond),FY2013-14,500000.0,1006.95,"developed, low",2.891129170370188,developed,1428.5714285714284
DeLoach Farm,FY2015-16,255825.0,1180.0,"developed, low",4.892680134472626,developed,1071.4163335237008
Dinkins Mill Tracts,FY2013-14,620160.0,652.8,"developed, low",2.223945515669376,developed,1726.5033407572382
Dixon Family Tracts,FY2014-15,200625.0,535.0,"developed, low",0.6671836547008126,developed,239.8864089278597
Donoho Farm,FY2006-07,800000.0,2055.0,"developed, low",21.572271501992944,developed,8434.782608695652
Douglas B. Sheorn Property,FY2015-16,60800.0,152.69,"developed, low",0.2223945515669375,developed,95.44740973312403
"Drayton, Eddie Tract",FY2014-15,194300.0,670.0,"developed, low",1.556761860968563,developed,451.5604249667995
DuRant Farm Tract,FY2015-16,45000.0,121.24,"developed, low",0.4447891031338751,developed,165.1376146788991
Dusty Acres Tract,FY2012-13,238840.0,238.84,"developed, low",1.7791564125355006,developed,1816.2737642585555
E. Hickson Tract,FY2005-06,475000.0,318.0,"developed, low",2.223945515669376,developed,3338.0182712579062
Edisto Packers Tract,FY2006-07,325000.0,29.8022,"developed, low",0.2223945515669375,developed,2462.121212121212
Edisto River/Four Hole Swamp,FY2005-06,1500000.0,2383.5,"developed, low",3.113523721937126,developed,1960.967410589224
Elliott Tract,FY2007-08,460780.0,2335.93,"developed, low",14.455645851850942,developed,2847.024714828897
Exley Plantation,FY2012-13,1257945.0,5031.78,"developed, low",0.4447891031338751,developed,103.66681775104044
Fairfield (McCrady) Tract,FY2016-17,44450.0,177.8,"developed, low",0.8895782062677503,developed,218.69618696186967
Fall Creek Chatooga,FY2005-06,47000.0,93.52,"developed, low",0.4447891031338751,developed,241.64524421593828
FB SC Tracts,FY2012-13,807894.0,4302.32,"developed, low",0.4447891031338751,developed,85.84115178239388
Featherhorn Farms,FY2013-14,1200000.0,1205.63,"developed, low",2.891129170370188,developed,2877.167097012172
First Citizens Bank/Back Swamp School Tr,FY2013-14,325000.0,93.085,"developed, low",2.446340067236313,developed,8635.26570048309
Floyd Tract,FY2005-06,400000.0,434.14,"developed, low",2.446340067236313,developed,2292.8608650338715
For Ducks Tract,FY2014-15,96875.0,193.75,"developed, low",1.556761860968563,developed,748.48233995585
Forrester Tract,FY2005-06,1233000.0,38.79,"developed, low",4.892680134472626,developed,149867.40331491712
Fort Pemberton,FY2018-19,400000.0,8.48,"developed, low",0.4447891031338751,developed,20512.82051282051
Forty Acre Rock,FY2005-06,375617.0,521.69,"developed, low",1.556761860968563,developed,1127.978978978979
Fox Tindal Farm Tract,FY2014-15,99780.0,199.56,"developed, low",2.6687346188032506,developed,1327.4501108647448
Fred Sosnowski Tract,FY2006-07,125000.0,158.0,"developed, low",0.2223945515669375,developed,199.04458598726117
French Quarter Creek,FY2015-16,166650.0,424.91,"developed, low",3.335918273504064,developed,1309.4552121529598
Ft. Fairlawn (Corner Investors Tr),FY2013-14,1000000.0,80.0,"developed, low",0.6671836547008126,developed,8086.253369272236
"Garrett, Richard M.",FY2007-08,112750.0,120.0,"developed, low",0.4447891031338751,developed,404.84739676840223
Glover Plantation,FY2012-13,405328.0,2026.64,"developed, low",8.895782062677503,developed,1783.0331023864512
Gopher Woods (Burris) Tract,FY2016-17,306000.0,593.76,"developed, low",3.780707376637938,developed,2029.6527506827936
Grassy Knob Tract,FY2015-16,803000.0,776.0,"developed, low",0.2223945515669375,developed,220.1809706608171
Great Falls Natural Area Project,FY2007-08,547665.0,353.0,"developed, low",2.6687346188032506,developed,11905.760869565218
Greenbrier Farms,FY2005-06,280000.0,123.52,"developed, low",0.4447891031338751,developed,1066.6666666666667
Grey Logs Property,FY2015-16,250000.0,18.9,"developed, low",0.2223945515669375,developed,2551.020408163265
Groton Uplands,FY2018-19,850000.0,13868.0,"developed, low",56.71061064956909,developed,2298.2229196708795
H.C. Edens Tract,FY2005-06,974000.0,677.22,"developed, low",9.11817661424444,developed,12911.08955706434
Halidon Hill Plantation,FY2012-13,62000.0,248.0,"developed, low",0.4447891031338751,developed,109.9290780141844
Hamilton Ridge Tract,FY2005-06,5000000.0,13280.0,"developed, low",126.0977107384536,developed,48460.71007333208
Hanahan Tract,FY2015-16,286000.0,91.0,"developed, low",0.2223945515669375,developed,692.4939467312348
"Hanna Trs (Carol Hanna, Leslie Hanna 1 & 2)",FY2012-13,281000.0,1405.0,"developed, low",2.891129170370188,developed,595.1449983708048
Harper Family Home Place & Solomons Tract,FY2007-08,304200.0,1544.0,"developed, low",0.6671836547008126,developed,133.81231671554252
"Harper Place, Country Club and Moultrie",FY2007-08,276806.0,1384.03,"developed, low",0.6671836547008126,developed,137.94318936877076
"Harper, Andrew R Tract",FY2007-08,866594.0,4322.97,"developed, low",23.57382246609538,developed,4857.692437863563
"Harper, Stiles Tract (Sand Pit & Mikell)",FY2007-08,209504.0,1047.52,"developed, low",1.7791564125355006,developed,375.1190689346464
Harrell Farm Trust Tract,FY2015-16,87254.0,290.848,"developed, low",0.4447891031338751,developed,132.10295230885694
Henderson/Conestee Tract,FY2004-05,675000.0,112.42,"developed, low",1.111972757834688,developed,7401.315789473685
Hickory Top Tract,FY2013-14,223000.0,223.85,"developed, low",3.113523721937126,developed,3125.125125125125
High Creek Tract (Salley Tr),FY2012-13,835000.0,1704.7,"developed, low",1.3343673094016253,developed,643.4626252247623
Hills Property,FY2013-14,115000.0,575.0,"developed, low",3.113523721937126,developed,621.8617226728468
Hinson Farm Project,FY2013-14,558424.0,1726.0,"developed, low",20.682693295725198,developed,6959.720182256768
Holcim Cement Tract,FY2013-14,71250.0,57.26,"developed, low",0.8895782062677503,developed,1117.6470588235295
Holly Bluff II,FY2018-19,208649.0,449.56,"developed, low",5.782258340740376,developed,2644.98976109215
Hopewell Church Property,FY2015-16,152930.0,47.76,"developed, low",0.2223945515669375,developed,662.0346320346321
Horse Trail Tract,FY2006-07,153500.0,170.59,"developed, low",0.4447891031338751,developed,406.6225165562914
Indigo Farms,FY2007-08,25000.0,103.0,"developed, low",1.556761860968563,developed,382.9321663019694
Ingleside,FY2015-16,255000.0,1020.22,"developed, low",2.6687346188032506,developed,654.4054747647563
Ingram Dunes,FY2018-19,500000.0,7.24,"developed, low",2.446340067236313,developed,171875.0
Ingram Properties,FY2013-14,34475.0,197.0,"developed, low",0.2223945515669375,developed,39.08730158730159
J.M. Shelley Tract,FY2005-06,33875.0,49.0,"developed, low",1.111972757834688,developed,773.4018264840182
Jason Ross Tract,FY2013-14,398000.0,398.0,"developed, low",3.780707376637938,developed,3813.9797068771136
Jimmy Calder Tract,FY2004-05,71500.0,56.5,"developed, low",0.6671836547008126,developed,875.5102040816327
JM and SL Shelley Tract 27,FY2005-06,22000.0,35.1,"developed, low",0.4447891031338751,developed,273.2919254658386
John Shirley Tract,FY2012-13,380000.0,394.0,"developed, low",0.4447891031338751,developed,447.58539458186107
Johnathan Graham,FY2012-13,758010.0,505.34,"developed, low",6.671836547008128,developed,10313.061224489797
"Johns, A.J. Properties",FY2012-13,330600.0,1653.0,"developed, low",10.674938475213002,developed,2128.89723638315
Jones Tract/Mt. Pleasant Tract,FY2007-08,343700.0,982.0,"developed, low",12.454094887748504,developed,937.6071706936868
JRJ Farms,FY2020-21,40000.0,120.8,"developed, low",1.7791564125355006,developed,389.2944038929441
Keithfield,FY2015-16,318000.0,304.87,"developed, low",0.6671836547008126,developed,715.6789197299325
Kel-Sam Farms (Carolyn Black Tract),FY2012-13,850000.0,921.0,"developed, low",13.343673094016255,developed,12387.66091814428
Kingstree Waterfront Park,FY2019-20,25000.0,2.9,"developed, low",0.4447891031338751,developed,2941.176470588236
Knollwood/Longlands Plt Tract (Phase 1 - Lower Santee Tr),FY2015-16,737850.0,2951.4,"developed, low",2.6687346188032506,developed,673.681807806437
"Knowlton Farms, Forest Field Farms & Thomas DuRant",FY2012-13,316470.0,575.4,"developed, low",1.111972757834688,developed,590.8700522778192
Kyle Daniel Tract,FY2004-05,320000.0,188.4,"developed, low",1.3343673094016253,developed,2587.601078167116
Lacie Shelley Tract,FY2005-06,84375.0,64.0,"developed, low",2.223945515669376,developed,2013.7231503579949
Lake Jemiki,FY2006-07,154950.0,129.16,"developed, low",0.4447891031338751,developed,554.3828264758497
Landco Project (Stevens Tract),FY2016-17,555000.0,557.0,"developed, low",0.2223945515669375,developed,231.8295739348371
Langley Pond Tract,FY2006-07,648800.0,96.0,"developed, low",2.891129170370188,developed,28688.43537414966
Lawton Boggy Tract,FY2006-07,59000.0,295.0,"developed, low",2.223945515669376,developed,446.2934947049925
Lemon Island,FY2006-07,500000.0,162.24,"developed, low",1.556761860968563,developed,4794.520547945206
Little Junkyard Bay,FY2013-14,227708.0,569.27,"developed, low",9.340571165811378,developed,3481.520203858755
LOCURA Tract,FY2016-17,60250.0,241.0,"developed, low",0.4447891031338751,developed,110.34798534798534
Lyle Property,FY2019-20,143300.0,165.89,"developed, low",3.335918273504064,developed,2889.112903225807
Macdonald & Sons Farm,FY2007-08,169000.0,181.6,"developed, low",0.4447891031338751,developed,317.07317073170736
Marhaygue Tract,FY2015-16,1209205.0,2418.41,"developed, low",4.225496479771814,developed,2128.8820422535214
Mariwill Timber Plantation,FY2019-20,297100.0,1189.5,"developed, low",1.7791564125355006,developed,473.9381854436691
Marsh Furniture Tract,FY2004-05,2000000.0,8347.0,"developed, low",7.783809304842815,developed,1823.3915082052615
Mays - Epworth Conservation Area (Adams),FY2020-21,225000.0,1332.29,"developed, low",8.673387511110565,developed,1472.562510488337
McKinney Creek Oconee Bell Preserve,FY2019-20,450000.0,195.6,"developed, low",14.233251300284005,developed,14264.48736998514
Meyer Lake,FY2020-21,1000000.0,974.0,"developed, low",0.6671836547008126,developed,663.8636866563398
Middleton Place/Edmondston-Alston Family Trust,FY2007-08,820000.0,1274.0,"developed, low",14.67804040341788,developed,5836.928386540121
Mike and Tina Comalander Tracts,FY2015-16,66783.0,267.13,"developed, low",0.2223945515669375,developed,53.08664546899841
Mill Shoals Community Forest,FY2019-20,1650000.0,713.15,"developed, low",0.2223945515669375,developed,456.1791539950235
"Miller, Eloise Tract",FY2015-16,79500.0,53.023,"developed, low",0.4447891031338751,developed,665.2719665271967
Millgrove Plantation,FY2020-21,165000.0,444.6,"developed, low",2.223945515669376,developed,834.17593528817
MillRho (Oak Grove 2),FY2016-17,291000.0,1164.64,"developed, low",4.447891031338751,developed,1110.6870229007634
Millwood Farms,FY2013-14,184450.0,443.46,"developed, low",0.2223945515669375,developed,111.85567010309276
Millwood Farms LLP 2 (Culler Family),FY2014-15,221918.0,522.16,"developed, low",0.6671836547008126,developed,284.14596670934696
Morris Ford Tract,FY2015-16,60000.0,4.45,"developed, low",0.4447891031338751,developed,5217.391304347826
Mtn. Bridge Passage,FY2005-06,1550000.0,175.0,"developed, low",4.003101928204876,developed,34788.02992518703
Murray Tract,FY2012-13,78400.0,392.29,"developed, low",0.2223945515669375,developed,44.368986983588
Murray Tract Phase III,FY2013-14,219096.0,1095.48,"developed, low",7.33902020170894,developed,1377.9622641509434
Myrtle Grove Plt - Marvin Tracts BC,FY2015-16,134186.0,357.83,"developed, low",0.2223945515669375,developed,88.86490066225166
Myrtle Grove Plt Tract,FY2014-15,643268.0,1715.38,"developed, low",2.223945515669376,developed,809.5494588472187
Nine  Times Tract A,FY2007-08,1500000.0,560.0,"developed, low",1.3343673094016253,developed,3668.9767631471664
Nine Times B&C,FY2012-13,1500000.0,1648.0,"developed, low",1.556761860968563,developed,1433.4470989761091
North Enoree Watershed Tract,FY2016-17,100000.0,34.47,"developed, low",0.4447891031338751,developed,1273.8853503184714
Oakland Club,FY2015-16,3581730.0,11166.17,"developed, low",62.27047443874252,developed,20582.542842483326
Old Santee Canal,FY2020-21,270000.0,564.94,"developed, low",0.4447891031338751,developed,194.80519480519484
Paradise Shrimp Farms,FY2007-08,100000.0,504.5,"developed, low",12.89888399088238,developed,2542.74441034634
Paris Mountain Gospel,FY2018-19,20000.0,23.35,"developed, low",0.2223945515669375,developed,2500.0
Patriots Plantation II,FY2014-15,653625.0,1867.5,"developed, low",1.3343673094016253,developed,472.7848101265822
Paul Sanders Tract,FY2006-07,420000.0,164.89,"developed, low",0.8895782062677503,developed,2549.317147192716
Pecan Alley Farms Tract,FY2015-16,44795.0,89.57,"developed, low",1.3343673094016253,developed,670.2493765586034
Peeples Waldburg Tract,FY2014-15,117800.0,589.0,"developed, low",0.4447891031338751,developed,89.95799923634975
Pettigrew Tract (Murray Tract),FY2015-16,300000.0,1044.7,"developed, low",0.2223945515669375,developed,65.6311529205863
Pine Hill/Swamp Solomons,FY2007-08,99800.0,718.0,"developed, low",0.2223945515669375,developed,41.37645107794362
Pinewood Farms,FY2013-14,175747.0,270.38,"developed, low",0.8895782062677503,developed,579.0675453047776
Plum Creek Timberlands Tr,FY2014-15,70000.0,35.83,"developed, low",0.2223945515669375,developed,434.7826086956522
Pollard Tract (Milbury),FY2006-07,2374312.0,10398.0,"developed, low",20.90508784729213,developed,5284.3690777790935
Powell Properties,FY2014-15,392142.0,364.6,"developed, low",1.111972757834688,developed,1211.0623841877702
"Powell, Marion J. ""Pete"" Tract",FY2012-13,84375.0,75.0,"developed, low",0.2223945515669375,developed,293.98954703832754
Powers Farm,FY2012-13,165110.0,207.65,"developed, low",0.6671836547008126,developed,601.128640776699
Ramsay Farms,FY2012-13,130000.0,130.0,"developed, low",1.7791564125355006,developed,2080.0
Rhodes and IP/Milbury,FY2013-14,328600.0,1006.7,"developed, low",4.892680134472626,developed,860.3117934071164
River Oaks Plantation,FY2020-21,975000.0,1005.18,"developed, low",9.11817661424444,developed,9070.79646017699
"Rivers, J. T., Jr. 97",FY2007-08,111000.0,148.0,"developed, low",0.8895782062677503,developed,647.2303206997085
"Rivers, J. T., Jr. 98",FY2007-08,53900.0,61.6,"developed, low",0.2223945515669375,developed,199.62962962962965
Riverside Farms,FY2016-17,1200000.0,2120.0,"developed, low",18.23635322848888,developed,10385.224274406331
Rocky Fork Farm,FY2006-07,136500.0,130.91,"developed, low",0.4447891031338751,developed,455.00000000000006
Rocky Point Landing Tr,FY2013-14,1109670.0,467.75,"developed, low",0.6671836547008126,developed,2038.5854255970607
Rocky River Nature Park,FY2012-13,75000.0,128.46,"developed, low",5.559863789173439,developed,2334.9937733499373
Rogers Family Farm,FY2019-20,99539.0,496.5,"developed, low",2.891129170370188,developed,616.4873749404478
Rosemont Plantation Expansion,FY2019-20,350000.0,123.82,"developed, low",0.2223945515669375,developed,589.2255892255891
S. Tyger River Blueways Tract,FY2019-20,140000.0,52.85,"developed, low",0.4447891031338751,developed,900.3215434083602
Salt Landing,FY2007-08,217000.0,572.0,"developed, low",0.2223945515669375,developed,85.60157790927022
Salt Point Timber Tract,FY2007-08,400000.0,1032.0,"developed, low",2.6687346188032506,developed,1055.641082032109
Saluda Rivers Connector (Phase 1),FY2018-19,500000.0,181.0,"developed, low",0.6671836547008126,developed,401.7139796464916
Saluda Rivers Connector (Phase II),FY2019-20,500000.0,181.0,"developed, low",0.6671836547008126,developed,401.7139796464916
Samworth Farms - McTeer Tract,FY2019-20,180000.0,39.23,"developed, low",0.6671836547008126,developed,3139.5348837209303
Sanctuary Timberlands Tracts,FY2019-20,88248.0,352.99,"developed, low",0.8895782062677503,developed,222.56746532156367
Sand Creek Farm,FY2007-08,100000.0,217.1,"developed, low",0.8895782062677503,developed,416.66666666666674
Sanders Farm Tract,FY2012-13,83600.0,418.0,"developed, low",0.6671836547008126,developed,125.024925224327
Sandy Run Forest,FY2019-20,155000.0,237.3,"developed, low",0.2223945515669375,developed,133.96715643906654
Santee Bottomlands Preserve,FY2015-16,1014000.0,2276.64,"developed, low",2.6687346188032506,developed,1155.994679840395
Santee River Tract,FY2013-14,2167750.0,8517.0,"developed, low",2.6687346188032506,developed,662.8022524014574
Scotswood,FY2018-19,359290.0,3590.2,"developed, low",6.227047443874252,developed,619.3892377785987
SCWA Tract,FY2013-14,390000.0,390.0,"developed, low",19.34832598632357,developed,20828.729281767955
Segars Mill Pond Tract,FY2006-07,2443389.0,533.88,"developed, low",15.790013161252569,developed,42877.06846267919
Silver Bluff Audubon Center and Sanctuary,FY2015-16,812608.0,3250.43,"developed, low",5.337469237606501,developed,1309.8658069715896
Simkins River Farm,FY2013-14,523600.0,2617.0,"developed, low",0.2223945515669375,developed,45.31371700562527
Smith Ford Farm,FY2020-21,321472.0,446.32,"developed, low",0.6671836547008126,developed,611.1634980988592
South Saluda Trout Fishing (Jones Tree Farm),FY2013-14,97000.0,27.45,"developed, low",0.4447891031338751,developed,1492.3076923076924
Spring Grove Tract,FY2014-15,478000.0,638.0,"developed, low",1.556761860968563,developed,1174.0350877192982
Spring Park,FY2020-21,300000.0,20.44,"developed, low",1.7791564125355006,developed,23529.41176470588
Still Branch Plantation,FY2014-15,10400.0,52.0,"developed, low",0.4447891031338751,developed,81.56862745098039
Stuck 2020 Property,FY2019-20,347554.0,2700.0,"developed, low",0.2223945515669375,developed,33.32253116011505
Swamp Rabbit Trail Ext. (North Saluda River Tract),FY2012-13,140000.0,49.2,"developed, low",0.2223945515669375,developed,660.377358490566
Tall Pines Tract,FY2015-16,3000000.0,1757.0,"developed, low",0.4447891031338751,developed,765.1109410864575
Ten Oaks Timberlands Tract,FY2015-16,31356.0,104.52,"developed, low",2.001550964102438,developed,411.3760932944606
Terry Andrews,FY2007-08,761805.0,1539.0,"developed, low",2.001550964102438,developed,961.0660218671152
Thompson J. Bradford Property/Timberhaven,FY2007-08,215000.0,878.0,"developed, low",0.2223945515669375,developed,54.444163079260576
Thornhill Farms Tract,FY2014-15,163400.0,98.2,"developed, low",1.556761860968563,developed,2742.9256594724225
Tokeena Crossroads,FY2006-07,2695745.0,1107.87,"developed, low",6.671836547008128,developed,16180.94237695078
Tom's Branch,FY2015-16,155250.0,575.0,"developed, low",1.556761860968563,developed,413.3701027006466
Toole Tract,FY2007-08,250000.0,349.39,"developed, low",2.6687346188032506,developed,1824.817518248175
Top of South Carolina Tract,FY2015-16,550000.0,66.5,"developed, low",0.4447891031338751,developed,3503.1847133757965
Van Watts Tract,FY2013-14,362338.0,724.67,"developed, low",6.227047443874252,developed,2919.5579856115105
Velma Johnson Tract,FY2004-05,179400.0,34.0,"developed, low",0.2223945515669375,developed,1630.9090909090908
Wallace Farm,FY2016-17,100000.0,347.67,"developed, low",1.3343673094016253,developed,386.10038610038606
"Walters, Rainey",FY2007-08,71250.0,80.7,"developed, low",0.4447891031338751,developed,383.0645161290323
Waterloo Tract,FY2006-07,289450.0,406.0,"developed, low",0.6671836547008126,developed,469.37837837837833
Westervelt Timber,FY2014-15,2483600.0,12418.0,"developed, low",69.16470553731759,developed,13801.475922451533
White Plains Tract,FY2020-21,275000.0,121.58,"developed, low",0.4447891031338751,developed,1031.8949343339589
Williamson Farm Tract,FY2012-13,63000.0,63.4,"developed, low",3.558312825071001,developed,3549.295774647888
Willow Lake (Bamberg Tract),FY2019-20,278000.0,1373.12,"developed, low",8.006203856409751,developed,1635.5613662363128
Willow Oaks Tract,FY2012-13,195000.0,195.06,"developed, low",2.223945515669376,developed,2294.1176470588234
Willtown (Knox) - ACE Basin,FY2020-21,250000.0,2101.27,"developed, low",2.891129170370188,developed,347.7423496683072
Winborn a/s/a Lawton Plantation,FY2007-08,262800.0,1314.0,"developed, low",4.670285582905689,developed,935.865694420892
Woodbury Tract,FY2005-06,5000000.0,25668.0,"developed, low",27.7993189458672,developed,5402.975526682054
Yem Tract,FY2015-16,108750.0,435.0,"developed, low",0.2223945515669375,developed,56.14352090862158
Calico Vineyard,FY2021-22,225000.0,112.54,"developed, low",0.6671836547008126,developed,1328.740157480315
Gobblers Roost,FY2021-22,393506.0,1020.08,"developed, low",14.67804040341788,developed,5707.999120879122
Green Creek on Scenic 11,FY2021-22,90000.0,16.22,"developed, low",0.4447891031338751,developed,3214.2857142857147
River Falls,FY2021-22,650000.0,170.97,"developed, low",1.111972757834688,developed,4215.3047989623865
Battle of Hobkirk's Hill - Liberty Trail (Noskwith),FY2021-22,148500.0,5.12,"developed, low",0.2223945515669375,developed,6187.500000000001
Historic Crawford Mill Property,FY2021-22,250000.0,40.09,"developed, low",0.2223945515669375,developed,1612.903225806452
YLASI Property,FY2021-22,150000.0,315.42,"developed, low",0.4447891031338751,developed,219.94134897360703
Mays-Epworth Conservation Area (Turner),FY2021-22,86500.0,216.25,"developed, low",0.6671836547008126,developed,265.3374233128834
Watson Farm,FY2021-22,235000.0,701.74,"developed, low",6.004652892307314,developed,663.0094043887148
Woodsend Park and Open Space,FY2021-22,1000000.0,86.32,"developed, low",0.4447891031338751,developed,4672.8971962616815
Bobwhite Hills,FY2021-22,850000.0,773.99,"developed, low",1.3343673094016253,developed,1499.1181657848324
Piedmont Manufacturing Company YWCA,FY2021-22,76500.0,0.7,"developed, low",0.4447891031338751,developed,38250.0
Toner Tract,FY2021-22,84068.0,336.27,"developed, low",3.780707376637938,developed,950.2367021276596
Cedar Mountain,FY2021-22,500000.0,141.0,"developed, low",0.6671836547008126,developed,2419.354838709677
Tyger River Confluence,FY2021-22,157500.0,200.78,"developed, low",0.4447891031338751,developed,353.5353535353536
Berkeley Orchard,FY2022-23,162500.0,4.41,"developed, low",0.2223945515669375,developed,7738.0952380952385
Fishing Creek Tract,FY2022-23,125000.0,110.48,"developed, low",0.6671836547008126,developed,779.6257796257796
Soapstone Church,FY2022-23,20000.0,6.45,"developed, low",0.4447891031338751,developed,1176.470588235294
Historic Glendale Mill,FY2022-23,785000.0,16.49,"developed, low",1.7791564125355006,developed,88450.70422535212
Newton Farm,FY2022-23,250000.0,563.47,"developed, low",4.447891031338751,developed,1944.768572539868
"Black River (Camel, LLC) Park Ranger Tract",FY2022-23,1200000.0,162.93,"developed, low",0.2223945515669375,developed,1470.5882352941178
Carter Property,FY2022-23,110000.0,46.0,"developed, low",0.4447891031338751,developed,1145.8333333333337
Black River State Park: Sims Reach (Colonial Properties),FY2022-23,300000.0,143.22,"developed, low",0.2223945515669375,developed,476.9475357710652
Great Santee Swamp,FY2022-23,649000.0,2114.95,"developed, low",0.2223945515669375,developed,68.22960470984022
Plantersville Cultural Center,FY2022-23,60000.0,10.0,"developed, low",0.4447891031338751,developed,2500.0
Eureka Preserve,FY2022-23,350000.0,601.46,"developed, low",2.001550964102438,developed,1165.371809100999
Little Eastatoee on Scenic Hwy 11,FY2022-23,400000.0,234.72,"developed, low",0.4447891031338751,developed,764.0878701050622
Limerick Plantation,FY2022-23,266535.0,233.99,"developed, low",0.8895782062677503,developed,1056.6303270564918
Gourdin Tracts,FY2022-23,130757.0,342.75,"developed, low",4.447891031338751,developed,1624.3105590062114
Congaree Creek Heritage Preserve Addition,FY2022-23,7000000.0,575.81,"developed, low",9.11817661424444,developed,109375.0
Woodcock Woods,FY2022-23,300000.0,31.64,"developed, low",0.6671836547008126,developed,6249.999999999998
River Road,FY2022-23,160000.0,27.03,"developed, low",0.4447891031338751,developed,2480.62015503876
Salters Property,FY2022-23,385000.0,626.0,"developed, low",0.6671836547008126,developed,422.14912280701753
Saluda Dam Acres,FY2022-23,275000.0,69.59,"developed, low",3.113523721937126,developed,11846.153846153846
Bishop Branch Pastures,FY2022-23,145800.0,64.73,"developed, low",0.2223945515669375,developed,502.7586206896552
Independence Farm,FY2022-23,650000.0,498.22,"developed, low",2.891129170370188,developed,3847.905282331512
Botany Bay Heritage Preserve Addition,FY2022-23,1200000.0,180.17,"developed, low",1.7791564125355006,developed,11851.851851851854
Slater Tract,FY2022-23,1000000.0,3507.45,"developed, low",3.558312825071001,developed,1025.5095500576851
Jenkins House,FY2022-23,280000.0,9.23,"developed, low",0.4447891031338751,developed,13023.25581395349
Cotton Hall,FY2022-23,3000000.0,232.0,"developed, low",0.2223945515669375,developed,2884.615384615385
Bradham Tract - SC Liberty Trail,FY2022-23,124000.0,4.29,"developed, low",0.4447891031338751,developed,13777.77777777778
Hammonds Store Battlefield,FY2022-23,80000.0,30.0,"developed, low",0.6671836547008126,developed,1967.213114754098
Halfway Swamp Creek,FY2022-23,175000.0,288.37,"developed, low",2.6687346188032506,developed,1661.3924050632909
Buckfield,FY2022-23,850000.0,2064.52,"developed, low",5.782258340740376,developed,2459.6549805230934
Lee State Park - KDR/OSI (match with LF),FY2022-23,173000.0,137.29,"developed, low",1.3343673094016253,developed,1682.3338735818472
Ingleside Park,FY2023-24,1000000.0,445.8,"developed, low",5.782258340740376,developed,12954.658694569009
"Savannah River and Uplands (Pauline Place, LLC) Lowlands",FY2023-24,300000.0,1218.3,"developed, low",5.337469237606501,developed,1320.13201320132
Twin Ponds,FY2023-24,156000.0,91.69,"developed, low",0.2223945515669375,developed,371.4285714285714
Paris Mountain Forest Haven,FY2023-24,375000.0,19.96,"developed, low",0.2223945515669375,developed,4310.344827586207
SC Liberty Trail - Camden Gaol Site,FY2023-24,123500.0,0.87,"developed, low",0.2223945515669375,developed,30875.000000000007
Andrews Black River Park,FY2023-24,5800000.0,1806.43,"developed, low",9.340571165811378,developed,30048.106574565198
Saluda Bluffs,FY2023-24,9000000.0,1090.0,"developed, low",0.2223945515669375,developed,1871.4909544603868
Hazelwood Farm 2,FY2023-24,215000.0,373.43,"developed, low",0.6671836547008126,developed,341.81240063593
Betsy Kerrison Nature Trail Phase 3,FY2023-24,145000.0,3.0,"developed, low",1.111972757834688,developed,51785.71428571429
The Happy Berry,FY2023-24,77000.0,22.26,"developed, low",0.6671836547008126,developed,2333.333333333333
Sleepy Prong,FY2023-24,60000.0,136.97,"developed, low",1.3343673094016253,developed,588.2352941176471
James Island CP - Bradham Road Addition,FY2023-24,500000.0,25.35,"developed, low",1.556761860968563,developed,33018.867924528306
Seawright-Drake Homestead (Fleming),FY2023-24,50000.0,75.74,"developed, low",0.2223945515669375,developed,144.9275362318841
Stillwell Homeplace Farm,FY2023-24,62699.0,197.79,"developed, low",1.7791564125355006,developed,413.8547854785479
Stillwell – Tatum Farm,FY2023-24,110000.0,437.51,"developed, low",5.559863789173439,developed,1416.0659114315138
Waites - Olivia Boyce Tracts,FY2023-24,4000000.0,111.22,"developed, low",0.2223945515669375,developed,7707.129094412331
Bay Farm,FY2023-24,100000.0,346.3,"developed, low",4.447891031338751,developed,1287.83000643915
Blue Branch Farm,FY2023-24,400000.0,381.1,"developed, low",1.3343673094016253,developed,1361.3159387407825
Gin Branch Farms LLC II tracts,FY2023-24,150000.0,590.01,"developed, low",3.335918273504064,developed,883.7391987431264
D. Brown Land and Timber LLC,FY2023-24,103850.0,308.46,"developed, low",0.2223945515669375,developed,76.13636363636364
Forty Acre Rock Farm,FY2023-24,195000.0,97.08,"developed, low",0.6671836547008126,developed,1329.5454545454545
Hope Station LLC,FY2023-24,573100.0,1081.34,"developed, low",2.223945515669376,developed,1170.7865168539329
Stilwell - Cannery Farm,FY2023-24,250000.0,797.88,"developed, low",19.570720537890505,developed,6345.543697721373
Cedarleaf Farm,FY2023-24,90000.0,64.96,"developed, low",0.4447891031338751,developed,610.1694915254237
Betsy Kerrison Nature Trail Phase 2,FY2023-24,250000.0,13.32,"developed, low",0.4447891031338751,developed,6944.444444444446
Hiott Station,FY2023-24,175000.0,561.8,"developed, low",0.4447891031338751,developed,139.05442987683753
Oakland Plantation,FY2023-24,602500.0,52.06,"developed, low",3.113523721937126,developed,36357.75862068966
Pudding Swamp - Atkinson Farm,FY2023-24,150000.0,383.15,"developed, low",2.891129170370188,developed,1101.0728402032748
Shaws Creek Preserve,FY2023-24,1900000.0,2657.63,"developed, low",4.447891031338751,developed,3179.650238473768
Shealy Farm,FY2023-24,242000.0,339.44,"developed, low",2.223945515669376,developed,1628.5329744279943
Witherspoon Island,FY2023-24,850000.0,3707.94,"developed, low",0.4447891031338751,developed,97.8586230716095
Tyger Oak Property,FY2023-24,23000000.0,945.91,"developed, low",1.3343673094016253,developed,32935.56085918855
Gregorie Neck,FY2023-24,2000000.0,4409.3,"developed, low",14.010856748717067,developed,6310.096153846154
Searles Family Homeplace,FY2023-24,330000.0,991.8,"developed, low",1.3343673094016253,developed,447.1544715447154
Cracker Farms,FY2023-24,170000.0,63.58,"developed, low",0.6671836547008126,developed,1814.946619217082
Thrailkill Farm,FY2024-25,1600000.0,1063.06,"developed, low",2.6687346188032506,developed,4010.86275329016
Camp Awanita,FY2024-25,950000.0,483.99,"developed, low",5.782258340740376,developed,11340.679522497703
Keowee Ridge,FY2024-25,130000.0,66.93,"developed, low",0.6671836547008126,developed,1317.5675675675675
Joanna Park Tract,FY2024-25,700000.0,334.9,"developed, low",0.8895782062677503,developed,1865.4230512991337
McCannon Farms,FY2024-25,370000.0,178.79,"developed, low",3.335918273504064,developed,6946.182728410514
Four Leaf Farm,FY2024-25,250000.0,170.27,"developed, low",1.111972757834688,developed,1602.5641025641028
Black River SP - Mingo Creek,FY2024-25,244378.0,664.32,"developed, low",2.001550964102438,developed,716.4175895765472
Ginia's Farm,FY2024-25,56000.0,98.73,"developed, low",0.4447891031338751,developed,250.00000000000003
Travelers Rest Bunched Arrowhead Preserve,FY2024-25,375000.0,24.73,"developed, low",0.8895782062677503,developed,13157.894736842109
Dogwood Hill Farm,FY2024-25,400000.0,182.29,"developed, low",0.2223945515669375,developed,501.2531328320802
Snow's Island Addition,FY2024-25,5229080.0,2584.26,"developed, low",3.780707376637938,developed,7676.54231433506
Snow's Island,FY2024-25,14400000.0,5178.93,"developed, low",0.8895782062677503,developed,2580.760786773601
Old Blair Road (Lina Marston),FY2024-25,72000.0,131.0,"developed, low",0.6671836547008126,developed,389.1891891891892
McQueen Farm,FY2024-25,110000.0,246.0,"developed, low",0.4447891031338751,developed,203.70370370370367
Stewart Tract,FY2024-25,86950.0,174.0,"developed, low",0.2223945515669375,developed,111.04725415070244
AB Farms,FY2024-25,412500.0,126.0,"developed, low",0.8895782062677503,developed,2869.5652173913045
Broad River Preserve,FY2024-25,760000.0,1040.78,"developed, low",8.22859840797669,developed,6051.215838175168
Fall Creek Headwaters,FY2024-25,115000.0,108.25,"developed, low",0.2223945515669375,developed,263.1578947368421
Watson Farm,FY2024-25,565000.0,358.73,"developed, low",6.004652892307314,developed,1594.0438871473357
McClain Farm,FY2024-25,187600.0,72.46,"developed, low",0.8895782062677503,developed,2240.0
Jackson Farms Cash Tracts,FY2024-25,500000.0,588.0,"developed, low",1.7791564125355006,developed,1516.875237011756
Alcorn Timber,FY2024-25,135000.0,166.47,"developed, low",2.446340067236313,developed,1972.1115537848607
Essex Farms,FY2024-25,560000.0,898.55,"developed, low",0.8895782062677503,developed,592.122653978324
Sadler Farms,FY2024-25,325000.0,264.8,"developed, low",0.2223945515669375,developed,301.2048192771084
Grimshaw Farm,FY2024-25,145000.0,122.61,"developed, low",0.2223945515669375,developed,262.2061482820976
Pipsissewa Passage - Paris Mountain,FY2024-25,2400000.0,65.42,"developed, low",0.2223945515669375,developed,7947.019867549669
Burch's Mill,FY2024-25,1250000.0,374.64,"developed, low",1.556761860968563,developed,5183.649289099525
Red Top Park,FY2024-25,100000.0,5.96,"developed, low",0.2223945515669375,developed,3571.428571428572
Price Family Farm,FY2024-25,205000.0,199.17,"developed, low",0.2223945515669375,developed,229.5632698768197
Black River SP - Browns Ferry,FY2024-25,498000.0,311.31,"developed, low",3.780707376637938,developed,5850.725639253628
Beech Hill,FY2024-25,3350000.0,1637.6,"developed, low",6.227047443874252,developed,12749.762131303522
Young's Farm,FY2024-25,100000.0,224.72,"developed, low",1.111972757834688,developed,494.5598417408506
Rivers Farm 2,FY2024-25,410000.0,347.78,"developed, low",1.111972757834688,developed,1274.08328154133
Rivers Farm 1,FY2024-25,885000.0,668.97,"developed, low",2.446340067236313,developed,3276.6745203635137
Burrows Farm 1,FY2024-25,288000.0,284.3,"developed, low",1.3343673094016253,developed,1346.8433359314106
Harrison Farm,FY2024-25,215000.0,106.71,"developed, low",0.2223945515669375,developed,462.3655913978495
Saluda Grade Trail,FY2024-25,750000.0,373.71,"developed, low",142.33251300284005,developed,288115.2460984394
Parris Family Farm,FY2024-25,630000.0,148.65,"developed, low",0.6671836547008126,developed,2665.7263751763044
Alston Tract,FY2024-25,64350.0,174.46,"developed, low",0.2223945515669375,developed,85.00660501981505
Black River SP - Cold Creek Acquisition,FY2024-25,221107.0,178.67,"developed, low",0.4447892934274968,developed,565.4910485933505
Dean Acres,FY2024-25,112000.0,141.11,"developed, low",1.7791571737099874,developed,1518.64406779661
Coakley Chapel Park,FY2025-26,300000.0,6.46,"developed, low",1.556762526996239,developed,70000.0
Lever Farms,FY2025-26,187500.0,115.74,"developed, low",0.2223946467137484,developed,343.4065934065934
Wilson Ridge Farm,FY2025-26,640000.0,424.12,"developed, low",1.7791571737099874,developed,2727.7570591369204
Cedar Hill Farm,FY2025-26,300000.0,312.9,"developed, low",0.4447892934274968,developed,428.8777698355969
Pee Dee Basin RMS Initiative,FY2025-26,3300000.0,900.04,"developed, low",3.780708994133724,developed,14227.74537154451
Keller Tracks,FY2025-26,129100.0,271.79,"developed, low",0.8895785868549937,developed,426.4244426094137
Carolina Seafood Hwy 17,FY2025-26,150000.0,14.67,"developed, low",1.3343678802824903,developed,12328.767123287673
Stevenson Century Farm,FY2025-26,200000.0,132.8,"developed, low",1.556762526996239,developed,2434.782608695652
Maxcy Farm Nature Preserve,FY2025-26,400000.0,51.73,"developed, low",0.4447892934274968,developed,3463.203463203464
Keese Family Farm,FY2025-26,812000.0,556.68,"developed, low",1.7791571737099874,developed,2589.079314467915
Broad Arrow Landing,FY2025-26,800000.0,903.61,"developed, low",2.001551820423736,developed,1792.3823749066466
Gillian Farms - Bodie Rd,FY2025-26,256000.0,170.66,"developed, low",0.4447892934274968,developed,658.0976863753212
Cattails Tree Farm Extension,FY2025-26,176000.0,263.66,"developed, low",0.2223946467137484,developed,142.85714285714286
LeMaster Grain and Cattle,FY2025-26,860000.0,379.08,"developed, low",8.895785868549938,developed,19861.431870669745
Blessing,FY2025-26,7400000.0,627.75,"developed, low",2.8911304072787294,developed,33218.23204419889
Pocotaligo Station,FY2025-26,4597600.0,1742.33,"developed, low",12.009310922542417,developed,31574.513544448684
Ashley River - Barry Tract,FY2025-26,100000.0,67.02,"developed, low",0.6671839401412453,developed,993.3774834437088
Red Fern,FY2025-26,264000.0,302.02,"developed, low",0.2223946467137484,developed,185.65400843881855
Beneventum,FY2025-26,342000.0,190.0,"developed, low",1.556762526996239,developed,2803.2786885245905
RML Timber,FY2025-26,872625.0,1219.03,"developed, low",1.556762526996239,developed,1132.0190882134916
Meadow Woods Farm,FY2025-26,160000.0,124.0,"developed, low",1.1119732335687422,developed,1470.5882352941178
Eidson Family Timberland,FY2025-26,175000.0,695.0,"developed, low",2.001551820423736,developed,510.53484602917337
AM-PM Farms,FY2025-26,1500000.0,419.0,"developed, low",0.4447892934274968,developed,1399.2537313432836
Mims Farm,FY2025-26,475000.0,341.0,"developed, low",4.8926822277024655,developed,6763.754045307443
Tindal Farm - Georges & Roberts,FY2025-26,200000.0,165.0,"developed, low",0.2223946467137484,developed,271.370420624152
Tindal Farm - Mooneyham,FY2025-26,230000.0,179.0,"developed, low",1.3343678802824903,developed,1687.041564792176
Walnut Grove Plantation,FY2025-26,1305500.0,779.0,"developed, low",4.8926822277024655,developed,8027.110117384013
Edisto Island Museum,FY2025-26,40000.0,10.0,"developed, low",0.4447892934274968,developed,1818.1818181818185
Duck Haven,FY2025-26,250000.0,147.0,"developed, low",3.113525053992478,developed,5327.245053272452
Betsy Kerrison Nature Trail Phase V,FY2025-26,600000.0,11.0,"developed, low",0.4447892934274968,developed,25000.0
Big Garvin Creek Farm,FY2025-26,317000.0,253.0,"developed, low",0.2223946467137484,developed,281.2777284826974
Kidd Family Farm,FY2025-26,264100.0,296.0,"developed, low",1.1119732335687422,developed,958.9687726942628
Whiten Farms,FY2025-26,375000.0,156.0,"developed, low",2.668735760564981,developed,6437.768240343347
KAFA Lynches River Tract,FY2025-26,35250.0,130.0,"developed, low",0.2223946467137484,developed,59.94897959183673
Thomason Farm,FY2025-26,378000.0,219.0,"developed, low",0.8895785868549937,developed,1561.9834710743803
Back Swamp,FY2025-26,216000.0,420.0,"developed, low",2.668735760564981,developed,1341.614906832298
Santuc Farm,FY2025-26,340800.0,387.0,"developed, low",9.562969808691182,developed,8500.232018561486
Felker Farm,FY2025-26,225000.0,248.0,"developed, low",1.7791571737099874,developed,1601.4234875444838
Terry Creek Confluence,FY2025-26,30000.0,4.0,"developed, low",0.2223946467137484,developed,1666.6666666666667
Piedmont River Park,FY2025-26,33000.0,6.0,"developed, low",0.4447892934274968,developed,1294.1176470588234
Long Branch Conservation,FY2025-26,100000.0,17.0,"developed, low",2.2239464671374845,developed,12500.000000000004
Kirkwood Farm,FY2025-26,264618.0,373.0,"developed, low",2.668735760564981,developed,1883.4021352313168
Jamari at Hanging Rock,FY2025-26,522500.0,160.0,"developed, low",0.6671608598962194,developed,2159.090909090909
Keadle Bridge Addition,FY2025-26,1378752.0,431.0,"developed, low",0.2223869532987398,developed,729.8845950238222
Camden Battlefield,FY2004-05,341250.0,310.0,"developed, low",6.227047,developed,4469.129721246686
Camden Battleground Trust,FY2007-08,106052.0,161.0,"developed, low",14.455646,developed,291.4132348235293
Newground,FY2025-26,180000.0,58.0,"developed, low",0.4447892934274968,developed,1281.1387900355871
Wheeler Farm,FY2025-26,744000.0,887.0,"developed, low",0.2223946467137484,developed,202.17391304347825
Utsey Tract,FY2025-26,500000.0,296.74,"developed, low",0.8895785868549937,developed,1489.2032762472077
Historic Store Creek Corner,FY2025-26,590000.0,3.0,"developed, low",0.8895478131949592,developed,196666.66666666663
Frohlich Farm,FY2025-26,3465000.0,184.0,"developed, low",0.6671608598962194,developed,13091.939546599497
Tokeena Angus,FY2025-26,160000.0,99.0,"developed, low",0.4447892934274968,developed,761.9047619047618
AC II,FY2025-26,610000.0,1129.0,"developed, low",6.004447739065975,developed,3188.1533101045293
Flat Grove Farm,FY2025-26,223500.0,232.0,"developed, low",1.5567086730911786,developed,1475.9433962264152
Forest View,FY2025-26,4850000.0,590.0,"developed, low",0.2223869532987398,developed,1833.648393194707
Winkles Farm,FY2025-26,331578.0,330.0,"developed, low",2.2239464671374845,developed,2272.638793694311
King Family Lynches Tract,FY2025-26,305000.0,546.0,"developed, low",0.8895478131949592,developed,493.3279417711282
Blue Heron LLC - Liberty Hill WMA Addition,FY2025-26,6566000.0,2006.0,"developed, low",2.0,developed,6575.86379569354
Ulmer Farms 1,FY2026-27,165830.0,321.0,"developed, low",0.6671839401412453,developed,346.2004175365344
Ulmer Farms 2,FY2026-27,148000.0,205.0,"developed, low",0.2223946467137484,developed,162.8162816281628
Tindal Farm - Hodges Corner,FY2026-27,200000.0,156.0,"developed, low",2.001482579688658,developed,2475.928473177441
Tindal Farm - Home Place,FY2026-27,510000.0,412.0,"developed, low",6.6716085989621945,developed,7615.729218516674
Gramling and Gramling Farm,FY2026-27,1873530.0,816.0,"developed, low",12.67605633802817,developed,28885.9101974574
Shealy Farms,FY2026-27,60000.0,60.0,"developed, low",0.9406191812321468,developed,957.4468085106382
Chelsea,FY2026-27,1500000.0,2672.0,"developed, low",4.225352112676056,developed,2319.1472048173164
Glassy Summit,FY2026-27,814000.0,183.0,"developed, low",0.3135397270773823,developed,1440.7079646017696
Boones Falls,FY2026-27,1870250.0,153.0,"developed, low",1.2541589083095293,developed,15361.396303901438
Old Schoolhouse Farm,FY2026-27,216000.0,193.0,"developed, low",0.4447892934274968,developed,496.5517241379309
Chick-A-Moo Farm 1,FY2026-27,257500.0,97.0,"developed, low",0.4447739065974796,developed,1159.90990990991
Vaught Tract II,FY2026-27,205000.0,303.0,"developed, low",0.2223869532987398,developed,151.73945225758698
Humbert Woods Nature Preserve,FY2026-27,700000.0,97.0,"developed, low",0.3135397270773823,developed,2194.35736677116
Wentzky Farm,FY2026-27,146000.0,52.0,"developed, low",0.6270794541547646,developed,1802.469135802469
Bates House,FY2026-27,400000.0,11.0,"developed, low",0.3135397270773823,developed,12121.21212121212
McCoy Farm,FY2026-27,435000.0,1089.0,"developed, low",5.337471521129962,developed,2109.517074156395
Bishop Branch Farm,FY2026-27,280000.0,117.0,"developed, low",0.8895785868549937,developed,2018.018018018018
Peach Shed Grains,FY2026-27,178500.0,43.0,"developed, low",0.3135397270773823,developed,1275.0000000000002
Milky Way Farms,FY2026-27,795000.0,177.0,"developed, low",0.8895478131949592,developed,3975.0
Ashley River Historic Project,FY2004-05,6285000.0,12280.0,"developed, medium",4.447891031338751,developed,3532.6850654825475
Battle of Port Royal (Harris Pillow) - Liberty Trail,FY2019-20,227963.0,6.08,"developed, medium",0.2223945515669375,developed,8767.807692307693
Belfast Plantation - Phase 1,FY2007-08,2000000.0,2220.0,"developed, medium",1.7791564125355006,developed,761.9047619047619
Bell Buoy Tract,FY2006-07,2000000.0,1.1677,"developed, medium",1.111972757834688,developed,2000000.0
Black River State Park - Phase I,FY2019-20,784600.0,310.67,"developed, medium",1.7791564125355006,developed,4404.771929824562
Boone Hall,FY2019-20,2000000.0,598.88,"developed, medium",6.004652892307314,developed,18967.33403582719
Cannon Tract,FY2006-07,200000.0,144.28,"developed, medium",0.2223945515669375,developed,308.1664098613252
Chisolm Plantation (Ackerman & Lesesne Tracts),FY2007-08,500000.0,5087.0,"developed, medium",1.3343673094016253,developed,258.9331952356292
Cope Tract,FY2015-16,141050.0,806.0,"developed, medium",0.4447891031338751,developed,77.22419928825624
Cotton Hall/Mount Repose,FY2007-08,442000.0,2210.0,"developed, medium",0.4447891031338751,developed,93.57467979252672
Cragmoor Farms,FY2015-16,1000000.0,120.83,"developed, medium",0.2223945515669375,developed,1862.1973929236497
Crescent- Heritage Tract,FY2004-05,2000000.0,1539.19,"developed, medium",2.446340067236313,developed,3238.151309979394
First Citizens Bank/Back Swamp School Tr,FY2013-14,325000.0,93.085,"developed, medium",0.6671836547008126,developed,2355.0724637681155
Forrester Tract,FY2005-06,1233000.0,38.79,"developed, medium",1.7791564125355006,developed,54497.23756906077
Forty Acre Rock,FY2005-06,375617.0,521.69,"developed, medium",0.2223945515669375,developed,161.13985413985415
French Quarter Creek,FY2015-16,166650.0,424.91,"developed, medium",0.2223945515669375,developed,87.29701414353065
Ft. Fairlawn (Corner Investors Tr),FY2013-14,1000000.0,80.0,"developed, medium",0.2223945515669375,developed,2695.4177897574127
Great Falls Natural Area Project,FY2007-08,547665.0,353.0,"developed, medium",0.2223945515669375,developed,992.1467391304348
Greenbrier Farms,FY2005-06,280000.0,123.52,"developed, medium",0.2223945515669375,developed,533.3333333333334
Groton Uplands,FY2018-19,850000.0,13868.0,"developed, medium",0.2223945515669375,developed,9.012638900670115
Hanahan Tract,FY2015-16,286000.0,91.0,"developed, medium",0.2223945515669375,developed,692.4939467312348
Hopewell Church Property,FY2015-16,152930.0,47.76,"developed, medium",0.2223945515669375,developed,662.0346320346321
Ingram Dunes,FY2018-19,500000.0,7.24,"developed, medium",0.2223945515669375,developed,15625.0
Johnathan Graham,FY2012-13,758010.0,505.34,"developed, medium",0.2223945515669375,developed,343.7687074829932
Kingstree Waterfront Park,FY2019-20,25000.0,2.9,"developed, medium",2.001550964102438,developed,13235.29411764706
Knollwood/Longlands Plt Tract (Phase 1 - Lower Santee Tr),FY2015-16,737850.0,2951.4,"developed, medium",1.111972757834688,developed,280.70075325268203
Langley Pond Tract,FY2006-07,648800.0,96.0,"developed, medium",1.556761860968563,developed,15447.61904761905
Lemon Island,FY2006-07,500000.0,162.24,"developed, medium",0.6671836547008126,developed,2054.794520547945
Marsh Furniture Tract,FY2004-05,2000000.0,8347.0,"developed, medium",3.335918273504064,developed,781.4535035165409
McKinney Creek Oconee Bell Preserve,FY2019-20,450000.0,195.6,"developed, medium",1.3343673094016253,developed,1337.295690936107
Merchants Bank Bldg.,FY2006-07,100000.0,0.12,"developed, medium",0.12,developed,100000.0
Meyer Lake,FY2020-21,1000000.0,974.0,"developed, medium",0.2223945515669375,developed,221.28789555211333
Millgrove Plantation,FY2020-21,165000.0,444.6,"developed, medium",0.4447891031338751,developed,166.835187057634
Mtn. Bridge Passage,FY2005-06,1550000.0,175.0,"developed, medium",0.2223945515669375,developed,1932.6683291770576
Myrtle Grove Plt Tract,FY2014-15,643268.0,1715.38,"developed, medium",0.4447891031338751,developed,161.90989176944376
Nine Times B&C,FY2012-13,1500000.0,1648.0,"developed, medium",0.4447891031338751,developed,409.55631399317406
Oakland Club,FY2015-16,3581730.0,11166.17,"developed, medium",0.2223945515669375,developed,73.5090815802976
Paradise Shrimp Farms,FY2007-08,100000.0,504.5,"developed, medium",0.6671836547008126,developed,131.521262604121
Patriots Plantation II,FY2014-15,653625.0,1867.5,"developed, medium",1.3343673094016253,developed,472.7848101265822
Pettigrew Tract (Murray Tract),FY2015-16,300000.0,1044.7,"developed, medium",0.2223945515669375,developed,65.6311529205863
Powell Properties,FY2014-15,392142.0,364.6,"developed, medium",0.6671836547008126,developed,726.6374305126621
Rhodes and IP/Milbury,FY2013-14,328600.0,1006.7,"developed, medium",0.2223945515669375,developed,39.105081518505294
River Oaks Plantation,FY2020-21,975000.0,1005.18,"developed, medium",0.2223945515669375,developed,221.23893805309737
Riverside Farms,FY2016-17,1200000.0,2120.0,"developed, medium",0.8895782062677503,developed,506.5963060686016
Rocky River Nature Park,FY2012-13,75000.0,128.46,"developed, medium",0.8895782062677503,developed,373.5990037359901
SCWA Tract,FY2013-14,390000.0,390.0,"developed, medium",0.2223945515669375,developed,239.41068139963167
Segars Mill Pond Tract,FY2006-07,2443389.0,533.88,"developed, medium",0.4447891031338751,developed,1207.804745427583
Spring Park,FY2020-21,300000.0,20.44,"developed, medium",0.4447891031338751,developed,5882.35294117647
Tokeena Crossroads,FY2006-07,2695745.0,1107.87,"developed, medium",10.89733302677994,developed,26428.8725490196
Van Watts Tract,FY2013-14,362338.0,724.67,"developed, medium",0.2223945515669375,developed,104.26992805755395
Wallace Farm,FY2016-17,100000.0,347.67,"developed, medium",0.2223945515669375,developed,64.35006435006436
Calico Vineyard,FY2021-22,225000.0,112.54,"developed, medium",0.2223945515669375,developed,442.9133858267717
Watson Farm,FY2021-22,235000.0,701.74,"developed, medium",4.003101928204876,developed,442.0062695924765
Cedar Mountain,FY2021-22,500000.0,141.0,"developed, medium",0.2223945515669375,developed,806.4516129032259
Tyger River Confluence,FY2021-22,157500.0,200.78,"developed, medium",0.6671836547008126,developed,530.3030303030304
Soapstone Church,FY2022-23,20000.0,6.45,"developed, medium",0.2223945515669375,developed,588.2352941176471
Historic Glendale Mill,FY2022-23,785000.0,16.49,"developed, medium",2.001550964102438,developed,99507.04225352113
Carter Property,FY2022-23,110000.0,46.0,"developed, medium",0.2223945515669375,developed,572.9166666666667
Congaree Creek Heritage Preserve Addition,FY2022-23,7000000.0,575.81,"developed, medium",0.8895782062677503,developed,10670.731707317074
Cotton Hall,FY2022-23,3000000.0,232.0,"developed, medium",0.4447891031338751,developed,5769.23076923077
Bradham Tract - SC Liberty Trail,FY2022-23,124000.0,4.29,"developed, medium",0.2223945515669375,developed,6888.8888888888905
Buckfield,FY2022-23,850000.0,2064.52,"developed, medium",0.6671836547008126,developed,283.8063439065108
Ingleside Park,FY2023-24,1000000.0,445.8,"developed, medium",2.6687346188032506,developed,5979.073243647234
SC Liberty Trail - Camden Gaol Site,FY2023-24,123500.0,0.87,"developed, medium",0.6671836547008126,developed,92625.0
Andrews Black River Park,FY2023-24,5800000.0,1806.43,"developed, medium",0.6671836547008126,developed,2146.2933267546564
Hazelwood Farm 2,FY2023-24,215000.0,373.43,"developed, medium",0.2223945515669375,developed,113.93746687864332
Oakland Plantation,FY2023-24,602500.0,52.06,"developed, medium",0.2223945515669375,developed,2596.9827586206898
Shealy Farm,FY2023-24,242000.0,339.44,"developed, medium",0.2223945515669375,developed,162.85329744279946
Tyger Oak Property,FY2023-24,23000000.0,945.91,"developed, medium",0.2223945515669375,developed,5489.260143198091
Gregorie Neck,FY2023-24,2000000.0,4409.3,"developed, medium",0.4447891031338751,developed,200.3205128205128
Thrailkill Farm,FY2024-25,1600000.0,1063.06,"developed, medium",6.004652892307314,developed,9024.441194902862
Broad River Preserve,FY2024-25,760000.0,1040.78,"developed, medium",0.4447891031338751,developed,327.0927480094685
Watson Farm,FY2024-25,565000.0,358.73,"developed, medium",4.003101928204876,developed,1062.6959247648904
Saluda Grade Trail,FY2024-25,750000.0,373.71,"developed, medium",46.48046127748995,developed,94087.6350540216
Dean Acres,FY2024-25,112000.0,141.11,"developed, medium",0.2223946467137484,developed,189.83050847457625
Wilson Ridge Farm,FY2025-26,640000.0,424.12,"developed, medium",0.2223946467137484,developed,340.96963239211505
Carolina Seafood Hwy 17,FY2025-26,150000.0,14.67,"developed, medium",0.4447892934274968,developed,4109.589041095891
Stevenson Century Farm,FY2025-26,200000.0,132.8,"developed, medium",2.001551820423736,developed,3130.434782608695
Broad Arrow Landing,FY2025-26,800000.0,903.61,"developed, medium",0.2223946467137484,developed,199.15359721184964
Cattails Tree Farm Extension,FY2025-26,176000.0,263.66,"developed, medium",0.2223946467137484,developed,142.85714285714286
LeMaster Grain and Cattle,FY2025-26,860000.0,379.08,"developed, medium",0.6671839401412453,developed,1489.607390300231
Pocotaligo Station,FY2025-26,4597600.0,1742.33,"developed, medium",1.7791571737099874,developed,4677.705710288694
Red Fern,FY2025-26,264000.0,302.02,"developed, medium",0.2223946467137484,developed,185.65400843881855
AM-PM Farms,FY2025-26,1500000.0,419.0,"developed, medium",0.6671839401412453,developed,2098.880597014925
Thomason Farm,FY2025-26,378000.0,219.0,"developed, medium",0.2223946467137484,developed,390.4958677685951
Santuc Farm,FY2025-26,340800.0,387.0,"developed, medium",1.1119732335687422,developed,988.399071925754
Piedmont River Park,FY2025-26,33000.0,6.0,"developed, medium",0.2223946467137484,developed,647.0588235294117
Long Branch Conservation,FY2025-26,100000.0,17.0,"developed, medium",0.4447892934274968,developed,2500.0
Kirkwood Farm,FY2025-26,264618.0,373.0,"developed, medium",0.2223946467137484,developed,156.95017793594303
Utsey Tract,FY2025-26,500000.0,296.74,"developed, medium",0.6671839401412453,developed,1116.902457185406
Historic Store Creek Corner,FY2025-26,590000.0,3.0,"developed, medium",0.2223869532987398,developed,49166.66666666666
Tokeena Angus,FY2025-26,160000.0,99.0,"developed, medium",1.3343678802824903,developed,2285.7142857142853
Winkles Farm,FY2025-26,331578.0,330.0,"developed, medium",0.2223946467137484,developed,227.2638793694311
Ulmer Farms 2,FY2026-27,148000.0,205.0,"developed, medium",0.6671839401412453,developed,488.4488448844885
Tindal Farm - Home Place,FY2026-27,510000.0,412.0,"developed, medium",1.5567086730911786,developed,1777.003484320557
Gramling and Gramling Farm,FY2026-27,1873530.0,816.0,"developed, medium",0.6671608598962194,developed,1520.3110630240735
Old Schoolhouse Farm,FY2026-27,216000.0,193.0,"developed, medium",0.2223946467137484,developed,248.27586206896547
Chick-A-Moo Farm 1,FY2026-27,257500.0,97.0,"developed, medium",0.2223869532987398,developed,579.9549549549549
McCoy Farm,FY2026-27,435000.0,1089.0,"developed, medium",0.2223946467137484,developed,87.89654475651646
Bishop Branch Farm,FY2026-27,280000.0,117.0,"developed, medium",0.2223946467137484,developed,504.5045045045045
Milky Way Farms,FY2026-27,795000.0,177.0,"developed, medium",0.8895478131949592,developed,3975.0
Buckwalter Conservation Project,FY2026-27,146660.0,239.0,"developed, medium",0.2223946467137484,developed,136.6821994408201
Belfast Plantation - Phase 1,FY2007-08,2000000.0,2220.0,"developed, high",0.4447891031338751,developed,190.47619047619048
Crescent- Heritage Tract,FY2004-05,2000000.0,1539.19,"developed, high",0.2223945515669375,developed,294.37739181630855
Kingstree Waterfront Park,FY2019-20,25000.0,2.9,"developed, high",1.3343673094016253,developed,8823.529411764706
McKinney Creek Oconee Bell Preserve,FY2019-20,450000.0,195.6,"developed, high",1.556761860968563,developed,1560.1783060921248
Oakland Club,FY2015-16,3581730.0,11166.17,"developed, high",0.2223945515669375,developed,73.5090815802976
Patriots Plantation II,FY2014-15,653625.0,1867.5,"developed, high",0.2223945515669375,developed,78.79746835443038
Tokeena Crossroads,FY2006-07,2695745.0,1107.87,"developed, high",3.558312825071001,developed,8629.83593437375
Historic Glendale Mill,FY2022-23,785000.0,16.49,"developed, high",0.8895782062677503,developed,44225.35211267606
Saluda Grade Trail,FY2024-25,750000.0,373.71,"developed, high",8.673387511110565,developed,17557.02280912365
Wilson Ridge Farm,FY2025-26,640000.0,424.12,"developed, high",0.2223946467137484,developed,340.96963239211505
Asbury Hills,FY2006-07,3750000.0,1892.0,barren,0.4447891031338751,barren,905.3597295992274
Ashley River Historic Project,FY2004-05,6285000.0,12280.0,barren,119.6482687430124,barren,95029.22826148052
Belfast Plantation - Phase 1,FY2007-08,2000000.0,2220.0,barren,0.4447891031338751,barren,190.47619047619048
Black Creek Plantation,FY2018-19,356400.0,864.0,barren,1.3343673094016253,barren,558.7666579566239
Black Swamp Plantation,FY2007-08,406200.0,2031.0,barren,1.556761860968563,barren,313.59876475129585
Boggy Branch Farms,FY2013-14,270630.0,451.05,barren,1.556761860968563,barren,899.1029900332225
Bryan Dairy,FY2006-07,212500.0,951.0,barren,4.003101928204876,barren,957.9263711495114
Chisolm Plantation (Ackerman & Lesesne Tracts),FY2007-08,500000.0,5087.0,barren,2.891129170370188,barren,561.0219230105298
Cotton Hills Farm,FY2006-07,782500.0,870.0,barren,0.4447891031338751,barren,385.84812623274166
Crab Orchard Plantation,FY2007-08,563800.0,2819.0,barren,0.2223945515669375,barren,43.90623783194455
Crescent- Heritage Tract,FY2004-05,2000000.0,1539.19,barren,2.223945515669376,barren,2943.773918163085
Dawn Plantation,FY2019-20,313650.0,731.0,barren,0.6671836547008126,barren,291.5866129532073
DDK Management Tract,FY2013-14,746000.0,1865.5,barren,0.2223945515669375,barren,90.41328323839537
Deer & Duck Tract (RFL Princess Pond),FY2013-14,500000.0,1006.95,barren,23.79621701766232,barren,11758.241758241757
Douglas B. Sheorn Property,FY2015-16,60800.0,152.69,barren,0.4447891031338751,barren,190.89481946624807
Elliott Tract,FY2007-08,460780.0,2335.93,barren,0.6671836547008126,barren,131.4011406844106
Featherhorn Farms,FY2013-14,1200000.0,1205.63,barren,0.2223945515669375,barren,221.3205459240133
French Quarter Creek,FY2015-16,166650.0,424.91,barren,0.6671836547008126,barren,261.89104243059194
Glover Plantation,FY2012-13,405328.0,2026.64,barren,0.8895782062677503,barren,178.30331023864514
Gracefield Properties,FY2013-14,143250.0,573.0,barren,0.6671836547008126,barren,164.78144171779138
Great Falls Natural Area Project,FY2007-08,547665.0,353.0,barren,0.4447891031338751,barren,1984.2934782608693
Groton Uplands,FY2018-19,850000.0,13868.0,barren,0.4447891031338751,barren,18.025277801340238
Halidon Hill Plantation,FY2012-13,62000.0,248.0,barren,0.6671836547008126,barren,164.89361702127658
"Harper, Andrew R Tract",FY2007-08,866594.0,4322.97,barren,0.4447891031338751,barren,91.65457429931251
Hickory Top Tract,FY2013-14,223000.0,223.85,barren,0.2223945515669375,barren,223.2232232232232
Holly Bluff II,FY2018-19,208649.0,449.56,barren,5.559863789173439,barren,2543.259385665529
Landco Project (Stevens Tract),FY2016-17,555000.0,557.0,barren,53.152297824498085,barren,55407.26817042607
Lemon Island,FY2006-07,500000.0,162.24,barren,8.006203856409751,barren,24657.53424657534
Liberty Hill Ph II,FY2014-15,1500000.0,1829.59,barren,0.4447891031338751,barren,440.2700322864691
Liberty Hill Tract,FY2012-13,1500000.0,937.0,barren,0.4447891031338751,barren,341.06412005457025
Little Junkyard Bay,FY2013-14,227708.0,569.27,barren,0.4447891031338751,barren,165.78667637422646
LOCURA Tract,FY2016-17,60250.0,241.0,barren,0.2223945515669375,barren,55.17399267399267
Marhaygue Tract,FY2015-16,1209205.0,2418.41,barren,7.561414753275877,barren,3809.578391401038
Marsh Furniture Tract,FY2004-05,2000000.0,8347.0,barren,3.113523721937126,barren,729.3566032821047
McDowell Creek Tract,FY2007-08,2000000.0,1877.96,barren,0.2223945515669375,barren,229.43673282092465
McKinney Creek Oconee Bell Preserve,FY2019-20,450000.0,195.6,barren,0.2223945515669375,barren,222.8826151560178
McLeod Tract,FY2006-07,500000.0,375.0,barren,0.2223945515669375,barren,285.2253280091272
Middleton Place,FY2006-07,2000000.0,4497.0,barren,0.4447891031338751,barren,241.0655095522208
Middleton Place/Edmondston-Alston Family Trust,FY2007-08,820000.0,1274.0,barren,22.461849708260694,barren,8932.269197584123
Millgrove Plantation,FY2020-21,165000.0,444.6,barren,2.446340067236313,barren,917.5935288169868
Morris Island Tract,FY2005-06,1500000.0,117.7,barren,8.895782062677503,barren,135746.60633484164
Morrow Creek Timbers,FY2020-21,150000.0,429.92,barren,0.2223945515669375,barren,77.88161993769472
Murray Tract Phase III,FY2013-14,219096.0,1095.48,barren,16.45719681595338,barren,3089.9759862778737
Nine  Times Tract A,FY2007-08,1500000.0,560.0,barren,3.780707376637938,barren,10395.434162250303
Nine Times B&C,FY2012-13,1500000.0,1648.0,barren,4.892680134472626,barren,4505.1194539249145
Paradise Shrimp Farms,FY2007-08,100000.0,504.5,barren,30.023264461536574,barren,5918.456817185445
Patriots Plantation II,FY2014-15,653625.0,1867.5,barren,0.4447891031338751,barren,157.59493670886076
Pecan Alley Farms Tract,FY2015-16,44795.0,89.57,barren,0.8895782062677503,barren,446.83291770573567
Pollard Tract (Milbury),FY2006-07,2374312.0,10398.0,barren,0.4447891031338751,barren,112.43338463359774
Rocky Point Landing Tr,FY2013-14,1109670.0,467.75,barren,0.2223945515669375,barren,679.5284751990204
Salt Landing,FY2007-08,217000.0,572.0,barren,8.895782062677503,barren,3424.063116370808
Salt Point Timber Tract,FY2007-08,400000.0,1032.0,barren,2.6687346188032506,barren,1055.641082032109
SCWA Tract,FY2013-14,390000.0,390.0,barren,9.11817661424444,barren,9815.837937384898
Segars Mill Pond Tract,FY2006-07,2443389.0,533.88,barren,0.4447891031338751,barren,1207.804745427583
Slater Duck Ponds,FY2021-22,1678670.0,335.62,barren,0.2223945515669375,barren,1095.0228310502282
Thornhill Farms Tract,FY2014-15,163400.0,98.2,barren,0.2223945515669375,barren,391.8465227817746
Westervelt Timber,FY2014-15,2483600.0,12418.0,barren,0.8895782062677503,barren,177.51094434021263
Williamson Farm Tract,FY2012-13,63000.0,63.4,barren,0.4447891031338751,barren,443.6619718309859
Woodbury Tract,FY2005-06,5000000.0,25668.0,barren,0.6671836547008126,barren,129.67141264036928
Waites Island,FY2022-23,4000000.0,259.25,barren,111.8644594381696,barren,1727038.6266094418
Great Santee Swamp,FY2022-23,649000.0,2114.95,barren,0.2223945515669375,barren,68.22960470984022
Gourdin Tracts,FY2022-23,130757.0,342.75,barren,0.2223945515669375,barren,81.21552795031056
Dalzell Bay,FY2023-24,80000.0,61.1,barren,0.2223945515669375,barren,305.34351145038164
Andrews Black River Park,FY2023-24,5800000.0,1806.43,barren,15.790013161252569,barren,50795.608733193534
Santee Delta Plantation,FY2023-24,75000.0,108.86,barren,1.3343673094016253,barren,920.2453987730062
Waites - Olivia Boyce Tracts,FY2023-24,4000000.0,111.22,barren,3.113523721937126,barren,107899.80732177263
Waites - Merrill Boyce Tracts,FY2023-24,8000000.0,107.02,barren,3.335918273504064,barren,237154.15019762848
Forty Acre Rock Farm,FY2023-24,195000.0,97.08,barren,0.2223945515669375,barren,443.1818181818182
Shaws Creek Preserve,FY2023-24,1900000.0,2657.63,barren,1.111972757834688,barren,794.9125596184421
Gregorie Neck,FY2023-24,2000000.0,4409.3,barren,3.558312825071001,barren,1602.5641025641023
Searles Family Homeplace,FY2023-24,330000.0,991.8,barren,1.111972757834688,barren,372.6287262872629
Camp Awanita,FY2024-25,950000.0,483.99,barren,7.783809304842815,barren,15266.299357208449
Black River SP - Mingo Creek,FY2024-25,244378.0,664.32,barren,0.2223945515669375,barren,79.60195439739414
Waites - Becky Work,FY2024-25,8000000.0,115.0,barren,3.335918273504064,barren,227272.7272727273
Jackson Farms Cash Tracts,FY2024-25,500000.0,588.0,barren,0.2223945515669375,barren,189.60940462646948
Beech Hill,FY2024-25,3350000.0,1637.6,barren,0.4447891031338751,barren,910.6972950931088
Saluda Grade Trail,FY2024-25,750000.0,373.71,barren,0.2223945515669375,barren,450.1800720288115
Wilson Ridge Farm,FY2025-26,640000.0,424.12,barren,8.895785868549938,barren,13638.785295684604
Carolina Seafood Hwy 17,FY2025-26,150000.0,14.67,barren,0.8895785868549937,barren,8219.178082191782
The Knight Tract,FY2025-26,800000.0,266.16,barren,0.2223946467137484,barren,651.4657980456026
Broad Arrow Landing,FY2025-26,800000.0,903.61,barren,4.8926822277024655,barren,4381.379138660693
Blessing,FY2025-26,7400000.0,627.75,barren,0.2223946467137484,barren,2555.24861878453
Pocotaligo Station,FY2025-26,4597600.0,1742.33,barren,0.2223946467137484,barren,584.7132137860867
Beneventum,FY2025-26,342000.0,190.0,barren,0.4447892934274968,barren,800.9367681498827
AM-PM Farms,FY2025-26,1500000.0,419.0,barren,0.2223946467137484,barren,699.6268656716418
Kirkwood Farm,FY2025-26,264618.0,373.0,barren,3.113525053992478,barren,2197.302491103203
Camden Battleground Trust,FY2007-08,106052.0,161.0,barren,0.889578,barren,17.933117801020142
Utsey Tract,FY2025-26,500000.0,296.74,barren,0.2223946467137484,barren,372.3008190618019
Tokeena Angus,FY2025-26,160000.0,99.0,barren,0.8895785868549937,barren,1523.8095238095236
Gramling and Gramling Farm,FY2026-27,1873530.0,816.0,barren,0.2223869532987398,barren,506.77035434135786
Chelsea,FY2026-27,1500000.0,2672.0,barren,0.2223869532987398,barren,122.06037920091138
Goodwill,FY2026-27,12600000.0,737.0,barren,0.3135397270773823,barren,5348.04753820034
Alewine Tract,FY2004-05,477103.0,95.9,deciduous forest,78.95006580626283,forest,363458.2939914163
Alexander Tract,FY2005-06,88825.0,41.394,deciduous forest,36.6951010085447,forest,81422.91666666666
Anderson Property,FY2018-19,350000.0,314.28,deciduous forest,68.7199164341837,forest,81011.23595505617
Asbury Hills,FY2006-07,3750000.0,1892.0,deciduous forest,1491.3778628078833,forest,3035671.1733462093
Asbury Hills Expansion,FY2016-17,40000.0,40.15,deciduous forest,26.90974073959945,forest,27191.01123595505
Ashley River Historic Project,FY2004-05,6285000.0,12280.0,deciduous forest,0.2223945515669375,forest,176.63425327412736
Battle of Hanging Rock - Horton,FY2019-20,157500.0,30.84,deciduous forest,6.004652892307314,forest,33750.0
Belfast Plantation - Phase 1,FY2007-08,2000000.0,2220.0,deciduous forest,297.5639099965625,forest,127428.57142857142
Big Rock Access Expansion,FY2019-20,10000.0,1.0,deciduous forest,0.4447891031338751,forest,6666.666666666666
Big Rock Public Access Tract,FY2015-16,28000.0,5.89,deciduous forest,3.335918273504064,forest,19090.90909090909
Bird Point Farm,FY2007-08,120000.0,80.0,deciduous forest,51.59553596352952,forest,70659.89847715737
Blue Heron Property (Battle of Camden),FY2018-19,250000.0,294.45,deciduous forest,20.01550964102438,forest,16930.02257336343
Blue Wall Connection - (Blakely & McDiarmid Tracts),FY2007-08,440000.0,136.0,deciduous forest,100.0775482051219,forest,326194.3986820428
Blythe- Goodwin House,FY2005-06,114200.0,10.91,deciduous forest,7.561414753275877,forest,82612.76595744681
Boggy Branch Farms,FY2013-14,270630.0,451.05,deciduous forest,11.342122129913816,forest,6550.607498813478
Boones Creek Oconee Bell Preserve,FY2019-20,200000.0,40.0,deciduous forest,9.785360268945253,forest,52380.9523809524
"Boyd, Steve Tract",FY2014-15,775000.0,1000.0,deciduous forest,68.7199164341837,forest,52105.091383812
Bramblewood Tract,FY2018-19,340000.0,680.04,deciduous forest,21.12748239885907,forest,10667.107001321005
Bramlett Bottoms,FY2020-21,100000.0,40.7,deciduous forest,4.447891031338751,forest,11363.636363636364
Bunched Arrowhead Preserve Tr,FY2013-14,465000.0,64.96,deciduous forest,36.250311905410825,forest,264094.0766550523
Burgess Farms Tract,FY2018-19,275000.0,1012.7,deciduous forest,0.2223945515669375,forest,61.76999101527405
"Cain, Kenny Easement",FY2007-08,145000.0,114.0,deciduous forest,1.111972757834688,forest,1424.361493123772
Cane Creek Project,FY2012-13,313000.0,228.68,deciduous forest,59.1569507168054,forest,71527.49140893471
Cantey Bay Tract,FY2015-16,940915.0,1881.83,deciduous forest,2.223945515669376,forest,1097.276967930029
Chapman Bridge Oconee Bell Preserve,FY2019-20,550000.0,238.72,deciduous forest,120.53784694928017,forest,287463.83799421403
Chauga Bluff,FY2014-15,523000.0,696.0,deciduous forest,123.6513706712173,forest,91385.2922690132
Chauga Heights Tract,FY2018-19,550000.0,212.69,deciduous forest,185.03226690369203,forest,492043.0107526881
ChauRam Expansion,FY2007-08,250000.0,89.46,deciduous forest,72.72301836238859,forest,168904.95867768597
Chestnut Ridge Ext,FY2015-16,243250.0,304.75,deciduous forest,260.86880898801775,forest,209803.125
Chinquapin Greenway,FY2005-06,657128.0,43.0,deciduous forest,9.11817661424444,forest,161330.8263473054
Cleveland-Wilson Farms,FY2004-05,6370000.0,867.0,deciduous forest,594.905425441558,forest,4575657.894736842
Comalander Tracts,FY2015-16,97805.0,391.22,deciduous forest,38.69665197264714,forest,7970.992974238876
Congaree Carton LP Tracts,FY2012-13,1228000.0,4912.0,deciduous forest,0.8895782062677503,forest,209.4312270828004
Cotton Hills Farm,FY2006-07,782500.0,870.0,deciduous forest,149.671533204549,forest,129837.89447731756
Crab Orchard Plantation,FY2007-08,563800.0,2819.0,deciduous forest,0.8895782062677503,forest,175.6249513277782
Cragmoor Farms,FY2015-16,1000000.0,120.83,deciduous forest,38.91904652421408,forest,325884.54376163875
Crescent- Heritage Tract,FY2004-05,2000000.0,1539.19,deciduous forest,375.8467921481245,forest,497497.79216956144
Crosby Farm,FY2015-16,69550.0,107.2,deciduous forest,33.80397183817451,forest,22685.836909871243
Culbertson Mill,FY2015-16,99000.0,108.78,deciduous forest,44.70130486495445,forest,42701.71673819742
Cypress Creek II,FY2006-07,727250.0,2909.84,deciduous forest,0.2223945515669375,forest,56.24516627996906
Cypress Creek III,FY2006-07,86500.0,346.0,deciduous forest,0.6671836547008126,forest,174.7474747474747
DDK Management Tract,FY2013-14,746000.0,1865.5,deciduous forest,27.132135291166385,forest,11030.420555084233
Deer & Duck Tract (RFL Princess Pond),FY2013-14,500000.0,1006.95,deciduous forest,0.4447891031338751,forest,219.78021978021977
Dinkins Mill Tracts,FY2013-14,620160.0,652.8,deciduous forest,12.67648943931544,forest,9841.069042316258
Douglas B. Sheorn Property,FY2015-16,60800.0,152.69,deciduous forest,23.57382246609538,forest,10117.425431711146
E. Hickson Tract,FY2005-06,475000.0,318.0,deciduous forest,1.3343673094016253,forest,2002.810962754744
Edisto River/Four Hole Swamp,FY2005-06,1500000.0,2383.5,deciduous forest,1.111972757834688,forest,700.3455037818657
Exley Plantation,FY2012-13,1257945.0,5031.78,deciduous forest,1.111972757834688,forest,259.1670443776011
Fairfield (McCrady) Tract,FY2016-17,44450.0,177.8,deciduous forest,5.337469237606501,forest,1312.1771217712176
Fall Creek Chatooga,FY2005-06,47000.0,93.52,deciduous forest,19.570720537890505,forest,10632.390745501283
Featherhorn Farms,FY2013-14,1200000.0,1205.63,deciduous forest,8.673387511110565,forest,8631.501291036517
Floyd Tract,FY2005-06,400000.0,434.14,deciduous forest,0.2223945515669375,forest,208.44189682126105
Forrester Tract,FY2005-06,1233000.0,38.79,deciduous forest,10.674938475213002,forest,326983.4254143645
Forty Acre Rock,FY2005-06,375617.0,521.69,deciduous forest,246.4131631361668,forest,178542.95838695837
Gap Creek,FY2016-17,1700000.0,954.529,deciduous forest,918.0447088683184,forest,1644621.513944223
"Garrett, Richard M.",FY2007-08,112750.0,120.0,deciduous forest,20.90508784729213,forest,19027.827648114904
Gill Creek Preserve,FY2020-21,82500.0,238.77,deciduous forest,0.4447891031338751,forest,154.92957746478874
Grant Meadow Addition,FY2019-20,65000.0,21.01,deciduous forest,3.113523721937126,forest,9891.304347826088
Grant Meadow Tract,FY2012-13,36800.0,36.81,deciduous forest,21.572271501992944,forest,22310.0
Grassy Knob Tract,FY2015-16,803000.0,776.0,deciduous forest,602.244445643267,forest,596250.0685494927
Great Falls Natural Area Project,FY2007-08,547665.0,353.0,deciduous forest,68.27512733104983,forest,304589.0489130435
Green Mountain Tract,FY2012-13,135000.0,139.0,deciduous forest,74.05738567179021,forest,75681.81818181819
Greenbrier Farms,FY2005-06,280000.0,123.52,deciduous forest,14.010856748717067,forest,33600.0
Grey Logs Property,FY2015-16,250000.0,18.9,deciduous forest,9.562965717378315,forest,109693.8775510204
Groton Uplands,FY2018-19,850000.0,13868.0,deciduous forest,29.800869909969634,forest,1207.6936126897956
Hamilton Ridge Tract,FY2005-06,5000000.0,13280.0,deciduous forest,2.446340067236313,forest,940.154869147536
"Harper, Andrew R Tract",FY2007-08,866594.0,4322.97,deciduous forest,17.12438047065419,forest,3528.701110523532
Harrell Farm Trust Tract,FY2015-16,87254.0,290.848,deciduous forest,60.04652892307315,forest,17833.89856169569
Henderson/Conestee Tract,FY2004-05,675000.0,112.42,deciduous forest,59.60173981993927,forest,396710.5263157895
Hickory Hills,FY2015-16,263500.0,315.0,deciduous forest,116.0899559179414,forest,95918.410041841
High Creek Tract (Salley Tr),FY2012-13,835000.0,1704.7,deciduous forest,2.446340067236313,forest,1179.6814795787311
Hopewell Church Property,FY2015-16,152930.0,47.76,deciduous forest,0.4447891031338751,forest,1324.069264069264
Horse Trail Tract,FY2006-07,153500.0,170.59,deciduous forest,26.020162533331696,forest,23787.417218543043
Jason Ross Tract,FY2013-14,398000.0,398.0,deciduous forest,0.8895782062677503,forest,897.4069898534385
John Shirley Tract,FY2012-13,380000.0,394.0,deciduous forest,49.59398499942707,forest,49905.771495877496
Jones Gap Access Tract,FY2019-20,503626.0,97.26,deciduous forest,58.934556165238455,forest,289503.0151843818
Jones Tract/Mt. Pleasant Tract,FY2007-08,343700.0,982.0,deciduous forest,10.674938475213002,forest,803.6632891660171
Keeowee Toxaway Ext Tract,FY2014-15,420000.0,154.0,deciduous forest,96.29684082848397,forest,278499.2343032159
Keithfield,FY2015-16,318000.0,304.87,deciduous forest,93.18331710654684,forest,99956.4891222806
Kel-Sam Farms (Carolyn Black Tract),FY2012-13,850000.0,921.0,deciduous forest,0.2223945515669375,forest,206.46101530240463
Knollwood/Longlands Plt Tract (Phase 1 - Lower Santee Tr),FY2015-16,737850.0,2951.4,deciduous forest,6.671836547008128,forest,1684.2045195160924
"Knowlton Farms, Forest Field Farms & Thomas DuRant",FY2012-13,316470.0,575.4,deciduous forest,0.2223945515669375,forest,118.17401045556386
Lake Conestee Nature Park,FY2006-07,99800.0,81.7,deciduous forest,34.69355004444226,forest,40649.60835509138
Lake Jemiki,FY2006-07,154950.0,129.16,deciduous forest,94.7400789675154,forest,118083.542039356
Landsford Addition Tract,FY2020-21,400000.0,385.35,deciduous forest,52.92990327293114,forest,42748.09160305344
Langley Pond Tract,FY2006-07,648800.0,96.0,deciduous forest,9.11817661424444,forest,90478.91156462586
Lewis (Firefly) Tract,FY2006-07,185800.0,121.5,deciduous forest,85.17711325013708,forest,126621.70818505336
Liberty Hill Ph II,FY2014-15,1500000.0,1829.59,deciduous forest,376.9587649059592,forest,373128.8523627825
Liberty Hill Tract,FY2012-13,1500000.0,937.0,deciduous forest,753.9175298119184,forest,578103.6834924965
LOCURA Tract,FY2016-17,60250.0,241.0,deciduous forest,34.02636638974145,forest,8441.620879120877
Lombard Tract,FY2012-13,55000.0,117.89,deciduous forest,46.25806672592301,forest,16603.77358490566
Lyle Property,FY2019-20,143300.0,165.89,deciduous forest,47.59243403532464,forest,41218.01075268817
Macdonald & Sons Farm,FY2007-08,169000.0,181.6,deciduous forest,1.111972757834688,forest,792.6829268292684
Marhaygue Tract,FY2015-16,1209205.0,2418.41,deciduous forest,0.2223945515669375,forest,112.04642327650112
Mariwill Timber Plantation,FY2019-20,297100.0,1189.5,deciduous forest,99.63275910198804,forest,26540.538384845466
Marsh Furniture Tract,FY2004-05,2000000.0,8347.0,deciduous forest,0.4447891031338751,forest,104.1938004688721
Mays - Epworth Conservation Area (Adams),FY2020-21,225000.0,1332.29,deciduous forest,28.68889715213495,forest,4870.783688538346
"McCall, Arthur Jr. Tract",FY2014-15,700000.0,160.491,deciduous forest,157.0105534062579,forest,693127.6297335203
McCorkle Tract,FY2005-06,410000.0,28.75,deciduous forest,4.892680134472626,forest,73333.33333333333
McDowell Creek Tract,FY2007-08,2000000.0,1877.96,deciduous forest,794.8381273002349,forest,820006.8831019846
McKinney Creek Oconee Bell Preserve,FY2019-20,450000.0,195.6,deciduous forest,71.16625650142002,forest,71322.4368499257
Michael Walden Tract,FY2013-14,53700.0,231.0,deciduous forest,7.561414753275877,forest,1758.9595375722542
Mike and Tina Comalander Tracts,FY2015-16,66783.0,267.13,deciduous forest,107.86135750996472,forest,25747.023052464232
Mill Shoals Community Forest,FY2019-20,1650000.0,713.15,deciduous forest,350.2714187179267,forest,718482.167542162
"Miller, Eloise Tract",FY2015-16,79500.0,53.023,deciduous forest,22.01706060512682,forest,32930.96234309624
Moore Property,FY2020-21,30557.0,56.62,deciduous forest,2.001550964102438,forest,992.826714801444
Morrow Creek Timbers,FY2020-21,150000.0,429.92,deciduous forest,35.36073369914308,forest,12383.17757009346
Mtn. Bridge Passage,FY2005-06,1550000.0,175.0,deciduous forest,62.04807988717558,forest,539214.463840399
Neil McPhail Tract,FY2012-13,232187.0,117.0,deciduous forest,15.56761860968563,forest,29551.072727272724
Nine  Times Tract A,FY2007-08,1500000.0,560.0,deciduous forest,479.0378640751835,forest,1317162.657969833
Nine Times B&C,FY2012-13,1500000.0,1648.0,deciduous forest,1287.4420590210016,forest,1185460.7508532424
North Enoree Watershed Tract,FY2016-17,100000.0,34.47,deciduous forest,15.790013161252569,forest,45222.929936305736
Nowacki Tract/Wadakoe Mt.,FY2007-08,120000.0,50.0,deciduous forest,50.48356320569482,forest,117922.07792207792
Oakland Club,FY2015-16,3581730.0,11166.17,deciduous forest,292.67122986208983,forest,96737.95135967164
Oconee Town Village,FY2016-17,134000.0,53.68,deciduous forest,2.446340067236313,forest,5943.548387096775
Old Santee Canal,FY2020-21,270000.0,564.94,deciduous forest,0.6671836547008126,forest,292.2077922077922
Paris Mountain Expansion Tract,FY2015-16,160000.0,33.431,deciduous forest,24.241006120796197,forest,113986.92810457516
Paris Mountain Gospel,FY2018-19,20000.0,23.35,deciduous forest,1.111972757834688,forest,12500.0
Persimmon Ridge Headwaters Tract,FY2016-17,125000.0,16.26,deciduous forest,6.004652892307314,forest,46232.87671232877
Pinewood Farms,FY2013-14,175747.0,270.38,deciduous forest,4.447891031338751,forest,2895.337726523888
Piney Mountain,FY2021-22,130000.0,40.79,deciduous forest,43.8117266586867,forest,129343.43434343436
Pinnacle Partners Tracts,FY2018-19,34330.0,137.32,deciduous forest,4.670285582905689,forest,1238.7113402061857
Powell Properties,FY2014-15,392142.0,364.6,deciduous forest,8.450992959543628,forest,9204.074119827052
"Powell, Marion J. ""Pete"" Tract",FY2012-13,84375.0,75.0,deciduous forest,10.89733302677994,forest,14405.48780487805
Ramey Tract,FY2013-14,141156.0,128.324,deciduous forest,98.52078634415334,forest,103018.29983525535
Ramsay Farms,FY2012-13,130000.0,130.0,deciduous forest,61.38089623247477,forest,71760.0
Riverbend Shoals Tract,FY2012-13,290000.0,580.0,deciduous forest,117.42432322734304,forest,60426.20363062352
Rocky Fork Farm,FY2006-07,136500.0,130.91,deciduous forest,86.95626966267258,forest,88952.5
Rocky River Nature Park,FY2012-13,75000.0,128.46,deciduous forest,64.04963085127801,forest,26899.12826899128
Rocky Shoals Spider Lily Preserve,FY2015-16,100000.0,12.93,deciduous forest,2.446340067236313,forest,22448.97959183673
Rogers Family Farm,FY2019-20,99539.0,496.5,deciduous forest,0.2223945515669375,forest,47.42210576464984
Rose Hill Farm Phase 1,FY2007-08,750000.0,336.0,deciduous forest,257.75528526608065,forest,590122.199592668
Rosemont Plantation Expansion,FY2019-20,350000.0,123.82,deciduous forest,27.35452984273332,forest,72474.74747474748
Rosemont Preservation Society,FY2007-08,45000.0,4.5,deciduous forest,1.3343673094016253,forest,14210.526315789475
S. Tyger River Blueways Tract,FY2019-20,140000.0,52.85,deciduous forest,9.785360268945253,forest,19807.073954983924
Saluda Rivers Connector (Phase 1),FY2018-19,500000.0,181.0,deciduous forest,143.66688031224166,forest,86502.41028387786
Saluda Rivers Connector (Phase II),FY2019-20,500000.0,181.0,deciduous forest,143.66688031224166,forest,86502.41028387786
Saluda Rivers Gorge,FY2019-20,569988.0,225.5,deciduous forest,218.61384419029963,forest,478478.39795046975
Sanctuary Timberlands Tracts,FY2019-20,88248.0,352.99,deciduous forest,3.558312825071001,forest,890.2698612862547
Sanders Farm Tract,FY2012-13,83600.0,418.0,deciduous forest,4.225496479771814,forest,791.8245264207379
Sandy Run Forest,FY2019-20,155000.0,237.3,deciduous forest,73.61259656865633,forest,44343.12878133103
Santee River Tract,FY2013-14,2167750.0,8517.0,deciduous forest,2.446340067236313,forest,607.5687313680027
Scotswood,FY2018-19,359290.0,3590.2,deciduous forest,5.559863789173439,forest,553.0261051594631
Scottland Road Tract,FY2019-20,60000.0,95.0,deciduous forest,0.4447891031338751,forest,152.09125475285174
Segars Mill Pond Tract,FY2006-07,2443389.0,533.88,deciduous forest,1.111972757834688,forest,3019.5118635689573
Shinco Chauga Tract,FY2012-13,402000.0,402.0,deciduous forest,64.27202540284496,forest,64507.49583564686
Silver Bluff Audubon Center and Sanctuary,FY2015-16,812608.0,3250.43,deciduous forest,1.3343673094016253,forest,327.4664517428974
Simkins River Farm,FY2013-14,523600.0,2617.0,deciduous forest,93.18331710654684,forest,18986.447425356982
"Simmons, Kenneth Tract (Birchwood Farms)",FY2012-13,364500.0,405.5,deciduous forest,1.111972757834688,forest,1005.7947019867548
Smith Ford Farm,FY2020-21,321472.0,446.32,deciduous forest,66.71836547008127,forest,61116.34980988593
South Saluda Trout Fishing (Jones Tree Farm),FY2013-14,97000.0,27.45,deciduous forest,6.894231098575065,forest,23130.76923076923
Spring Park,FY2020-21,300000.0,20.44,deciduous forest,7.116625650142002,forest,94117.64705882352
Stateline Blue Ridge Tract,FY2018-19,135000.0,28.21,deciduous forest,40.03101928204876,forest,115714.28571428572
Stuck 2020 Property,FY2019-20,347554.0,2700.0,deciduous forest,491.491958962932,forest,73642.79386385425
Stumphouse Mountain,FY2006-07,1227150.0,439.6,deciduous forest,140.33096203873762,forest,388720.70783132536
Stumphouse Mountain Expansion,FY2019-20,898527.0,791.8,deciduous forest,599.1309219213298,forest,696183.9913718724
Sumter Wateree Tract,FY2012-13,937250.0,3749.0,deciduous forest,0.2223945515669375,forest,53.02687411598304
Swamp Rabbit Trail Ext. (North Saluda River Tract),FY2012-13,140000.0,49.2,deciduous forest,2.446340067236313,forest,7264.150943396226
Tall Pines Tract,FY2015-16,3000000.0,1757.0,deciduous forest,1262.3114746939375,forest,2171384.8508033664
Ten Oaks Timberlands Tract,FY2015-16,31356.0,104.52,deciduous forest,17.569169573788066,forest,3610.967930029154
Terry Andrews,FY2007-08,761805.0,1539.0,deciduous forest,0.2223945515669375,forest,106.78511354079058
The Furman Face Property (Phase II),FY2016-17,450000.0,65.0,deciduous forest,58.26737251053765,forest,444905.6603773585
Thompson J. Bradford Property/Timberhaven,FY2007-08,215000.0,878.0,deciduous forest,39.14144107578101,forest,9582.17270194986
Timberhaven (Thompson II),FY2016-17,132500.0,516.64,deciduous forest,1.3343673094016253,forest,345.8025228360156
Tokeena Crossroads,FY2006-07,2695745.0,1107.87,deciduous forest,132.5471527338948,forest,321461.3885554222
Toole Tract,FY2007-08,250000.0,349.39,deciduous forest,0.6671836547008126,forest,456.20437956204375
Top of South Carolina Tract,FY2015-16,550000.0,66.5,deciduous forest,12.231700336181566,forest,96337.5796178344
Townes/S. Saluda,FY2005-06,965000.0,585.61,deciduous forest,513.7314141196258,forest,835826.7716535433
Van Watts Tract,FY2013-14,362338.0,724.67,deciduous forest,35.36073369914308,forest,16578.91856115108
Wallace Farm,FY2016-17,100000.0,347.67,deciduous forest,1.7791564125355006,forest,514.8005148005149
"Walters, Rainey",FY2007-08,71250.0,80.7,deciduous forest,11.342122129913816,forest,9768.145161290322
Waterloo Tract,FY2006-07,289450.0,406.0,deciduous forest,156.12097519999017,forest,109834.54054054056
Whaley Property,FY2007-08,200000.0,94.2,deciduous forest,64.4944199544119,forest,139423.0769230769
White Plains Tract,FY2020-21,275000.0,121.58,deciduous forest,10.230149372079127,forest,23733.58348968105
Wild Turkey Creek Tract,FY2019-20,74232.0,329.92,deciduous forest,2.001550964102438,forest,455.7216916780354
Willow Oaks Tract,FY2012-13,195000.0,195.06,deciduous forest,0.4447891031338751,forest,458.8235294117648
Woodbury Tract,FY2005-06,5000000.0,25668.0,deciduous forest,0.2223945515669375,forest,43.22380421345643
Altamont Ridge,FY2021-22,90000.0,9.56,deciduous forest,8.006203856409751,forest,75348.83720930234
Calico Vineyard,FY2021-22,225000.0,112.54,deciduous forest,61.38089623247477,forest,122244.094488189
Gobblers Roost,FY2021-22,393506.0,1020.08,deciduous forest,235.071041006253,forest,91414.47076923076
Graham Family Tract,FY2021-22,242000.0,20.7,deciduous forest,3.558312825071001,forest,41191.48936170213
Green Creek on Scenic 11,FY2021-22,90000.0,16.22,deciduous forest,6.004652892307314,forest,43392.857142857145
River Falls,FY2021-22,650000.0,170.97,deciduous forest,81.17401132193221,forest,307717.2503242542
Whetstone Hill,FY2021-22,34500.0,38.12,deciduous forest,0.2223945515669375,forest,201.75438596491227
Historic Crawford Mill Property,FY2021-22,250000.0,40.09,deciduous forest,20.90508784729213,forest,151612.90322580645
YLASI Property,FY2021-22,150000.0,315.42,deciduous forest,4.003101928204876,forest,1979.472140762463
Mays-Epworth Conservation Area (Turner),FY2021-22,86500.0,216.25,deciduous forest,2.001550964102438,forest,796.0122699386502
Watson Farm,FY2021-22,235000.0,701.74,deciduous forest,10.00775482051219,forest,1105.0156739811912
Woodsend Park and Open Space,FY2021-22,1000000.0,86.32,deciduous forest,7.116625650142002,forest,74766.3551401869
Core Bunched Arrowhead Preserve,FY2019-20,40000.0,16.72,deciduous forest,2.446340067236313,forest,5789.473684210526
Bobwhite Hills,FY2021-22,850000.0,773.99,deciduous forest,101.63431006609046,forest,114182.83362727806
Cedar Mountain,FY2021-22,500000.0,141.0,deciduous forest,120.98263605241404,forest,438709.6774193548
Tyger River Confluence,FY2021-22,157500.0,200.78,deciduous forest,87.40105876580645,forest,69469.69696969698
North Fork Edisto Tract,FY2021-22,49950.0,36.71,deciduous forest,0.2223945515669375,forest,297.3214285714286
Berkeley Orchard,FY2022-23,162500.0,4.41,deciduous forest,0.8895782062677503,forest,30952.380952380958
Fishing Creek Tract,FY2022-23,125000.0,110.48,deciduous forest,79.61724946096365,forest,93035.34303534304
Soapstone Church,FY2022-23,20000.0,6.45,deciduous forest,2.446340067236313,forest,6470.588235294118
Historic Glendale Mill,FY2022-23,785000.0,16.49,deciduous forest,7.33902020170894,forest,364859.1549295775
Hazelwood Farm,FY2022-23,78050.0,178.1,deciduous forest,13.78846219715013,forest,5844.323671497585
Carter Property,FY2022-23,110000.0,46.0,deciduous forest,5.782258340740376,forest,14895.833333333332
Shiloh Ridge at Paris Mountain,FY2022-23,750000.0,149.88,deciduous forest,139.88617293560375,forest,707271.364317841
Blackwell Farm,FY2022-23,137500.0,50.28,deciduous forest,13.78846219715013,forest,37721.2389380531
Eastatoe Headwaters,FY2022-23,45000.0,26.61,deciduous forest,8.895782062677503,forest,15789.473684210529
Eureka Preserve,FY2022-23,350000.0,601.46,deciduous forest,3.335918273504064,forest,1942.286348501665
Little Eastatoee on Scenic Hwy 11,FY2022-23,400000.0,234.72,deciduous forest,67.38554912478209,forest,115759.31232091691
Congaree Creek Heritage Preserve Addition,FY2022-23,7000000.0,575.81,deciduous forest,28.911291703701885,forest,346798.7804878049
Woodcock Woods,FY2022-23,300000.0,31.64,deciduous forest,13.343673094016255,forest,125000.0
River Road,FY2022-23,160000.0,27.03,deciduous forest,22.461849708260694,forest,125271.31782945736
Saluda Dam Acres,FY2022-23,275000.0,69.59,deciduous forest,46.03567217435607,forest,175153.84615384613
Bishop Branch Pastures,FY2022-23,145800.0,64.73,deciduous forest,2.6687346188032506,forest,6033.103448275861
Triple Oak Farm,FY2022-23,150000.0,91.79,deciduous forest,26.68734618803251,forest,44226.04422604423
Jenkins House,FY2022-23,280000.0,9.23,deciduous forest,0.4447891031338751,forest,13023.25581395349
Hammonds Store Battlefield,FY2022-23,80000.0,30.0,deciduous forest,1.556761860968563,forest,4590.163934426229
Halfway Swamp Creek,FY2022-23,175000.0,288.37,deciduous forest,42.25496479771814,forest,26305.37974683544
Lee State Park - KDR/OSI (match with LF),FY2022-23,173000.0,137.29,deciduous forest,1.111972757834688,forest,1401.9448946515397
Fort Motte Cliffs,FY2022-23,400000.0,400.0,deciduous forest,1.3343673094016253,forest,1400.2333722287049
Gilstrap Mountain (Scenic Hwy 11),FY2022-23,500000.0,166.18,deciduous forest,89.84739883304277,forest,268974.7003994674
Poinsett Bridge Expansion Tracts - Southern Blue Ridge Escarpment (Boy Scouts of America),FY2023-24,700000.0,287.6,deciduous forest,269.76459105069523,forest,659239.1304347826
White Branch on Scenic 11,FY2022-23,350000.0,159.0,deciduous forest,57.600188855836834,forest,119591.0290237467
Nine Times Cove,FY2023-24,20000.0,4.15,deciduous forest,1.556761860968563,forest,8750.000000000002
Cedar Mountain Expansion,FY2022-23,160000.0,24.17,deciduous forest,18.23635322848888,forest,121481.48148148147
Daus - Knights Hill,FY2022-23,500000.0,1010.27,deciduous forest,125.4305270837528,forest,63887.63026733122
Twin Ponds,FY2023-24,156000.0,91.69,deciduous forest,48.03722313845852,forest,80228.57142857143
Paris Mountain Forest Haven,FY2023-24,375000.0,19.96,deciduous forest,18.681142331622755,forest,362068.9655172413
Saluda Bluffs,FY2023-24,9000000.0,1090.0,deciduous forest,356.9432552649348,forest,3003742.9819089207
Hazelwood Farm 2,FY2023-24,215000.0,373.43,deciduous forest,24.241006120796197,forest,12419.183889772125
Logger Court,FY2023-24,290000.0,23.4,deciduous forest,24.241006120796197,forest,290000.0
George Aull Expansion Clemson Forest,FY2023-24,1200000.0,82.47,deciduous forest,3.780707376637938,forest,53125.0
Catawba - Nisbet Tract,FY2023-24,3800000.0,596.36,deciduous forest,374.2900302871559,forest,2376588.628762542
Blakely South Saluda,FY2005-06,135000.0,50.0,deciduous forest,46.48046127748995,forest,127669.68325791856
Horsepen Creek II,FY2023-24,76500.0,31.72,deciduous forest,31.802420874072077,forest,69237.3417721519
The Happy Berry,FY2023-24,77000.0,22.26,deciduous forest,4.003101928204876,forest,13999.999999999998
Bob McCartney - Rossdhu Longleaf Preserve,FY2023-24,81000.0,61.0,deciduous forest,0.4447891031338751,forest,595.5882352941176
Seawright-Drake Homestead (Fleming),FY2023-24,50000.0,75.74,deciduous forest,36.47270645697776,forest,23768.115942028988
Blue Branch Farm,FY2023-24,400000.0,381.1,deciduous forest,119.87066329457936,forest,122291.54849688034
Gin Branch Farms LLC II tracts,FY2023-24,150000.0,590.01,deciduous forest,2.891129170370188,forest,765.9073055773762
Possum Holler,FY2023-24,106500.0,79.4,deciduous forest,65.38399816067964,forest,87217.27019498606
D. Brown Land and Timber LLC,FY2023-24,103850.0,308.46,deciduous forest,60.04652892307315,forest,20556.81818181818
Brown Mountain,FY2023-24,2145610.0,572.71,deciduous forest,557.5431407783125,forest,2048379.3869002284
Kings Mountain- Metker,FY2023-24,1700000.0,47.53,deciduous forest,23.351427914528443,forest,830232.5581395349
Forty Acre Rock Farm,FY2023-24,195000.0,97.08,deciduous forest,33.35918273504063,forest,66477.27272727272
Hope Station LLC,FY2023-24,573100.0,1081.34,deciduous forest,101.1895209629566,forest,53270.78651685394
Cedarleaf Farm,FY2023-24,90000.0,64.96,deciduous forest,6.004652892307314,forest,8237.288135593219
Short Branch,FY2023-24,1310000.0,218.75,deciduous forest,199.9327018586769,forest,1288501.0940919037
Warren Hooper,FY2023-24,85000.0,53.1,deciduous forest,1.111972757834688,forest,1847.826086956522
Oakland Plantation,FY2023-24,602500.0,52.06,deciduous forest,25.130584327063943,forest,293459.0517241379
Hereford Hill Farm,FY2023-24,170000.0,101.41,deciduous forest,43.8117266586867,forest,74257.20620842572
Shaws Creek Preserve,FY2023-24,1900000.0,2657.63,deciduous forest,28.68889715213495,forest,20508.744038155804
Shealy Farm,FY2023-24,242000.0,339.44,deciduous forest,18.23635322848888,forest,13353.970390309554
Pearl Bottoms,FY2023-24,143000.0,60.3,deciduous forest,16.234802264386442,forest,39692.01520912547
Harrison Street Properties Purchase,FY2023-24,165000.0,12.61,deciduous forest,8.22859840797669,forest,100081.96721311477
Witherspoon Island,FY2023-24,850000.0,3707.94,deciduous forest,0.8895782062677503,forest,195.717246143219
Korn Tract,FY2023-24,1090000.0,302.32,deciduous forest,25.57537343019782,forest,92304.86008836524
Tyger Oak Property,FY2023-24,23000000.0,945.91,deciduous forest,387.1889142780384,forest,9556801.909307877
Searles Family Homeplace,FY2023-24,330000.0,991.8,deciduous forest,28.46650260056801,forest,9539.29539295393
Cracker Farms,FY2023-24,170000.0,63.58,deciduous forest,0.6671836547008126,forest,1814.946619217082
Thrailkill Farm,FY2024-25,1600000.0,1063.06,deciduous forest,122.09460881024872,forest,183496.97096302485
Eastatoee Ridge on Scenic Highway 11,FY2024-25,935000.0,106.82,deciduous forest,30.023264461536574,forest,276809.21052631584
Camp Awanita,FY2024-25,950000.0,483.99,deciduous forest,410.9851312957006,forest,806060.6060606061
Keowee Ridge,FY2024-25,130000.0,66.93,deciduous forest,40.92059748831651,forest,80810.8108108108
Joanna Park Tract,FY2024-25,700000.0,334.9,deciduous forest,5.559863789173439,forest,11658.894070619584
McCannon Farms,FY2024-25,370000.0,178.79,deciduous forest,39.363835627347946,forest,81964.95619524404
Four Leaf Farm,FY2024-25,250000.0,170.27,deciduous forest,76.72612029059346,forest,110576.92307692308
Black River SP - Mingo Creek,FY2024-25,244378.0,664.32,deciduous forest,0.4447891031338751,forest,159.20390879478828
Morrow Creek Timbers Addition,FY2024-25,65000.0,236.9,deciduous forest,4.670285582905689,forest,1279.2877225866916
Horse Gap Forest,FY2024-25,105000.0,69.6,deciduous forest,38.4742574210802,forest,55720.85889570552
Travelers Rest Bunched Arrowhead Preserve,FY2024-25,375000.0,24.73,deciduous forest,5.559863789173439,forest,82236.84210526316
Dogwood Hill Farm,FY2024-25,400000.0,182.29,deciduous forest,65.1616036091127,forest,146867.1679197995
Snow's Island Addition,FY2024-25,5229080.0,2584.26,deciduous forest,0.2223945515669375,forest,451.5613126079447
Snow's Island,FY2024-25,14400000.0,5178.93,deciduous forest,2.223945515669376,forest,6451.901966934002
Horsepen Creek I,FY2024-25,165000.0,46.0,deciduous forest,24.685795223930068,forest,91575.0
Old Blair Road (Lina Marston),FY2024-25,72000.0,131.0,deciduous forest,15.790013161252569,forest,9210.81081081081
Stewart Tract,FY2024-25,86950.0,174.0,deciduous forest,7.783809304842815,forest,3886.653895274585
AB Farms,FY2024-25,412500.0,126.0,deciduous forest,0.6671836547008126,forest,2152.173913043478
Glassy Mountain Foothills - Scenic Highway 11,FY2024-25,2500000.0,365.0,deciduous forest,237.73977562505624,forest,1708759.5907928387
Broad River Preserve,FY2024-25,760000.0,1040.78,deciduous forest,81.84119497663302,forest,60185.0656337422
Saluda Gorge - Phase II,FY2024-25,1000000.0,190.0,deciduous forest,126.76489439315442,forest,673758.8652482269
Fall Creek Headwaters,FY2024-25,115000.0,108.25,deciduous forest,32.24720997720595,forest,38157.89473684211
Watson Farm,FY2024-25,565000.0,358.73,deciduous forest,10.00775482051219,forest,2656.739811912226
McClain Farm,FY2024-25,187600.0,72.46,deciduous forest,3.558312825071001,forest,8960.0
Jackson Farms Cash Tracts,FY2024-25,500000.0,588.0,deciduous forest,2.001550964102438,forest,1706.484641638225
Alcorn Timber,FY2024-25,135000.0,166.47,deciduous forest,12.67648943931544,forest,10219.123505976097
Sadler Farms,FY2024-25,325000.0,264.8,deciduous forest,60.49131802620702,forest,81927.71084337348
Grimshaw Farm,FY2024-25,145000.0,122.61,deciduous forest,6.227047443874252,forest,7341.772151898733
Pipsissewa Passage - Paris Mountain,FY2024-25,2400000.0,65.42,deciduous forest,50.9283523088287,forest,1819867.549668874
Oconee Station Connector,FY2024-25,122500.0,63.97,deciduous forest,46.92525038062382,forest,87028.61952861954
Burch's Mill,FY2024-25,1250000.0,374.64,deciduous forest,12.454094887748504,forest,41469.1943127962
Price Family Farm,FY2024-25,205000.0,199.17,deciduous forest,35.58312825071001,forest,36730.12318029115
Rivers Farm 1,FY2024-25,885000.0,668.97,deciduous forest,0.6671836547008126,forest,893.6385055536855
Harrison Farm,FY2024-25,215000.0,106.71,deciduous forest,31.3576317709382,forest,65193.54838709679
Saluda Grade Trail,FY2024-25,750000.0,373.71,deciduous forest,11.119727578346875,forest,22509.00360144057
Parris Family Farm,FY2024-25,630000.0,148.65,deciduous forest,23.351427914528443,forest,93300.42313117064
Dean Acres,FY2024-25,112000.0,141.11,deciduous forest,20.6827021443786,forest,17654.237288135588
Caesars Headwaters,FY2025-26,820000.0,26.29,deciduous forest,9.785364455404933,forest,305762.7118644068
Lever Farms,FY2025-26,187500.0,115.74,deciduous forest,16.457203856817383,forest,25412.08791208791
Wilson Ridge Farm,FY2025-26,640000.0,424.12,deciduous forest,40.69822034861596,forest,62397.44272775706
Broad River Conservation @Alston,FY2025-26,725000.0,109.33,deciduous forest,11.119732335687422,forest,76476.79324894516
Cedar Hill Farm,FY2025-26,300000.0,312.9,deciduous forest,49.5940062171659,forest,47819.87133666905
Pee Dee Basin RMS Initiative,FY2025-26,3300000.0,900.04,deciduous forest,2.8911304072787294,forest,10880.040578239918
Keller Tracks,FY2025-26,129100.0,271.79,deciduous forest,7.783812634981195,forest,3731.21387283237
Ninety Six Creek,FY2025-26,78000.0,68.82,deciduous forest,17.12438779695863,forest,19188.498402555917
Carolina Seafood Hwy 17,FY2025-26,150000.0,14.67,deciduous forest,1.1119732335687422,forest,10273.972602739728
Stevenson Century Farm,FY2025-26,200000.0,132.8,deciduous forest,26.68735760564981,forest,41739.13043478261
Pipsissewa Passage - II,FY2025-26,350000.0,15.46,deciduous forest,13.121284156,forest,303676.4713940074
Pipsissewa Passage - III,FY2025-26,150000.0,7.85,deciduous forest,8.006207281694945,forest,117391.30434825624
Keese Family Farm,FY2025-26,812000.0,556.68,deciduous forest,110.30774477001924,forest,160522.91749701076
Broad Arrow Landing,FY2025-26,800000.0,903.61,deciduous forest,21.1274914378061,forest,18919.59173512572
Gillian Farms - J.Paul Rd,FY2025-26,95000.0,42.33,deciduous forest,2.001551820423736,forest,4500.0
Gillian Farms - Bodie Rd,FY2025-26,256000.0,170.66,deciduous forest,1.7791571737099874,forest,2632.390745501285
Duck Creek - Saluda Bluffs,FY2025-26,400000.0,28.0,deciduous forest,23.573832551657333,forest,323664.12213740457
LeMaster Grain and Cattle,FY2025-26,860000.0,379.08,deciduous forest,36.47272206105474,forest,81431.87066974594
Moore Farm at Horsepen Creek,FY2025-26,780000.0,110.8,deciduous forest,41.14300964204346,forest,290927.4193548387
Red Fern,FY2025-26,264000.0,302.02,deciduous forest,0.8895785868549937,forest,742.6160337552743
Mayadinya-in-the-Pines Conservation Easement,FY2025-26,34825.0,76.12,deciduous forest,17.791571737099876,forest,7914.772727272728
Echols Farm,FY2025-26,175000.0,72.61,deciduous forest,14.01086274296615,forest,33409.090909090904
RML Timber,FY2025-26,872625.0,1219.03,deciduous forest,71.61107624182699,forest,52072.878057820606
The Pond Conservation Easement,FY2025-26,16500.0,30.0,deciduous forest,3.780708994133724,forest,2062.5
Meadow Woods Farm,FY2025-26,160000.0,124.0,deciduous forest,33.80398630048976,forest,44705.882352941175
Eidson Family Timberland,FY2025-26,175000.0,695.0,deciduous forest,22.461859318088592,forest,5729.335494327391
AM-PM Farms,FY2025-26,1500000.0,419.0,deciduous forest,154.3418848193414,forest,485541.04477611935
Walnut Grove Plantation,FY2025-26,1305500.0,779.0,deciduous forest,0.6671839401412453,forest,1094.60592509782
Duck Haven,FY2025-26,250000.0,147.0,deciduous forest,46.25808651645967,forest,79147.6407914764
Big Garvin Creek Farm,FY2025-26,317000.0,253.0,deciduous forest,32.69201306692102,forest,41347.82608695652
Kidd Family Farm,FY2025-26,264100.0,296.0,deciduous forest,0.2223946467137484,forest,191.7937545388525
Whiten Farms,FY2025-26,375000.0,156.0,deciduous forest,45.81329722303218,forest,110515.02145922746
Thomason Farm,FY2025-26,378000.0,219.0,deciduous forest,36.250327414340994,forest,63650.82644628099
Back Swamp,FY2025-26,216000.0,420.0,deciduous forest,0.4447892934274968,forest,223.6024844720497
Shelton Wood,FY2025-26,94500.0,219.0,deciduous forest,47.81484904345592,forest,21010.85832471562
Bradley Property,FY2025-26,91200.0,43.0,deciduous forest,4.003103640847471,forest,8047.058823529411
Santuc Farm,FY2025-26,340800.0,387.0,deciduous forest,3.3359197007062265,forest,2965.197215777262
Felker Farm,FY2025-26,225000.0,248.0,deciduous forest,17.346782443672378,forest,15613.87900355872
Terry Creek Confluence,FY2025-26,30000.0,4.0,deciduous forest,0.4447892934274968,forest,3333.333333333333
Piedmont River Park,FY2025-26,33000.0,6.0,deciduous forest,2.668735760564981,forest,7764.705882352942
Long Branch Conservation,FY2025-26,100000.0,17.0,deciduous forest,3.780708994133724,forest,21250.000000000004
Little Rock Mountain,FY2025-26,256400.0,53.0,deciduous forest,33.581591653776016,forest,164052.54237288135
Table Rock State Park - Hutto Tract,FY2025-26,78000.0,5.0,deciduous forest,1.1119732335687422,forest,16956.521739130436
Kirkwood Farm,FY2025-26,264618.0,373.0,deciduous forest,9.118180515263685,forest,6434.957295373665
Jamari at Hanging Rock,FY2025-26,522500.0,160.0,deciduous forest,11.34173461823573,forest,36704.545454545456
Camden Battlefield,FY2004-05,341250.0,310.0,deciduous forest,0.444789,forest,319.2235002535861
Camden Battleground Trust,FY2007-08,106052.0,161.0,deciduous forest,159.234499,forest,3210.028832270384
McGovern Tract Conservation Easement,FY2025-26,31200.0,21.0,deciduous forest,0.2223946467137484,forest,342.85714285714283
Sky Ranche,FY2025-26,1105000.0,130.0,deciduous forest,109.19199406968124,forest,1010344.5065176908
Altamont Pass,FY2025-26,1000000.0,88.0,deciduous forest,70.49666419570052,forest,782716.049382716
Wheeler Farm,FY2025-26,744000.0,887.0,deciduous forest,225.5081717677409,forest,205004.34782608692
Utsey Tract,FY2025-26,500000.0,296.74,deciduous forest,2.001551820423736,forest,3350.707371556217
Frohlich Farm,FY2025-26,3465000.0,184.0,deciduous forest,77.39065974796145,forest,1518664.9874055416
Boones Creek Expansion,FY2025-26,20000.0,1.0,deciduous forest,0.2223869532987398,forest,4000.0
Tokeena Angus,FY2025-26,160000.0,99.0,deciduous forest,10.452548395546176,forest,17904.7619047619
Flat Grove Farm,FY2025-26,223500.0,232.0,deciduous forest,23.79540400296516,forest,22560.849056603776
Forest View,FY2025-26,4850000.0,590.0,deciduous forest,270.4225352112676,forest,2229716.446124764
Blue Heron LLC - Liberty Hill WMA Addition,FY2025-26,6566000.0,2006.0,deciduous forest,678.0,forest,2229217.82674011
Ulmer Farms 2,FY2026-27,148000.0,205.0,deciduous forest,1.556762526996239,forest,1139.71397139714
Shealy Farms,FY2026-27,60000.0,60.0,deciduous forest,14.73636717263697,forest,15000.0
Chelsea,FY2026-27,1500000.0,2672.0,deciduous forest,10.452186805040771,forest,5736.837822442835
Glassy Summit,FY2026-27,814000.0,183.0,deciduous forest,160.84587999069714,forest,739083.185840708
Boones Falls,FY2026-27,1870250.0,153.0,deciduous forest,95.31607703152422,forest,1167466.1190965094
Old Schoolhouse Farm,FY2026-27,216000.0,193.0,deciduous forest,0.2223946467137484,forest,248.27586206896547
Chick-A-Moo Farm 1,FY2026-27,257500.0,97.0,deciduous forest,2.001482579688658,forest,5219.594594594594
Mountain Bridge East,FY2026-27,400000.0,38.0,deciduous forest,32.92167134312514,forest,385321.1009174312
Goodwill,FY2026-27,12600000.0,737.0,deciduous forest,47.03095906160734,forest,802207.1307300508
Bates House,FY2026-27,400000.0,11.0,deciduous forest,0.6270794541547646,forest,24242.42424242424
McCoy Farm,FY2026-27,435000.0,1089.0,deciduous forest,2.668735760564981,forest,1054.7585370781976
Bishop Branch Farm,FY2026-27,280000.0,117.0,deciduous forest,19.125939617382365,forest,43387.38738738739
Peach Shed Grains,FY2026-27,178500.0,43.0,deciduous forest,0.6270794541547646,forest,2550.0000000000005
Union of Brothers,FY2026-27,115200.0,302.0,deciduous forest,54.70908309158212,forest,21243.77811094453
Milky Way Farms,FY2026-27,795000.0,177.0,deciduous forest,28.91030392883617,forest,129187.5
Redding-Stone Farmstead Tracts,FY2026-27,100000.0,78.0,deciduous forest,57.69130978223834,forest,69696.9696969697
Buckwalter Conservation Project,FY2026-27,146660.0,239.0,deciduous forest,1.556762526996239,forest,956.7753960857408
Des Francs - Wateree,FY2026-27,12377318.0,4854.0,deciduous forest,0.8895478131949592,forest,2110.6395532250503
Alewine Tract,FY2004-05,477103.0,95.9,evergreen forest,0.8895782062677503,forest,4095.304721030044
"Alston, Rowland P. Tract",FY2007-08,220000.0,220.8,evergreen forest,175.9140902894476,forest,180331.60621761656
Anderson Property,FY2018-19,350000.0,314.28,evergreen forest,74.05738567179021,forest,87303.37078651685
Angel Oak,FY2013-14,890000.0,17.0,evergreen forest,12.89888399088238,forest,661794.8717948719
Asbury Hills,FY2006-07,3750000.0,1892.0,evergreen forest,38.91904652421408,forest,79218.9763399324
Asbury Hills Expansion,FY2016-17,40000.0,40.15,evergreen forest,1.3343673094016253,forest,1348.314606741573
Ashley River Historic Project,FY2004-05,6285000.0,12280.0,evergreen forest,2643.159245373053,forest,2099298.100163004
Avins Tract,FY2012-13,431130.0,431.13,evergreen forest,46.25806672592301,forest,47024.14263240692
Bailey Mill,FY2015-16,493500.0,1645.52,evergreen forest,766.1492301481,forest,238310.55508830948
Barker Assoc.,FY2007-08,291534.0,1457.67,evergreen forest,800.6203856409752,forest,164760.18838304555
Batten Boggy Tract,FY2006-07,63000.0,315.25,evergreen forest,193.92804896636957,forest,38660.098522167485
Battle of Hanging Rock - Horton,FY2019-20,157500.0,30.84,evergreen forest,3.558312825071001,forest,20000.0
Battle of Parker's Ferry - Liberty Trail,FY2020-21,55180.0,31.0,evergreen forest,28.911291703701885,forest,47193.42105263158
Battle of Port Royal (Harris Pillow) - Liberty Trail,FY2019-20,227963.0,6.08,evergreen forest,3.335918273504064,forest,131517.1153846154
Battle of Port Royal (Kling) - Liberty Trail,FY2019-20,125000.0,3.73,evergreen forest,1.111972757834688,forest,39062.5
Belfast Plantation - Phase 1,FY2007-08,2000000.0,2220.0,evergreen forest,3633.259788949059,forest,1555904.761904762
Big Cypress Plantation,FY2015-16,434000.0,1232.94,evergreen forest,29.133686255268824,forest,10644.823066841416
Big Snooks Tract,FY2018-19,48485.0,288.0,evergreen forest,32.91439363190676,forest,5632.480376766091
Black Creek Plantation,FY2018-19,356400.0,864.0,evergreen forest,356.49846616180093,forest,149283.82545074468
Black River Landing (Rocky Point Expansion),FY2018-19,90000.0,19.0,evergreen forest,63.16005264501027,forest,48593.155893536124
Black River State Park - Phase I,FY2019-20,784600.0,310.67,evergreen forest,130.10081266665847,forest,322098.94736842107
Black River State Park - Phase II,FY2021-22,435000.0,816.35,evergreen forest,245.96837403303292,forest,126875.0
Black River State Park - Phase III (RMS South Tract),FY2021-22,450000.0,738.44,evergreen forest,240.1861156922926,forest,152686.14514608862
Black Swamp Plantation,FY2007-08,406200.0,2031.0,evergreen forest,420.7704915646459,forest,84761.2661299217
Blackmon Tract,FY2006-07,424661.0,129.71,evergreen forest,11.564516681480752,forest,37238.401349072505
Blue Heron Property (Battle of Camden),FY2018-19,250000.0,294.45,evergreen forest,224.61849708260692,forest,189992.47554552293
Blue Wall Connection - (Blakely & McDiarmid Tracts),FY2007-08,440000.0,136.0,evergreen forest,0.8895782062677503,forest,2899.505766062603
Boggy Branch Farms,FY2013-14,270630.0,451.05,evergreen forest,233.95906824841836,forest,135122.33507356432
"Boineau, Jack H Tract",FY2014-15,352050.0,15.45,evergreen forest,1.7791564125355006,forest,43329.23076923077
Boone Hall,FY2019-20,2000000.0,598.88,evergreen forest,255.7537343019782,forest,807867.9311556023
Boones Creek Oconee Bell Preserve,FY2019-20,200000.0,40.0,evergreen forest,12.009305784614629,forest,64285.714285714304
Bowers Tract,FY2007-08,180195.0,900.978,evergreen forest,413.8762604660709,forest,80981.13861386139
Boyd Pond,FY2007-08,300000.0,92.34,evergreen forest,35.13833914757613,forest,116461.91646191644
"Boyd, Steve Tract",FY2014-15,775000.0,1000.0,evergreen forest,5.337469237606501,forest,4046.997389033942
Bramblewood Tract,FY2018-19,340000.0,680.04,evergreen forest,154.34181878745466,forest,77926.02377807134
Bryan Dairy,FY2006-07,212500.0,951.0,evergreen forest,75.16935842962489,forest,17987.728524918606
Bugby Tract,FY2006-07,800000.0,906.0,evergreen forest,403.4237165424248,forest,331702.8571428572
Bunched Arrowhead Preserve Tr,FY2013-14,465000.0,64.96,evergreen forest,5.115074686039564,forest,37264.80836236934
Burbage Farm,FY2015-16,36900.0,117.95,evergreen forest,4.225496479771814,forest,1327.8409090909092
Burgess Farms Tract,FY2018-19,275000.0,1012.7,evergreen forest,224.39610253104,forest,62325.92093441151
C. McRae Tract,FY2005-06,63750.0,38.1,evergreen forest,0.4447891031338751,forest,745.6140350877192
Cane Creek Project,FY2012-13,313000.0,228.68,evergreen forest,66.05118181538046,forest,79863.40206185568
Cannon Tract,FY2006-07,200000.0,144.28,evergreen forest,17.569169573788066,forest,24345.146379044687
Cantey Bay Tract,FY2015-16,940915.0,1881.83,evergreen forest,195.929599930472,forest,96670.10087463557
Chapman Bridge Oconee Bell Preserve,FY2019-20,550000.0,238.72,evergreen forest,40.47580838518264,forest,96528.4474445516
Chauga Bluff,FY2014-15,523000.0,696.0,evergreen forest,372.06608477148654,forest,274977.6869893149
Chauga Heights Tract,FY2018-19,550000.0,212.69,evergreen forest,0.6671836547008126,forest,1774.1935483870968
ChauRam Expansion,FY2007-08,250000.0,89.46,evergreen forest,15.790013161252569,forest,36673.55371900826
Chestnut Ridge Ext,FY2015-16,243250.0,304.75,evergreen forest,2.001550964102438,forest,1609.7426470588234
Chisolm Plantation (Ackerman & Lesesne Tracts),FY2007-08,500000.0,5087.0,evergreen forest,229.28878266551263,forest,44493.35404798895
Cleveland-Wilson Farms,FY2004-05,6370000.0,867.0,evergreen forest,10.674938475213002,forest,82105.26315789472
Comalander Tracts,FY2015-16,97805.0,391.22,evergreen forest,219.94821149970124,forest,45306.391100702574
Combahatchie Family Tract,FY2015-16,165300.0,550.98,evergreen forest,169.46464829400642,forest,50892.36363636363
Cope Tract,FY2015-16,141050.0,806.0,evergreen forest,59.60173981993927,forest,10348.042704626334
Copeland Tract,FY2012-13,162488.0,812.44,evergreen forest,330.03351452533536,forest,63673.67097966728
Cordova Road Tract,FY2013-14,28800.0,145.84,evergreen forest,5.559863789173439,forest,1099.236641221374
Cotton Hall/Mount Repose,FY2007-08,442000.0,2210.0,evergreen forest,240.85329934699337,forest,50670.68910765322
Cotton Hills Farm,FY2006-07,782500.0,870.0,evergreen forest,75.83654208432571,forest,65787.10552268244
Crab Orchard Plantation,FY2007-08,563800.0,2819.0,evergreen forest,1148.6678588432326,forest,226775.7184019936
Cragmoor Farms,FY2015-16,1000000.0,120.83,evergreen forest,2.891129170370188,forest,24208.56610800745
Creek Farms,FY2007-08,25000.0,77.7,evergreen forest,43.58933210711976,forest,14327.48538011696
Crescent- Heritage Tract,FY2004-05,2000000.0,1539.19,evergreen forest,752.1383733993829,forest,995584.3391227556
Crescent Tract,FY2015-16,1020750.0,2721.97,evergreen forest,392.0815944125109,forest,146176.7728048087
Crosby Tract,FY2012-13,126200.0,631.0,evergreen forest,7.561414753275877,forest,1526.9750889679715
Cypress Creek II,FY2006-07,727250.0,2909.84,evergreen forest,884.6855261332777,forest,223743.2714617169
Cypress Creek III,FY2006-07,86500.0,346.0,evergreen forest,139.6637783840368,forest,36580.471380471376
Cypress Swamp,FY2015-16,43575.0,248.8,evergreen forest,0.4447891031338751,forest,81.75422138836772
"Davis, J. E., Jr/Orange Grove Tract",FY2007-08,90000.0,36.7,evergreen forest,2.446340067236313,forest,6036.585365853659
Dawn Plantation,FY2019-20,313650.0,731.0,evergreen forest,278.6603731133728,forest,121786.00867678958
DDK Management Tract,FY2013-14,746000.0,1865.5,evergreen forest,683.6408515167661,forest,277930.4326748273
Deer & Duck Tract (RFL Princess Pond),FY2013-14,500000.0,1006.95,evergreen forest,482.8185714518215,forest,238571.42857142852
Deer Park Tract,FY2014-15,489825.0,2177.0,evergreen forest,306.9044811623738,forest,68175.34039334342
DeLoach Farm,FY2015-16,255825.0,1180.0,evergreen forest,491.2695644113651,forest,107579.94003426612
Dinkins Mill Tracts,FY2013-14,620160.0,652.8,evergreen forest,157.0105534062579,forest,121891.13585746103
Dixon Family Tracts,FY2014-15,200625.0,535.0,evergreen forest,147.22519313731266,forest,52934.93423674771
Donoho Farm,FY2006-07,800000.0,2055.0,evergreen forest,37.139890111678575,forest,14521.739130434786
Douglas B. Sheorn Property,FY2015-16,60800.0,152.69,evergreen forest,71.6110456045539,forest,30734.06593406594
"Drayton, Eddie Tract",FY2014-15,194300.0,670.0,evergreen forest,1.7791564125355006,forest,516.0690571049138
DuRant Farm Tract,FY2015-16,45000.0,121.24,evergreen forest,14.010856748717067,forest,5201.834862385322
Dusty Acres Tract,FY2012-13,238840.0,238.84,evergreen forest,75.16935842962489,forest,76737.56653992397
E. Hickson Tract,FY2005-06,475000.0,318.0,evergreen forest,146.7804040341788,forest,220309.20590302185
Edisto Packers Tract,FY2006-07,325000.0,29.8022,evergreen forest,6.004652892307314,forest,66477.27272727272
Edisto River/Four Hole Swamp,FY2005-06,1500000.0,2383.5,evergreen forest,218.83623874186657,forest,137827.99514427115
Elliott Tract,FY2007-08,460780.0,2335.93,evergreen forest,1385.0732671588871,forest,272788.7680608365
Exley Plantation,FY2012-13,1257945.0,5031.78,evergreen forest,357.83283347120255,forest,83399.95488071203
Fairfield (McCrady) Tract,FY2016-17,44450.0,177.8,evergreen forest,133.65912549172947,forest,32859.10209102091
Fall Creek Chatooga,FY2005-06,47000.0,93.52,evergreen forest,23.79621701766232,forest,12928.020565552695
Featherhorn Farms,FY2013-14,1200000.0,1205.63,evergreen forest,248.19231954870236,forest,246993.7292511988
First Citizens Bank/Back Swamp School Tr,FY2013-14,325000.0,93.085,evergreen forest,84.28753504386934,forest,297524.154589372
Floyd Tract,FY2005-06,400000.0,434.14,evergreen forest,264.20472726152184,forest,247628.9734236581
For Ducks Tract,FY2014-15,96875.0,193.75,evergreen forest,93.85050076124764,forest,45122.79249448123
Forrester Tract,FY2005-06,1233000.0,38.79,evergreen forest,0.2223945515669375,forest,6812.154696132597
Fort Pemberton,FY2018-19,400000.0,8.48,evergreen forest,4.003101928204876,forest,184615.3846153846
Forty Acre Rock,FY2005-06,375617.0,521.69,evergreen forest,60.49131802620702,forest,43830.04032604033
Fox Tindal Farm Tract,FY2014-15,99780.0,199.56,evergreen forest,14.233251300284005,forest,7079.733924611974
Fred Sosnowski Tract,FY2006-07,125000.0,158.0,evergreen forest,56.04342699486827,forest,50159.23566878981
French Quarter Creek,FY2015-16,166650.0,424.91,evergreen forest,266.20627822562426,forest,104494.52592980616
Ft. Fairlawn (Corner Investors Tr),FY2013-14,1000000.0,80.0,evergreen forest,13.343673094016255,forest,161725.06738544477
Gap Creek,FY2016-17,1700000.0,954.529,evergreen forest,1.3343673094016253,forest,2390.438247011952
"Garrett, Richard M.",FY2007-08,112750.0,120.0,evergreen forest,1.111972757834688,forest,1012.1184919210054
Gill Creek Preserve,FY2020-21,82500.0,238.77,evergreen forest,227.06483714984324,forest,79091.54929577465
Glover Plantation,FY2012-13,405328.0,2026.64,evergreen forest,526.6302981105082,forest,105555.55966127792
Gopher Woods (Burris) Tract,FY2016-17,306000.0,593.76,evergreen forest,252.1954214769072,forest,135389.77760436988
Gracefield Properties,FY2013-14,143250.0,573.0,evergreen forest,136.77264921366665,forest,33780.19555214724
Grassy Knob Tract,FY2015-16,803000.0,776.0,evergreen forest,71.6110456045539,forest,70898.27255278309
Great Falls Natural Area Project,FY2007-08,547665.0,353.0,evergreen forest,15.790013161252569,forest,70442.41847826086
Green Mountain Tract,FY2012-13,135000.0,139.0,evergreen forest,11.78691123304769,forest,12045.454545454542
Greenbrier Farms,FY2005-06,280000.0,123.52,evergreen forest,0.4447891031338751,forest,1066.6666666666667
Greenfield Plantation Corner,FY2014-15,75000.0,1.0,evergreen forest,1.556761860968563,forest,52500.0
Groton Uplands,FY2018-19,850000.0,13868.0,evergreen forest,9306.100010318503,forest,377133.8747985411
Halidon Hill Plantation,FY2012-13,62000.0,248.0,evergreen forest,55.376243340167456,forest,13686.17021276596
Hamilton Ridge Tract,FY2005-06,5000000.0,13280.0,evergreen forest,5251.18015159853,forest,2018085.16093742
Hanahan Tract,FY2015-16,286000.0,91.0,evergreen forest,0.8895782062677503,forest,2769.9757869249397
"Hanna Trs (Carol Hanna, Leslie Hanna 1 & 2)",FY2012-13,281000.0,1405.0,evergreen forest,427.8871172147879,forest,88081.45975887912
Harper Family Home Place & Solomons Tract,FY2007-08,304200.0,1544.0,evergreen forest,739.4618839600673,forest,148308.65102639294
"Harper Place, Country Club and Moultrie",FY2007-08,276806.0,1384.03,evergreen forest,450.7937560261825,forest,93203.6149501661
"Harper, Andrew R Tract",FY2007-08,866594.0,4322.97,evergreen forest,1115.086281556625,forest,229778.0177683765
"Harper, Stiles Tract (Sand Pit & Mikell)",FY2007-08,209504.0,1047.52,evergreen forest,482.8185714518215,forest,101797.93733213969
Harrell Farm Trust Tract,FY2015-16,87254.0,290.848,evergreen forest,101.8567046176574,forest,30251.576078728234
Henderson/Conestee Tract,FY2004-05,675000.0,112.42,evergreen forest,1.111972757834688,forest,7401.315789473685
St. Helena Community Farm (Henry Farms North),FY2019-20,650000.0,87.94,evergreen forest,11.78691123304769,forest,84436.27450980393
Hickory Hills,FY2015-16,263500.0,315.0,evergreen forest,14.233251300284005,forest,11760.11157601116
Hickory Top Tract,FY2013-14,223000.0,223.85,evergreen forest,41.81017569458426,forest,41965.96596596596
High Creek Tract (Salley Tr),FY2012-13,835000.0,1704.7,evergreen forest,594.4606363384241,forest,286662.5995376317
Hills Property,FY2013-14,115000.0,575.0,evergreen forest,59.82413437150621,forest,11948.628814213984
Hinson Farm Project,FY2013-14,558424.0,1726.0,evergreen forest,23.351427914528443,forest,7857.748592870543
Holcim Cement Tract,FY2013-14,71250.0,57.26,evergreen forest,28.02171349743413,forest,35205.88235294118
Holly Bluff II,FY2018-19,208649.0,449.56,evergreen forest,43.8117266586867,forest,20040.883959044368
Horse Trail Tract,FY2006-07,153500.0,170.59,evergreen forest,72.72301836238859,forest,66482.78145695364
Indigo Farms,FY2007-08,25000.0,103.0,evergreen forest,48.926801344726265,forest,12035.010940919035
Ingleside,FY2015-16,255000.0,1020.22,evergreen forest,706.5474903281606,forest,173253.8494439692
Ingram Properties,FY2013-14,34475.0,197.0,evergreen forest,71.6110456045539,forest,12586.111111111111
Jacob's Grant,FY2014-15,34400.0,171.55,evergreen forest,40.03101928204876,forest,7969.111969111968
Jason Ross Tract,FY2013-14,398000.0,398.0,evergreen forest,112.5316430928704,forest,113521.98421645995
JM and SL Shelley Tract 27,FY2005-06,22000.0,35.1,evergreen forest,0.6671836547008126,forest,409.9378881987578
John Shirley Tract,FY2012-13,380000.0,394.0,evergreen forest,44.47891031338751,forest,44758.5394581861
Johnathan Graham,FY2012-13,758010.0,505.34,evergreen forest,87.84584786894034,forest,135788.6394557823
"Johns, A.J. Properties",FY2012-13,330600.0,1653.0,evergreen forest,1146.4439133275632,forest,228634.69278239875
"Johnson, Alex H., Jr. Tract",FY2007-08,85700.0,46.5,evergreen forest,71.83344015612083,forest,56956.99588477366
Jones Gap Access Tract,FY2019-20,503626.0,97.26,evergreen forest,9.562965717378315,forest,46975.960954446855
Jones Tract/Mt. Pleasant Tract,FY2007-08,343700.0,982.0,evergreen forest,1384.4060835041864,forest,104225.08281371786
JRJ Farms,FY2020-21,40000.0,120.8,evergreen forest,12.89888399088238,forest,2822.3844282238447
Keeowee Toxaway Ext Tract,FY2014-15,420000.0,154.0,evergreen forest,9.785360268945253,forest,28300.15313935681
Keithfield,FY2015-16,318000.0,304.87,evergreen forest,62.04807988717558,forest,66558.13953488374
Kel-Sam Farms (Carolyn Black Tract),FY2012-13,850000.0,921.0,evergreen forest,470.8092656672068,forest,437077.9693951907
Knollwood/Longlands Plt Tract (Phase 1 - Lower Santee Tr),FY2015-16,737850.0,2951.4,evergreen forest,352.71775878516297,forest,89038.27893175074
Knowlton Farms,FY2013-14,161460.0,276.0,evergreen forest,9.11817661424444,forest,5484.556752278377
"Knowlton Farms, Forest Field Farms & Thomas DuRant",FY2012-13,316470.0,575.4,evergreen forest,86.51148055953871,forest,45969.69006721433
Kyle Daniel Tract,FY2004-05,320000.0,188.4,evergreen forest,74.94696387805796,forest,145336.92722371966
Lacie Shelley Tract,FY2005-06,84375.0,64.0,evergreen forest,1.556761860968563,forest,1409.6062052505963
Lake Conestee Nature Park,FY2006-07,99800.0,81.7,evergreen forest,6.671836547008128,forest,7817.232375979112
Lake Jemiki,FY2006-07,154950.0,129.16,evergreen forest,0.8895782062677503,forest,1108.7656529516994
Landco Project (Stevens Tract),FY2016-17,555000.0,557.0,evergreen forest,68.0527327794829,forest,70939.84962406015
Landsford Addition Tract,FY2020-21,400000.0,385.35,evergreen forest,267.095856431892,forest,215716.21014818145
Langley Pond Tract,FY2006-07,648800.0,96.0,evergreen forest,19.34832598632357,forest,191991.8367346939
Lawton Boggy Tract,FY2006-07,59000.0,295.0,evergreen forest,191.48170889913325,forest,38425.86989409985
Lawton Tract,FY2006-07,268000.0,1073.58,evergreen forest,168.13028098460478,forest,41340.1346663946
Legacy Farms,FY2018-19,165316.5,367.37,evergreen forest,151.67308416865143,forest,69768.47339108912
Lemon Island,FY2006-07,500000.0,162.24,evergreen forest,19.34832598632357,forest,59589.04109589042
Lewis (Firefly) Tract,FY2006-07,185800.0,121.5,evergreen forest,10.230149372079127,forest,15207.829181494662
Liberty Hill Ph II,FY2014-15,1500000.0,1829.59,evergreen forest,835.5363302369844,forest,827047.2556501322
Liberty Hill Tract,FY2012-13,1500000.0,937.0,evergreen forest,696.9845246107824,forest,534447.4761255116
Little Junkyard Bay,FY2013-14,227708.0,569.27,evergreen forest,23.79621701766232,forest,8869.587186021114
LOCURA Tract,FY2016-17,60250.0,241.0,evergreen forest,155.6761860968563,forest,38621.79487179487
Lombard Tract,FY2012-13,55000.0,117.89,evergreen forest,8.895782062677503,forest,3193.033381712627
Lyle Property,FY2019-20,143300.0,165.89,evergreen forest,21.79466605355988,forest,18875.5376344086
Macdonald & Sons Farm,FY2007-08,169000.0,181.6,evergreen forest,32.469604528772884,forest,23146.34146341464
Marhaygue Tract,FY2015-16,1209205.0,2418.41,evergreen forest,1572.9966632329497,forest,792504.3518346924
Mariwill Timber Plantation,FY2019-20,297100.0,1189.5,evergreen forest,887.5766553036478,forest,236435.91226321043
Marsh Furniture Tract,FY2004-05,2000000.0,8347.0,evergreen forest,1145.1095460181616,forest,268246.93930711126
Mays - Epworth Conservation Area (Adams),FY2020-21,225000.0,1332.29,evergreen forest,698.9860755748848,forest,118673.4351401242
"McCall, Arthur Jr. Tract",FY2014-15,700000.0,160.491,evergreen forest,0.6671836547008126,forest,2945.3015427769983
McCorkle Tract,FY2005-06,410000.0,28.75,evergreen forest,8.006203856409751,forest,120000.0
McDowell Creek Tract,FY2007-08,2000000.0,1877.96,evergreen forest,774.8226176592104,forest,799357.5771481014
McKinney Creek Oconee Bell Preserve,FY2019-20,450000.0,195.6,evergreen forest,102.74628282392516,forest,102971.76820208025
McLeod Tract,FY2006-07,500000.0,375.0,evergreen forest,225.5080752888747,forest,289218.482601255
Meyer Lake,FY2020-21,1000000.0,974.0,evergreen forest,98.9655754472872,forest,98473.11352069044
Michael Walden Tract,FY2013-14,53700.0,231.0,evergreen forest,75.16935842962489,forest,17486.12716763006
Middleton Place,FY2006-07,2000000.0,4497.0,evergreen forest,877.1241113800019,forest,475381.1848369794
Middleton Place/Edmondston-Alston Family Trust,FY2007-08,820000.0,1274.0,evergreen forest,1045.4767869161735,forest,415748.49007765314
Mike and Tina Comalander Tracts,FY2015-16,66783.0,267.13,evergreen forest,113.86601040227204,forest,27180.362480127187
Mill Shoals Community Forest,FY2019-20,1650000.0,713.15,evergreen forest,242.85485031109584,forest,498147.6361625657
"Miller, Eloise Tract",FY2015-16,79500.0,53.023,evergreen forest,0.2223945515669375,forest,332.63598326359835
Millgrove Plantation,FY2020-21,165000.0,444.6,evergreen forest,175.2469066347468,forest,65733.06370070779
MillRho (Oak Grove 2),FY2016-17,291000.0,1164.64,evergreen forest,678.7481713822934,forest,169490.8396946565
Millwood Farms,FY2013-14,184450.0,443.46,evergreen forest,41.142992039883445,forest,20693.29896907216
Millwood Farms LLP 2 (Culler Family),FY2014-15,221918.0,522.16,evergreen forest,22.239455156693754,forest,9471.5322236449
Moore Property,FY2020-21,30557.0,56.62,evergreen forest,0.6671836547008126,forest,330.942238267148
Morris Ford Tract,FY2015-16,60000.0,4.45,evergreen forest,0.2223945515669375,forest,2608.695652173913
Morrow Creek Timbers,FY2020-21,150000.0,429.92,evergreen forest,181.0291649754872,forest,63395.63862928349
Mtn. Bridge Passage,FY2005-06,1550000.0,175.0,evergreen forest,12.454094887748504,forest,108229.42643391524
Murray Tract,FY2012-13,78400.0,392.29,evergreen forest,45.14609396808832,forest,9006.904357668365
Murray Tract Phase III,FY2013-14,219096.0,1095.48,evergreen forest,441.4531848603711,forest,82886.5180102916
Myrtle Grove Plt Tract,FY2014-15,643268.0,1715.38,evergreen forest,457.2431980216237,forest,166443.36873898815
Ness Bay Tr,FY2013-14,120000.0,300.0,evergreen forest,110.53009212876798,forest,43692.30769230769
Nine  Times Tract A,FY2007-08,1500000.0,560.0,evergreen forest,18.90353688318969,forest,51977.170811251526
Nine Times B&C,FY2012-13,1500000.0,1648.0,evergreen forest,33.1367881834737,forest,30511.945392491467
North Enoree Watershed Tract,FY2016-17,100000.0,34.47,evergreen forest,1.111972757834688,forest,3184.7133757961783
Oak Grove,FY2006-07,177000.0,209.0,evergreen forest,65.1616036091127,forest,58533.86004514673
Oakland Club,FY2015-16,3581730.0,11166.17,evergreen forest,3893.016625179242,forest,1286776.4730631094
Oaks Plantation,FY2021-22,290000.0,204.26,evergreen forest,67.16315457321515,forest,101131.63972286377
Oconee Town Village,FY2016-17,134000.0,53.68,evergreen forest,47.3700394837577,forest,115088.70967741936
Old Santee Canal,FY2020-21,270000.0,564.94,evergreen forest,86.28908600797178,forest,37792.2077922078
Paradise Shrimp Farms,FY2007-08,100000.0,504.5,evergreen forest,25.35297887863088,forest,4997.807978956598
Paris Mountain Expansion Tract,FY2015-16,160000.0,33.431,evergreen forest,4.670285582905689,forest,21960.784313725493
Patriots Plantation II,FY2014-15,653625.0,1867.5,evergreen forest,358.9448062290372,forest,127179.11392405065
Paul Sanders Tract,FY2006-07,420000.0,164.89,evergreen forest,23.79621701766232,forest,68194.23368740515
Pecan Alley Farms Tract,FY2015-16,44795.0,89.57,evergreen forest,6.894231098575065,forest,3462.955112219452
Peeples Waldburg Tract,FY2014-15,117800.0,589.0,evergreen forest,277.770794907105,forest,56178.77052310042
Perry Dam Tract,FY2015-16,86700.0,289.0,evergreen forest,9.340571165811378,forest,2822.7906976744184
Pettigrew Tract (Murray Tract),FY2015-16,300000.0,1044.7,evergreen forest,50.70595775726176,forest,14963.902865893677
Pin Branch Plantation,FY2013-14,21000.0,105.0,evergreen forest,24.46340067236313,forest,4601.593625498008
Pine Hill/Swamp Solomons,FY2007-08,99800.0,718.0,evergreen forest,234.18146279998524,forest,43569.40298507462
Pinewood Farms,FY2013-14,175747.0,270.38,evergreen forest,53.59708692763196,forest,34888.81960461285
Pinnacle Partners Tracts,FY2018-19,34330.0,137.32,evergreen forest,35.36073369914308,forest,9378.814432989691
Plum Creek Timberlands Tr,FY2014-15,70000.0,35.83,evergreen forest,18.23635322848888,forest,35652.17391304348
Pollard Tract (Milbury),FY2006-07,2374312.0,10398.0,evergreen forest,2738.788902546836,forest,692308.5658813781
Powers Farm,FY2012-13,165110.0,207.65,evergreen forest,23.57382246609538,forest,21239.8786407767
Ramey Tract,FY2013-14,141156.0,128.324,evergreen forest,6.894231098575065,forest,7208.955518945634
Ramsay Farms,FY2012-13,130000.0,130.0,evergreen forest,14.67804040341788,forest,17160.0
Rhodes-Kinsey Tract,FY2012-13,208320.0,1041.6,evergreen forest,681.1945114495298,forest,137666.4854368932
Rhodes and IP/Milbury,FY2013-14,328600.0,1006.7,evergreen forest,799.7308074347075,forest,140621.87314054504
River Oaks Plantation,FY2020-21,975000.0,1005.18,evergreen forest,164.34957360796687,forest,163495.57522123898
Riverbend Shoals Tract,FY2012-13,290000.0,580.0,evergreen forest,337.81732383017817,forest,173839.77900552488
"Rivers, J. T., Jr. 97",FY2007-08,111000.0,148.0,evergreen forest,1.7791564125355006,forest,1294.460641399417
Riverside Farms,FY2016-17,1200000.0,2120.0,evergreen forest,209.94045667918908,forest,119556.72823218998
Robert Battle Tract,FY2005-06,55250.0,65.3,evergreen forest,4.225496479771814,forest,3546.4527027027025
Rocky Fork Farm,FY2006-07,136500.0,130.91,evergreen forest,0.6671836547008126,forest,682.5
Rocky Point Landing Tr,FY2013-14,1109670.0,467.75,evergreen forest,200.37749096181076,forest,612255.1561543172
Rocky River Nature Park,FY2012-13,75000.0,128.46,evergreen forest,5.559863789173439,forest,2334.9937733499373
Rocky Shoals Spider Lily Preserve,FY2015-16,100000.0,12.93,evergreen forest,6.227047443874252,forest,57142.85714285714
Rogers Family Farm,FY2019-20,99539.0,496.5,evergreen forest,56.93300520113602,forest,12140.059075750358
Rose Hill Farm Phase 1,FY2007-08,750000.0,336.0,evergreen forest,4.003101928204876,forest,9164.96945010183
Rosemont Plantation Expansion,FY2019-20,350000.0,123.82,evergreen forest,87.6234533173734,forest,232154.88215488216
Roxbury Park Phase II,FY2019-20,141000.0,55.88,evergreen forest,10.00775482051219,forest,25897.959183673465
Salt Landing,FY2007-08,217000.0,572.0,evergreen forest,87.6234533173734,forest,33727.021696252465
Salt Point Timber Tract,FY2007-08,400000.0,1032.0,evergreen forest,224.61849708260692,forest,88849.79107103583
Saluda Rivers Connector (Phase 1),FY2018-19,500000.0,181.0,evergreen forest,569.5524465629271,forest,342929.8339582217
Saluda Rivers Connector (Phase II),FY2019-20,500000.0,181.0,evergreen forest,569.5524465629271,forest,342929.8339582217
Saluda Rivers Gorge,FY2019-20,569988.0,225.5,evergreen forest,19.12593143475663,forest,41860.77540563621
Samworth Farms - McTeer Tract,FY2019-20,180000.0,39.23,evergreen forest,24.685795223930068,forest,116162.7906976744
Sanctuary Timberlands Tracts,FY2019-20,88248.0,352.99,evergreen forest,283.5530532478454,forest,70943.37957124843
Sand Creek Farm,FY2007-08,100000.0,217.1,evergreen forest,29.800869909969634,forest,13958.333333333334
Sanders Farm Tract,FY2012-13,83600.0,418.0,evergreen forest,202.82383102904703,forest,38007.57726819542
Sandy Run Forest,FY2019-20,155000.0,237.3,evergreen forest,107.86135750996472,forest,64974.07087294728
Santee River Tract,FY2013-14,2167750.0,8517.0,evergreen forest,527.5198763167758,forest,131013.91189135471
Scotswood,FY2018-19,359290.0,3590.2,evergreen forest,1474.475876888796,forest,146662.5230882896
Scottland Road Tract,FY2019-20,60000.0,95.0,evergreen forest,18.90353688318969,forest,6463.878326996197
SCWA Tract,FY2013-14,390000.0,390.0,evergreen forest,39.58623017891489,forest,42615.10128913444
Segars Mill Pond Tract,FY2006-07,2443389.0,533.88,evergreen forest,197.04157268830667,forest,535057.5022244191
Seven Oaks Tract,FY2015-16,525000.0,106.2,evergreen forest,39.808624730481824,forest,195781.25
Shinco Chauga Tract,FY2012-13,402000.0,402.0,evergreen forest,182.80832138802268,forest,183478.06774014432
Silver Bluff Audubon Center and Sanctuary,FY2015-16,812608.0,3250.43,evergreen forest,1661.7320893081576,forest,407804.88790382165
Simkins River Farm,FY2013-14,523600.0,2617.0,evergreen forest,79.17246035782978,forest,16131.683254002595
"Simmons, Kenneth Tract (Birchwood Farms)",FY2012-13,364500.0,405.5,evergreen forest,106.08220109742922,forest,95952.81456953642
Slater Duck Ponds,FY2021-22,1678670.0,335.62,evergreen forest,56.93300520113602,forest,280325.8447488584
Smith Ford Farm,FY2020-21,321472.0,446.32,evergreen forest,126.76489439315442,forest,116121.06463878328
Sosnowski Property,FY2006-07,150000.0,178.0,evergreen forest,136.32786011053275,forest,112960.68796068797
South Fenwick Island Tract,FY2015-16,500000.0,400.94,evergreen forest,127.20968349628828,forest,162684.8691695108
South Saluda Trout Fishing (Jones Tree Farm),FY2013-14,97000.0,27.45,evergreen forest,0.2223945515669375,forest,746.1538461538462
Southern Property,FY2013-14,21600.0,108.0,evergreen forest,27.35452984273332,forest,5313.6
Spring Grove Tract,FY2014-15,478000.0,638.0,evergreen forest,473.47800028601006,forest,357074.38596491225
Still Branch Plantation,FY2014-15,10400.0,52.0,evergreen forest,4.892680134472626,forest,897.2549019607842
Stuck 2020 Property,FY2019-20,347554.0,2700.0,evergreen forest,1357.718737316154,forest,203434.0527325024
Stumphouse Mountain,FY2006-07,1227150.0,439.6,evergreen forest,239.2965374860248,forest,662858.1325301204
Stumphouse Mountain Expansion,FY2019-20,898527.0,791.8,evergreen forest,26.68734618803251,forest,31010.422778257125
Tall Pines Tract,FY2015-16,3000000.0,1757.0,evergreen forest,122.76179246494954,forest,211170.61973986225
Ten Oaks Timberlands Tract,FY2015-16,31356.0,104.52,evergreen forest,98.07599724101946,forest,20157.42857142857
Terry Andrews,FY2007-08,761805.0,1539.0,evergreen forest,808.8489840489519,forest,388377.45794785535
Thompson J. Bradford Property/Timberhaven,FY2007-08,215000.0,878.0,evergreen forest,438.5620556900009,forest,107363.88959230189
Thornhill Farms Tract,FY2014-15,163400.0,98.2,evergreen forest,20.01550964102438,forest,35266.18705035972
Tibwin Tract,FY2006-07,500000.0,900.17,evergreen forest,716.5552451486728,forest,404367.469879518
Timberhaven (Thompson II),FY2016-17,132500.0,516.64,evergreen forest,367.8405882917148,forest,95326.22879512832
Tokeena Crossroads,FY2006-07,2695745.0,1107.87,evergreen forest,25.57537343019782,forest,62026.945778311325
Tom's Branch,FY2015-16,155250.0,575.0,evergreen forest,290.89207344955435,forest,77241.15633320654
Toole Tract,FY2007-08,250000.0,349.39,evergreen forest,50.9283523088287,forest,34823.60097323601
Top of South Carolina Tract,FY2015-16,550000.0,66.5,evergreen forest,1.556761860968563,forest,12261.146496815283
Townes/S. Saluda,FY2005-06,965000.0,585.61,evergreen forest,2.446340067236313,forest,3980.127484064492
Van Watts Tract,FY2013-14,362338.0,724.67,evergreen forest,601.5772619885662,forest,282050.1553956834
Velma Johnson Tract,FY2004-05,179400.0,34.0,evergreen forest,0.2223945515669375,forest,1630.9090909090908
Wallace Farm,FY2016-17,100000.0,347.67,evergreen forest,245.96837403303292,forest,71171.17117117117
Wambaw Tract,FY2006-07,250000.0,100.01,evergreen forest,33.35918273504063,forest,83333.33333333333
Waterloo Tract,FY2006-07,289450.0,406.0,evergreen forest,94.7400789675154,forest,66651.72972972973
Westervelt Timber,FY2014-15,2483600.0,12418.0,evergreen forest,5852.090229932395,forest,1167755.747342089
Wild Turkey Creek Tract,FY2019-20,74232.0,329.92,evergreen forest,80.95161677036528,forest,18431.410641200546
Williamson Farm Tract,FY2012-13,63000.0,63.4,evergreen forest,12.231700336181566,forest,12200.704225352112
Willow Lake (Bamberg Tract),FY2019-20,278000.0,1373.12,evergreen forest,707.6594630859953,forest,144565.45187122078
Willow Oaks Tract,FY2012-13,195000.0,195.06,evergreen forest,71.16625650142002,forest,73411.76470588235
Willtown (Knox) - ACE Basin,FY2020-21,250000.0,2101.27,evergreen forest,1381.292559782249,forest,166140.594906912
Wilson and Willson,FY2015-16,100000.0,81.9,evergreen forest,49.371590447860136,forest,60326.08695652174
Winborn a/s/a Lawton Plantation,FY2007-08,262800.0,1314.0,evergreen forest,320.470548807957,forest,64218.21265050025
Woodbury Tract,FY2005-06,5000000.0,25668.0,evergreen forest,3621.695272267578,forest,703899.6516161379
Yem Tract,FY2015-16,108750.0,435.0,evergreen forest,19.793115089457444,forest,4996.773360867321
Altamont Ridge,FY2021-22,90000.0,9.56,evergreen forest,0.6671836547008126,forest,6279.069767441862
Calico Vineyard,FY2021-22,225000.0,112.54,evergreen forest,11.119727578346875,forest,22145.66929133858
Combahee Scott,FY2021-22,79620.0,209.0,evergreen forest,8.450992959543628,forest,3260.3017241379307
Gobblers Roost,FY2021-22,393506.0,1020.08,evergreen forest,539.5291821013905,forest,209812.2101098901
Graham Family Tract,FY2021-22,242000.0,20.7,evergreen forest,0.6671836547008126,forest,7723.404255319148
Green Creek on Scenic 11,FY2021-22,90000.0,16.22,evergreen forest,0.4447891031338751,forest,3214.2857142857147
River Falls,FY2021-22,650000.0,170.97,evergreen forest,4.670285582905689,forest,17704.28015564202
Wall Farm,FY2021-22,29169.0,97.23,evergreen forest,17.791564125355006,forest,5556.000000000001
Whetstone Hill,FY2021-22,34500.0,38.12,evergreen forest,1.7791564125355006,forest,1614.0350877192982
YLASI Property,FY2021-22,150000.0,315.42,evergreen forest,54.04187603076584,forest,26722.873900293256
Mays-Epworth Conservation Area (Turner),FY2021-22,86500.0,216.25,evergreen forest,116.75713957264225,forest,46434.0490797546
Watson Farm,FY2021-22,235000.0,701.74,evergreen forest,176.13648484101455,forest,19448.275862068967
Woodsend Park and Open Space,FY2021-22,1000000.0,86.32,evergreen forest,0.4447891031338751,forest,4672.8971962616815
Good Hope Landing Tract,FY2021-22,170000.0,148.0,evergreen forest,6.227047443874252,forest,6948.90510948905
Bobwhite Hills,FY2021-22,850000.0,773.99,evergreen forest,303.56856288886974,forest,341049.3827160493
River Swamp Tract,FY2021-22,345000.0,1017.5,evergreen forest,306.0149029561061,forest,104817.84058291012
Toner Tract,FY2021-22,84068.0,336.27,evergreen forest,73.83499112022326,forest,18557.56382978724
Tyger River Confluence,FY2021-22,157500.0,200.78,evergreen forest,12.009305784614629,forest,9545.454545454546
North Fork Edisto Tract,FY2021-22,49950.0,36.71,evergreen forest,2.446340067236313,forest,3270.5357142857147
Fishing Creek Tract,FY2022-23,125000.0,110.48,evergreen forest,6.004652892307314,forest,7016.632016632017
ACE Basin: St. Helena Estuary (Cummings) Ti Ti 2,FY2022-23,215000.0,1742.0,evergreen forest,1.111972757834688,forest,137.891226269882
Oakville / Burden Creek,FY2022-23,500000.0,90.16,evergreen forest,65.82878726381352,forest,349056.60377358494
Hazelwood Farm,FY2022-23,78050.0,178.1,evergreen forest,22.90663881139457,forest,9709.11835748792
Newton Farm,FY2022-23,250000.0,563.47,evergreen forest,20.01550964102438,forest,8751.458576429404
"Black River (Camel, LLC) Park Ranger Tract",FY2022-23,1200000.0,162.93,evergreen forest,22.01706060512682,forest,145588.23529411765
Carter Property,FY2022-23,110000.0,46.0,evergreen forest,2.6687346188032506,forest,6875.0
Shiloh Ridge at Paris Mountain,FY2022-23,750000.0,149.88,evergreen forest,3.113523721937126,forest,15742.12893553223
Waites Island,FY2022-23,4000000.0,259.25,evergreen forest,3.558312825071001,forest,54935.62231759656
Black River State Park: Sims Reach (Colonial Properties),FY2022-23,300000.0,143.22,evergreen forest,13.343673094016255,forest,28616.852146263915
Great Santee Swamp,FY2022-23,649000.0,2114.95,evergreen forest,76.94851484216039,forest,23607.443229604716
Santee River - Dawhoo and Wadmacon Creek Tract,FY2022-23,645000.0,1742.55,evergreen forest,11.119727578346875,forest,4348.119185654577
Blackwell Farm,FY2022-23,137500.0,50.28,evergreen forest,4.670285582905689,forest,12776.548672566372
Plantersville Cultural Center,FY2022-23,60000.0,10.0,evergreen forest,0.4447891031338751,forest,2500.0
Eureka Preserve,FY2022-23,350000.0,601.46,evergreen forest,206.826932957252,forest,120421.75360710322
Little Eastatoee on Scenic Hwy 11,FY2022-23,400000.0,234.72,evergreen forest,50.9283523088287,forest,87488.0611270296
Limerick Plantation,FY2022-23,266535.0,233.99,evergreen forest,54.486665133899706,forest,64718.60753221011
Gourdin Tracts,FY2022-23,130757.0,342.75,evergreen forest,100.7447318598227,forest,36790.63416149068
Congaree Creek Heritage Preserve Addition,FY2022-23,7000000.0,575.81,evergreen forest,186.5890287646606,forest,2238185.975609756
Woodcock Woods,FY2022-23,300000.0,31.64,evergreen forest,3.780707376637938,forest,35416.666666666664
Salters Property,FY2022-23,385000.0,626.0,evergreen forest,127.20968349628828,forest,80489.76608187135
Saluda Dam Acres,FY2022-23,275000.0,69.59,evergreen forest,8.450992959543628,forest,32153.846153846152
Bishop Branch Pastures,FY2022-23,145800.0,64.73,evergreen forest,3.780707376637938,forest,8546.896551724138
Independence Farm,FY2022-23,650000.0,498.22,evergreen forest,6.227047443874252,forest,8287.795992714025
Botany Bay Heritage Preserve Addition,FY2022-23,1200000.0,180.17,evergreen forest,96.5192353800509,forest,642962.9629629629
Slater Tract,FY2022-23,1000000.0,3507.45,evergreen forest,553.9848279532415,forest,159659.01807460585
Triple Oak Farm,FY2022-23,150000.0,91.79,evergreen forest,30.690448116237384,forest,50859.950859950855
Black River SP - RMS North,FY2022-23,1250000.0,535.25,evergreen forest,70.4990728467192,forest,168688.80374627502
Cotton Hall,FY2022-23,3000000.0,232.0,evergreen forest,11.342122129913816,forest,147115.38461538462
Bradham Tract - SC Liberty Trail,FY2022-23,124000.0,4.29,evergreen forest,1.3343673094016253,forest,41333.333333333336
Hammonds Store Battlefield,FY2022-23,80000.0,30.0,evergreen forest,14.233251300284005,forest,41967.2131147541
Cooler Dairy Farm,FY2022-23,250000.0,654.0,evergreen forest,65.60639271224659,forest,24907.125970955763
Halfway Swamp Creek,FY2022-23,175000.0,288.37,evergreen forest,153.67463513275388,forest,95668.51265822785
Willowbend,FY2022-23,300000.0,348.53,evergreen forest,6.671836547008128,forest,5576.208178438663
Buckfield,FY2022-23,850000.0,2064.52,evergreen forest,916.9327361104836,forest,390044.5186421814
Lee State Park - KDR/OSI (match with LF),FY2022-23,173000.0,137.29,evergreen forest,32.469604528772884,forest,40936.79092382496
Fort Motte Cliffs,FY2022-23,400000.0,400.0,evergreen forest,86.06669145640484,forest,90315.05250875148
Gilstrap Mountain (Scenic Hwy 11),FY2022-23,500000.0,166.18,evergreen forest,16.679591367520317,forest,49933.42210386152
Poinsett Bridge Expansion Tracts - Southern Blue Ridge Escarpment (Boy Scouts of America),FY2023-24,700000.0,287.6,evergreen forest,9.11817661424444,forest,22282.608695652176
White Branch on Scenic 11,FY2022-23,350000.0,159.0,evergreen forest,48.48201224159239,forest,100659.63060686014
Nine Times Cove,FY2023-24,20000.0,4.15,evergreen forest,0.4447891031338751,forest,2500.0000000000005
Daus - Knights Hill,FY2022-23,500000.0,1010.27,evergreen forest,450.1265723714816,forest,229270.5029451745
Ingleside Park,FY2023-24,1000000.0,445.8,evergreen forest,30.690448116237384,forest,68759.34230194321
"Barberry Woods Fee Simple Project (Johns Island, SC)",FY2023-24,100000.0,6.12,evergreen forest,0.8895782062677503,forest,10810.81081081081
Bowers Farm,FY2023-24,500000.0,488.33,evergreen forest,163.904784504833,forest,173167.29323308272
"Savannah River and Uplands (Pauline Place, LLC) Lowlands",FY2023-24,300000.0,1218.3,evergreen forest,354.2745206461316,forest,87623.76237623763
Twin Ponds,FY2023-24,156000.0,91.69,evergreen forest,2.446340067236313,forest,4085.714285714286
Dalzell Bay,FY2023-24,80000.0,61.1,evergreen forest,14.010856748717067,forest,19236.641221374044
Andrews Black River Park,FY2023-24,5800000.0,1806.43,evergreen forest,672.965913041553,forest,2164894.53558653
Saluda Bluffs,FY2023-24,9000000.0,1090.0,evergreen forest,8.22859840797669,forest,69245.1653150343
Hazelwood Farm 2,FY2023-24,215000.0,373.43,evergreen forest,18.01395867692194,forest,9228.93481717011
Betsy Kerrison Nature Trail Phase 3,FY2023-24,145000.0,3.0,evergreen forest,1.111972757834688,forest,51785.71428571429
George Aull Expansion Clemson Forest,FY2023-24,1200000.0,82.47,evergreen forest,59.60173981993927,forest,837500.0000000001
Santee Delta Plantation,FY2023-24,75000.0,108.86,evergreen forest,44.47891031338751,forest,30674.846625766877
Catawba - Nisbet Tract,FY2023-24,3800000.0,596.36,evergreen forest,52.48511416979727,forest,333259.01151988114
Hanna Farm,FY2023-24,40000.0,129.35,evergreen forest,22.68424425982763,forest,6998.28473413379
Sleepy Prong,FY2023-24,60000.0,136.97,evergreen forest,61.38089623247477,forest,27058.82352941177
Pleasant Grove,FY2023-24,40000.0,79.33,evergreen forest,3.558312825071001,forest,1871.345029239766
Bob McCartney - Rossdhu Longleaf Preserve,FY2023-24,81000.0,61.0,evergreen forest,53.37469237606502,forest,71470.58823529411
Santee Corridor - RMS-Wadmacon,FY2023-24,1950000.0,2248.0,evergreen forest,81.84119497663302,forest,70993.27265532251
James Island CP - Bradham Road Addition,FY2023-24,500000.0,25.35,evergreen forest,6.44944199544119,forest,136792.4528301887
Beefield Community Park,FY2023-24,150000.0,4.0,evergreen forest,3.558312825071001,forest,133333.3333333333
Seawright-Drake Homestead (Fleming),FY2023-24,50000.0,75.74,evergreen forest,0.8895782062677503,forest,579.7101449275364
Stillwell Homeplace Farm,FY2023-24,62699.0,197.79,evergreen forest,23.351427914528443,forest,5431.84405940594
Stillwell – Tatum Farm,FY2023-24,110000.0,437.51,evergreen forest,0.6671836547008126,forest,169.92790937178165
Waites - Olivia Boyce Tracts,FY2023-24,4000000.0,111.22,evergreen forest,28.911291703701885,forest,1001926.7822736033
Waites - Merrill Boyce Tracts,FY2023-24,8000000.0,107.02,evergreen forest,19.12593143475663,forest,1359683.794466403
Blue Branch Farm,FY2023-24,400000.0,381.1,evergreen forest,59.60173981993927,forest,60805.44526375496
Gin Branch Farms LLC II tracts,FY2023-24,150000.0,590.01,evergreen forest,61.38089623247477,forest,16260.801256873528
Possum Holler,FY2023-24,106500.0,79.4,evergreen forest,1.7791564125355006,forest,2373.259052924791
D. Brown Land and Timber LLC,FY2023-24,103850.0,308.46,evergreen forest,157.23294795782488,forest,53828.40909090909
Brown Mountain,FY2023-24,2145610.0,572.71,evergreen forest,2.001550964102438,forest,7353.575780654987
Forty Acre Rock Farm,FY2023-24,195000.0,97.08,evergreen forest,2.6687346188032506,forest,5318.181818181818
Hope Station LLC,FY2023-24,573100.0,1081.34,evergreen forest,670.9643620774507,forest,353226.2921348315
Stilwell - Cannery Farm,FY2023-24,250000.0,797.88,evergreen forest,7.116625650142002,forest,2307.470435535045
Cedarleaf Farm,FY2023-24,90000.0,64.96,evergreen forest,19.12593143475663,forest,26237.28813559321
Warren Hooper,FY2023-24,85000.0,53.1,evergreen forest,9.785360268945253,forest,16260.869565217392
Betsy Kerrison Nature Trail Phase 2,FY2023-24,250000.0,13.32,evergreen forest,8.450992959543628,forest,131944.44444444447
Hiott Station,FY2023-24,175000.0,561.8,evergreen forest,175.46930118631374,forest,54856.972586412405
Hereford Hill Farm,FY2023-24,170000.0,101.41,evergreen forest,1.556761860968563,forest,2638.580931263858
Pudding Swamp - Atkinson Farm,FY2023-24,150000.0,383.15,evergreen forest,117.86911233047692,forest,44889.89271597967
North Island,FY2023-24,2000000.0,114.66,evergreen forest,30.023264461536574,forest,521235.5212355212
Shaws Creek Preserve,FY2023-24,1900000.0,2657.63,evergreen forest,1969.970937779933,forest,1408267.0906200318
Limehouse,FY2023-24,1400000.0,102.88,evergreen forest,13.121278542449318,forest,182743.36283185845
Shealy Farm,FY2023-24,242000.0,339.44,evergreen forest,40.03101928204876,forest,29313.5935397039
Harrison Street Properties Purchase,FY2023-24,165000.0,12.61,evergreen forest,0.8895782062677503,forest,10819.67213114754
Harrell Family Park,FY2023-24,2500000.0,156.41,evergreen forest,80.95161677036528,forest,1168164.3132220798
Witherspoon Island,FY2023-24,850000.0,3707.94,evergreen forest,267.7630400865928,forest,58910.89108910892
Korn Tract,FY2023-24,1090000.0,302.32,evergreen forest,29.133686255268824,forest,105147.27540500736
Tyger Oak Property,FY2023-24,23000000.0,945.91,evergreen forest,400.9773764751884,forest,9897136.038186155
Betsy Kerrison Nature Trail Phase 4,FY2023-24,245000.0,8.6,evergreen forest,5.782258340740376,forest,159250.0
Gregorie Neck,FY2023-24,2000000.0,4409.3,evergreen forest,1782.0475417058708,forest,802584.1346153846
Searles Family Homeplace,FY2023-24,330000.0,991.8,evergreen forest,580.449779589707,forest,194512.19512195123
Thrailkill Farm,FY2024-25,1600000.0,1063.06,evergreen forest,88.73542607520808,forest,133361.18654689784
Eastatoee Ridge on Scenic Highway 11,FY2024-25,935000.0,106.82,evergreen forest,29.133686255268824,forest,268607.4561403509
Camp Awanita,FY2024-25,950000.0,483.99,evergreen forest,0.6671836547008126,forest,1308.539944903581
Keowee Ridge,FY2024-25,130000.0,66.93,evergreen forest,9.562965717378315,forest,18885.135135135133
Joanna Park Tract,FY2024-25,700000.0,334.9,evergreen forest,299.343066409098,forest,627714.8567621586
McCannon Farms,FY2024-25,370000.0,178.79,evergreen forest,0.2223945515669375,forest,463.07884856070086
Four Leaf Farm,FY2024-25,250000.0,170.27,evergreen forest,7.116625650142002,forest,10256.410256410258
Black River SP - Mingo Creek,FY2024-25,244378.0,664.32,evergreen forest,111.64206488660268,forest,39960.181107491866
Morrow Creek Timbers Addition,FY2024-25,65000.0,236.9,evergreen forest,132.5471527338948,forest,36307.40393626992
Horse Gap Forest,FY2024-25,105000.0,69.6,evergreen forest,1.7791564125355006,forest,2576.687116564417
Ginia's Farm,FY2024-25,56000.0,98.73,evergreen forest,16.901985919087256,forest,9500.0
Store Creek Park,FY2024-25,110000.0,1.67,evergreen forest,0.4447891031338751,forest,27500.000000000007
Snow's Island Addition,FY2024-25,5229080.0,2584.26,evergreen forest,515.0657814290274,forest,1045816.0
Snow's Island,FY2024-25,14400000.0,5178.93,evergreen forest,81.17401132193221,forest,235494.4217930911
Waites - Becky Work,FY2024-25,8000000.0,115.0,evergreen forest,38.25186286951326,forest,2606060.6060606064
Old Blair Road (Lina Marston),FY2024-25,72000.0,131.0,evergreen forest,86.28908600797178,forest,50335.13513513513
McQueen Farm,FY2024-25,110000.0,246.0,evergreen forest,2.001550964102438,forest,916.6666666666666
Stewart Tract,FY2024-25,86950.0,174.0,evergreen forest,150.3387168592498,forest,75067.94380587483
AB Farms,FY2024-25,412500.0,126.0,evergreen forest,0.8895782062677503,forest,2869.5652173913045
Glassy Mountain Foothills - Scenic Highway 11,FY2024-25,2500000.0,365.0,evergreen forest,23.57382246609538,forest,169437.34015345268
Grayson Oaks,FY2024-25,600000.0,93.6,evergreen forest,10.00775482051219,forest,64593.30143540669
Broad River Preserve,FY2024-25,760000.0,1040.78,evergreen forest,579.7825959350062,forest,426365.3970303421
Saluda Gorge - Phase II,FY2024-25,1000000.0,190.0,evergreen forest,27.7993189458672,forest,147754.13711583923
Fall Creek Headwaters,FY2024-25,115000.0,108.25,evergreen forest,4.670285582905689,forest,5526.315789473684
Watson Farm,FY2024-25,565000.0,358.73,evergreen forest,176.13648484101455,forest,46758.62068965518
McClain Farm,FY2024-25,187600.0,72.46,evergreen forest,2.001550964102438,forest,5039.999999999999
Jackson Farms Cash Tracts,FY2024-25,500000.0,588.0,evergreen forest,235.96061921252075,forest,201175.5783086841
Alcorn Timber,FY2024-25,135000.0,166.47,evergreen forest,128.09926170255602,forest,103266.93227091634
Essex Farms,FY2024-25,560000.0,898.55,evergreen forest,313.1315286062481,forest,208427.1742003701
Sadler Farms,FY2024-25,325000.0,264.8,evergreen forest,19.34832598632357,forest,26204.819277108432
Sam Dargan Tract,FY2024-25,20000.0,40.25,evergreen forest,20.682693295725198,forest,11698.113207547169
Grimshaw Farm,FY2024-25,145000.0,122.61,evergreen forest,0.4447891031338751,forest,524.4122965641952
Pipsissewa Passage - Paris Mountain,FY2024-25,2400000.0,65.42,evergreen forest,7.783809304842815,forest,278145.6953642384
Oconee Station Connector,FY2024-25,122500.0,63.97,evergreen forest,3.335918273504064,forest,6186.868686868688
Burch's Mill,FY2024-25,1250000.0,374.64,evergreen forest,191.48170889913325,forest,637588.8625592417
Red Top Park,FY2024-25,100000.0,5.96,evergreen forest,0.2223945515669375,forest,3571.428571428572
Price Family Farm,FY2024-25,205000.0,199.17,evergreen forest,71.6110456045539,forest,73919.37290033595
Scrambler's Knob Horse Farm,FY2024-25,160000.0,57.98,evergreen forest,6.227047443874252,forest,16842.105263157893
Black River SP - Browns Ferry,FY2024-25,498000.0,311.31,evergreen forest,18.90353688318969,forest,29253.628196268142
Hodge Tract,FY2024-25,39600.0,89.39,evergreen forest,7.116625650142002,forest,3232.65306122449
Beech Hill,FY2024-25,3350000.0,1637.6,evergreen forest,1234.5121557480704,forest,2527640.342530923
Young's Farm,FY2024-25,100000.0,224.72,evergreen forest,6.227047443874252,forest,2769.535113748764
Willow Oak,FY2024-25,830000.0,13.07,evergreen forest,3.113523721937126,forest,207500.0
Rivers Farm 2,FY2024-25,410000.0,347.78,evergreen forest,21.12748239885907,forest,24207.58234928527
Rivers Farm 1,FY2024-25,885000.0,668.97,evergreen forest,18.681142331622755,forest,25021.8781555032
Burrows Farm 1,FY2024-25,288000.0,284.3,evergreen forest,14.67804040341788,forest,14815.27669524552
Burrows Farm 2,FY2024-25,248000.0,296.0,evergreen forest,68.49752188261677,forest,58352.94117647058
Saluda Grade Trail,FY2024-25,750000.0,373.71,evergreen forest,4.447891031338751,forest,9003.60144057623
Parris Family Farm,FY2024-25,630000.0,148.65,evergreen forest,0.6671836547008126,forest,2665.7263751763044
Alston Tract,FY2024-25,64350.0,174.46,evergreen forest,48.70440679315932,forest,18616.44649933949
Black River SP - Cold Creek Acquisition,FY2024-25,221107.0,178.67,evergreen forest,23.79622719837108,forest,30253.771099744245
Dean Acres,FY2024-25,112000.0,141.11,evergreen forest,80.95165140380443,forest,69098.30508474575
Caesars Headwaters,FY2025-26,820000.0,26.29,evergreen forest,0.4447892934274968,forest,13898.30508474576
Coakley Chapel Park,FY2025-26,300000.0,6.46,evergreen forest,3.3359197007062265,forest,150000.0
Lever Farms,FY2025-26,187500.0,115.74,evergreen forest,21.34988608451985,forest,32967.03296703297
Wilson Ridge Farm,FY2025-26,640000.0,424.12,evergreen forest,28.4665147793598,forest,43644.112946190726
The Freeman-Anderson CE,FY2025-26,25000.0,5.41,evergreen forest,2.2239464671374845,forest,11363.636363636364
Broad River Conservation @Alston,FY2025-26,725000.0,109.33,evergreen forest,0.2223946467137484,forest,1529.5358649789032
Cedar Hill Farm,FY2025-26,300000.0,312.9,evergreen forest,189.70263364682745,forest,182916.36883488207
Pee Dee Basin RMS Initiative,FY2025-26,3300000.0,900.04,evergreen forest,341.82057199903136,forest,1286355.566827289
Keller Tracks,FY2025-26,129100.0,271.79,evergreen forest,215.9452019590497,forest,103514.53344343515
Ninety Six Creek,FY2025-26,78000.0,68.82,evergreen forest,13.788468096252403,forest,15450.47923322684
Carolina Seafood Hwy 17,FY2025-26,150000.0,14.67,evergreen forest,6.894234048126202,forest,63698.63013698631
North Widgeon,FY2025-26,250000.0,8.99,evergreen forest,6.227050107984956,forest,166666.6666666667
Stevenson Century Farm,FY2025-26,200000.0,132.8,evergreen forest,3.5583143474199748,forest,5565.217391304348
Maxcy Farm Nature Preserve,FY2025-26,400000.0,51.73,evergreen forest,0.2223946467137484,forest,1731.6017316017317
The Knight Tract,FY2025-26,800000.0,266.16,evergreen forest,119.20353063856916,forest,349185.667752443
Pipsissewa Passage - II,FY2025-26,350000.0,15.46,evergreen forest,0.66718394014,forest,15441.176511661688
Pipsissewa Passage - III,FY2025-26,150000.0,7.85,evergreen forest,0.2223946467,forest,3260.8695650277523
Keese Family Farm,FY2025-26,812000.0,556.68,evergreen forest,75.39178523596071,forest,109712.2359505779
Broad Arrow Landing,FY2025-26,800000.0,903.61,evergreen forest,70.49910300825825,forest,63131.69031615633
Maxcy Farm Conservation Easement,FY2025-26,185000.0,48.23,evergreen forest,10.674943042259924,forest,41886.79245283019
Gillian Farms - Bodie Rd,FY2025-26,256000.0,170.66,evergreen forest,18.903544970668616,forest,27969.15167095116
Cattails Tree Farm Extension,FY2025-26,176000.0,263.66,evergreen forest,0.2223946467137484,forest,142.85714285714286
LeMaster Grain and Cattle,FY2025-26,860000.0,379.08,evergreen forest,14.455652036393648,forest,32274.82678983833
Blessing,FY2025-26,7400000.0,627.75,evergreen forest,489.9354067103878,forest,5629212.707182321
Pocotaligo Station,FY2025-26,4597600.0,1742.33,evergreen forest,433.66956109180944,forest,1140190.7668828692
Evergreen LLC - Little Lynches River Tract,FY2025-26,138450.0,150.82,evergreen forest,3.5583143474199748,forest,3341.176470588235
Ashley River - Barry Tract,FY2025-26,100000.0,67.02,evergreen forest,28.4665147793598,forest,42384.1059602649
Red Fern,FY2025-26,264000.0,302.02,evergreen forest,45.36850792960468,forest,37873.417721518985
Mayadinya-in-the-Pines Conservation Easement,FY2025-26,34825.0,76.12,evergreen forest,28.688909426073547,forest,12762.571022727272
Beneventum,FY2025-26,342000.0,190.0,evergreen forest,31.802434480066022,forest,57266.97892271663
Echols Farm,FY2025-26,175000.0,72.61,evergreen forest,10.00775910211868,forest,23863.636363636368
RML Timber,FY2025-26,872625.0,1219.03,evergreen forest,769.930266922997,forest,559864.2976278724
Jeffers Tract,FY2025-26,20000.0,36.0,evergreen forest,24.463411138512328,forest,13924.05063291139
Sellers Tract,FY2025-26,20500.0,222.0,evergreen forest,92.51617303291934,forest,8311.890838206627
The Pond Conservation Easement,FY2025-26,16500.0,30.0,evergreen forest,4.22549828756122,forest,2305.1470588235293
Meadow Woods Farm,FY2025-26,160000.0,124.0,evergreen forest,13.121284156111155,forest,17352.941176470587
Eidson Family Timberland,FY2025-26,175000.0,695.0,evergreen forest,523.2946037174501,forest,133476.4991896272
AM-PM Farms,FY2025-26,1500000.0,419.0,evergreen forest,1.1119732335687422,forest,3498.134328358209
H and H Farm,FY2025-26,444000.0,534.0,evergreen forest,30.69046124649728,forest,25551.29274395329
Duck Ponds,FY2025-26,16000000.0,8460.0,evergreen forest,341.37578270560385,forest,653087.2733074509
Tindal Farm - Mooneyham,FY2025-26,230000.0,179.0,evergreen forest,1.556762526996239,forest,1968.2151589242055
Walnut Grove Plantation,FY2025-26,1305500.0,779.0,evergreen forest,350.04917392744005,forest,574303.2420346562
Edisto Island Museum,FY2025-26,40000.0,10.0,evergreen forest,4.447892934274969,forest,18181.818181818184
Duck Haven,FY2025-26,250000.0,147.0,evergreen forest,10.00775910211868,forest,17123.28767123288
Betsy Kerrison Nature Trail Phase V,FY2025-26,600000.0,11.0,evergreen forest,7.339023341553698,forest,412500.0
Big Garvin Creek Farm,FY2025-26,317000.0,253.0,evergreen forest,30.245671953069788,forest,38253.77107364685
Oscar's Place,FY2025-26,80000.0,50.0,evergreen forest,12.67649486268366,forest,20266.666666666664
Kidd Family Farm,FY2025-26,264100.0,296.0,evergreen forest,137.6622863158103,forest,118720.33405954974
Boyd Pond Park Addition,FY2025-26,220000.0,25.0,evergreen forest,8.228601928408692,forest,73333.33333333333
KAFA Lynches River Tract,FY2025-26,35250.0,130.0,evergreen forest,2.4463411138512328,forest,659.4387755102041
Thomason Farm,FY2025-26,378000.0,219.0,evergreen forest,2.4463411138512328,forest,4295.454545454546
Back Swamp,FY2025-26,216000.0,420.0,evergreen forest,36.02793276762725,forest,18111.801242236023
Shelton Wood,FY2025-26,94500.0,219.0,evergreen forest,89.40264797892686,forest,39285.41882109618
Bradley Property,FY2025-26,91200.0,43.0,evergreen forest,16.012414563389886,forest,32188.235294117643
Santuc Farm,FY2025-26,340800.0,387.0,evergreen forest,86.95630686507563,forest,77292.80742459396
Felker Farm,FY2025-26,225000.0,248.0,evergreen forest,112.75408588387046,forest,101490.21352313168
Kirkwood Farm,FY2025-26,264618.0,373.0,evergreen forest,114.3108484108667,forest,80672.39145907474
Jamari at Hanging Rock,FY2025-26,522500.0,160.0,evergreen forest,96.29355077835432,forest,311628.78787878784
Keadle Bridge Addition,FY2025-26,1378752.0,431.0,evergreen forest,12.231282431430689,forest,40143.65272631021
Camden Battlefield,FY2004-05,341250.0,310.0,evergreen forest,200.599886,forest,143969.83234610193
Camden Battleground Trust,FY2007-08,106052.0,161.0,evergreen forest,2650.498266,forest,53431.73688600395
McGovern Tract Conservation Easement,FY2025-26,31200.0,21.0,evergreen forest,19.125939617382365,forest,29485.714285714286
Newground,FY2025-26,180000.0,58.0,evergreen forest,3.780708994133724,forest,10889.67971530249
Sky Ranche,FY2025-26,1105000.0,130.0,evergreen forest,1.111934766493699,forest,10288.640595903164
Altamont Pass,FY2025-26,1000000.0,88.0,evergreen forest,11.11934766493699,forest,123456.79012345678
Wheeler Farm,FY2025-26,744000.0,887.0,evergreen forest,150.33878117849395,forest,136669.5652173913
Utsey Tract,FY2025-26,500000.0,296.74,evergreen forest,43.58935075589469,forest,72970.96053611318
Historic Store Creek Corner,FY2025-26,590000.0,3.0,evergreen forest,0.8895478131949592,forest,196666.66666666663
Frohlich Farm,FY2025-26,3465000.0,184.0,evergreen forest,20.6819866567828,forest,405850.1259445844
AC II,FY2025-26,610000.0,1129.0,evergreen forest,636.4714603409933,forest,337944.25087108015
Montgomery Tract,FY2025-26,302000.0,312.0,evergreen forest,74.49962935507783,forest,72784.1726618705
Flat Grove Farm,FY2025-26,223500.0,232.0,evergreen forest,4.447739065974796,forest,4216.981132075472
Forest View,FY2025-26,4850000.0,590.0,evergreen forest,21.34914751667902,forest,176030.2457466919
Winkles Farm,FY2025-26,331578.0,330.0,evergreen forest,15.122835976534894,forest,15453.943797121316
River Oaks,FY2025-26,950000.0,699.0,evergreen forest,97.1830985915493,forest,132678.17193991688
King Family Lynches Tract,FY2025-26,305000.0,546.0,evergreen forest,39.80726464047443,forest,22076.42539425799
Blue Heron LLC - Liberty Hill WMA Addition,FY2025-26,6566000.0,2006.0,evergreen forest,602.0,forest,1979335.002503756
Ulmer Farms 1,FY2026-27,165830.0,321.0,evergreen forest,54.70908309158212,forest,28388.43423799582
Ulmer Farms 2,FY2026-27,148000.0,205.0,evergreen forest,4.22549828756122,forest,3093.5093509350936
Tindal Farm - Hodges Corner,FY2026-27,200000.0,156.0,evergreen forest,2.446256486286138,forest,3026.1348005502064
Tindal Farm - Home Place,FY2026-27,510000.0,412.0,evergreen forest,8.005930318754633,forest,9138.875062220008
Gramling and Gramling Farm,FY2026-27,1873530.0,816.0,evergreen forest,60.71163825055597,forest,138348.30673519068
Shealy Farms,FY2026-27,60000.0,60.0,evergreen forest,7.838493176934557,forest,7978.723404255319
Chelsea,FY2026-27,1500000.0,2672.0,evergreen forest,1561.601186063751,forest,857107.9827487997
Glassy Summit,FY2026-27,814000.0,183.0,evergreen forest,4.703095906160735,forest,21610.619469026547
Boones Falls,FY2026-27,1870250.0,153.0,evergreen forest,12.228049356017909,forest,149773.61396303904
Old Schoolhouse Farm,FY2026-27,216000.0,193.0,evergreen forest,95.62969808691184,forest,106758.62068965516
Chick-A-Moo Farm 1,FY2026-27,257500.0,97.0,evergreen forest,0.2223869532987398,forest,579.9549549549549
Goodwill,FY2026-27,12600000.0,737.0,evergreen forest,311.34494898784067,forest,5310611.2054329375
Hiott Farms,FY2026-27,285000.0,548.0,evergreen forest,102.52038547071903,forest,53736.19631901841
Vaught Tract II,FY2026-27,205000.0,303.0,evergreen forest,123.4247590808006,forest,84215.39600296077
Humbert Woods Nature Preserve,FY2026-27,700000.0,97.0,evergreen forest,48.91219742407164,forest,342319.7492163009
Wentzky Farm,FY2026-27,146000.0,52.0,evergreen forest,1.8812383624642937,forest,5407.407407407407
Bates House,FY2026-27,400000.0,11.0,evergreen forest,0.3135397270773823,forest,12121.21212121212
McCoy Farm,FY2026-27,435000.0,1089.0,evergreen forest,374.9573743593799,forest,148193.57445948676
Peach Shed Grains,FY2026-27,178500.0,43.0,evergreen forest,1.8812383624642937,forest,7650.000000000001
Union of Brothers,FY2026-27,115200.0,302.0,evergreen forest,116.09000558457667,forest,45078.260869565216
Milky Way Farms,FY2026-27,795000.0,177.0,evergreen forest,0.4447739065974796,forest,1987.5
Redding-Stone Farmstead Tracts,FY2026-27,100000.0,78.0,evergreen forest,4.389556179083352,forest,5303.030303030303
Buckwalter Conservation Project,FY2026-27,146660.0,239.0,evergreen forest,64.2720529002733,forest,39501.15563839702
Alewine Tract,FY2004-05,477103.0,95.9,mixed forest,22.01706060512682,forest,101358.79184549356
Alexander Tract,FY2005-06,88825.0,41.394,mixed forest,0.2223945515669375,forest,493.47222222222223
Anderson Property,FY2018-19,350000.0,314.28,mixed forest,91.40416069401134,forest,107752.80898876404
Asbury Hills,FY2006-07,3750000.0,1892.0,mixed forest,271.0989583600969,forest,551816.755190729
Asbury Hills Expansion,FY2016-17,40000.0,40.15,mixed forest,10.230149372079127,forest,10337.078651685391
Ashley River Historic Project,FY2004-05,6285000.0,12280.0,mixed forest,2.446340067236313,forest,1942.9767860154009
Barker Assoc.,FY2007-08,291534.0,1457.67,mixed forest,1.111972757834688,forest,228.83359497645213
Battle of Hanging Rock - Horton,FY2019-20,157500.0,30.84,mixed forest,2.446340067236313,forest,13750.0
Belfast Plantation - Phase 1,FY2007-08,2000000.0,2220.0,mixed forest,306.237297507673,forest,131142.85714285713
Big Rock Public Access Tract,FY2015-16,28000.0,5.89,mixed forest,0.4447891031338751,forest,2545.454545454545
Bird Point Farm,FY2007-08,120000.0,80.0,mixed forest,2.891129170370188,forest,3959.3908629441617
Blue Heron Property (Battle of Camden),FY2018-19,250000.0,294.45,mixed forest,20.682693295725198,forest,17494.356659142213
Blue Wall Connection - (Blakely & McDiarmid Tracts),FY2007-08,440000.0,136.0,mixed forest,22.90663881139457,forest,74662.27347611202
Blythe- Goodwin House,FY2005-06,114200.0,10.91,mixed forest,0.8895782062677503,forest,9719.148936170212
Boggy Branch Farms,FY2013-14,270630.0,451.05,mixed forest,28.46650260056801,forest,16440.74038917893
Boone Hall,FY2019-20,2000000.0,598.88,mixed forest,0.2223945515669375,forest,702.4938531787847
Boones Creek Oconee Bell Preserve,FY2019-20,200000.0,40.0,mixed forest,5.782258340740376,forest,30952.380952380958
"Boyd, Steve Tract",FY2014-15,775000.0,1000.0,mixed forest,51.15074686039564,forest,38783.72497824195
Bramblewood Tract,FY2018-19,340000.0,680.04,mixed forest,50.261168654127886,forest,25376.48612945839
Bunched Arrowhead Preserve Tr,FY2013-14,465000.0,64.96,mixed forest,11.342122129913816,forest,82630.66202090593
Burgess Farms Tract,FY2018-19,275000.0,1012.7,mixed forest,4.447891031338751,forest,1235.3998203054807
"Cain, Kenny Easement",FY2007-08,145000.0,114.0,mixed forest,0.6671836547008126,forest,854.6168958742632
Cane Creek Project,FY2012-13,313000.0,228.68,mixed forest,75.83654208432571,forest,91695.01718213058
Cantey Bay Tract,FY2015-16,940915.0,1881.83,mixed forest,11.564516681480752,forest,5705.84023323615
Chapman Bridge Oconee Bell Preserve,FY2019-20,550000.0,238.72,mixed forest,42.69975390085201,forest,101832.20829315332
Chauga Bluff,FY2014-15,523000.0,696.0,mixed forest,101.8567046176574,forest,75277.81269641734
Chauga Heights Tract,FY2018-19,550000.0,212.69,mixed forest,16.012407712819503,forest,42580.64516129032
ChauRam Expansion,FY2007-08,250000.0,89.46,mixed forest,10.674938475213002,forest,24793.388429752064
Chestnut Ridge Ext,FY2015-16,243250.0,304.75,mixed forest,8.673387511110565,forest,6975.551470588237
Chinquapin Greenway,FY2005-06,657128.0,43.0,mixed forest,0.6671836547008126,forest,11804.694610778444
Cleveland-Wilson Farms,FY2004-05,6370000.0,867.0,mixed forest,155.0090024421555,forest,1192236.8421052631
Comalander Tracts,FY2015-16,97805.0,391.22,mixed forest,70.05428374358533,forest,14430.245901639344
Cordova Road Tract,FY2013-14,28800.0,145.84,mixed forest,0.4447891031338751,forest,87.93893129770993
Cotton Hills Farm,FY2006-07,782500.0,870.0,mixed forest,73.83499112022326,forest,64050.7889546351
Crab Orchard Plantation,FY2007-08,563800.0,2819.0,mixed forest,5.559863789173439,forest,1097.6559457986136
Cragmoor Farms,FY2015-16,1000000.0,120.83,mixed forest,22.461849708260694,forest,188081.93668528865
Crescent- Heritage Tract,FY2004-05,2000000.0,1539.19,mixed forest,258.2000743692145,forest,341772.15189873416
Crescent Tract,FY2015-16,1020750.0,2721.97,mixed forest,2.001550964102438,forest,746.2228900982859
Crosby Farm,FY2015-16,69550.0,107.2,mixed forest,1.556761860968563,forest,1044.7424892703862
Culbertson Mill,FY2015-16,99000.0,108.78,mixed forest,4.892680134472626,forest,4673.81974248927
"Davis, J. E., Jr/Orange Grove Tract",FY2007-08,90000.0,36.7,mixed forest,3.558312825071001,forest,8780.487804878048
Dawn Plantation,FY2019-20,313650.0,731.0,mixed forest,2.891129170370188,forest,1263.541989463898
DDK Management Tract,FY2013-14,746000.0,1865.5,mixed forest,66.71836547008127,forest,27123.984971518603
Deer & Duck Tract (RFL Princess Pond),FY2013-14,500000.0,1006.95,mixed forest,0.4447891031338751,forest,219.78021978021977
DeLoach Farm,FY2015-16,255825.0,1180.0,mixed forest,0.4447891031338751,forest,97.40148486579098
Dinkins Mill Tracts,FY2013-14,620160.0,652.8,mixed forest,1.111972757834688,forest,863.2516703786191
Douglas B. Sheorn Property,FY2015-16,60800.0,152.69,mixed forest,8.22859840797669,forest,3531.554160125589
Dusty Acres Tract,FY2012-13,238840.0,238.84,mixed forest,0.2223945515669375,forest,227.0342205323194
E. Hickson Tract,FY2005-06,475000.0,318.0,mixed forest,0.8895782062677503,forest,1335.2073085031625
Edisto River/Four Hole Swamp,FY2005-06,1500000.0,2383.5,mixed forest,6.894231098575065,forest,4342.142123447567
Exley Plantation,FY2012-13,1257945.0,5031.78,mixed forest,1.111972757834688,forest,259.1670443776011
Fairfield (McCrady) Tract,FY2016-17,44450.0,177.8,mixed forest,16.679591367520317,forest,4100.553505535056
Fall Creek Chatooga,FY2005-06,47000.0,93.52,mixed forest,33.581577286607576,forest,18244.215938303343
Featherhorn Farms,FY2013-14,1200000.0,1205.63,mixed forest,8.895782062677503,forest,8852.82183696053
Floyd Tract,FY2005-06,400000.0,434.14,mixed forest,6.44944199544119,forest,6044.815007816571
For Ducks Tract,FY2014-15,96875.0,193.75,mixed forest,0.6671836547008126,forest,320.77814569536423
Forrester Tract,FY2005-06,1233000.0,38.79,mixed forest,0.4447891031338751,forest,13624.309392265191
Forty Acre Rock,FY2005-06,375617.0,521.69,mixed forest,122.98418701651649,forest,89110.33933933935
Ft. Fairlawn (Corner Investors Tr),FY2013-14,1000000.0,80.0,mixed forest,0.6671836547008126,forest,8086.253369272236
Gap Creek,FY2016-17,1700000.0,954.529,mixed forest,21.349876950426005,forest,38247.01195219123
"Garrett, Richard M.",FY2007-08,112750.0,120.0,mixed forest,0.6671836547008126,forest,607.2710951526033
Gill Creek Preserve,FY2020-21,82500.0,238.77,mixed forest,1.556761860968563,forest,542.2535211267606
Grant Meadow Tract,FY2012-13,36800.0,36.81,mixed forest,1.556761860968563,forest,1610.0
Grassy Knob Tract,FY2015-16,803000.0,776.0,mixed forest,114.53319405697285,forest,113393.1998903208
Great Falls Natural Area Project,FY2007-08,547665.0,353.0,mixed forest,15.56761860968563,forest,69450.27173913043
Green Mountain Tract,FY2012-13,135000.0,139.0,mixed forest,46.25806672592301,forest,47272.72727272727
Greenbrier Farms,FY2005-06,280000.0,123.52,mixed forest,3.335918273504064,forest,8000.0
Grey Logs Property,FY2015-16,250000.0,18.9,mixed forest,9.562965717378315,forest,109693.8775510204
Groton Uplands,FY2018-19,850000.0,13868.0,mixed forest,62.04807988717558,forest,2514.526253286963
Hamilton Ridge Tract,FY2005-06,5000000.0,13280.0,mixed forest,3.113523721937126,forest,1196.5607425514092
"Hanna Trs (Carol Hanna, Leslie Hanna 1 & 2)",FY2012-13,281000.0,1405.0,mixed forest,3.335918273504064,forest,686.7057673509288
"Harper, Andrew R Tract",FY2007-08,866594.0,4322.97,mixed forest,4.670285582905689,forest,962.3730301427815
Harrell Farm Trust Tract,FY2015-16,87254.0,290.848,mixed forest,75.39175298119183,forest,22391.450416351247
Henderson/Conestee Tract,FY2004-05,675000.0,112.42,mixed forest,7.116625650142002,forest,47368.42105263159
Hickory Hills,FY2015-16,263500.0,315.0,mixed forest,62.04807988717558,forest,51266.73640167364
Hickory Top Tract,FY2013-14,223000.0,223.85,mixed forest,0.2223945515669375,forest,223.2232232232232
High Creek Tract (Salley Tr),FY2012-13,835000.0,1704.7,mixed forest,13.566067645583193,forest,6541.870023118418
Hills Property,FY2013-14,115000.0,575.0,mixed forest,0.2223945515669375,forest,44.41869447663191
Hinson Farm Project,FY2013-14,558424.0,1726.0,mixed forest,0.6671836547008126,forest,224.5071026534441
Horse Trail Tract,FY2006-07,153500.0,170.59,mixed forest,10.230149372079127,forest,9352.3178807947
Jason Ross Tract,FY2013-14,398000.0,398.0,mixed forest,0.2223945515669375,forest,224.35174746335963
John Shirley Tract,FY2012-13,380000.0,394.0,mixed forest,30.46805356467045,forest,30659.59952885748
"Johnson, Alex H., Jr. Tract",FY2007-08,85700.0,46.5,mixed forest,0.4447891031338751,forest,352.6748971193416
Jones Gap Access Tract,FY2019-20,503626.0,97.26,mixed forest,34.02636638974145,forest,167147.02386117136
Jones Tract/Mt. Pleasant Tract,FY2007-08,343700.0,982.0,mixed forest,1.7791564125355006,forest,133.94388152766953
JRJ Farms,FY2020-21,40000.0,120.8,mixed forest,0.6671836547008126,forest,145.98540145985402
Keeowee Toxaway Ext Tract,FY2014-15,420000.0,154.0,mixed forest,30.023264461536574,forest,86830.01531393568
Keithfield,FY2015-16,318000.0,304.87,mixed forest,18.23635322848888,forest,19561.89047261816
Kel-Sam Farms (Carolyn Black Tract),FY2012-13,850000.0,921.0,mixed forest,0.6671836547008126,forest,619.383045907214
Knollwood/Longlands Plt Tract (Phase 1 - Lower Santee Tr),FY2015-16,737850.0,2951.4,mixed forest,1.3343673094016253,forest,336.8409039032185
Knowlton Farms,FY2013-14,161460.0,276.0,mixed forest,0.6671836547008126,forest,401.30903065451537
"Knowlton Farms, Forest Field Farms & Thomas DuRant",FY2012-13,316470.0,575.4,mixed forest,0.2223945515669375,forest,118.17401045556386
Lake Conestee Nature Park,FY2006-07,99800.0,81.7,mixed forest,14.900434954984815,forest,17458.48563968668
Lake Jemiki,FY2006-07,154950.0,129.16,mixed forest,7.33902020170894,forest,9147.31663685152
Landsford Addition Tract,FY2020-21,400000.0,385.35,mixed forest,163.68238995326604,forest,132195.7790749888
Langley Pond Tract,FY2006-07,648800.0,96.0,mixed forest,21.572271501992944,forest,214059.86394557825
Legacy Farms,FY2018-19,165316.5,367.37,mixed forest,0.2223945515669375,forest,102.29981435643565
Lewis (Firefly) Tract,FY2006-07,185800.0,121.5,mixed forest,28.46650260056801,forest,42317.437722419934
Liberty Hill Ph II,FY2014-15,1500000.0,1829.59,mixed forest,250.63865961593865,forest,248092.1631934253
Liberty Hill Tract,FY2012-13,1500000.0,937.0,mixed forest,476.1467349048133,forest,365109.1405184175
LOCURA Tract,FY2016-17,60250.0,241.0,mixed forest,20.682693295725198,forest,5131.181318681318
Lombard Tract,FY2012-13,55000.0,117.89,mixed forest,66.9407600216482,forest,24027.57619738752
Lyle Property,FY2019-20,143300.0,165.89,mixed forest,8.006203856409751,forest,6933.870967741935
Macdonald & Sons Farm,FY2007-08,169000.0,181.6,mixed forest,2.446340067236313,forest,1743.90243902439
Marhaygue Tract,FY2015-16,1209205.0,2418.41,mixed forest,1.111972757834688,forest,560.2321163825056
Mariwill Timber Plantation,FY2019-20,297100.0,1189.5,mixed forest,47.3700394837577,forest,12618.604187437688
Marsh Furniture Tract,FY2004-05,2000000.0,8347.0,mixed forest,2.446340067236313,forest,573.0659025787966
Mays - Epworth Conservation Area (Adams),FY2020-21,225000.0,1332.29,mixed forest,37.80707376637938,forest,6418.862225205571
"McCall, Arthur Jr. Tract",FY2014-15,700000.0,160.491,mixed forest,0.8895782062677503,forest,3927.0687237026655
McCorkle Tract,FY2005-06,410000.0,28.75,mixed forest,1.7791564125355006,forest,26666.666666666668
McDowell Creek Tract,FY2007-08,2000000.0,1877.96,mixed forest,321.3601270142248,forest,331536.0789262361
McKinney Creek Oconee Bell Preserve,FY2019-20,450000.0,195.6,mixed forest,185.69945055839287,forest,186106.98365527487
Meyer Lake,FY2020-21,1000000.0,974.0,mixed forest,1.7791564125355006,forest,1770.3031644169066
Michael Walden Tract,FY2013-14,53700.0,231.0,mixed forest,21.349876950426005,forest,4966.473988439306
Middleton Place,FY2006-07,2000000.0,4497.0,mixed forest,11.119727578346875,forest,6026.637738805519
Mike and Tina Comalander Tracts,FY2015-16,66783.0,267.13,mixed forest,50.9283523088287,forest,12156.841812400637
Mill Shoals Community Forest,FY2019-20,1650000.0,713.15,mixed forest,96.29684082848397,forest,197525.5736798452
"Miller, Eloise Tract",FY2015-16,79500.0,53.023,mixed forest,7.116625650142002,forest,10644.351464435147
Millwood Farms LLP 2 (Culler Family),FY2014-15,221918.0,522.16,mixed forest,0.2223945515669375,forest,94.715322236449
Moore Property,FY2020-21,30557.0,56.62,mixed forest,0.4447891031338751,forest,220.62815884476532
Morrow Creek Timbers,FY2020-21,150000.0,429.92,mixed forest,12.454094887748504,forest,4361.370716510904
Mtn. Bridge Passage,FY2005-06,1550000.0,175.0,mixed forest,82.28598407976689,forest,715087.2817955113
Murray Tract Phase III,FY2013-14,219096.0,1095.48,mixed forest,0.2223945515669375,forest,41.75643224699829
Myrtle Grove Plt Tract,FY2014-15,643268.0,1715.38,mixed forest,0.4447891031338751,forest,161.90989176944376
Neil McPhail Tract,FY2012-13,232187.0,117.0,mixed forest,2.223945515669376,forest,4221.581818181818
Ness Bay Tr,FY2013-14,120000.0,300.0,mixed forest,0.8895782062677503,forest,351.64835164835165
Nine  Times Tract A,FY2007-08,1500000.0,560.0,mixed forest,23.351427914528443,forest,64207.09335507542
Nine Times B&C,FY2012-13,1500000.0,1648.0,mixed forest,166.3511245720693,forest,153174.0614334471
North Enoree Watershed Tract,FY2016-17,100000.0,34.47,mixed forest,3.335918273504064,forest,9554.140127388537
Oakland Club,FY2015-16,3581730.0,11166.17,mixed forest,88.73542607520808,forest,29330.123550538738
Oconee Town Village,FY2016-17,134000.0,53.68,mixed forest,5.337469237606501,forest,12967.741935483871
Old Santee Canal,FY2020-21,270000.0,564.94,mixed forest,3.335918273504064,forest,1461.0389610389611
Paris Mountain Expansion Tract,FY2015-16,160000.0,33.431,mixed forest,5.115074686039564,forest,24052.287581699344
Persimmon Ridge Headwaters Tract,FY2016-17,125000.0,16.26,mixed forest,7.561414753275877,forest,58219.178082191786
Pettigrew Tract (Murray Tract),FY2015-16,300000.0,1044.7,mixed forest,0.4447891031338751,forest,131.2623058411726
Pine Hill/Swamp Solomons,FY2007-08,99800.0,718.0,mixed forest,5.559863789173439,forest,1034.4112769485905
Pinewood Farms,FY2013-14,175747.0,270.38,mixed forest,1.7791564125355006,forest,1158.1350906095552
Piney Mountain,FY2021-22,130000.0,40.79,mixed forest,0.2223945515669375,forest,656.5656565656566
Pinnacle Partners Tracts,FY2018-19,34330.0,137.32,mixed forest,3.558312825071001,forest,943.7800687285225
Pollard Tract (Milbury),FY2006-07,2374312.0,10398.0,mixed forest,2.223945515669376,forest,562.1669231679887
Powell Properties,FY2014-15,392142.0,364.6,mixed forest,8.006203856409751,forest,8719.649166151945
"Powell, Marion J. ""Pete"" Tract",FY2012-13,84375.0,75.0,mixed forest,0.6671836547008126,forest,881.9686411149827
Ramey Tract,FY2013-14,141156.0,128.324,mixed forest,9.340571165811378,forest,9766.971993410214
Ramsay Farms,FY2012-13,130000.0,130.0,mixed forest,14.900434954984815,forest,17420.0
Riverbend Shoals Tract,FY2012-13,290000.0,580.0,mixed forest,37.584679214812446,forest,19340.96290449881
Riverside Farms,FY2016-17,1200000.0,2120.0,mixed forest,2.446340067236313,forest,1393.139841688654
Rocky Fork Farm,FY2006-07,136500.0,130.91,mixed forest,10.89733302677994,forest,11147.5
Rocky River Nature Park,FY2012-13,75000.0,128.46,mixed forest,7.561414753275877,forest,3175.591531755915
Rocky Shoals Spider Lily Preserve,FY2015-16,100000.0,12.93,mixed forest,2.223945515669376,forest,20408.16326530612
Rogers Family Farm,FY2019-20,99539.0,496.5,mixed forest,0.4447891031338751,forest,94.84421152929968
Rose Hill Farm Phase 1,FY2007-08,750000.0,336.0,mixed forest,6.671836547008128,forest,15274.949083503056
Rosemont Plantation Expansion,FY2019-20,350000.0,123.82,mixed forest,12.009305784614629,forest,31818.18181818182
Rosemont Preservation Society,FY2007-08,45000.0,4.5,mixed forest,2.891129170370188,forest,30789.473684210527
Roxbury Park Phase II,FY2019-20,141000.0,55.88,mixed forest,0.2223945515669375,forest,575.5102040816327
S. Tyger River Blueways Tract,FY2019-20,140000.0,52.85,mixed forest,6.671836547008128,forest,13504.823151125403
Salt Point Timber Tract,FY2007-08,400000.0,1032.0,mixed forest,2.001550964102438,forest,791.7308115240814
Saluda Rivers Connector (Phase 1),FY2018-19,500000.0,181.0,mixed forest,55.59863789173439,forest,33476.16497054097
Saluda Rivers Connector (Phase II),FY2019-20,500000.0,181.0,mixed forest,55.59863789173439,forest,33476.16497054097
Saluda Rivers Gorge,FY2019-20,569988.0,225.5,mixed forest,21.572271501992944,forest,47215.06063193852
Sanctuary Timberlands Tracts,FY2019-20,88248.0,352.99,mixed forest,3.113523721937126,forest,778.9861286254729
Sanders Farm Tract,FY2012-13,83600.0,418.0,mixed forest,1.111972757834688,forest,208.37487537387835
Sandy Run Forest,FY2019-20,155000.0,237.3,mixed forest,67.38554912478209,forest,40592.048401037166
Santee River Tract,FY2013-14,2167750.0,8517.0,mixed forest,0.8895782062677503,forest,220.9340841338192
SCWA Tract,FY2013-14,390000.0,390.0,mixed forest,0.2223945515669375,forest,239.41068139963167
Segars Mill Pond Tract,FY2006-07,2443389.0,533.88,mixed forest,6.671836547008128,forest,18117.071181413743
Shinco Chauga Tract,FY2012-13,402000.0,402.0,mixed forest,78.50527670312896,forest,78792.8928373126
Silver Bluff Audubon Center and Sanctuary,FY2015-16,812608.0,3250.43,mixed forest,6.671836547008128,forest,1637.3322587144874
Simkins River Farm,FY2013-14,523600.0,2617.0,mixed forest,20.23790419259132,forest,4123.5482475119
"Simmons, Kenneth Tract (Birchwood Farms)",FY2012-13,364500.0,405.5,mixed forest,4.225496479771814,forest,3822.019867549669
Smith Ford Farm,FY2020-21,321472.0,446.32,mixed forest,18.90353688318969,forest,17316.29911280101
South Saluda Trout Fishing (Jones Tree Farm),FY2013-14,97000.0,27.45,mixed forest,3.780707376637938,forest,12684.615384615385
Stuck 2020 Property,FY2019-20,347554.0,2700.0,mixed forest,260.6464144364508,forest,39054.00651965484
Stumphouse Mountain,FY2006-07,1227150.0,439.6,mixed forest,56.71061064956909,forest,157089.98493975904
Stumphouse Mountain Expansion,FY2019-20,898527.0,791.8,mixed forest,147.00279858574575,forest,170815.745470233
Tall Pines Tract,FY2015-16,3000000.0,1757.0,mixed forest,271.32135291166384,forest,466717.6740627391
Ten Oaks Timberlands Tract,FY2015-16,31356.0,104.52,mixed forest,23.57382246609538,forest,4845.096209912535
Terry Andrews,FY2007-08,761805.0,1539.0,mixed forest,0.2223945515669375,forest,106.78511354079058
Thompson J. Bradford Property/Timberhaven,FY2007-08,215000.0,878.0,mixed forest,46.03567217435607,forest,11269.94175740694
Timberhaven (Thompson II),FY2016-17,132500.0,516.64,mixed forest,8.006203856409751,forest,2074.8151370160936
Tokeena Crossroads,FY2006-07,2695745.0,1107.87,mixed forest,32.69199908033982,forest,79286.61764705881
Toole Tract,FY2007-08,250000.0,349.39,mixed forest,1.3343673094016253,forest,912.4087591240876
Top of South Carolina Tract,FY2015-16,550000.0,66.5,mixed forest,51.37314141196258,forest,404617.8343949045
Townes/S. Saluda,FY2005-06,965000.0,585.61,mixed forest,35.58312825071001,forest,57892.76340457442
Van Watts Tract,FY2013-14,362338.0,724.67,mixed forest,51.59553596352952,forest,24190.62330935252
Wallace Farm,FY2016-17,100000.0,347.67,mixed forest,3.558312825071001,forest,1029.6010296010295
"Walters, Rainey",FY2007-08,71250.0,80.7,mixed forest,1.7791564125355006,forest,1532.2580645161293
Waterloo Tract,FY2006-07,289450.0,406.0,mixed forest,56.265821546435205,forest,39584.24324324324
Westervelt Timber,FY2014-15,2483600.0,12418.0,mixed forest,0.4447891031338751,forest,88.75547217010632
Whaley Property,FY2007-08,200000.0,94.2,mixed forest,24.241006120796197,forest,52403.84615384615
White Plains Tract,FY2020-21,275000.0,121.58,mixed forest,1.111972757834688,forest,2579.737335834897
Wild Turkey Creek Tract,FY2019-20,74232.0,329.92,mixed forest,2.891129170370188,forest,658.2646657571622
Willow Oaks Tract,FY2012-13,195000.0,195.06,mixed forest,2.446340067236313,forest,2523.529411764706
Willtown (Knox) - ACE Basin,FY2020-21,250000.0,2101.27,mixed forest,2.891129170370188,forest,347.7423496683072
Woodbury Tract,FY2005-06,5000000.0,25668.0,mixed forest,0.2223945515669375,forest,43.22380421345643
Altamont Ridge,FY2021-22,90000.0,9.56,mixed forest,0.6671836547008126,forest,6279.069767441862
Calico Vineyard,FY2021-22,225000.0,112.54,mixed forest,13.343673094016255,forest,26574.8031496063
Gobblers Roost,FY2021-22,393506.0,1020.08,mixed forest,32.24720997720595,forest,12540.3010989011
Graham Family Tract,FY2021-22,242000.0,20.7,mixed forest,6.44944199544119,forest,74659.5744680851
Green Creek on Scenic 11,FY2021-22,90000.0,16.22,mixed forest,2.6687346188032506,forest,19285.714285714286
River Falls,FY2021-22,650000.0,170.97,mixed forest,67.60794367634902,forest,256290.5317769131
Whetstone Hill,FY2021-22,34500.0,38.12,mixed forest,0.4447891031338751,forest,403.50877192982455
YLASI Property,FY2021-22,150000.0,315.42,mixed forest,20.01550964102438,forest,9897.360703812315
Mays-Epworth Conservation Area (Turner),FY2021-22,86500.0,216.25,mixed forest,8.450992959543628,forest,3360.940695296524
Watson Farm,FY2021-22,235000.0,701.74,mixed forest,10.674938475213002,forest,1178.6833855799373
Woodsend Park and Open Space,FY2021-22,1000000.0,86.32,mixed forest,10.230149372079127,forest,107476.63551401868
Core Bunched Arrowhead Preserve,FY2019-20,40000.0,16.72,mixed forest,0.2223945515669375,forest,526.3157894736842
Bobwhite Hills,FY2021-22,850000.0,773.99,mixed forest,5.782258340740376,forest,6496.17871840094
Cedar Mountain,FY2021-22,500000.0,141.0,mixed forest,6.894231098575065,forest,25000.0
Tyger River Confluence,FY2021-22,157500.0,200.78,mixed forest,71.83344015612083,forest,57095.9595959596
North Fork Edisto Tract,FY2021-22,49950.0,36.71,mixed forest,0.6671836547008126,forest,891.9642857142857
Berkeley Orchard,FY2022-23,162500.0,4.41,mixed forest,0.2223945515669375,forest,7738.0952380952385
Fishing Creek Tract,FY2022-23,125000.0,110.48,mixed forest,1.556761860968563,forest,1819.1268191268196
Historic Glendale Mill,FY2022-23,785000.0,16.49,mixed forest,0.6671836547008126,forest,33169.01408450704
Oakville / Burden Creek,FY2022-23,500000.0,90.16,mixed forest,0.2223945515669375,forest,1179.245283018868
Hazelwood Farm,FY2022-23,78050.0,178.1,mixed forest,7.783809304842815,forest,3299.21497584541
Carter Property,FY2022-23,110000.0,46.0,mixed forest,17.12438047065419,forest,44114.583333333336
Shiloh Ridge at Paris Mountain,FY2022-23,750000.0,149.88,mixed forest,5.337469237606501,forest,26986.50674662668
Black River State Park: Sims Reach (Colonial Properties),FY2022-23,300000.0,143.22,mixed forest,0.2223945515669375,forest,476.9475357710652
Santee River - Dawhoo and Wadmacon Creek Tract,FY2022-23,645000.0,1742.55,mixed forest,0.4447891031338751,forest,173.9247674261831
Blackwell Farm,FY2022-23,137500.0,50.28,mixed forest,2.6687346188032506,forest,7300.884955752213
Eastatoe Headwaters,FY2022-23,45000.0,26.61,mixed forest,7.116625650142002,forest,12631.578947368424
Eureka Preserve,FY2022-23,350000.0,601.46,mixed forest,20.90508784729213,forest,12171.6611172771
Little Eastatoee on Scenic Hwy 11,FY2022-23,400000.0,234.72,mixed forest,80.06203856409752,forest,137535.81661891117
Congaree Creek Heritage Preserve Addition,FY2022-23,7000000.0,575.81,mixed forest,21.572271501992944,forest,258765.24390243905
Woodcock Woods,FY2022-23,300000.0,31.64,mixed forest,3.335918273504064,forest,31250.0
Salters Property,FY2022-23,385000.0,626.0,mixed forest,2.001550964102438,forest,1266.4473684210525
Saluda Dam Acres,FY2022-23,275000.0,69.59,mixed forest,4.003101928204876,forest,15230.769230769229
Bishop Branch Pastures,FY2022-23,145800.0,64.73,mixed forest,0.8895782062677503,forest,2011.0344827586207
Independence Farm,FY2022-23,650000.0,498.22,mixed forest,0.2223945515669375,forest,295.99271402550096
Triple Oak Farm,FY2022-23,150000.0,91.79,mixed forest,6.671836547008128,forest,11056.511056511055
Jenkins House,FY2022-23,280000.0,9.23,mixed forest,1.7791564125355006,forest,52093.02325581396
Bradham Tract - SC Liberty Trail,FY2022-23,124000.0,4.29,mixed forest,0.6671836547008126,forest,20666.666666666668
Hammonds Store Battlefield,FY2022-23,80000.0,30.0,mixed forest,5.782258340740376,forest,17049.18032786885
Halfway Swamp Creek,FY2022-23,175000.0,288.37,mixed forest,38.25186286951326,forest,23813.2911392405
Fort Motte Cliffs,FY2022-23,400000.0,400.0,mixed forest,13.566067645583193,forest,14235.705950991834
Gilstrap Mountain (Scenic Hwy 11),FY2022-23,500000.0,166.18,mixed forest,48.48201224159239,forest,145139.81358189083
Poinsett Bridge Expansion Tracts - Southern Blue Ridge Escarpment (Boy Scouts of America),FY2023-24,700000.0,287.6,mixed forest,1.556761860968563,forest,3804.347826086957
White Branch on Scenic 11,FY2022-23,350000.0,159.0,mixed forest,52.262719618230335,forest,108509.23482849606
Nine Times Cove,FY2023-24,20000.0,4.15,mixed forest,0.6671836547008126,forest,3750.0
Cedar Mountain Expansion,FY2022-23,160000.0,24.17,mixed forest,5.115074686039564,forest,34074.07407407407
Daus - Knights Hill,FY2022-23,500000.0,1010.27,mixed forest,88.73542607520808,forest,45197.10013593113
Ingleside Park,FY2023-24,1000000.0,445.8,mixed forest,0.6671836547008126,forest,1494.7683109118086
Twin Ponds,FY2023-24,156000.0,91.69,mixed forest,7.116625650142002,forest,11885.714285714286
Dalzell Bay,FY2023-24,80000.0,61.1,mixed forest,0.8895782062677503,forest,1221.3740458015266
Saluda Bluffs,FY2023-24,9000000.0,1090.0,mixed forest,53.59708692763196,forest,451029.3200249532
Hazelwood Farm 2,FY2023-24,215000.0,373.43,mixed forest,13.78846219715013,forest,7064.122946475888
George Aull Expansion Clemson Forest,FY2023-24,1200000.0,82.47,mixed forest,11.119727578346875,forest,156250.0
Catawba - Nisbet Tract,FY2023-24,3800000.0,596.36,mixed forest,50.261168654127886,forest,319137.8669639539
Blakely South Saluda,FY2005-06,135000.0,50.0,mixed forest,2.001550964102438,forest,5497.7375565610855
Horsepen Creek II,FY2023-24,76500.0,31.72,mixed forest,0.2223945515669375,forest,484.1772151898735
Seawright-Drake Homestead (Fleming),FY2023-24,50000.0,75.74,mixed forest,8.895782062677503,forest,5797.101449275362
Stillwell Homeplace Farm,FY2023-24,62699.0,197.79,mixed forest,0.2223945515669375,forest,51.73184818481848
Blue Branch Farm,FY2023-24,400000.0,381.1,mixed forest,96.74162993161784,forest,98695.40555870676
Possum Holler,FY2023-24,106500.0,79.4,mixed forest,12.231700336181566,forest,16316.155988857938
D. Brown Land and Timber LLC,FY2023-24,103850.0,308.46,mixed forest,46.25806672592301,forest,15836.363636363634
Brown Mountain,FY2023-24,2145610.0,572.71,mixed forest,19.34832598632357,forest,71084.5658796649
Forty Acre Rock Farm,FY2023-24,195000.0,97.08,mixed forest,3.780707376637938,forest,7534.090909090909
Hope Station LLC,FY2023-24,573100.0,1081.34,mixed forest,47.59243403532464,forest,25054.83146067416
Cedarleaf Farm,FY2023-24,90000.0,64.96,mixed forest,20.01550964102438,forest,27457.627118644064
Short Branch,FY2023-24,1310000.0,218.75,mixed forest,3.335918273504064,forest,21498.905908096283
Warren Hooper,FY2023-24,85000.0,53.1,mixed forest,30.24565901310351,forest,50260.86956521739
Oakland Plantation,FY2023-24,602500.0,52.06,mixed forest,3.558312825071001,forest,41551.72413793104
Hereford Hill Farm,FY2023-24,170000.0,101.41,mixed forest,3.335918273504064,forest,5654.10199556541
Shaws Creek Preserve,FY2023-24,1900000.0,2657.63,mixed forest,46.92525038062382,forest,33545.31001589825
Shealy Farm,FY2023-24,242000.0,339.44,mixed forest,7.116625650142002,forest,5211.305518169583
Pearl Bottoms,FY2023-24,143000.0,60.3,mixed forest,1.3343673094016253,forest,3262.3574144486693
Harrison Street Properties Purchase,FY2023-24,165000.0,12.61,mixed forest,2.446340067236313,forest,29754.09836065573
Harrell Family Park,FY2023-24,2500000.0,156.41,mixed forest,0.4447891031338751,forest,6418.485237483955
Korn Tract,FY2023-24,1090000.0,302.32,mixed forest,0.2223945515669375,forest,802.6509572901325
Tyger Oak Property,FY2023-24,23000000.0,945.91,mixed forest,79.83964401253058,forest,1970644.3914081145
Gregorie Neck,FY2023-24,2000000.0,4409.3,mixed forest,1.7791564125355006,forest,801.2820512820513
Searles Family Homeplace,FY2023-24,330000.0,991.8,mixed forest,23.57382246609538,forest,7899.728997289973
Thrailkill Farm,FY2024-25,1600000.0,1063.06,mixed forest,81.17401132193221,forest,121997.07541257572
Eastatoee Ridge on Scenic Highway 11,FY2024-25,935000.0,106.82,mixed forest,38.4742574210802,forest,354725.8771929824
Camp Awanita,FY2024-25,950000.0,483.99,mixed forest,14.010856748717067,forest,27479.33884297521
Keowee Ridge,FY2024-25,130000.0,66.93,mixed forest,9.562965717378315,forest,18885.135135135133
Joanna Park Tract,FY2024-25,700000.0,334.9,mixed forest,5.115074686039564,forest,10726.18254497002
McCannon Farms,FY2024-25,370000.0,178.79,mixed forest,5.115074686039564,forest,10650.813516896118
Four Leaf Farm,FY2024-25,250000.0,170.27,mixed forest,13.343673094016255,forest,19230.76923076923
Black River SP - Mingo Creek,FY2024-25,244378.0,664.32,mixed forest,0.8895782062677503,forest,318.4078175895765
Morrow Creek Timbers Addition,FY2024-25,65000.0,236.9,mixed forest,4.892680134472626,forest,1340.2061855670104
Horse Gap Forest,FY2024-25,105000.0,69.6,mixed forest,12.231700336181566,forest,17714.723926380368
Dogwood Hill Farm,FY2024-25,400000.0,182.29,mixed forest,0.8895782062677503,forest,2005.012531328321
Snow's Island Addition,FY2024-25,5229080.0,2584.26,mixed forest,0.2223945515669375,forest,451.5613126079447
Horsepen Creek I,FY2024-25,165000.0,46.0,mixed forest,4.225496479771814,forest,15675.0
Old Blair Road (Lina Marston),FY2024-25,72000.0,131.0,mixed forest,4.225496479771814,forest,2464.864864864865
Stewart Tract,FY2024-25,86950.0,174.0,mixed forest,12.89888399088238,forest,6440.740740740742
AB Farms,FY2024-25,412500.0,126.0,mixed forest,0.2223945515669375,forest,717.3913043478261
Glassy Mountain Foothills - Scenic Highway 11,FY2024-25,2500000.0,365.0,mixed forest,36.6951010085447,forest,263746.8030690537
Broad River Preserve,FY2024-25,760000.0,1040.78,mixed forest,39.58623017891489,forest,29111.2545728427
Saluda Gorge - Phase II,FY2024-25,1000000.0,190.0,mixed forest,30.690448116237384,forest,163120.56737588652
Fall Creek Headwaters,FY2024-25,115000.0,108.25,mixed forest,58.71216161367152,forest,69473.6842105263
Watson Farm,FY2024-25,565000.0,358.73,mixed forest,10.674938475213002,forest,2833.855799373041
McClain Farm,FY2024-25,187600.0,72.46,mixed forest,4.892680134472626,forest,12320.0
Alcorn Timber,FY2024-25,135000.0,166.47,mixed forest,12.67648943931544,forest,10219.123505976097
Sadler Farms,FY2024-25,325000.0,264.8,mixed forest,57.3777943042699,forest,77710.84337349398
Grimshaw Farm,FY2024-25,145000.0,122.61,mixed forest,1.7791564125355006,forest,2097.649186256781
Pipsissewa Passage - Paris Mountain,FY2024-25,2400000.0,65.42,mixed forest,4.225496479771814,forest,150993.37748344374
Oconee Station Connector,FY2024-25,122500.0,63.97,mixed forest,8.673387511110565,forest,16085.85858585859
Burch's Mill,FY2024-25,1250000.0,374.64,mixed forest,4.225496479771814,forest,14069.905213270142
Price Family Farm,FY2024-25,205000.0,199.17,mixed forest,39.58623017891489,forest,40862.26203807391
Young's Farm,FY2024-25,100000.0,224.72,mixed forest,0.2223945515669375,forest,98.91196834817012
Rivers Farm 1,FY2024-25,885000.0,668.97,mixed forest,0.8895782062677503,forest,1191.5180074049142
Burrows Farm 1,FY2024-25,288000.0,284.3,mixed forest,1.556761860968563,forest,1571.3172252533127
Harrison Farm,FY2024-25,215000.0,106.71,mixed forest,0.4447891031338751,forest,924.7311827956988
Saluda Grade Trail,FY2024-25,750000.0,373.71,mixed forest,3.113523721937126,forest,6302.5210084033615
Parris Family Farm,FY2024-25,630000.0,148.65,mixed forest,4.670285582905689,forest,18660.08462623413
Dean Acres,FY2024-25,112000.0,141.11,mixed forest,17.12438779695863,forest,14616.949152542373
Caesars Headwaters,FY2025-26,820000.0,26.29,mixed forest,14.455652036393648,forest,451694.9152542373
Lever Farms,FY2025-26,187500.0,115.74,mixed forest,34.026380947203506,forest,52541.20879120878
Wilson Ridge Farm,FY2025-26,640000.0,424.12,mixed forest,94.29533020662932,forest,144571.1241342568
Broad River Conservation @Alston,FY2025-26,725000.0,109.33,mixed forest,4.8926822277024655,forest,33649.78902953587
Cedar Hill Farm,FY2025-26,300000.0,312.9,mixed forest,23.129043258229835,forest,22301.644031451036
Keller Tracks,FY2025-26,129100.0,271.79,mixed forest,27.13214689907731,forest,13005.945499587117
Ninety Six Creek,FY2025-26,78000.0,68.82,mixed forest,4.447892934274969,forest,4984.025559105432
Stevenson Century Farm,FY2025-26,200000.0,132.8,mixed forest,12.67649486268366,forest,19826.08695652174
Pipsissewa Passage - II,FY2025-26,350000.0,15.46,mixed forest,0.66718394014,forest,15441.176511661688
Pipsissewa Passage - III,FY2025-26,150000.0,7.85,mixed forest,2.0015518204,forest,29347.826086716028
Keese Family Farm,FY2025-26,812000.0,556.68,mixed forest,42.6997721690397,forest,62137.903547229966
Broad Arrow Landing,FY2025-26,800000.0,903.61,mixed forest,2.4463411138512328,forest,2190.6895693303463
Gillian Farms - J.Paul Rd,FY2025-26,95000.0,42.33,mixed forest,0.4447892934274968,forest,1000.0
Gillian Farms - Bodie Rd,FY2025-26,256000.0,170.66,mixed forest,12.009310922542417,forest,17768.637532133675
Duck Creek - Saluda Bluffs,FY2025-26,400000.0,28.0,mixed forest,0.6671839401412453,forest,9160.30534351145
LeMaster Grain and Cattle,FY2025-26,860000.0,379.08,mixed forest,76.2813638228157,forest,170311.77829099307
Moore Farm at Horsepen Creek,FY2025-26,780000.0,110.8,mixed forest,0.2223946467137484,forest,1572.5806451612902
Evergreen LLC - Little Lynches River Tract,FY2025-26,138450.0,150.82,mixed forest,1.7791571737099874,forest,1670.5882352941176
Ashley River - Barry Tract,FY2025-26,100000.0,67.02,mixed forest,2.001551820423736,forest,2980.1324503311257
Red Fern,FY2025-26,264000.0,302.02,mixed forest,5.115076874416214,forest,4270.042194092827
Mayadinya-in-the-Pines Conservation Easement,FY2025-26,34825.0,76.12,mixed forest,6.671839401412453,forest,2968.0397727272725
Echols Farm,FY2025-26,175000.0,72.61,mixed forest,8.45099657512244,forest,20151.51515151515
RML Timber,FY2025-26,872625.0,1219.03,mixed forest,106.30464112917176,forest,77300.73202372128
Sellers Tract,FY2025-26,20500.0,222.0,mixed forest,1.1119732335687422,forest,99.90253411306044
Meadow Woods Farm,FY2025-26,160000.0,124.0,mixed forest,49.5940062171659,forest,65588.23529411765
Eidson Family Timberland,FY2025-26,175000.0,695.0,mixed forest,64.49444754698705,forest,16450.567260940035
AM-PM Farms,FY2025-26,1500000.0,419.0,mixed forest,2.4463411138512328,forest,7695.895522388059
Walnut Grove Plantation,FY2025-26,1305500.0,779.0,mixed forest,32.914407713634766,forest,54000.55897149245
Duck Haven,FY2025-26,250000.0,147.0,mixed forest,28.0217254859323,forest,47945.20547945205
Big Garvin Creek Farm,FY2025-26,317000.0,253.0,mixed forest,9.562969808691182,forest,12094.942324755988
Oscar's Place,FY2025-26,80000.0,50.0,mixed forest,0.2223946467137484,forest,355.5555555555555
Kidd Family Farm,FY2025-26,264100.0,296.0,mixed forest,82.28601928408692,forest,70963.68917937545
Whiten Farms,FY2025-26,375000.0,156.0,mixed forest,9.562969808691182,forest,23068.669527896996
Thomason Farm,FY2025-26,378000.0,219.0,mixed forest,13.566073449538656,forest,23820.247933884297
Shelton Wood,FY2025-26,94500.0,219.0,mixed forest,73.83502270896447,forest,32444.674250258533
Bradley Property,FY2025-26,91200.0,43.0,mixed forest,20.460307497664857,forest,41129.41176470588
Reedy Cove at Twin Falls,FY2025-26,20000.0,3.0,mixed forest,2.001551820423736,forest,18000.0
Santuc Farm,FY2025-26,340800.0,387.0,mixed forest,53.81950450472712,forest,47838.5150812065
Felker Farm,FY2025-26,225000.0,248.0,mixed forest,41.58779893547096,forest,37433.27402135232
Piedmont River Park,FY2025-26,33000.0,6.0,mixed forest,0.6671839401412453,forest,1941.176470588236
Long Branch Conservation,FY2025-26,100000.0,17.0,mixed forest,0.6671839401412453,forest,3750.000000000001
Little Rock Mountain,FY2025-26,256400.0,53.0,mixed forest,15.34523062324864,forest,74964.406779661
Table Rock State Park - Hutto Tract,FY2025-26,78000.0,5.0,mixed forest,2.4463411138512328,forest,37304.34782608695
Kirkwood Farm,FY2025-26,264618.0,373.0,mixed forest,55.15387238500961,forest,38923.64412811388
Jamari at Hanging Rock,FY2025-26,522500.0,160.0,mixed forest,18.902891030392883,forest,61174.24242424242
Camden Battlefield,FY2004-05,341250.0,310.0,mixed forest,4.447891,forest,3192.2357202323424
Camden Battleground Trust,FY2007-08,106052.0,161.0,mixed forest,215.055531,forest,4335.332226273513
Sky Ranche,FY2025-26,1105000.0,130.0,mixed forest,3.7805782060785766,forest,34981.378026070764
Altamont Pass,FY2025-26,1000000.0,88.0,mixed forest,6.893995552260934,forest,76543.20987654322
Wheeler Farm,FY2025-26,744000.0,887.0,mixed forest,147.44765077121522,forest,134041.30434782608
Utsey Tract,FY2025-26,500000.0,296.74,mixed forest,1.3343678802824903,forest,2233.804914370812
Frohlich Farm,FY2025-26,3465000.0,184.0,mixed forest,11.56412157153447,forest,226926.952141058
Boones Creek Expansion,FY2025-26,20000.0,1.0,mixed forest,0.4447739065974796,forest,8000.0
Tokeena Angus,FY2025-26,160000.0,99.0,mixed forest,0.4447892934274968,forest,761.9047619047618
Flat Grove Farm,FY2025-26,223500.0,232.0,mixed forest,33.80281690140845,forest,32049.056603773584
Forest View,FY2025-26,4850000.0,590.0,mixed forest,22.68346923647146,forest,187032.1361058601
River Oaks,FY2025-26,950000.0,699.0,mixed forest,0.2223869532987398,forest,303.6113774368808
King Family Lynches Tract,FY2025-26,305000.0,546.0,mixed forest,0.2223869532987398,forest,123.33198544278206
Blue Heron LLC - Liberty Hill WMA Addition,FY2025-26,6566000.0,2006.0,mixed forest,199.0,forest,654298.4476715073
Ulmer Farms 1,FY2026-27,165830.0,321.0,mixed forest,0.4447892934274968,forest,230.8002783576896
Tindal Farm - Home Place,FY2026-27,510000.0,412.0,mixed forest,0.6671608598962194,forest,761.5729218516674
Glassy Summit,FY2026-27,814000.0,183.0,mixed forest,5.330175360315499,forest,24492.035398230084
Boones Falls,FY2026-27,1870250.0,153.0,mixed forest,28.84565489111917,forest,353312.1149897331
Old Schoolhouse Farm,FY2026-27,216000.0,193.0,mixed forest,3.3359197007062265,forest,3724.137931034483
Chick-A-Moo Farm 1,FY2026-27,257500.0,97.0,mixed forest,2.446256486286138,forest,6379.504504504504
Mountain Bridge East,FY2026-27,400000.0,38.0,mixed forest,0.6270794541547646,forest,7339.449541284404
Goodwill,FY2026-27,12600000.0,737.0,mixed forest,48.91219742407164,forest,834295.4159592527
Hiott Farms,FY2026-27,285000.0,548.0,mixed forest,0.6671608598962194,forest,349.69325153374234
Vaught Tract II,FY2026-27,205000.0,303.0,mixed forest,0.4447739065974796,forest,303.47890451517395
Humbert Woods Nature Preserve,FY2026-27,700000.0,97.0,mixed forest,3.762476724928588,forest,26332.28840125392
Wentzky Farm,FY2026-27,146000.0,52.0,mixed forest,2.194778089541676,forest,6308.641975308642
Bates House,FY2026-27,400000.0,11.0,mixed forest,2.194778089541676,forest,84848.48484848483
McCoy Farm,FY2026-27,435000.0,1089.0,mixed forest,2.2239464671374845,forest,878.9654475651647
Bishop Branch Farm,FY2026-27,280000.0,117.0,mixed forest,1.556762526996239,forest,3531.531531531532
Peach Shed Grains,FY2026-27,178500.0,43.0,mixed forest,1.8812383624642937,forest,7650.000000000001
Union of Brothers,FY2026-27,115200.0,302.0,mixed forest,98.07603920076306,forest,38083.35832083958
Milky Way Farms,FY2026-27,795000.0,177.0,mixed forest,3.7805782060785766,forest,16893.75
Redding-Stone Farmstead Tracts,FY2026-27,100000.0,78.0,mixed forest,4.703095906160735,forest,5681.818181818182
Buckwalter Conservation Project,FY2026-27,146660.0,239.0,mixed forest,4.003103640847471,forest,2460.279589934762
Ashley River Historic Project,FY2004-05,6285000.0,12280.0,shrub/scrub,219.94821149970124,shrub & grass,174691.27648811197
Avins Tract,FY2012-13,431130.0,431.13,shrub/scrub,6.671836547008128,shrub & grass,6782.328264289461
Bailey Mill,FY2015-16,493500.0,1645.52,shrub/scrub,139.44138383246988,shrub & grass,43373.21278385199
Barker Assoc.,FY2007-08,291534.0,1457.67,shrub/scrub,46.48046127748995,shrub & grass,9565.2442700157
Batten Boggy Tract,FY2006-07,63000.0,315.25,shrub/scrub,10.89733302677994,shrub & grass,2172.4137931034484
Battle of Parker's Ferry - Liberty Trail,FY2020-21,55180.0,31.0,shrub/scrub,1.3343673094016253,shrub & grass,2178.157894736842
Baxley Tract,FY2004-05,794626.0,979.0,shrub/scrub,0.2223945515669375,shrub & grass,180.9257741347905
Belfast Plantation - Phase 1,FY2007-08,2000000.0,2220.0,shrub/scrub,48.03722313845852,shrub & grass,20571.42857142857
Big Cypress Plantation,FY2015-16,434000.0,1232.94,shrub/scrub,1.3343673094016253,shrub & grass,487.5491480996066
Big Snooks Tract,FY2018-19,48485.0,288.0,shrub/scrub,5.559863789173439,shrub & grass,951.432496075353
Black Creek Plantation,FY2018-19,356400.0,864.0,shrub/scrub,8.673387511110565,shrub & grass,3631.983276718056
Black River State Park - Phase I,FY2019-20,784600.0,310.67,shrub/scrub,1.111972757834688,shrub & grass,2752.982456140351
Black River State Park - Phase II,FY2021-22,435000.0,816.35,shrub/scrub,2.001550964102438,shrub & grass,1032.4367088607594
Black River State Park - Phase III (RMS South Tract),FY2021-22,450000.0,738.44,shrub/scrub,74.27978022335715,shrub & grass,47219.60414703111
Black Swamp Plantation,FY2007-08,406200.0,2031.0,shrub/scrub,47.14764493219076,shrub & grass,9497.562589610674
Blackmon Tract,FY2006-07,424661.0,129.71,shrub/scrub,14.455645851850942,shrub & grass,46548.00168634064
Blue Heron Property (Battle of Camden),FY2018-19,250000.0,294.45,shrub/scrub,0.2223945515669375,shrub & grass,188.11136192626037
Boggy Branch Farms,FY2013-14,270630.0,451.05,shrub/scrub,3.558312825071001,shrub & grass,2055.092548647366
Boone Hall,FY2019-20,2000000.0,598.88,shrub/scrub,1.556761860968563,shrub & grass,4917.4569722514925
Bowers Tract,FY2007-08,180195.0,900.978,shrub/scrub,130.76799632135928,shrub & grass,25586.732673267325
"Boyd, Steve Tract",FY2014-15,775000.0,1000.0,shrub/scrub,17.12438047065419,shrub & grass,12984.116623150563
Bramblewood Tract,FY2018-19,340000.0,680.04,shrub/scrub,16.901985919087256,shrub & grass,8533.685601056804
Bryan Dairy,FY2006-07,212500.0,951.0,shrub/scrub,1.111972757834688,shrub & grass,266.0906586526421
Bugby Tract,FY2006-07,800000.0,906.0,shrub/scrub,9.11817661424444,shrub & grass,7497.142857142858
Burbage Farm,FY2015-16,36900.0,117.95,shrub/scrub,0.2223945515669375,shrub & grass,69.88636363636364
Burgess Farms Tract,FY2018-19,275000.0,1012.7,shrub/scrub,2.223945515669376,shrub & grass,617.6999101527404
Cane Creek Project,FY2012-13,313000.0,228.68,shrub/scrub,5.115074686039564,shrub & grass,6184.707903780069
Cannon Tract,FY2006-07,200000.0,144.28,shrub/scrub,0.4447891031338751,shrub & grass,616.3328197226504
Cantey Bay Tract,FY2015-16,940915.0,1881.83,shrub/scrub,78.72767125469589,shrub & grass,38843.60466472303
Chapman Bridge Oconee Bell Preserve,FY2019-20,550000.0,238.72,shrub/scrub,0.4447891031338751,shrub & grass,1060.7521697203472
Chauga Bluff,FY2014-15,523000.0,696.0,shrub/scrub,2.6687346188032506,shrub & grass,1972.3444374607168
ChauRam Expansion,FY2007-08,250000.0,89.46,shrub/scrub,0.2223945515669375,shrub & grass,516.5289256198347
Chestnut Ridge Ext,FY2015-16,243250.0,304.75,shrub/scrub,0.2223945515669375,shrub & grass,178.86029411764707
Chisolm Plantation (Ackerman & Lesesne Tracts),FY2007-08,500000.0,5087.0,shrub/scrub,8.895782062677503,shrub & grass,1726.2213015708614
Cleveland-Wilson Farms,FY2004-05,6370000.0,867.0,shrub/scrub,7.116625650142002,shrub & grass,54736.84210526315
Comalander Tracts,FY2015-16,97805.0,391.22,shrub/scrub,64.04963085127801,shrub & grass,13193.367681498828
Combahatchie Family Tract,FY2015-16,165300.0,550.98,shrub/scrub,59.37934526837233,shrub & grass,17832.363636363632
Cope Tract,FY2015-16,141050.0,806.0,shrub/scrub,0.8895782062677503,shrub & grass,154.4483985765125
Copeland Tract,FY2012-13,162488.0,812.44,shrub/scrub,50.70595775726176,shrub & grass,9782.747293372062
Cordova Road Tract,FY2013-14,28800.0,145.84,shrub/scrub,8.450992959543628,shrub & grass,1670.8396946564887
Cotton Hall/Mount Repose,FY2007-08,442000.0,2210.0,shrub/scrub,17.791564125355006,shrub & grass,3742.987191701069
Cotton Hills Farm,FY2006-07,782500.0,870.0,shrub/scrub,6.44944199544119,shrub & grass,5594.797830374754
Crab Orchard Plantation,FY2007-08,563800.0,2819.0,shrub/scrub,89.84739883304277,shrub & grass,17738.120084105594
Crescent- Heritage Tract,FY2004-05,2000000.0,1539.19,shrub/scrub,1.556761860968563,shrub & grass,2060.64174271416
Crescent Tract,FY2015-16,1020750.0,2721.97,shrub/scrub,96.07444627691704,shrub & grass,35818.69872471773
Crosby Tract,FY2012-13,126200.0,631.0,shrub/scrub,1.7791564125355006,shrub & grass,359.28825622775804
Cypress Creek II,FY2006-07,727250.0,2909.84,shrub/scrub,76.72612029059346,shrub & grass,19404.58236658933
Cypress Creek III,FY2006-07,86500.0,346.0,shrub/scrub,55.15384878860052,shrub & grass,14445.791245791246
"Davis, J. E., Jr/Orange Grove Tract",FY2007-08,90000.0,36.7,shrub/scrub,0.8895782062677503,shrub & grass,2195.121951219512
Dawn Plantation,FY2019-20,313650.0,731.0,shrub/scrub,25.35297887863088,shrub & grass,11080.291292221878
DDK Management Tract,FY2013-14,746000.0,1865.5,shrub/scrub,7.33902020170894,shrub & grass,2983.6383468670465
Deer & Duck Tract (RFL Princess Pond),FY2013-14,500000.0,1006.95,shrub/scrub,1.3343673094016253,shrub & grass,659.3406593406593
Deer Park Tract,FY2014-15,489825.0,2177.0,shrub/scrub,60.49131802620702,shrub & grass,13437.458396369137
DeLoach Farm,FY2015-16,255825.0,1180.0,shrub/scrub,39.808624730481824,shrub & grass,8717.432895488291
Dinkins Mill Tracts,FY2013-14,620160.0,652.8,shrub/scrub,11.78691123304769,shrub & grass,9150.467706013362
Dixon Family Tracts,FY2014-15,200625.0,535.0,shrub/scrub,12.67648943931544,shrub & grass,4557.841769629335
Douglas B. Sheorn Property,FY2015-16,60800.0,152.69,shrub/scrub,10.452543923646065,shrub & grass,4486.02825745683
"Drayton, Eddie Tract",FY2014-15,194300.0,670.0,shrub/scrub,2.223945515669376,shrub & grass,645.0863213811422
DuRant Farm Tract,FY2015-16,45000.0,121.24,shrub/scrub,5.559863789173439,shrub & grass,2064.2201834862385
Dusty Acres Tract,FY2012-13,238840.0,238.84,shrub/scrub,5.115074686039564,shrub & grass,5221.787072243346
E. Hickson Tract,FY2005-06,475000.0,318.0,shrub/scrub,20.46029874415825,shrub & grass,30709.768095572734
Edisto Packers Tract,FY2006-07,325000.0,29.8022,shrub/scrub,0.4447891031338751,shrub & grass,4924.242424242424
Edisto River/Four Hole Swamp,FY2005-06,1500000.0,2383.5,shrub/scrub,327.587174458099,shrub & grass,206321.7854141376
Elliott Tract,FY2007-08,460780.0,2335.93,shrub/scrub,199.04312365240912,shrub & grass,39201.3403041825
Exley Plantation,FY2012-13,1257945.0,5031.78,shrub/scrub,7.783809304842815,shrub & grass,1814.169310643208
Featherhorn Farms,FY2013-14,1200000.0,1205.63,shrub/scrub,168.57507008773868,shrub & grass,167760.9738104021
Floyd Tract,FY2005-06,400000.0,434.14,shrub/scrub,25.57537343019782,shrub & grass,23970.81813444502
For Ducks Tract,FY2014-15,96875.0,193.75,shrub/scrub,2.001550964102438,shrub & grass,962.3344370860927
Forty Acre Rock,FY2005-06,375617.0,521.69,shrub/scrub,0.8895782062677503,shrub & grass,644.5594165594166
Fred Sosnowski Tract,FY2006-07,125000.0,158.0,shrub/scrub,0.4447891031338751,shrub & grass,398.0891719745223
French Quarter Creek,FY2015-16,166650.0,424.91,shrub/scrub,45.81327762278914,shrub & grass,17983.18491356731
Ft. Fairlawn (Corner Investors Tr),FY2013-14,1000000.0,80.0,shrub/scrub,0.4447891031338751,shrub & grass,5390.835579514825
Geddings Tract,FY2015-16,69175.0,124.0,shrub/scrub,0.2223945515669375,shrub & grass,149.72943722943722
Glover Plantation,FY2012-13,405328.0,2026.64,shrub/scrub,12.231700336181566,shrub & grass,2451.6705157813703
Gopher Woods (Burris) Tract,FY2016-17,306000.0,593.76,shrub/scrub,39.58623017891489,shrub & grass,21251.6582130316
Gracefield Properties,FY2013-14,143250.0,573.0,shrub/scrub,33.35918273504063,shrub & grass,8239.07208588957
Grassy Knob Tract,FY2015-16,803000.0,776.0,shrub/scrub,1.7791564125355006,shrub & grass,1761.4477652865369
Great Falls Natural Area Project,FY2007-08,547665.0,353.0,shrub/scrub,0.4447891031338751,shrub & grass,1984.2934782608693
Groton Uplands,FY2018-19,850000.0,13868.0,shrub/scrub,781.4944542062186,shrub & grass,31670.413096954788
H.C. Edens Tract,FY2005-06,974000.0,677.22,shrub/scrub,0.2223945515669375,shrub & grass,314.90462334303265
Halidon Hill Plantation,FY2012-13,62000.0,248.0,shrub/scrub,1.7791564125355006,shrub & grass,439.7163120567377
Hamilton Ridge Tract,FY2005-06,5000000.0,13280.0,shrub/scrub,323.8064670814611,shrub & grass,124442.31722534656
"Hanna Trs (Carol Hanna, Leslie Hanna 1 & 2)",FY2012-13,281000.0,1405.0,shrub/scrub,57.15539975270296,shrub & grass,11765.55881394591
Harper Family Home Place & Solomons Tract,FY2007-08,304200.0,1544.0,shrub/scrub,208.60608936978744,shrub & grass,41838.65102639297
"Harper Place, Country Club and Moultrie",FY2007-08,276806.0,1384.03,shrub/scrub,160.346471679762,shrub & grass,33152.346511627904
"Harper, Andrew R Tract",FY2007-08,866594.0,4322.97,shrub/scrub,220.61539515440208,shrub & grass,45460.66885245901
"Harper, Stiles Tract (Sand Pit & Mikell)",FY2007-08,209504.0,1047.52,shrub/scrub,87.6234533173734,shrub & grass,18474.614145031337
Harrell Farm Trust Tract,FY2015-16,87254.0,290.848,shrub/scrub,0.2223945515669375,shrub & grass,66.05147615442847
Hickory Top Tract,FY2013-14,223000.0,223.85,shrub/scrub,3.558312825071001,shrub & grass,3571.5715715715714
High Creek Tract (Salley Tr),FY2012-13,835000.0,1704.7,shrub/scrub,112.97643219600428,shrub & grass,54479.835602363215
Hills Property,FY2013-14,115000.0,575.0,shrub/scrub,5.115074686039564,shrub & grass,1021.629972962534
Hinson Farm Project,FY2013-14,558424.0,1726.0,shrub/scrub,0.4447891031338751,shrub & grass,149.67140176896274
Holcim Cement Tract,FY2013-14,71250.0,57.26,shrub/scrub,9.11817661424444,shrub & grass,11455.882352941177
Holly Bluff II,FY2018-19,208649.0,449.56,shrub/scrub,12.67648943931544,shrub & grass,5798.631399317406
Indigo Farms,FY2007-08,25000.0,103.0,shrub/scrub,0.6671836547008126,shrub & grass,164.11378555798686
Ingleside,FY2015-16,255000.0,1020.22,shrub/scrub,90.51458248774358,shrub & grass,22195.25235243798
Ingram Properties,FY2013-14,34475.0,197.0,shrub/scrub,40.92059748831651,shrub & grass,7192.063492063492
Jacob's Grant,FY2014-15,34400.0,171.55,shrub/scrub,3.335918273504064,shrub & grass,664.0926640926642
Jason Ross Tract,FY2013-14,398000.0,398.0,shrub/scrub,13.566067645583193,shrub & grass,13685.456595264935
JM and SL Shelley Tract 27,FY2005-06,22000.0,35.1,shrub/scrub,0.2223945515669375,shrub & grass,136.6459627329193
Johnathan Graham,FY2012-13,758010.0,505.34,shrub/scrub,0.2223945515669375,shrub & grass,343.7687074829932
"Johns, A.J. Properties",FY2012-13,330600.0,1653.0,shrub/scrub,85.62190235327095,shrub & grass,17075.529916823183
"Johnson, Alex H., Jr. Tract",FY2007-08,85700.0,46.5,shrub/scrub,10.00775482051219,shrub & grass,7935.185185185184
Jones Tract/Mt. Pleasant Tract,FY2007-08,343700.0,982.0,shrub/scrub,791.9469981298647,shrub & grass,59621.7702650039
Kel-Sam Farms (Carolyn Black Tract),FY2012-13,850000.0,921.0,shrub/scrub,110.75248668033493,shrub & grass,102817.58562059751
Knollwood/Longlands Plt Tract (Phase 1 - Lower Santee Tr),FY2015-16,737850.0,2951.4,shrub/scrub,20.01550964102438,shrub & grass,5052.613558548276
"Knowlton Farms, Forest Field Farms & Thomas DuRant",FY2012-13,316470.0,575.4,shrub/scrub,4.003101928204876,shrub & grass,2127.132188200149
Kyle Daniel Tract,FY2004-05,320000.0,188.4,shrub/scrub,16.901985919087256,shrub & grass,32776.28032345013
Lacie Shelley Tract,FY2005-06,84375.0,64.0,shrub/scrub,0.2223945515669375,shrub & grass,201.3723150357995
Lawton Boggy Tract,FY2006-07,59000.0,295.0,shrub/scrub,1.7791564125355006,shrub & grass,357.034795763994
Lawton Tract,FY2006-07,268000.0,1073.58,shrub/scrub,0.6671836547008126,shrub & grass,164.04815343807385
Legacy Farms,FY2018-19,165316.5,367.37,shrub/scrub,5.115074686039564,shrub & grass,2352.8957301980195
Lemon Island,FY2006-07,500000.0,162.24,shrub/scrub,0.8895782062677503,shrub & grass,2739.72602739726
Lewis (Firefly) Tract,FY2006-07,185800.0,121.5,shrub/scrub,0.4447891031338751,shrub & grass,661.2099644128115
Little Junkyard Bay,FY2013-14,227708.0,569.27,shrub/scrub,2.001550964102438,shrub & grass,746.0400436840189
LOCURA Tract,FY2016-17,60250.0,241.0,shrub/scrub,19.12593143475663,shrub & grass,4744.96336996337
Lyle Property,FY2019-20,143300.0,165.89,shrub/scrub,52.48511416979727,shrub & grass,45455.37634408603
Macdonald & Sons Farm,FY2007-08,169000.0,181.6,shrub/scrub,0.4447891031338751,shrub & grass,317.07317073170736
Marhaygue Tract,FY2015-16,1209205.0,2418.41,shrub/scrub,70.4990728467192,shrub & grass,35518.71617865085
Mariwill Timber Plantation,FY2019-20,297100.0,1189.5,shrub/scrub,47.3700394837577,shrub & grass,12618.604187437688
Marsh Furniture Tract,FY2004-05,2000000.0,8347.0,shrub/scrub,156.788158854691,shrub & grass,36728.31466527742
Mays - Epworth Conservation Area (Adams),FY2020-21,225000.0,1332.29,shrub/scrub,20.90508784729213,shrub & grass,3549.2532304077868
McDowell Creek Tract,FY2007-08,2000000.0,1877.96,shrub/scrub,0.4447891031338751,shrub & grass,458.8734656418493
McKinney Creek Oconee Bell Preserve,FY2019-20,450000.0,195.6,shrub/scrub,0.6671836547008126,shrub & grass,668.6478454680534
McLeod Tract,FY2006-07,500000.0,375.0,shrub/scrub,12.454094887748504,shrub & grass,15972.618368511125
Meyer Lake,FY2020-21,1000000.0,974.0,shrub/scrub,5.115074686039564,shrub & grass,5089.621597698606
Michael Walden Tract,FY2013-14,53700.0,231.0,shrub/scrub,118.09150688204384,shrub & grass,27470.809248554917
Middleton Place,FY2006-07,2000000.0,4497.0,shrub/scrub,4.670285582905689,shrub & grass,2531.187850298318
Middleton Place/Edmondston-Alston Family Trust,FY2007-08,820000.0,1274.0,shrub/scrub,23.129033362961504,shrub & grass,9197.584124245035
Mill Shoals Community Forest,FY2019-20,1650000.0,713.15,shrub/scrub,60.49131802620702,shrub & grass,124080.7298866464
Millgrove Plantation,FY2020-21,165000.0,444.6,shrub/scrub,42.92214845241895,shrub & grass,16099.59555106168
MillRho (Oak Grove 2),FY2016-17,291000.0,1164.64,shrub/scrub,87.40105876580645,shrub & grass,21825.0
Millwood Farms,FY2013-14,184450.0,443.46,shrub/scrub,4.670285582905689,shrub & grass,2348.969072164948
Millwood Farms LLP 2 (Culler Family),FY2014-15,221918.0,522.16,shrub/scrub,0.2223945515669375,shrub & grass,94.715322236449
Morrow Creek Timbers,FY2020-21,150000.0,429.92,shrub/scrub,138.77420017776905,shrub & grass,48598.1308411215
Murray Tract,FY2012-13,78400.0,392.29,shrub/scrub,162.34802264386445,shrub & grass,32389.360498019243
Murray Tract Phase III,FY2013-14,219096.0,1095.48,shrub/scrub,191.2593143475663,shrub & grass,35910.53173241852
Myrtle Grove Plt Tract,FY2014-15,643268.0,1715.38,shrub/scrub,1.3343673094016253,shrub & grass,485.7296753083312
Ness Bay Tr,FY2013-14,120000.0,300.0,shrub/scrub,10.230149372079127,shrub & grass,4043.956043956044
Nine  Times Tract A,FY2007-08,1500000.0,560.0,shrub/scrub,1.111972757834688,shrub & grass,3057.4806359559725
Nine Times B&C,FY2012-13,1500000.0,1648.0,shrub/scrub,34.02636638974145,shrub & grass,31331.058020477813
Oak Grove,FY2006-07,177000.0,209.0,shrub/scrub,4.003101928204876,shrub & grass,3595.936794582393
Oakland Club,FY2015-16,3581730.0,11166.17,shrub/scrub,1768.9262631634213,shrub & grass,584691.234889687
Old Santee Canal,FY2020-21,270000.0,564.94,shrub/scrub,3.558312825071001,shrub & grass,1558.4415584415588
Paradise Shrimp Farms,FY2007-08,100000.0,504.5,shrub/scrub,8.22859840797669,shrub & grass,1622.0955721174923
Patriots Plantation II,FY2014-15,653625.0,1867.5,shrub/scrub,8.895782062677503,shrub & grass,3151.898734177215
Peeples Waldburg Tract,FY2014-15,117800.0,589.0,shrub/scrub,1.7791564125355006,shrub & grass,359.831996945399
Perry Dam Tract,FY2015-16,86700.0,289.0,shrub/scrub,0.4447891031338751,shrub & grass,134.4186046511628
Pettigrew Tract (Murray Tract),FY2015-16,300000.0,1044.7,shrub/scrub,8.006203856409751,shrub & grass,2362.7215051411067
Pin Branch Plantation,FY2013-14,21000.0,105.0,shrub/scrub,8.673387511110565,shrub & grass,1631.4741035856573
Pine Hill/Swamp Solomons,FY2007-08,99800.0,718.0,shrub/scrub,12.67648943931544,shrub & grass,2358.457711442786
Pinewood Farms,FY2013-14,175747.0,270.38,shrub/scrub,0.4447891031338751,shrub & grass,289.5337726523888
Pinnacle Partners Tracts,FY2018-19,34330.0,137.32,shrub/scrub,6.004652892307314,shrub & grass,1592.6288659793815
Pollard Tract (Milbury),FY2006-07,2374312.0,10398.0,shrub/scrub,181.91874318175493,shrub & grass,45985.25431514148
Ramey Tract,FY2013-14,141156.0,128.324,shrub/scrub,2.223945515669376,shrub & grass,2325.469522240527
Rhodes-Kinsey Tract,FY2012-13,208320.0,1041.6,shrub/scrub,110.97488123190185,shrub & grass,22427.54692556634
Rhodes and IP/Milbury,FY2013-14,328600.0,1006.7,shrub/scrub,70.72146739828615,shrub & grass,12435.415922884684
River Oaks Plantation,FY2020-21,975000.0,1005.18,shrub/scrub,10.00775482051219,shrub & grass,9955.75221238938
Riverbend Shoals Tract,FY2012-13,290000.0,580.0,shrub/scrub,28.24410804900107,shrub & grass,14534.333070244676
"Rivers, J. T., Jr. 97",FY2007-08,111000.0,148.0,shrub/scrub,0.2223945515669375,shrub & grass,161.80758017492712
Riverside Farms,FY2016-17,1200000.0,2120.0,shrub/scrub,30.46805356467045,shrub & grass,17350.923482849605
Robert Battle Tract,FY2005-06,55250.0,65.3,shrub/scrub,14.010856748717067,shrub & grass,11759.29054054054
Rocky Point Landing Tr,FY2013-14,1109670.0,467.75,shrub/scrub,40.03101928204876,shrub & grass,122315.12553582364
Rogers Family Farm,FY2019-20,99539.0,496.5,shrub/scrub,18.01395867692194,shrub & grass,3841.190566936637
Rose Hill Farm Phase 1,FY2007-08,750000.0,336.0,shrub/scrub,0.4447891031338751,shrub & grass,1018.3299389002036
Salt Landing,FY2007-08,217000.0,572.0,shrub/scrub,5.115074686039564,shrub & grass,1968.8362919132144
Salt Point Timber Tract,FY2007-08,400000.0,1032.0,shrub/scrub,2.223945515669376,shrub & grass,879.700901693424
Saluda Rivers Connector (Phase 1),FY2018-19,500000.0,181.0,shrub/scrub,7.116625650142002,shrub & grass,4284.949116229244
Saluda Rivers Connector (Phase II),FY2019-20,500000.0,181.0,shrub/scrub,7.116625650142002,shrub & grass,4284.949116229244
Sanctuary Timberlands Tracts,FY2019-20,88248.0,352.99,shrub/scrub,0.6671836547008126,shrub & grass,166.92559899117276
Sanders Farm Tract,FY2012-13,83600.0,418.0,shrub/scrub,26.020162533331696,shrub & grass,4875.972083748754
Sandy Run Forest,FY2019-20,155000.0,237.3,shrub/scrub,0.2223945515669375,shrub & grass,133.96715643906654
Santee River Tract,FY2013-14,2167750.0,8517.0,shrub/scrub,180.5843758723533,shrub & grass,44849.61907916528
Scotswood,FY2018-19,359290.0,3590.2,shrub/scrub,542.8651003748946,shrub & grass,53997.46890776998
SCWA Tract,FY2013-14,390000.0,390.0,shrub/scrub,4.003101928204876,shrub & grass,4309.392265193369
Segars Mill Pond Tract,FY2006-07,2443389.0,533.88,shrub/scrub,35.80552280227695,shrub & grass,97228.28200692042
Shinco Chauga Tract,FY2012-13,402000.0,402.0,shrub/scrub,64.71681450597883,shrub & grass,64953.91449194891
Silver Bluff Audubon Center and Sanctuary,FY2015-16,812608.0,3250.43,shrub/scrub,111.64206488660268,shrub & grass,27398.026462489088
Simkins River Farm,FY2013-14,523600.0,2617.0,shrub/scrub,0.8895782062677503,shrub & grass,181.25486802250109
"Simmons, Kenneth Tract (Birchwood Farms)",FY2012-13,364500.0,405.5,shrub/scrub,8.450992959543628,shrub & grass,7644.039735099338
Slater Duck Ponds,FY2021-22,1678670.0,335.62,shrub/scrub,5.782258340740376,shrub & grass,28470.593607305927
Smith Ford Farm,FY2020-21,321472.0,446.32,shrub/scrub,14.900434954984815,shrub & grass,13649.318124207855
South Fenwick Island Tract,FY2015-16,500000.0,400.94,shrub/scrub,8.22859840797669,shrub & grass,10523.321956769058
Southern Property,FY2013-14,21600.0,108.0,shrub/scrub,26.46495163646557,shrub & grass,5140.8
Still Branch Plantation,FY2014-15,10400.0,52.0,shrub/scrub,6.004652892307314,shrub & grass,1101.1764705882354
Stuck 2020 Property,FY2019-20,347554.0,2700.0,shrub/scrub,96.07444627691704,shrub & grass,14395.3334611697
Ten Oaks Timberlands Tract,FY2015-16,31356.0,104.52,shrub/scrub,0.4447891031338751,shrub & grass,91.41690962099123
Terry Andrews,FY2007-08,761805.0,1539.0,shrub/scrub,6.894231098575065,shrub & grass,3310.3385197645084
Thompson J. Bradford Property/Timberhaven,FY2007-08,215000.0,878.0,shrub/scrub,85.8442969048379,shrub & grass,21015.44694859458
Thornhill Farms Tract,FY2014-15,163400.0,98.2,shrub/scrub,4.447891031338751,shrub & grass,7836.930455635493
Tibwin Tract,FY2006-07,500000.0,900.17,shrub/scrub,0.2223945515669375,shrub & grass,125.5020080321285
Timberhaven (Thompson II),FY2016-17,132500.0,516.64,shrub/scrub,24.908189775497007,shrub & grass,6454.980426272292
Tokeena Crossroads,FY2006-07,2695745.0,1107.87,shrub/scrub,0.8895782062677503,shrub & grass,2157.4589835934376
Tom's Branch,FY2015-16,155250.0,575.0,shrub/scrub,82.06358952819996,shrub & grass,21790.50969950552
Toole Tract,FY2007-08,250000.0,349.39,shrub/scrub,40.47580838518264,shrub & grass,27676.399026763997
Van Watts Tract,FY2013-14,362338.0,724.67,shrub/scrub,3.780707376637938,shrub & grass,1772.588776978417
Wallace Farm,FY2016-17,100000.0,347.67,shrub/scrub,6.227047443874252,shrub & grass,1801.8018018018015
Westervelt Timber,FY2014-15,2483600.0,12418.0,shrub/scrub,1129.9867165116098,shrub & grass,225483.27704815508
Wild Turkey Creek Tract,FY2019-20,74232.0,329.92,shrub/scrub,24.908189775497007,shrub & grass,5671.2032742155525
Willow Lake (Bamberg Tract),FY2019-20,278000.0,1373.12,shrub/scrub,145.0012476216433,shrub & grass,29621.83363294656
Willow Oaks Tract,FY2012-13,195000.0,195.06,shrub/scrub,7.561414753275877,shrub & grass,7800.0
Willtown (Knox) - ACE Basin,FY2020-21,250000.0,2101.27,shrub/scrub,37.80707376637938,shrub & grass,4547.399957200941
Wilson and Willson,FY2015-16,100000.0,81.9,shrub/scrub,0.6671836547008126,shrub & grass,815.2173913043478
Winborn a/s/a Lawton Plantation,FY2007-08,262800.0,1314.0,shrub/scrub,42.0325702461512,shrub & grass,8422.791249788026
Woodbury Tract,FY2005-06,5000000.0,25668.0,shrub/scrub,199.71030730710996,shrub & grass,38814.97618368387
Yem Tract,FY2015-16,108750.0,435.0,shrub/scrub,12.67648943931544,shrub & grass,3200.18069179143
Calico Vineyard,FY2021-22,225000.0,112.54,shrub/scrub,1.111972757834688,shrub & grass,2214.566929133858
Gobblers Roost,FY2021-22,393506.0,1020.08,shrub/scrub,86.06669145640484,shrub & grass,33469.63120879121
River Falls,FY2021-22,650000.0,170.97,shrub/scrub,0.4447891031338751,shrub & grass,1686.1219195849546
YLASI Property,FY2021-22,150000.0,315.42,shrub/scrub,17.12438047065419,shrub & grass,8467.74193548387
Watson Farm,FY2021-22,235000.0,701.74,shrub/scrub,0.8895782062677503,shrub & grass,98.2236154649948
Good Hope Landing Tract,FY2021-22,170000.0,148.0,shrub/scrub,0.6671836547008126,shrub & grass,744.5255474452553
Bobwhite Hills,FY2021-22,850000.0,773.99,shrub/scrub,158.5673152672265,shrub & grass,178145.20870076423
Toner Tract,FY2021-22,84068.0,336.27,shrub/scrub,2.001550964102438,shrub & grass,503.0664893617021
Tyger River Confluence,FY2021-22,157500.0,200.78,shrub/scrub,0.2223945515669375,shrub & grass,176.7676767676768
ACE Basin: St. Helena Estuary (Cummings) Ti Ti 2,FY2022-23,215000.0,1742.0,shrub/scrub,0.8895782062677503,shrub & grass,110.3129810159056
Oakville / Burden Creek,FY2022-23,500000.0,90.16,shrub/scrub,0.4447891031338751,shrub & grass,2358.490566037736
Hazelwood Farm,FY2022-23,78050.0,178.1,shrub/scrub,112.08685398973654,shrub & grass,47508.69565217392
Newton Farm,FY2022-23,250000.0,563.47,shrub/scrub,0.4447891031338751,shrub & grass,194.4768572539868
"Black River (Camel, LLC) Park Ranger Tract",FY2022-23,1200000.0,162.93,shrub/scrub,19.570720537890505,shrub & grass,129411.76470588236
Black River State Park: Sims Reach (Colonial Properties),FY2022-23,300000.0,143.22,shrub/scrub,2.446340067236313,shrub & grass,5246.4228934817165
Great Santee Swamp,FY2022-23,649000.0,2114.95,shrub/scrub,7.783809304842815,shrub & grass,2388.0361648444077
Santee River - Dawhoo and Wadmacon Creek Tract,FY2022-23,645000.0,1742.55,shrub/scrub,3.558312825071001,shrub & grass,1391.3981394094649
Plantersville Cultural Center,FY2022-23,60000.0,10.0,shrub/scrub,6.004652892307314,shrub & grass,33750.0
Eureka Preserve,FY2022-23,350000.0,601.46,shrub/scrub,217.9466605355988,shrub & grass,126896.04143544212
Limerick Plantation,FY2022-23,266535.0,233.99,shrub/scrub,6.004652892307314,shrub & grass,7132.254707631319
Gourdin Tracts,FY2022-23,130757.0,342.75,shrub/scrub,7.561414753275877,shrub & grass,2761.327950310559
Congaree Creek Heritage Preserve Addition,FY2022-23,7000000.0,575.81,shrub/scrub,2.001550964102438,shrub & grass,24009.146341463413
Salters Property,FY2022-23,385000.0,626.0,shrub/scrub,34.471155492875326,shrub & grass,21811.038011695902
Bishop Branch Pastures,FY2022-23,145800.0,64.73,shrub/scrub,12.89888399088238,shrub & grass,29160.0
Independence Farm,FY2022-23,650000.0,498.22,shrub/scrub,22.239455156693754,shrub & grass,29599.27140255009
Slater Tract,FY2022-23,1000000.0,3507.45,shrub/scrub,293.7832026199245,shrub & grass,84668.63222663762
Triple Oak Farm,FY2022-23,150000.0,91.79,shrub/scrub,0.2223945515669375,shrub & grass,368.55036855036855
Black River SP - RMS North,FY2022-23,1250000.0,535.25,shrub/scrub,27.35452984273332,shrub & grass,65453.38441890166
Cotton Hall,FY2022-23,3000000.0,232.0,shrub/scrub,4.892680134472626,shrub & grass,63461.53846153847
Hammonds Store Battlefield,FY2022-23,80000.0,30.0,shrub/scrub,0.2223945515669375,shrub & grass,655.7377049180328
Cooler Dairy Farm,FY2022-23,250000.0,654.0,shrub/scrub,33.80397183817451,shrub & grass,12833.502195204324
Halfway Swamp Creek,FY2022-23,175000.0,288.37,shrub/scrub,16.901985919087256,shrub & grass,10522.151898734175
Willowbend,FY2022-23,300000.0,348.53,shrub/scrub,8.673387511110565,shrub & grass,7249.070631970261
Buckfield,FY2022-23,850000.0,2064.52,shrub/scrub,95.18486807064927,shrub & grass,40489.70506399554
Lee State Park - KDR/OSI (match with LF),FY2022-23,173000.0,137.29,shrub/scrub,17.791564125355006,shrub & grass,22431.118314424635
Poinsett Bridge Expansion Tracts - Southern Blue Ridge Escarpment (Boy Scouts of America),FY2023-24,700000.0,287.6,shrub/scrub,0.6671836547008126,shrub & grass,1630.4347826086955
White Branch on Scenic 11,FY2022-23,350000.0,159.0,shrub/scrub,5.337469237606501,shrub & grass,11081.794195250655
Daus - Knights Hill,FY2022-23,500000.0,1010.27,shrub/scrub,159.01210437036036,shrub & grass,80992.29723606705
Bowers Farm,FY2023-24,500000.0,488.33,shrub/scrub,4.225496479771814,shrub & grass,4464.285714285714
"Savannah River and Uplands (Pauline Place, LLC) Lowlands",FY2023-24,300000.0,1218.3,shrub/scrub,144.3340639669425,shrub & grass,35698.5698569857
Dalzell Bay,FY2023-24,80000.0,61.1,shrub/scrub,29.133686255268824,shrub & grass,40000.0
Andrews Black River Park,FY2023-24,5800000.0,1806.43,shrub/scrub,177.24845759884926,shrub & grass,570198.5938078205
Saluda Bluffs,FY2023-24,9000000.0,1090.0,shrub/scrub,387.63370338117215,shrub & grass,3262008.7336244537
Hazelwood Farm 2,FY2023-24,215000.0,373.43,shrub/scrub,106.74938475213004,shrub & grass,54689.98410174881
George Aull Expansion Clemson Forest,FY2023-24,1200000.0,82.47,shrub/scrub,0.6671836547008126,shrub & grass,9375.0
Santee Delta Plantation,FY2023-24,75000.0,108.86,shrub/scrub,3.558312825071001,shrub & grass,2453.98773006135
The Happy Berry,FY2023-24,77000.0,22.26,shrub/scrub,0.2223945515669375,shrub & grass,777.7777777777778
Hanna Farm,FY2023-24,40000.0,129.35,shrub/scrub,2.001550964102438,shrub & grass,617.4957118353344
Pleasant Grove,FY2023-24,40000.0,79.33,shrub/scrub,13.566067645583193,shrub & grass,7134.502923976609
Santee Corridor - RMS-Wadmacon,FY2023-24,1950000.0,2248.0,shrub/scrub,41.36538659145039,shrub & grass,35882.4693312228
Waites - Merrill Boyce Tracts,FY2023-24,8000000.0,107.02,shrub/scrub,2.001550964102438,shrub & grass,142292.49011857706
Blue Branch Farm,FY2023-24,400000.0,381.1,shrub/scrub,22.68424425982763,shrub & grass,23142.370958593307
Gin Branch Farms LLC II tracts,FY2023-24,150000.0,590.01,shrub/scrub,11.342122129913816,shrub & grass,3004.71327572663
D. Brown Land and Timber LLC,FY2023-24,103850.0,308.46,shrub/scrub,1.556761860968563,shrub & grass,532.9545454545454
Kings Mountain- Metker,FY2023-24,1700000.0,47.53,shrub/scrub,0.4447891031338751,shrub & grass,15813.953488372095
Forty Acre Rock Farm,FY2023-24,195000.0,97.08,shrub/scrub,10.230149372079127,shrub & grass,20386.36363636364
Hope Station LLC,FY2023-24,573100.0,1081.34,shrub/scrub,108.75093571623248,shrub & grass,57251.46067415732
Hiott Station,FY2023-24,175000.0,561.8,shrub/scrub,1.7791564125355006,shrub & grass,556.2177195073501
Pudding Swamp - Atkinson Farm,FY2023-24,150000.0,383.15,shrub/scrub,5.559863789173439,shrub & grass,2117.4477696216827
Shaws Creek Preserve,FY2023-24,1900000.0,2657.63,shrub/scrub,26.90974073959945,shrub & grass,19236.883942766297
Limehouse,FY2023-24,1400000.0,102.88,shrub/scrub,1.556761860968563,shrub & grass,21681.41592920354
Witherspoon Island,FY2023-24,850000.0,3707.94,shrub/scrub,6.894231098575065,shrub & grass,1516.8086576099474
Korn Tract,FY2023-24,1090000.0,302.32,shrub/scrub,106.5269902005631,shrub & grass,384469.8085419735
Tyger Oak Property,FY2023-24,23000000.0,945.91,shrub/scrub,0.2223945515669375,shrub & grass,5489.260143198091
Gregorie Neck,FY2023-24,2000000.0,4409.3,shrub/scrub,83.39795683760158,shrub & grass,37560.09615384615
Searles Family Homeplace,FY2023-24,330000.0,991.8,shrub/scrub,72.72301836238859,shrub & grass,24369.918699187
Thrailkill Farm,FY2024-25,1600000.0,1063.06,shrub/scrub,12.009305784614629,shrub & grass,18048.882389805724
Joanna Park Tract,FY2024-25,700000.0,334.9,shrub/scrub,20.90508784729213,shrub & grass,43837.44170552964
Black River SP - Mingo Creek,FY2024-25,244378.0,664.32,shrub/scrub,5.782258340740376,shrub & grass,2069.650814332248
Ginia's Farm,FY2024-25,56000.0,98.73,shrub/scrub,0.2223945515669375,shrub & grass,125.0
Snow's Island Addition,FY2024-25,5229080.0,2584.26,shrub/scrub,418.9913351521104,shrub & grass,850741.5129533679
Snow's Island,FY2024-25,14400000.0,5178.93,shrub/scrub,54.486665133899706,shrub & grass,158071.59818988305
Old Blair Road (Lina Marston),FY2024-25,72000.0,131.0,shrub/scrub,11.78691123304769,shrub & grass,6875.675675675674
McQueen Farm,FY2024-25,110000.0,246.0,shrub/scrub,16.679591367520317,shrub & grass,7638.88888888889
Glassy Mountain Foothills - Scenic Highway 11,FY2024-25,2500000.0,365.0,shrub/scrub,41.142992039883445,shrub & grass,295716.1125319693
Broad River Preserve,FY2024-25,760000.0,1040.78,shrub/scrub,101.63431006609046,shrub & grass,74740.69292016355
Watson Farm,FY2024-25,565000.0,358.73,shrub/scrub,0.8895782062677503,shrub & grass,236.15464994775343
Jackson Farms Cash Tracts,FY2024-25,500000.0,588.0,shrub/scrub,64.71681450597883,shrub & grass,55176.336746302615
Alcorn Timber,FY2024-25,135000.0,166.47,shrub/scrub,0.6671836547008126,shrub & grass,537.8486055776892
Essex Farms,FY2024-25,560000.0,898.55,shrub/scrub,30.24565901310351,shrub & grass,20132.170235263016
Sadler Farms,FY2024-25,325000.0,264.8,shrub/scrub,1.7791564125355006,shrub & grass,2409.6385542168678
Sam Dargan Tract,FY2024-25,20000.0,40.25,shrub/scrub,2.446340067236313,shrub & grass,1383.6477987421383
Grimshaw Farm,FY2024-25,145000.0,122.61,shrub/scrub,1.111972757834688,shrub & grass,1311.030741410488
Oconee Station Connector,FY2024-25,122500.0,63.97,shrub/scrub,0.8895782062677503,shrub & grass,1649.83164983165
Burch's Mill,FY2024-25,1250000.0,374.64,shrub/scrub,10.230149372079127,shrub & grass,34063.98104265403
Price Family Farm,FY2024-25,205000.0,199.17,shrub/scrub,2.001550964102438,shrub & grass,2066.069428891377
Scrambler's Knob Horse Farm,FY2024-25,160000.0,57.98,shrub/scrub,2.446340067236313,shrub & grass,6616.541353383458
Black River SP - Browns Ferry,FY2024-25,498000.0,311.31,shrub/scrub,9.11817661424444,shrub & grass,14110.573600552869
Hodge Tract,FY2024-25,39600.0,89.39,shrub/scrub,0.4447891031338751,shrub & grass,202.04081632653063
Beech Hill,FY2024-25,3350000.0,1637.6,shrub/scrub,39.808624730481824,shrub & grass,81507.40791083322
Young's Farm,FY2024-25,100000.0,224.72,shrub/scrub,0.4447891031338751,shrub & grass,197.82393669634024
Willow Oak,FY2024-25,830000.0,13.07,shrub/scrub,1.3343673094016253,shrub & grass,88928.57142857142
Rivers Farm 2,FY2024-25,410000.0,347.78,shrub/scrub,24.908189775497007,shrub & grass,28539.465506525798
Rivers Farm 1,FY2024-25,885000.0,668.97,shrub/scrub,0.2223945515669375,shrub & grass,297.8795018512285
Burrows Farm 2,FY2024-25,248000.0,296.0,shrub/scrub,0.2223945515669375,shrub & grass,189.4576012223071
Harrison Farm,FY2024-25,215000.0,106.71,shrub/scrub,2.001550964102438,shrub & grass,4161.290322580645
Saluda Grade Trail,FY2024-25,750000.0,373.71,shrub/scrub,0.2223945515669375,shrub & grass,450.1800720288115
Alston Tract,FY2024-25,64350.0,174.46,shrub/scrub,2.223945515669376,shrub & grass,850.0660501981506
Dean Acres,FY2024-25,112000.0,141.11,shrub/scrub,1.1119732335687422,shrub & grass,949.1525423728814
Lever Farms,FY2025-26,187500.0,115.74,shrub/scrub,25.13059507865357,shrub & grass,38804.945054945056
Wilson Ridge Farm,FY2025-26,640000.0,424.12,shrub/scrub,115.86761093786292,shrub & grass,177645.17847629197
Cedar Hill Farm,FY2025-26,300000.0,312.9,shrub/scrub,30.245671953069788,shrub & grass,29163.688348820586
Pee Dee Basin RMS Initiative,FY2025-26,3300000.0,900.04,shrub/scrub,36.47272206105474,shrub & grass,137255.89652548818
Ninety Six Creek,FY2025-26,78000.0,68.82,shrub/scrub,10.452548395546176,shrub & grass,11712.460063897764
Carolina Seafood Hwy 17,FY2025-26,150000.0,14.67,shrub/scrub,2.4463411138512328,shrub & grass,22602.7397260274
The Knight Tract,FY2025-26,800000.0,266.16,shrub/scrub,26.90975225236356,shrub & grass,78827.36156351792
Keese Family Farm,FY2025-26,812000.0,556.68,shrub/scrub,20.01551820423736,shrub & grass,29127.14228776405
Broad Arrow Landing,FY2025-26,800000.0,903.61,shrub/scrub,2.4463411138512328,shrub & grass,2190.6895693303463
Maxcy Farm Conservation Easement,FY2025-26,185000.0,48.23,shrub/scrub,1.7791571737099874,shrub & grass,6981.132075471698
Gillian Farms - Bodie Rd,FY2025-26,256000.0,170.66,shrub/scrub,0.2223946467137484,shrub & grass,329.0488431876606
Duck Creek - Saluda Bluffs,FY2025-26,400000.0,28.0,shrub/scrub,1.556762526996239,shrub & grass,21374.04580152672
Cattails Tree Farm Extension,FY2025-26,176000.0,263.66,shrub/scrub,0.2223946467137484,shrub & grass,142.85714285714286
Blessing,FY2025-26,7400000.0,627.75,shrub/scrub,2.4463411138512328,shrub & grass,28107.73480662984
Pocotaligo Station,FY2025-26,4597600.0,1742.33,shrub/scrub,227.9545128815921,shrub & grass,599331.0441307389
Evergreen LLC - Little Lynches River Tract,FY2025-26,138450.0,150.82,shrub/scrub,10.00775910211868,shrub & grass,9397.05882352941
Red Fern,FY2025-26,264000.0,302.02,shrub/scrub,1.556762526996239,shrub & grass,1299.57805907173
Mayadinya-in-the-Pines Conservation Easement,FY2025-26,34825.0,76.12,shrub/scrub,0.2223946467137484,shrub & grass,98.9346590909091
Beneventum,FY2025-26,342000.0,190.0,shrub/scrub,2.4463411138512328,shrub & grass,4405.152224824356
RML Timber,FY2025-26,872625.0,1219.03,shrub/scrub,119.64831993199664,shrub & grass,87003.75277983693
Sellers Tract,FY2025-26,20500.0,222.0,shrub/scrub,5.782260814557459,shrub & grass,519.4931773879142
Eidson Family Timberland,FY2025-26,175000.0,695.0,shrub/scrub,7.339023341553698,shrub & grass,1871.9611021069693
AM-PM Farms,FY2025-26,1500000.0,419.0,shrub/scrub,25.13059507865357,shrub & grass,79057.83582089552
H and H Farm,FY2025-26,444000.0,534.0,shrub/scrub,105.85985183574424,shrub & grass,88133.44453711425
Duck Ponds,FY2025-26,16000000.0,8460.0,shrub/scrub,12.009310922542417,shrub & grass,22975.05717172792
Tindal Farm - Mooneyham,FY2025-26,230000.0,179.0,shrub/scrub,11.786916275828666,shrub & grass,14902.200488997556
Walnut Grove Plantation,FY2025-26,1305500.0,779.0,shrub/scrub,31.13525053992478,shrub & grass,51081.60983789826
Big Garvin Creek Farm,FY2025-26,317000.0,253.0,shrub/scrub,10.452548395546176,shrub & grass,13220.053238686776
Kidd Family Farm,FY2025-26,264100.0,296.0,shrub/scrub,1.7791571737099874,shrub & grass,1534.3500363108203
Boyd Pond Park Addition,FY2025-26,220000.0,25.0,shrub/scrub,11.34212698240117,shrub & grass,101081.08108108108
Whiten Farms,FY2025-26,375000.0,156.0,shrub/scrub,1.556762526996239,shrub & grass,3755.3648068669527
Thomason Farm,FY2025-26,378000.0,219.0,shrub/scrub,1.1119732335687422,shrub & grass,1952.4793388429755
Back Swamp,FY2025-26,216000.0,420.0,shrub/scrub,3.780708994133724,shrub & grass,1900.6211180124224
Santuc Farm,FY2025-26,340800.0,387.0,shrub/scrub,53.15232056458588,shrub & grass,47245.47563805104
Felker Farm,FY2025-26,225000.0,248.0,shrub/scrub,2.8911304072787294,shrub & grass,2602.3131672597865
Little Rock Mountain,FY2025-26,256400.0,53.0,shrub/scrub,2.4463411138512328,shrub & grass,11950.847457627116
Kirkwood Farm,FY2025-26,264618.0,373.0,shrub/scrub,48.25963833688341,shrub & grass,34058.18861209964
Jamari at Hanging Rock,FY2025-26,522500.0,160.0,shrub/scrub,7.338769458858414,shrub & grass,23750.0
Camden Battlefield,FY2004-05,341250.0,310.0,shrub/scrub,109.418119,shrub & grass,78528.99900479421
Camden Battleground Trust,FY2007-08,106052.0,161.0,shrub/scrub,630.488554,shrub & grass,12710.100194785447
Newground,FY2025-26,180000.0,58.0,shrub/scrub,14.900441329821144,shrub & grass,42918.149466192175
Sky Ranche,FY2025-26,1105000.0,130.0,shrub/scrub,2.001482579688658,shrub & grass,18519.5530726257
Wheeler Farm,FY2025-26,744000.0,887.0,shrub/scrub,22.90664861151609,shrub & grass,20823.913043478264
Utsey Tract,FY2025-26,500000.0,296.74,shrub/scrub,81.17404605051817,shrub & grass,135889.7989575577
Frohlich Farm,FY2025-26,3465000.0,184.0,shrub/scrub,0.6671608598962194,shrub & grass,13091.939546599497
Tokeena Angus,FY2025-26,160000.0,99.0,shrub/scrub,0.4447892934274968,shrub & grass,761.9047619047618
AC II,FY2025-26,610000.0,1129.0,shrub/scrub,12.231282431430689,shrub & grass,6494.386372435152
Montgomery Tract,FY2025-26,302000.0,312.0,shrub/scrub,5.782060785767235,shrub & grass,5648.920863309353
Forest View,FY2025-26,4850000.0,590.0,shrub/scrub,8.005930318754633,shrub & grass,66011.34215500945
River Oaks,FY2025-26,950000.0,699.0,shrub/scrub,33.58042994810971,shrub & grass,45845.317992968994
King Family Lynches Tract,FY2025-26,305000.0,546.0,shrub/scrub,4.002965159377316,shrub & grass,2219.975737970077
Blue Heron LLC - Liberty Hill WMA Addition,FY2025-26,6566000.0,2006.0,shrub/scrub,366.0,shrub & grass,1203383.0746119178
Ulmer Farms 1,FY2026-27,165830.0,321.0,shrub/scrub,7.1166286948399495,shrub & grass,3692.804453723034
Tindal Farm - Home Place,FY2026-27,510000.0,412.0,shrub/scrub,3.558191252779837,shrub & grass,4061.72224987556
Gramling and Gramling Farm,FY2026-27,1873530.0,816.0,shrub/scrub,19.570051890289104,shrub & grass,44595.791182039495
Shealy Farms,FY2026-27,60000.0,60.0,shrub/scrub,11.287430174785763,shrub & grass,11489.36170212766
Chelsea,FY2026-27,1500000.0,2672.0,shrub/scrub,66.04892512972572,shrub & grass,36251.93262267068
Glassy Summit,FY2026-27,814000.0,183.0,shrub/scrub,1.2541589083095293,shrub & grass,5762.831858407079
Boones Falls,FY2026-27,1870250.0,153.0,shrub/scrub,0.3135397270773823,shrub & grass,3840.34907597536
Old Schoolhouse Farm,FY2026-27,216000.0,193.0,shrub/scrub,35.58314347419975,shrub & grass,39724.137931034486
Goodwill,FY2026-27,12600000.0,737.0,shrub/scrub,15.990526080946497,shrub & grass,272750.42444821727
Hiott Farms,FY2026-27,285000.0,548.0,shrub/scrub,16.456634544106745,shrub & grass,8625.766871165644
Vaught Tract II,FY2026-27,205000.0,303.0,shrub/scrub,30.244625648628613,shrub & grass,20636.565507031824
McCoy Farm,FY2026-27,435000.0,1089.0,shrub/scrub,40.69822034861596,shrub & grass,16085.067690442513
Union of Brothers,FY2026-27,115200.0,302.0,shrub/scrub,2.001551820423736,shrub & grass,777.2113943028485
Redding-Stone Farmstead Tracts,FY2026-27,100000.0,78.0,shrub/scrub,0.3135397270773823,shrub & grass,378.7878787878788
Buckwalter Conservation Project,FY2026-27,146660.0,239.0,shrub/scrub,3.5583143474199748,shrub & grass,2186.915191053122
"Alston, Rowland P. Tract",FY2007-08,220000.0,220.8,herbaceous,1.556761860968563,shrub & grass,1595.8549222797926
Anderson Property,FY2018-19,350000.0,314.28,herbaceous,0.2223945515669375,shrub & grass,262.17228464419475
Asbury Hills,FY2006-07,3750000.0,1892.0,herbaceous,3.113523721937126,shrub & grass,6337.518107194592
Ashley River Historic Project,FY2004-05,6285000.0,12280.0,herbaceous,154.34181878745466,shrub & grass,122584.17177224436
Avins Tract,FY2012-13,431130.0,431.13,herbaceous,0.2223945515669375,shrub & grass,226.07760880964867
Bailey Mill,FY2015-16,493500.0,1645.52,herbaceous,10.452543923646065,shrub & grass,3251.2615643397808
Barker Assoc.,FY2007-08,291534.0,1457.67,herbaceous,4.225496479771814,shrub & grass,869.5676609105182
Batten Boggy Tract,FY2006-07,63000.0,315.25,herbaceous,7.33902020170894,shrub & grass,1463.0541871921184
Belfast Plantation - Phase 1,FY2007-08,2000000.0,2220.0,herbaceous,20.01550964102438,shrub & grass,8571.428571428572
Big Snooks Tract,FY2018-19,48485.0,288.0,herbaceous,3.113523721937126,shrub & grass,532.8021978021977
Bird Point Farm,FY2007-08,120000.0,80.0,herbaceous,1.3343673094016253,shrub & grass,1827.41116751269
Black Creek Plantation,FY2018-19,356400.0,864.0,herbaceous,4.003101928204876,shrub & grass,1676.2999738698718
Black River State Park - Phase I,FY2019-20,784600.0,310.67,herbaceous,0.2223945515669375,shrub & grass,550.5964912280702
Black River State Park - Phase III (RMS South Tract),FY2021-22,450000.0,738.44,herbaceous,2.223945515669376,shrub & grass,1413.7606032045242
Black Swamp Plantation,FY2007-08,406200.0,2031.0,herbaceous,148.11477134358043,shrub & grass,29836.68247490901
Blackmon Tract,FY2006-07,424661.0,129.71,herbaceous,19.793115089457444,shrub & grass,63734.95615514334
Blue Heron Property (Battle of Camden),FY2018-19,250000.0,294.45,herbaceous,3.113523721937126,shrub & grass,2633.559066967645
Blythe- Goodwin House,FY2005-06,114200.0,10.91,herbaceous,0.4447891031338751,shrub & grass,4859.574468085107
Boggy Branch Farms,FY2013-14,270630.0,451.05,herbaceous,5.115074686039564,shrub & grass,2954.195538680588
Boone Hall,FY2019-20,2000000.0,598.88,herbaceous,1.7791564125355006,shrub & grass,5619.950825430277
Bowers Tract,FY2007-08,180195.0,900.978,herbaceous,57.15539975270296,shrub & grass,11183.316831683169
Boyd Pond,FY2007-08,300000.0,92.34,herbaceous,0.2223945515669375,shrub & grass,737.1007371007371
"Boyd, Steve Tract",FY2014-15,775000.0,1000.0,herbaceous,1.3343673094016253,shrub & grass,1011.7493472584856
Bramblewood Tract,FY2018-19,340000.0,680.04,herbaceous,23.129033362961504,shrub & grass,11677.6750330251
Bryan Dairy,FY2006-07,212500.0,951.0,herbaceous,13.343673094016255,shrub & grass,3193.0879038317057
Bugby Tract,FY2006-07,800000.0,906.0,herbaceous,37.584679214812446,shrub & grass,30902.85714285714
Burbage Farm,FY2015-16,36900.0,117.95,herbaceous,0.2223945515669375,shrub & grass,69.88636363636364
Cane Creek Project,FY2012-13,313000.0,228.68,herbaceous,50.261168654127886,shrub & grass,60771.47766323023
Cannon Tract,FY2006-07,200000.0,144.28,herbaceous,5.559863789173439,shrub & grass,7704.160246533127
Cantey Bay Tract,FY2015-16,940915.0,1881.83,herbaceous,0.6671836547008126,shrub & grass,329.1830903790087
Chapman Bridge Oconee Bell Preserve,FY2019-20,550000.0,238.72,herbaceous,0.2223945515669375,shrub & grass,530.3760848601736
Chauga Bluff,FY2014-15,523000.0,696.0,herbaceous,38.4742574210802,shrub & grass,28434.63230672533
ChauRam Expansion,FY2007-08,250000.0,89.46,herbaceous,0.2223945515669375,shrub & grass,516.5289256198347
Chestnut Ridge Ext,FY2015-16,243250.0,304.75,herbaceous,22.239455156693754,shrub & grass,17886.029411764706
Chisolm Plantation (Ackerman & Lesesne Tracts),FY2007-08,500000.0,5087.0,herbaceous,16.679591367520317,shrub & grass,3236.664940445365
Cleveland-Wilson Farms,FY2004-05,6370000.0,867.0,herbaceous,0.6671836547008126,shrub & grass,5131.57894736842
Comalander Tracts,FY2015-16,97805.0,391.22,herbaceous,3.558312825071001,shrub & grass,732.9648711943794
Combahatchie Family Tract,FY2015-16,165300.0,550.98,herbaceous,15.345224058118692,shrub & grass,4608.363636363636
Congaree Carton LP Tracts,FY2012-13,1228000.0,4912.0,herbaceous,0.6671836547008126,shrub & grass,157.07342031210027
Cope Tract,FY2015-16,141050.0,806.0,herbaceous,1.111972757834688,shrub & grass,193.06049822064057
Copeland Tract,FY2012-13,162488.0,812.44,herbaceous,16.679591367520317,shrub & grass,3218.008978082915
Cordova Road Tract,FY2013-14,28800.0,145.84,herbaceous,68.94231098575065,shrub & grass,13630.53435114504
Cotton Hall/Mount Repose,FY2007-08,442000.0,2210.0,herbaceous,4.003101928204876,shrub & grass,842.1721181327404
Cotton Hills Farm,FY2006-07,782500.0,870.0,herbaceous,8.673387511110565,shrub & grass,7524.038461538462
Crab Orchard Plantation,FY2007-08,563800.0,2819.0,herbaceous,125.87531618688666,shrub & grass,24850.930612880617
Creek Farms,FY2007-08,25000.0,77.7,herbaceous,2.6687346188032506,shrub & grass,877.1929824561405
Crescent- Heritage Tract,FY2004-05,2000000.0,1539.19,herbaceous,6.227047443874252,shrub & grass,8242.566970856638
Crescent Tract,FY2015-16,1020750.0,2721.97,herbaceous,17.791564125355006,shrub & grass,6633.092356429209
Crosby Farm,FY2015-16,69550.0,107.2,herbaceous,0.2223945515669375,shrub & grass,149.24892703862662
Crosby Tract,FY2012-13,126200.0,631.0,herbaceous,5.782258340740376,shrub & grass,1167.6868327402135
Cypress Creek II,FY2006-07,727250.0,2909.84,herbaceous,16.901985919087256,shrub & grass,4274.632637277649
Cypress Creek III,FY2006-07,86500.0,346.0,herbaceous,5.559863789173439,shrub & grass,1456.228956228956
Dawn Plantation,FY2019-20,313650.0,731.0,herbaceous,7.561414753275877,shrub & grass,3304.64828013635
DDK Management Tract,FY2013-14,746000.0,1865.5,herbaceous,24.685795223930068,shrub & grass,10035.874439461884
Deer & Duck Tract (RFL Princess Pond),FY2013-14,500000.0,1006.95,herbaceous,69.38710008888452,shrub & grass,34285.71428571429
Deer Park Tract,FY2014-15,489825.0,2177.0,herbaceous,1.3343673094016253,shrub & grass,296.4145234493192
DeLoach Farm,FY2015-16,255825.0,1180.0,herbaceous,87.40105876580645,shrub & grass,19139.391776127923
Dinkins Mill Tracts,FY2013-14,620160.0,652.8,herbaceous,0.4447891031338751,shrub & grass,345.3006681514477
Dixon Family Tracts,FY2014-15,200625.0,535.0,herbaceous,87.17866421423952,shrub & grass,31345.15743324033
Donoho Farm,FY2006-07,800000.0,2055.0,herbaceous,0.2223945515669375,shrub & grass,86.95652173913045
Douglas B. Sheorn Property,FY2015-16,60800.0,152.69,herbaceous,9.785360268945253,shrub & grass,4199.686028257457
Dusty Acres Tract,FY2012-13,238840.0,238.84,herbaceous,0.8895782062677503,shrub & grass,908.1368821292776
E. Hickson Tract,FY2005-06,475000.0,318.0,herbaceous,2.223945515669376,shrub & grass,3338.0182712579062
Edisto River/Four Hole Swamp,FY2005-06,1500000.0,2383.5,herbaceous,0.6671836547008126,shrub & grass,420.2073022691194
Elliott Tract,FY2007-08,460780.0,2335.93,herbaceous,254.41936699257656,shrub & grass,50107.63498098859
Exley Plantation,FY2012-13,1257945.0,5031.78,herbaceous,3.113523721937126,shrub & grass,725.6677242572831
Fairfield (McCrady) Tract,FY2016-17,44450.0,177.8,herbaceous,19.793115089457444,shrub & grass,4865.990159901599
Featherhorn Farms,FY2013-14,1200000.0,1205.63,herbaceous,36.91749556011163,shrub & grass,36739.2106233862
Floyd Tract,FY2005-06,400000.0,434.14,herbaceous,51.37314141196258,shrub & grass,48150.0781657113
For Ducks Tract,FY2014-15,96875.0,193.75,herbaceous,0.2223945515669375,shrub & grass,106.92604856512143
Forty Acre Rock,FY2005-06,375617.0,521.69,herbaceous,3.113523721937126,shrub & grass,2255.957957957958
Fox Tindal Farm Tract,FY2014-15,99780.0,199.56,herbaceous,1.556761860968563,shrub & grass,774.3458980044345
French Quarter Creek,FY2015-16,166650.0,424.91,herbaceous,15.122829506551756,shrub & grass,5936.196961760084
"Garrett, Richard M.",FY2007-08,112750.0,120.0,herbaceous,30.912842667804323,shrub & grass,28136.894075403958
Gill Creek Preserve,FY2020-21,82500.0,238.77,herbaceous,0.2223945515669375,shrub & grass,77.46478873239437
Glover Plantation,FY2012-13,405328.0,2026.64,herbaceous,24.241006120796197,shrub & grass,4858.765204003079
Gopher Woods (Burris) Tract,FY2016-17,306000.0,593.76,herbaceous,44.25651576182057,shrub & grass,23758.87631681623
Gracefield Properties,FY2013-14,143250.0,573.0,herbaceous,14.010856748717067,shrub & grass,3460.41027607362
Grant Meadow Tract,FY2012-13,36800.0,36.81,herbaceous,0.2223945515669375,shrub & grass,230.0
Grassy Knob Tract,FY2015-16,803000.0,776.0,herbaceous,0.6671836547008126,shrub & grass,660.5429119824512
Great Falls Natural Area Project,FY2007-08,547665.0,353.0,herbaceous,3.113523721937126,shrub & grass,13890.054347826086
Groton Uplands,FY2018-19,850000.0,13868.0,herbaceous,319.1361814985554,shrub & grass,12933.136822461618
Halidon Hill Plantation,FY2012-13,62000.0,248.0,herbaceous,3.780707376637938,shrub & grass,934.3971631205676
Hamilton Ridge Tract,FY2005-06,5000000.0,13280.0,herbaceous,145.44603672477717,shrub & grass,55896.48040204441
"Hanna Trs (Carol Hanna, Leslie Hanna 1 & 2)",FY2012-13,281000.0,1405.0,herbaceous,32.91439363190676,shrub & grass,6775.496904529163
Harper Family Home Place & Solomons Tract,FY2007-08,304200.0,1544.0,herbaceous,155.0090024421555,shrub & grass,31089.061583577717
"Harper Place, Country Club and Moultrie",FY2007-08,276806.0,1384.03,herbaceous,183.0307159395896,shrub & grass,37842.41495016611
"Harper, Andrew R Tract",FY2007-08,866594.0,4322.97,herbaceous,551.983276989139,shrub & grass,113743.32670544685
"Harper, Stiles Tract (Sand Pit & Mikell)",FY2007-08,209504.0,1047.52,herbaceous,110.97488123190185,shrub & grass,23398.05192479857
Harrell Farm Trust Tract,FY2015-16,87254.0,290.848,herbaceous,0.8895782062677503,shrub & grass,264.2059046177139
Hickory Top Tract,FY2013-14,223000.0,223.85,herbaceous,0.6671836547008126,shrub & grass,669.6696696696696
High Creek Tract (Salley Tr),FY2012-13,835000.0,1704.7,herbaceous,22.01706060512682,shrub & grass,10617.13331620858
Hills Property,FY2013-14,115000.0,575.0,herbaceous,2.001550964102438,shrub & grass,399.7682502896872
Hinson Farm Project,FY2013-14,558424.0,1726.0,herbaceous,1.111972757834688,shrub & grass,374.1785044224069
Holly Bluff II,FY2018-19,208649.0,449.56,herbaceous,5.559863789173439,shrub & grass,2543.259385665529
Indigo Farms,FY2007-08,25000.0,103.0,herbaceous,0.2223945515669375,shrub & grass,54.70459518599563
Ingleside,FY2015-16,255000.0,1020.22,herbaceous,105.63741199429536,shrub & grass,25903.5500427716
Ingram Properties,FY2013-14,34475.0,197.0,herbaceous,30.023264461536574,shrub & grass,5276.785714285715
Jacob's Grant,FY2014-15,34400.0,171.55,herbaceous,2.223945515669376,shrub & grass,442.7284427284428
Jason Ross Tract,FY2013-14,398000.0,398.0,herbaceous,35.36073369914308,shrub & grass,35671.92784667418
Johnathan Graham,FY2012-13,758010.0,505.34,herbaceous,1.111972757834688,shrub & grass,1718.843537414966
"Johns, A.J. Properties",FY2012-13,330600.0,1653.0,herbaceous,147.44758768887962,shrub & grass,29405.393077542263
Jones Tract/Mt. Pleasant Tract,FY2007-08,343700.0,982.0,herbaceous,275.54684939143567,shrub & grass,20744.55865159782
Keithfield,FY2015-16,318000.0,304.87,herbaceous,43.36693755555282,shrub & grass,46519.12978244561
Kel-Sam Farms (Carolyn Black Tract),FY2012-13,850000.0,921.0,herbaceous,56.71061064956909,shrub & grass,52647.55890211319
Knollwood/Longlands Plt Tract (Phase 1 - Lower Santee Tr),FY2015-16,737850.0,2951.4,herbaceous,1.3343673094016253,shrub & grass,336.8409039032185
Kyle Daniel Tract,FY2004-05,320000.0,188.4,herbaceous,4.003101928204876,shrub & grass,7762.803234501346
Lacie Shelley Tract,FY2005-06,84375.0,64.0,herbaceous,0.4447891031338751,shrub & grass,402.744630071599
Lake Jemiki,FY2006-07,154950.0,129.16,herbaceous,1.111972757834688,shrub & grass,1385.9570661896244
Landco Project (Stevens Tract),FY2016-17,555000.0,557.0,herbaceous,5.337469237606501,shrub & grass,5563.90977443609
Landsford Addition Tract,FY2020-21,400000.0,385.35,herbaceous,3.780707376637938,shrub & grass,3053.435114503817
Lawton Boggy Tract,FY2006-07,59000.0,295.0,herbaceous,0.2223945515669375,shrub & grass,44.62934947049925
Lawton Tract,FY2006-07,268000.0,1073.58,herbaceous,38.029468317946325,shrub & grass,9350.744745970209
Liberty Hill Ph II,FY2014-15,1500000.0,1829.59,herbaceous,11.342122129913816,shrub & grass,11226.88582330496
Liberty Hill Tract,FY2012-13,1500000.0,937.0,herbaceous,2.891129170370188,shrub & grass,2216.9167803547066
Little Junkyard Bay,FY2013-14,227708.0,569.27,herbaceous,1.7791564125355006,shrub & grass,663.1467054969058
LOCURA Tract,FY2016-17,60250.0,241.0,herbaceous,8.22859840797669,shrub & grass,2041.4377289377287
Lyle Property,FY2019-20,143300.0,165.89,herbaceous,10.00775482051219,shrub & grass,8667.338709677419
Marhaygue Tract,FY2015-16,1209205.0,2418.41,herbaceous,54.26427058233277,shrub & grass,27339.327279466277
Mariwill Timber Plantation,FY2019-20,297100.0,1189.5,herbaceous,12.454094887748504,shrub & grass,3317.567298105683
Marsh Furniture Tract,FY2004-05,2000000.0,8347.0,herbaceous,68.27512733104983,shrub & grass,15993.748371971866
Mays - Epworth Conservation Area (Adams),FY2020-21,225000.0,1332.29,herbaceous,493.04872082390057,shrub & grass,83709.51501929855
McDowell Creek Tract,FY2007-08,2000000.0,1877.96,herbaceous,0.4447891031338751,shrub & grass,458.8734656418493
McKinney Creek Oconee Bell Preserve,FY2019-20,450000.0,195.6,herbaceous,27.7993189458672,shrub & grass,27860.32689450223
McLeod Tract,FY2006-07,500000.0,375.0,herbaceous,2.6687346188032506,shrub & grass,3422.7039361095262
Meyer Lake,FY2020-21,1000000.0,974.0,herbaceous,2.446340067236313,shrub & grass,2434.1668510732466
Michael Walden Tract,FY2013-14,53700.0,231.0,herbaceous,4.892680134472626,shrub & grass,1138.1502890173413
Middleton Place,FY2006-07,2000000.0,4497.0,herbaceous,36.02791735384388,shrub & grass,19526.30627372988
Middleton Place/Edmondston-Alston Family Trust,FY2007-08,820000.0,1274.0,herbaceous,196.8191781367397,shrub & grass,78267.9033649698
Mike and Tina Comalander Tracts,FY2015-16,66783.0,267.13,herbaceous,0.2223945515669375,shrub & grass,53.08664546899841
Mill Shoals Community Forest,FY2019-20,1650000.0,713.15,herbaceous,0.2223945515669375,shrub & grass,456.1791539950235
Millgrove Plantation,FY2020-21,165000.0,444.6,herbaceous,23.129033362961504,shrub & grass,8675.429726996965
MillRho (Oak Grove 2),FY2016-17,291000.0,1164.64,herbaceous,94.96247351908234,shrub & grass,23713.1679389313
Moore Property,FY2020-21,30557.0,56.62,herbaceous,0.2223945515669375,shrub & grass,110.31407942238268
Morrow Creek Timbers,FY2020-21,150000.0,429.92,herbaceous,36.250311905410825,shrub & grass,12694.704049844237
Mtn. Bridge Passage,FY2005-06,1550000.0,175.0,herbaceous,0.4447891031338751,shrub & grass,3865.336658354115
Murray Tract,FY2012-13,78400.0,392.29,herbaceous,169.9094373971403,shrub & grass,33897.90605546123
Murray Tract Phase III,FY2013-14,219096.0,1095.48,herbaceous,388.5232815874399,shrub & grass,72948.48713550602
Myrtle Grove Plt Tract,FY2014-15,643268.0,1715.38,herbaceous,2.223945515669376,shrub & grass,809.5494588472187
Ness Bay Tr,FY2013-14,120000.0,300.0,herbaceous,53.37469237606502,shrub & grass,21098.9010989011
Nine  Times Tract A,FY2007-08,1500000.0,560.0,herbaceous,4.892680134472626,shrub & grass,13452.91479820628
Nine Times B&C,FY2012-13,1500000.0,1648.0,herbaceous,66.05118181538046,shrub & grass,60819.11262798635
North Enoree Watershed Tract,FY2016-17,100000.0,34.47,herbaceous,0.2223945515669375,shrub & grass,636.9426751592357
Oakland Club,FY2015-16,3581730.0,11166.17,herbaceous,198.15354544614135,shrub & grass,65496.59168804516
Old Santee Canal,FY2020-21,270000.0,564.94,herbaceous,104.08065013332678,shrub & grass,45584.41558441559
Paradise Shrimp Farms,FY2007-08,100000.0,504.5,herbaceous,2.001550964102438,shrub & grass,394.5637878123629
Patriots Plantation II,FY2014-15,653625.0,1867.5,herbaceous,3.335918273504064,shrub & grass,1181.9620253164558
Paul Sanders Tract,FY2006-07,420000.0,164.89,herbaceous,0.4447891031338751,shrub & grass,1274.658573596358
Pecan Alley Farms Tract,FY2015-16,44795.0,89.57,herbaceous,0.2223945515669375,shrub & grass,111.70822942643392
Peeples Waldburg Tract,FY2014-15,117800.0,589.0,herbaceous,30.912842667804323,shrub & grass,6252.080946926309
Pettigrew Tract (Murray Tract),FY2015-16,300000.0,1044.7,herbaceous,28.911291703701885,shrub & grass,8532.04987967622
Pin Branch Plantation,FY2013-14,21000.0,105.0,herbaceous,51.15074686039564,shrub & grass,9621.513944223108
Pine Hill/Swamp Solomons,FY2007-08,99800.0,718.0,herbaceous,53.37469237606502,shrub & grass,9930.34825870647
Pinnacle Partners Tracts,FY2018-19,34330.0,137.32,herbaceous,64.71681450597883,shrub & grass,17165.0
Plum Creek Timberlands Tr,FY2014-15,70000.0,35.83,herbaceous,8.895782062677503,shrub & grass,17391.304347826088
Pollard Tract (Milbury),FY2006-07,2374312.0,10398.0,herbaceous,221.2825788091029,shrub & grass,55935.60885521488
Powers Farm,FY2012-13,165110.0,207.65,herbaceous,2.891129170370188,shrub & grass,2604.890776699029
Rhodes-Kinsey Tract,FY2012-13,208320.0,1041.6,herbaceous,49.59398499942707,shrub & grass,10022.731391585758
Rhodes and IP/Milbury,FY2013-14,328600.0,1006.7,herbaceous,59.1569507168054,shrub & grass,10401.951683922409
River Oaks Plantation,FY2020-21,975000.0,1005.18,herbaceous,3.113523721937126,shrub & grass,3097.345132743363
Riverbend Shoals Tract,FY2012-13,290000.0,580.0,herbaceous,4.003101928204876,shrub & grass,2059.984214680347
Riverside Farms,FY2016-17,1200000.0,2120.0,herbaceous,20.90508784729213,shrub & grass,11905.013192612136
Robert Battle Tract,FY2005-06,55250.0,65.3,herbaceous,0.2223945515669375,shrub & grass,186.6554054054054
Rocky Point Landing Tr,FY2013-14,1109670.0,467.75,herbaceous,1.111972757834688,shrub & grass,3397.642375995101
Rogers Family Farm,FY2019-20,99539.0,496.5,herbaceous,0.8895782062677503,shrub & grass,189.6884230585993
Rose Hill Farm Phase 1,FY2007-08,750000.0,336.0,herbaceous,25.79776798176476,shrub & grass,59063.13645621182
Rosemont Plantation Expansion,FY2019-20,350000.0,123.82,herbaceous,0.2223945515669375,shrub & grass,589.2255892255891
Salt Landing,FY2007-08,217000.0,572.0,herbaceous,7.561414753275877,shrub & grass,2910.4536489151874
Salt Point Timber Tract,FY2007-08,400000.0,1032.0,herbaceous,30.24565901310351,shrub & grass,11963.932263030569
Saluda Rivers Connector (Phase 1),FY2018-19,500000.0,181.0,herbaceous,15.56761860968563,shrub & grass,9373.326191751472
Saluda Rivers Connector (Phase II),FY2019-20,500000.0,181.0,herbaceous,15.56761860968563,shrub & grass,9373.326191751472
Sanctuary Timberlands Tracts,FY2019-20,88248.0,352.99,herbaceous,10.00775482051219,shrub & grass,2503.883984867591
Sand Creek Farm,FY2007-08,100000.0,217.1,herbaceous,0.2223945515669375,shrub & grass,104.16666666666669
Sanders Farm Tract,FY2012-13,83600.0,418.0,herbaceous,1.111972757834688,shrub & grass,208.37487537387835
Santee River Tract,FY2013-14,2167750.0,8517.0,herbaceous,99.41036455042108,shrub & grass,24689.383901954287
Scotswood,FY2018-19,359290.0,3590.2,herbaceous,44.70130486495445,shrub & grass,4446.329885482084
SCWA Tract,FY2013-14,390000.0,390.0,herbaceous,8.673387511110565,shrub & grass,9337.016574585634
Segars Mill Pond Tract,FY2006-07,2443389.0,533.88,herbaceous,11.342122129913816,shrub & grass,30799.02100840336
Shinco Chauga Tract,FY2012-13,402000.0,402.0,herbaceous,0.4447891031338751,shrub & grass,446.4186563020544
Silver Bluff Audubon Center and Sanctuary,FY2015-16,812608.0,3250.43,herbaceous,125.4305270837528,shrub & grass,30781.84646383236
Simkins River Farm,FY2013-14,523600.0,2617.0,herbaceous,2.001550964102438,shrub & grass,407.8234530506274
"Simmons, Kenneth Tract (Birchwood Farms)",FY2012-13,364500.0,405.5,herbaceous,0.2223945515669375,shrub & grass,201.158940397351
Slater Duck Ponds,FY2021-22,1678670.0,335.62,herbaceous,3.113523721937126,shrub & grass,15330.319634703195
Smith Ford Farm,FY2020-21,321472.0,446.32,herbaceous,22.239455156693754,shrub & grass,20372.116603295308
Sosnowski Property,FY2006-07,150000.0,178.0,herbaceous,17.34677502222113,shrub & grass,14373.464373464374
South Fenwick Island Tract,FY2015-16,500000.0,400.94,herbaceous,31.3576317709382,shrub & grass,40102.38907849829
Spring Grove Tract,FY2014-15,478000.0,638.0,herbaceous,2.6687346188032506,shrub & grass,2012.6315789473683
Still Branch Plantation,FY2014-15,10400.0,52.0,herbaceous,25.79776798176476,shrub & grass,4730.980392156863
Stuck 2020 Property,FY2019-20,347554.0,2700.0,herbaceous,87.84584786894034,shrub & grass,13162.399808245444
Stumphouse Mountain,FY2006-07,1227150.0,439.6,herbaceous,0.4447891031338751,shrub & grass,1232.078313253012
Sumter Wateree Tract,FY2012-13,937250.0,3749.0,herbaceous,0.6671836547008126,shrub & grass,159.0806223479491
Tall Pines Tract,FY2015-16,3000000.0,1757.0,herbaceous,0.8895782062677503,shrub & grass,1530.221882172915
Terry Andrews,FY2007-08,761805.0,1539.0,herbaceous,12.009305784614629,shrub & grass,5766.396131202691
Thompson J. Bradford Property/Timberhaven,FY2007-08,215000.0,878.0,herbaceous,90.06979338460971,shrub & grass,22049.88604710053
Thornhill Farms Tract,FY2014-15,163400.0,98.2,herbaceous,1.3343673094016253,shrub & grass,2351.079136690648
Timberhaven (Thompson II),FY2016-17,132500.0,516.64,herbaceous,102.30149372079129,shrub & grass,26511.5267507612
Tokeena Crossroads,FY2006-07,2695745.0,1107.87,herbaceous,6.44944199544119,shrub & grass,15641.577631052423
Tom's Branch,FY2015-16,155250.0,575.0,herbaceous,27.7993189458672,shrub & grass,7381.608976797262
Toole Tract,FY2007-08,250000.0,349.39,herbaceous,18.01395867692194,shrub & grass,12317.518248175182
Van Watts Tract,FY2013-14,362338.0,724.67,herbaceous,2.446340067236313,shrub & grass,1146.969208633093
Wallace Farm,FY2016-17,100000.0,347.67,herbaceous,1.111972757834688,shrub & grass,321.75032175032175
Waterloo Tract,FY2006-07,289450.0,406.0,herbaceous,52.707508721364206,shrub & grass,37080.89189189189
Westervelt Timber,FY2014-15,2483600.0,12418.0,herbaceous,1258.5307673172997,shrub & grass,251133.60850531585
Whaley Property,FY2007-08,200000.0,94.2,herbaceous,0.6671836547008126,shrub & grass,1442.3076923076922
Wild Turkey Creek Tract,FY2019-20,74232.0,329.92,herbaceous,1.7791564125355006,shrub & grass,405.08594815825376
Williamson Farm Tract,FY2012-13,63000.0,63.4,herbaceous,0.2223945515669375,shrub & grass,221.83098591549296
Willow Lake (Bamberg Tract),FY2019-20,278000.0,1373.12,herbaceous,2.223945515669376,shrub & grass,454.3226017323092
Willow Oaks Tract,FY2012-13,195000.0,195.06,herbaceous,2.223945515669376,shrub & grass,2294.1176470588234
Willtown (Knox) - ACE Basin,FY2020-21,250000.0,2101.27,herbaceous,5.337469237606501,shrub & grass,641.9858763107211
Winborn a/s/a Lawton Plantation,FY2007-08,262800.0,1314.0,herbaceous,128.9888399088238,shrub & grass,25847.71917924368
Woodbury Tract,FY2005-06,5000000.0,25668.0,herbaceous,217.279476880898,shrub & grass,42229.65671654693
Yem Tract,FY2015-16,108750.0,435.0,herbaceous,16.679591367520317,shrub & grass,4210.764068146618
Combahee Scott,FY2021-22,79620.0,209.0,herbaceous,22.239455156693754,shrub & grass,8579.741379310342
Gobblers Roost,FY2021-22,393506.0,1020.08,herbaceous,3.780707376637938,shrub & grass,1470.2421978021978
River Falls,FY2021-22,650000.0,170.97,herbaceous,3.558312825071001,shrub & grass,13488.975356679635
Historic Crawford Mill Property,FY2021-22,250000.0,40.09,herbaceous,1.7791564125355006,shrub & grass,12903.225806451615
YLASI Property,FY2021-22,150000.0,315.42,herbaceous,0.2223945515669375,shrub & grass,109.97067448680352
Mays-Epworth Conservation Area (Turner),FY2021-22,86500.0,216.25,herbaceous,2.6687346188032506,shrub & grass,1061.3496932515336
Watson Farm,FY2021-22,235000.0,701.74,herbaceous,17.791564125355006,shrub & grass,1964.472309299896
Bobwhite Hills,FY2021-22,850000.0,773.99,herbaceous,14.455645851850942,shrub & grass,16240.446796002352
River Swamp Tract,FY2021-22,345000.0,1017.5,herbaceous,107.86135750996472,shrub & grass,36945.24177522631
Tyger River Confluence,FY2021-22,157500.0,200.78,herbaceous,0.6671836547008126,shrub & grass,530.3030303030304
North Fork Edisto Tract,FY2021-22,49950.0,36.71,herbaceous,0.4447891031338751,shrub & grass,594.6428571428572
Fishing Creek Tract,FY2022-23,125000.0,110.48,herbaceous,2.446340067236313,shrub & grass,2858.6278586278586
Soapstone Church,FY2022-23,20000.0,6.45,herbaceous,0.6671836547008126,shrub & grass,1764.7058823529412
ACE Basin: St. Helena Estuary (Cummings) Ti Ti 2,FY2022-23,215000.0,1742.0,herbaceous,0.4447891031338751,shrub & grass,55.1564905079528
Hazelwood Farm,FY2022-23,78050.0,178.1,herbaceous,0.6671836547008126,shrub & grass,282.7898550724637
Newton Farm,FY2022-23,250000.0,563.47,herbaceous,1.556761860968563,shrub & grass,680.6690003889537
Great Santee Swamp,FY2022-23,649000.0,2114.95,herbaceous,6.44944199544119,shrub & grass,1978.6585365853664
Santee River - Dawhoo and Wadmacon Creek Tract,FY2022-23,645000.0,1742.55,herbaceous,0.2223945515669375,shrub & grass,86.96238371309155
Plantersville Cultural Center,FY2022-23,60000.0,10.0,herbaceous,0.6671836547008126,shrub & grass,3750.0
Eureka Preserve,FY2022-23,350000.0,601.46,herbaceous,90.51458248774358,shrub & grass,52700.7029226785
Little Eastatoee on Scenic Hwy 11,FY2022-23,400000.0,234.72,herbaceous,6.894231098575065,shrub & grass,11843.361986628464
Gourdin Tracts,FY2022-23,130757.0,342.75,herbaceous,0.8895782062677503,shrub & grass,324.86211180124224
River Road,FY2022-23,160000.0,27.03,herbaceous,0.2223945515669375,shrub & grass,1240.31007751938
Salters Property,FY2022-23,385000.0,626.0,herbaceous,39.14144107578101,shrub & grass,24766.081871345028
Bishop Branch Pastures,FY2022-23,145800.0,64.73,herbaceous,20.23790419259132,shrub & grass,45751.03448275862
Independence Farm,FY2022-23,650000.0,498.22,herbaceous,12.231700336181566,shrub & grass,16279.599271402552
Slater Tract,FY2022-23,1000000.0,3507.45,herbaceous,18.90353688318969,shrub & grass,5448.019484681451
Triple Oak Farm,FY2022-23,150000.0,91.79,herbaceous,0.2223945515669375,shrub & grass,368.55036855036855
Black River SP - RMS North,FY2022-23,1250000.0,535.25,herbaceous,0.2223945515669375,shrub & grass,532.1413367390379
Hammonds Store Battlefield,FY2022-23,80000.0,30.0,herbaceous,0.2223945515669375,shrub & grass,655.7377049180328
Cooler Dairy Farm,FY2022-23,250000.0,654.0,herbaceous,8.895782062677503,shrub & grass,3377.2374197906115
Halfway Swamp Creek,FY2022-23,175000.0,288.37,herbaceous,1.556761860968563,shrub & grass,969.145569620253
Willowbend,FY2022-23,300000.0,348.53,herbaceous,1.111972757834688,shrub & grass,929.3680297397772
Buckfield,FY2022-23,850000.0,2064.52,herbaceous,97.18641903475172,shrub & grass,41341.12409571507
White Branch on Scenic 11,FY2022-23,350000.0,159.0,herbaceous,1.111972757834688,shrub & grass,2308.7071240105543
Daus - Knights Hill,FY2022-23,500000.0,1010.27,herbaceous,130.3232072182254,shrub & grass,66379.7009515179
Ingleside Park,FY2023-24,1000000.0,445.8,herbaceous,0.4447891031338751,shrub & grass,996.5122072745392
Bowers Farm,FY2023-24,500000.0,488.33,herbaceous,1.3343673094016253,shrub & grass,1409.7744360902252
"Savannah River and Uplands (Pauline Place, LLC) Lowlands",FY2023-24,300000.0,1218.3,herbaceous,88.29063697207421,shrub & grass,21837.183718371834
Twin Ponds,FY2023-24,156000.0,91.69,herbaceous,1.111972757834688,shrub & grass,1857.142857142857
Dalzell Bay,FY2023-24,80000.0,61.1,herbaceous,1.111972757834688,shrub & grass,1526.717557251908
Andrews Black River Park,FY2023-24,5800000.0,1806.43,herbaceous,77.61569849686121,shrub & grass,249685.4570124584
Saluda Bluffs,FY2023-24,9000000.0,1090.0,herbaceous,250.19387051280475,shrub & grass,2105427.323767935
Hazelwood Farm 2,FY2023-24,215000.0,373.43,herbaceous,2.446340067236313,shrub & grass,1253.3121356650768
Betsy Kerrison Nature Trail Phase 3,FY2023-24,145000.0,3.0,herbaceous,0.4447891031338751,shrub & grass,20714.28571428572
George Aull Expansion Clemson Forest,FY2023-24,1200000.0,82.47,herbaceous,6.004652892307314,shrub & grass,84375.0
Santee Delta Plantation,FY2023-24,75000.0,108.86,herbaceous,13.121278542449318,shrub & grass,9049.079754601227
Catawba - Nisbet Tract,FY2023-24,3800000.0,596.36,herbaceous,0.2223945515669375,shrub & grass,1412.1144555927165
Sleepy Prong,FY2023-24,60000.0,136.97,herbaceous,9.11817661424444,shrub & grass,4019.607843137255
Pleasant Grove,FY2023-24,40000.0,79.33,herbaceous,9.11817661424444,shrub & grass,4795.3216374269
Bob McCartney - Rossdhu Longleaf Preserve,FY2023-24,81000.0,61.0,herbaceous,1.111972757834688,shrub & grass,1488.970588235294
Santee Corridor - RMS-Wadmacon,FY2023-24,1950000.0,2248.0,herbaceous,32.024815425639005,shrub & grass,27779.976256430546
Waites - Merrill Boyce Tracts,FY2023-24,8000000.0,107.02,herbaceous,0.6671836547008126,shrub & grass,47430.83003952569
Blue Branch Farm,FY2023-24,400000.0,381.1,herbaceous,22.90663881139457,shrub & grass,23369.25694838344
Gin Branch Farms LLC II tracts,FY2023-24,150000.0,590.01,herbaceous,0.6671836547008126,shrub & grass,176.74783974862527
Forty Acre Rock Farm,FY2023-24,195000.0,97.08,herbaceous,46.48046127748995,shrub & grass,92625.0
Hope Station LLC,FY2023-24,573100.0,1081.34,herbaceous,57.82258340740377,shrub & grass,30440.44943820225
Hiott Station,FY2023-24,175000.0,561.8,herbaceous,36.6951010085447,shrub & grass,11471.990464839097
Pudding Swamp - Atkinson Farm,FY2023-24,150000.0,383.15,herbaceous,0.2223945515669375,shrub & grass,84.69791078486732
Shaws Creek Preserve,FY2023-24,1900000.0,2657.63,herbaceous,37.36228466324551,shrub & grass,26709.062003179653
Limehouse,FY2023-24,1400000.0,102.88,herbaceous,0.6671836547008126,shrub & grass,9292.035398230088
Harrell Family Park,FY2023-24,2500000.0,156.41,herbaceous,1.7791564125355006,shrub & grass,25673.94094993582
Witherspoon Island,FY2023-24,850000.0,3707.94,herbaceous,13.78846219715013,shrub & grass,3033.617315219895
Korn Tract,FY2023-24,1090000.0,302.32,herbaceous,5.337469237606501,shrub & grass,19263.62297496318
Tyger Oak Property,FY2023-24,23000000.0,945.91,herbaceous,23.129033362961504,shrub & grass,570883.0548926014
Gregorie Neck,FY2023-24,2000000.0,4409.3,herbaceous,13.78846219715013,shrub & grass,6209.935897435898
Searles Family Homeplace,FY2023-24,330000.0,991.8,herbaceous,271.76614201479765,shrub & grass,91070.46070460705
Thrailkill Farm,FY2024-25,1600000.0,1063.06,herbaceous,47.81482858689157,shrub & grass,71861.2909964487
Camp Awanita,FY2024-25,950000.0,483.99,herbaceous,0.2223945515669375,shrub & grass,436.1799816345271
Black River SP - Mingo Creek,FY2024-25,244378.0,664.32,herbaceous,0.6671836547008126,shrub & grass,238.8058631921824
Morrow Creek Timbers Addition,FY2024-25,65000.0,236.9,herbaceous,66.71836547008127,shrub & grass,18275.538894095596
Ginia's Farm,FY2024-25,56000.0,98.73,herbaceous,0.2223945515669375,shrub & grass,125.0
Travelers Rest Bunched Arrowhead Preserve,FY2024-25,375000.0,24.73,herbaceous,0.2223945515669375,shrub & grass,3289.4736842105267
Snow's Island Addition,FY2024-25,5229080.0,2584.26,herbaceous,159.45689347349423,shrub & grass,323769.4611398964
Snow's Island,FY2024-25,14400000.0,5178.93,herbaceous,20.23790419259132,shrub & grass,58712.30789909942
Horsepen Creek I,FY2024-25,165000.0,46.0,herbaceous,0.4447891031338751,shrub & grass,1650.0
Waites - Becky Work,FY2024-25,8000000.0,115.0,herbaceous,0.4447891031338751,shrub & grass,30303.030303030308
Old Blair Road (Lina Marston),FY2024-25,72000.0,131.0,herbaceous,1.7791564125355006,shrub & grass,1037.837837837838
McQueen Farm,FY2024-25,110000.0,246.0,herbaceous,0.4447891031338751,shrub & grass,203.70370370370367
AB Farms,FY2024-25,412500.0,126.0,herbaceous,2.001550964102438,shrub & grass,6456.521739130434
Glassy Mountain Foothills - Scenic Highway 11,FY2024-25,2500000.0,365.0,herbaceous,1.111972757834688,shrub & grass,7992.327365728901
Broad River Preserve,FY2024-25,760000.0,1040.78,herbaceous,2.223945515669376,shrub & grass,1635.4637400473423
Watson Farm,FY2024-25,565000.0,358.73,herbaceous,17.791564125355006,shrub & grass,4723.092998955069
Jackson Farms Cash Tracts,FY2024-25,500000.0,588.0,herbaceous,154.11942423588775,shrub & grass,131399.31740614335
Alcorn Timber,FY2024-25,135000.0,166.47,herbaceous,8.673387511110565,shrub & grass,6992.0318725099605
Essex Farms,FY2024-25,560000.0,898.55,herbaceous,31.802420874072077,shrub & grass,21168.384879725083
Sadler Farms,FY2024-25,325000.0,264.8,herbaceous,1.3343673094016253,shrub & grass,1807.2289156626505
Grimshaw Farm,FY2024-25,145000.0,122.61,herbaceous,39.14144107578101,shrub & grass,46148.28209764918
Oconee Station Connector,FY2024-25,122500.0,63.97,herbaceous,2.001550964102438,shrub & grass,3712.121212121212
Burch's Mill,FY2024-25,1250000.0,374.64,herbaceous,1.3343673094016253,shrub & grass,4443.127962085307
Price Family Farm,FY2024-25,205000.0,199.17,herbaceous,9.340571165811378,shrub & grass,9641.657334826428
Black River SP - Browns Ferry,FY2024-25,498000.0,311.31,herbaceous,79.83964401253058,shrub & grass,123553.5590877678
Beech Hill,FY2024-25,3350000.0,1637.6,herbaceous,158.34492071565955,shrub & grass,324208.2370531467
Rivers Farm 2,FY2024-25,410000.0,347.78,herbaceous,1.111972757834688,shrub & grass,1274.08328154133
Rivers Farm 1,FY2024-25,885000.0,668.97,herbaceous,4.003101928204876,shrub & grass,5361.831033322113
Saluda Grade Trail,FY2024-25,750000.0,373.71,herbaceous,2.446340067236313,shrub & grass,4951.980792316926
Alston Tract,FY2024-25,64350.0,174.46,herbaceous,104.97022833959454,shrub & grass,40123.11756935271
Dean Acres,FY2024-25,112000.0,141.11,herbaceous,0.4447892934274968,shrub & grass,379.6610169491525
Lever Farms,FY2025-26,187500.0,115.74,herbaceous,9.562969808691182,shrub & grass,14766.483516483517
Wilson Ridge Farm,FY2025-26,640000.0,424.12,herbaceous,42.2549828756122,shrub & grass,64784.23015450186
Broad River Conservation @Alston,FY2025-26,725000.0,109.33,herbaceous,0.6671839401412453,shrub & grass,4588.607594936709
Cedar Hill Farm,FY2025-26,300000.0,312.9,herbaceous,10.674943042259924,shrub & grass,10293.066476054324
Pee Dee Basin RMS Initiative,FY2025-26,3300000.0,900.04,herbaceous,213.943650138626,shrub & grass,805123.0027897541
Keller Tracks,FY2025-26,129100.0,271.79,herbaceous,11.119732335687422,shrub & grass,5330.305532617672
Ninety Six Creek,FY2025-26,78000.0,68.82,herbaceous,0.2223946467137484,shrub & grass,249.2012779552716
Carolina Seafood Hwy 17,FY2025-26,150000.0,14.67,herbaceous,0.2223946467137484,shrub & grass,2054.794520547945
Keese Family Farm,FY2025-26,812000.0,556.68,herbaceous,136.99510237566903,shrub & grass,199359.1072140295
Broad Arrow Landing,FY2025-26,800000.0,903.61,herbaceous,2.001551820423736,shrub & grass,1792.3823749066466
Gillian Farms - J.Paul Rd,FY2025-26,95000.0,42.33,herbaceous,0.2223946467137484,shrub & grass,500.0
Blessing,FY2025-26,7400000.0,627.75,herbaceous,1.3343678802824903,shrub & grass,15331.491712707182
Pocotaligo Station,FY2025-26,4597600.0,1742.33,herbaceous,276.8813351586168,shrub & grass,727967.9511636781
Evergreen LLC - Little Lynches River Tract,FY2025-26,138450.0,150.82,herbaceous,70.94389230168575,shrub & grass,66614.70588235294
Red Fern,FY2025-26,264000.0,302.02,herbaceous,32.24722377349352,shrub & grass,26919.83122362869
Mayadinya-in-the-Pines Conservation Easement,FY2025-26,34825.0,76.12,herbaceous,3.113525053992478,shrub & grass,1385.0852272727273
Beneventum,FY2025-26,342000.0,190.0,herbaceous,0.4447892934274968,shrub & grass,800.9367681498827
RML Timber,FY2025-26,872625.0,1219.03,herbaceous,23.573832551657333,shrub & grass,17142.0033358043
Jeffers Tract,FY2025-26,20000.0,36.0,herbaceous,0.2223946467137484,shrub & grass,126.58227848101264
Sellers Tract,FY2025-26,20500.0,222.0,herbaceous,105.192667895603,shrub & grass,9450.779727095516
The Pond Conservation Easement,FY2025-26,16500.0,30.0,herbaceous,1.1119732335687422,shrub & grass,606.6176470588235
Eidson Family Timberland,FY2025-26,175000.0,695.0,herbaceous,4.8926822277024655,shrub & grass,1247.9740680713128
AM-PM Farms,FY2025-26,1500000.0,419.0,herbaceous,30.468066599783533,shrub & grass,95848.88059701493
H and H Farm,FY2025-26,444000.0,534.0,herbaceous,110.08535012330547,shrub & grass,91651.376146789
Duck Ponds,FY2025-26,16000000.0,8460.0,herbaceous,71.38868159511324,shrub & grass,136573.9509652715
Tindal Farm - Mooneyham,FY2025-26,230000.0,179.0,herbaceous,0.2223946467137484,shrub & grass,281.17359413202934
Walnut Grove Plantation,FY2025-26,1305500.0,779.0,herbaceous,10.897337688973671,shrub & grass,17878.563443264393
Big Garvin Creek Farm,FY2025-26,317000.0,253.0,herbaceous,3.113525053992478,shrub & grass,3937.888198757764
Oscar's Place,FY2025-26,80000.0,50.0,herbaceous,0.4447892934274968,shrub & grass,711.111111111111
Kidd Family Farm,FY2025-26,264100.0,296.0,herbaceous,4.447892934274969,shrub & grass,3835.8750907770514
Whiten Farms,FY2025-26,375000.0,156.0,herbaceous,1.556762526996239,shrub & grass,3755.3648068669527
Thomason Farm,FY2025-26,378000.0,219.0,herbaceous,2.001551820423736,shrub & grass,3514.4628099173547
Back Swamp,FY2025-26,216000.0,420.0,herbaceous,1.3343678802824903,shrub & grass,670.807453416149
Shelton Wood,FY2025-26,94500.0,219.0,herbaceous,0.2223946467137484,shrub & grass,97.72492244053775
Santuc Farm,FY2025-26,340800.0,387.0,herbaceous,2.001551820423736,shrub & grass,1779.1183294663572
Felker Farm,FY2025-26,225000.0,248.0,herbaceous,15.56762526996239,shrub & grass,14012.455516014234
Piedmont River Park,FY2025-26,33000.0,6.0,herbaceous,0.4447892934274968,shrub & grass,1294.1176470588234
Kirkwood Farm,FY2025-26,264618.0,373.0,herbaceous,53.37471521129962,shrub & grass,37668.04270462633
Camden Battlefield,FY2004-05,341250.0,310.0,herbaceous,98.965575,shrub & grass,71027.24495459374
Camden Battleground Trust,FY2007-08,106052.0,161.0,herbaceous,1306.790385,shrub & grass,26343.75615791472
McGovern Tract Conservation Easement,FY2025-26,31200.0,21.0,herbaceous,0.2223946467137484,shrub & grass,342.85714285714283
Wheeler Farm,FY2025-26,744000.0,887.0,herbaceous,20.01551820423736,shrub & grass,18195.65217391304
Utsey Tract,FY2025-26,500000.0,296.74,herbaceous,84.06517645779691,shrub & grass,140729.70960536113
Tokeena Angus,FY2025-26,160000.0,99.0,herbaceous,6.004655461271208,shrub & grass,10285.714285714284
AC II,FY2025-26,610000.0,1129.0,herbaceous,33.135656041512235,shrub & grass,17593.88308168796
Montgomery Tract,FY2025-26,302000.0,312.0,herbaceous,37.58339510748703,shrub & grass,36717.9856115108
Flat Grove Farm,FY2025-26,223500.0,232.0,herbaceous,0.2223869532987398,shrub & grass,210.8490566037736
Forest View,FY2025-26,4850000.0,590.0,herbaceous,9.785025945144552,shrub & grass,80680.52930056711
River Oaks,FY2025-26,950000.0,699.0,herbaceous,2.446256486286138,shrub & grass,3339.7251518056883
King Family Lynches Tract,FY2025-26,305000.0,546.0,herbaceous,34.69236471460341,shrub & grass,19239.789729074
Blue Heron LLC - Liberty Hill WMA Addition,FY2025-26,6566000.0,2006.0,herbaceous,91.0,shrub & grass,299201.8027040561
Gramling and Gramling Farm,FY2026-27,1873530.0,816.0,herbaceous,12.008895478131947,shrub & grass,27365.599134433323
Shealy Farms,FY2026-27,60000.0,60.0,herbaceous,2.194778089541676,shrub & grass,2234.0425531914893
Chelsea,FY2026-27,1500000.0,2672.0,herbaceous,17.123795404002966,shrub & grass,9398.649198470175
Glassy Summit,FY2026-27,814000.0,183.0,herbaceous,0.3135397270773823,shrub & grass,1440.7079646017696
Old Schoolhouse Farm,FY2026-27,216000.0,193.0,herbaceous,5.782260814557459,shrub & grass,6455.172413793102
Chick-A-Moo Farm 1,FY2026-27,257500.0,97.0,herbaceous,0.2223869532987398,shrub & grass,579.9549549549549
Goodwill,FY2026-27,12600000.0,737.0,herbaceous,19.753002805875084,shrub & grass,336926.9949066214
Hiott Farms,FY2026-27,285000.0,548.0,herbaceous,0.4447739065974796,shrub & grass,233.12883435582825
Vaught Tract II,FY2026-27,205000.0,303.0,herbaceous,0.2223869532987398,shrub & grass,151.73945225758698
McCoy Farm,FY2026-27,435000.0,1089.0,herbaceous,0.4447892934274968,shrub & grass,175.79308951303292
Milky Way Farms,FY2026-27,795000.0,177.0,herbaceous,17.790956263899183,shrub & grass,79500.0
Redding-Stone Farmstead Tracts,FY2026-27,100000.0,78.0,herbaceous,0.3135397270773823,shrub & grass,378.7878787878788
Des Francs - Wateree,FY2026-27,12377318.0,4854.0,herbaceous,0.6671608598962194,shrub & grass,1582.9796649187874
Beech Creek - Wateree,FY2026-27,9822000.0,3592.0,herbaceous,0.4447739065974796,shrub & grass,1193.9463927551203
Anderson Property,FY2018-19,350000.0,314.28,hay/pasture,47.81482858689157,agriculture,56367.041198501865
Asbury Hills,FY2006-07,3750000.0,1892.0,hay/pasture,2.223945515669376,agriculture,4526.798647996137
Ashley River Historic Project,FY2004-05,6285000.0,12280.0,hay/pasture,143.2220912091078,agriculture,113752.45910853802
Battle of Hanging Rock - Horton,FY2019-20,157500.0,30.84,hay/pasture,8.673387511110565,agriculture,48750.0
Belfast Plantation - Phase 1,FY2007-08,2000000.0,2220.0,hay/pasture,28.911291703701885,agriculture,12380.952380952382
Big Snooks Tract,FY2018-19,48485.0,288.0,hay/pasture,0.4447891031338751,agriculture,76.11459968602826
Bird Point Farm,FY2007-08,120000.0,80.0,hay/pasture,24.908189775497007,agriculture,34111.67512690355
Boggy Branch Farms,FY2013-14,270630.0,451.05,hay/pasture,1.111972757834688,agriculture,642.2164214523018
Boone Hall,FY2019-20,2000000.0,598.88,hay/pasture,59.1569507168054,agriculture,186863.3649455567
Boones Creek Oconee Bell Preserve,FY2019-20,200000.0,40.0,hay/pasture,8.006203856409751,agriculture,42857.14285714286
"Boyd, Steve Tract",FY2014-15,775000.0,1000.0,hay/pasture,62.7152635418764,agriculture,47552.21932114883
Bramblewood Tract,FY2018-19,340000.0,680.04,hay/pasture,45.81327762278914,agriculture,23130.77939233818
Bramlett Bottoms,FY2020-21,100000.0,40.7,hay/pasture,21.572271501992944,agriculture,55113.63636363637
Bryan Dairy,FY2006-07,212500.0,951.0,hay/pasture,83.39795683760158,agriculture,19956.79939894816
Bunched Arrowhead Preserve Tr,FY2013-14,465000.0,64.96,hay/pasture,1.3343673094016253,agriculture,9721.254355400695
"Cain, Kenny Easement",FY2007-08,145000.0,114.0,hay/pasture,106.5269902005631,agriculture,136453.83104125736
Cane Creek Project,FY2012-13,313000.0,228.68,hay/pasture,0.4447891031338751,agriculture,537.8006872852234
Cannon Tract,FY2006-07,200000.0,144.28,hay/pasture,18.458747780055816,agriculture,25577.812018489985
Chapman Bridge Oconee Bell Preserve,FY2019-20,550000.0,238.72,hay/pasture,0.2223945515669375,agriculture,530.3760848601736
Chauga Bluff,FY2014-15,523000.0,696.0,hay/pasture,29.800869909969634,agriculture,22024.512884978
Chauga Heights Tract,FY2018-19,550000.0,212.69,hay/pasture,3.113523721937126,agriculture,8279.569892473119
ChauRam Expansion,FY2007-08,250000.0,89.46,hay/pasture,6.227047443874252,agriculture,14462.809917355373
Chinquapin Greenway,FY2005-06,657128.0,43.0,hay/pasture,0.2223945515669375,agriculture,3934.898203592815
Chisolm Plantation (Ackerman & Lesesne Tracts),FY2007-08,500000.0,5087.0,hay/pasture,69.38710008888452,agriculture,13464.52615225272
Cleveland-Wilson Farms,FY2004-05,6370000.0,867.0,hay/pasture,37.584679214812446,agriculture,289078.947368421
Comalander Tracts,FY2015-16,97805.0,391.22,hay/pasture,2.6687346188032506,agriculture,549.7236533957845
Combahatchie Family Tract,FY2015-16,165300.0,550.98,hay/pasture,1.111972757834688,agriculture,333.93939393939394
Cotton Hall/Mount Repose,FY2007-08,442000.0,2210.0,hay/pasture,0.4447891031338751,agriculture,93.57467979252672
Cotton Hills Farm,FY2006-07,782500.0,870.0,hay/pasture,168.79746463930562,agriculture,146429.36390532544
Crab Orchard Plantation,FY2007-08,563800.0,2819.0,hay/pasture,1.3343673094016253,agriculture,263.4374269916673
Cragmoor Farms,FY2015-16,1000000.0,120.83,hay/pasture,45.5908830712222,agriculture,381750.4655493482
Crescent- Heritage Tract,FY2004-05,2000000.0,1539.19,hay/pasture,21.79466605355988,agriculture,28848.98439799823
Crosby Farm,FY2015-16,69550.0,107.2,hay/pasture,64.04963085127801,agriculture,42983.69098712445
Culbertson Mill,FY2015-16,99000.0,108.78,hay/pasture,48.926801344726265,agriculture,46738.1974248927
Cypress Creek II,FY2006-07,727250.0,2909.84,hay/pasture,7.33902020170894,agriculture,1856.0904872389792
Cypress Creek III,FY2006-07,86500.0,346.0,hay/pasture,0.4447891031338751,agriculture,116.4983164983165
"Davis, J. E., Jr/Orange Grove Tract",FY2007-08,90000.0,36.7,hay/pasture,22.01706060512682,agriculture,54329.26829268292
Dawn Plantation,FY2019-20,313650.0,731.0,hay/pasture,34.24876094130838,agriculture,14968.11279826464
DDK Management Tract,FY2013-14,746000.0,1865.5,hay/pasture,86.73387511110565,agriculture,35261.18046297418
Deer Park Tract,FY2014-15,489825.0,2177.0,hay/pasture,5.337469237606501,agriculture,1185.6580937972767
Douglas B. Sheorn Property,FY2015-16,60800.0,152.69,hay/pasture,5.337469237606501,agriculture,2290.737833594977
Elliott Tract,FY2007-08,460780.0,2335.93,hay/pasture,1.3343673094016253,agriculture,262.8022813688212
Exley Plantation,FY2012-13,1257945.0,5031.78,hay/pasture,7.561414753275877,agriculture,1762.3359017676876
Fall Creek Chatooga,FY2005-06,47000.0,93.52,hay/pasture,0.8895782062677503,agriculture,483.29048843187655
For Ducks Tract,FY2014-15,96875.0,193.75,hay/pasture,0.2223945515669375,agriculture,106.92604856512143
Forrester Tract,FY2005-06,1233000.0,38.79,hay/pasture,7.783809304842815,agriculture,238425.4143646409
Forty Acre Rock,FY2005-06,375617.0,521.69,hay/pasture,17.569169573788066,agriculture,12730.048477048476
Ft. Fairlawn (Corner Investors Tr),FY2013-14,1000000.0,80.0,hay/pasture,0.2223945515669375,agriculture,2695.4177897574127
"Garrett, Richard M.",FY2007-08,112750.0,120.0,hay/pasture,62.04807988717558,agriculture,56476.211849192114
Glover Plantation,FY2012-13,405328.0,2026.64,hay/pasture,2.6687346188032506,agriculture,534.9099307159353
Gopher Woods (Burris) Tract,FY2016-17,306000.0,593.76,hay/pasture,1.7791564125355006,agriculture,955.1307062036676
Gracefield Properties,FY2013-14,143250.0,573.0,hay/pasture,1.111972757834688,agriculture,274.63573619631904
Grant Meadow Addition,FY2019-20,65000.0,21.01,hay/pasture,16.012407712819503,agriculture,50869.5652173913
Grant Meadow Tract,FY2012-13,36800.0,36.81,hay/pasture,8.22859840797669,agriculture,8510.0
Grassy Knob Tract,FY2015-16,803000.0,776.0,hay/pasture,0.6671836547008126,agriculture,660.5429119824512
Great Falls Natural Area Project,FY2007-08,547665.0,353.0,hay/pasture,12.454094887748504,agriculture,55560.21739130434
Greenbrier Farms,FY2005-06,280000.0,123.52,hay/pasture,90.95937159087748,agriculture,218133.3333333333
Groton Uplands,FY2018-19,850000.0,13868.0,hay/pasture,56.265821546435205,agriculture,2280.1976418695394
Halidon Hill Plantation,FY2012-13,62000.0,248.0,hay/pasture,10.89733302677994,agriculture,2693.2624113475176
Hamilton Ridge Tract,FY2005-06,5000000.0,13280.0,hay/pasture,0.6671836547008126,agriculture,256.40587340387344
Harrell Farm Trust Tract,FY2015-16,87254.0,290.848,hay/pasture,46.25806672592301,agriculture,13738.70704012112
Henderson/Conestee Tract,FY2004-05,675000.0,112.42,hay/pasture,22.461849708260694,agriculture,149506.57894736843
St. Helena Community Farm (Henry Farms North),FY2019-20,650000.0,87.94,hay/pasture,70.27667829515227,agriculture,503431.3725490197
Hickory Hills,FY2015-16,263500.0,315.0,hay/pasture,28.46650260056801,agriculture,23520.22315202232
High Creek Tract (Salley Tr),FY2012-13,835000.0,1704.7,hay/pasture,3.113523721937126,agriculture,1501.4127921911124
Hopewell Church Property,FY2015-16,152930.0,47.76,hay/pasture,46.48046127748995,agriculture,138365.2380952381
Indigo Farms,FY2007-08,25000.0,103.0,hay/pasture,26.46495163646557,agriculture,6509.84682713348
John Shirley Tract,FY2012-13,380000.0,394.0,hay/pasture,213.0539804011262,agriculture,214393.40400471145
"Johns, A.J. Properties",FY2012-13,330600.0,1653.0,hay/pasture,10.452543923646065,agriculture,2084.545210625168
Jones Tract/Mt. Pleasant Tract,FY2007-08,343700.0,982.0,hay/pasture,12.89888399088238,agriculture,971.0931410756042
Keithfield,FY2015-16,318000.0,304.87,hay/pasture,48.70440679315932,agriculture,52244.56114028507
Knollwood/Longlands Plt Tract (Phase 1 - Lower Santee Tr),FY2015-16,737850.0,2951.4,hay/pasture,14.010856748717067,agriculture,3536.829490983794
Lake Jemiki,FY2006-07,154950.0,129.16,hay/pasture,4.892680134472626,agriculture,6098.211091234347
Langley Pond Tract,FY2006-07,648800.0,96.0,hay/pasture,0.2223945515669375,agriculture,2206.802721088436
Lawton Tract,FY2006-07,268000.0,1073.58,hay/pasture,1.7791564125355006,agriculture,437.4617425015303
Lewis (Firefly) Tract,FY2006-07,185800.0,121.5,hay/pasture,0.6671836547008126,agriculture,991.8149466192172
Liberty Hill Ph II,FY2014-15,1500000.0,1829.59,hay/pasture,1.7791564125355006,agriculture,1761.0801291458763
Little Junkyard Bay,FY2013-14,227708.0,569.27,hay/pasture,0.4447891031338751,agriculture,165.78667637422646
LOCURA Tract,FY2016-17,60250.0,241.0,hay/pasture,0.2223945515669375,agriculture,55.17399267399267
Lombard Tract,FY2012-13,55000.0,117.89,hay/pasture,28.68889715213495,agriculture,10297.532656023222
Lyle Property,FY2019-20,143300.0,165.89,hay/pasture,15.122829506551756,agriculture,13097.31182795699
Marhaygue Tract,FY2015-16,1209205.0,2418.41,hay/pasture,2.6687346188032506,agriculture,1344.5570793180134
Mariwill Timber Plantation,FY2019-20,297100.0,1189.5,hay/pasture,1.556761860968563,agriculture,414.6959122632104
Marsh Furniture Tract,FY2004-05,2000000.0,8347.0,hay/pasture,0.6671836547008126,agriculture,156.29070070330812
Mays - Epworth Conservation Area (Adams),FY2020-21,225000.0,1332.29,hay/pasture,2.001550964102438,agriculture,339.82211780500086
McCorkle Tract,FY2005-06,410000.0,28.75,hay/pasture,1.111972757834688,agriculture,16666.666666666668
McDowell Creek Tract,FY2007-08,2000000.0,1877.96,hay/pasture,3.335918273504064,agriculture,3441.5509923138698
McLeod Tract,FY2006-07,500000.0,375.0,hay/pasture,13.566067645583193,agriculture,17398.745008556758
Michael Walden Tract,FY2013-14,53700.0,231.0,hay/pasture,0.2223945515669375,agriculture,51.73410404624278
Middleton Place/Edmondston-Alston Family Trust,FY2007-08,820000.0,1274.0,hay/pasture,6.44944199544119,agriculture,2564.7109577221745
Mike and Tina Comalander Tracts,FY2015-16,66783.0,267.13,hay/pasture,4.003101928204876,agriculture,955.5596184419712
Mill Shoals Community Forest,FY2019-20,1650000.0,713.15,hay/pasture,49.1491958962932,agriculture,100815.5930329002
"Miller, Eloise Tract",FY2015-16,79500.0,53.023,hay/pasture,21.349876950426005,agriculture,31933.05439330544
Millgrove Plantation,FY2020-21,165000.0,444.6,hay/pasture,1.111972757834688,agriculture,417.087967644085
MillRho (Oak Grove 2),FY2016-17,291000.0,1164.64,hay/pasture,0.2223945515669375,agriculture,55.534351145038165
Moore Property,FY2020-21,30557.0,56.62,hay/pasture,48.25961769002545,agriculture,23938.15523465704
Mtn. Bridge Passage,FY2005-06,1550000.0,175.0,hay/pasture,0.8895782062677503,agriculture,7730.67331670823
Myrtle Grove Plt Tract,FY2014-15,643268.0,1715.38,hay/pasture,19.34832598632357,agriculture,7043.080291970803
Neil McPhail Tract,FY2012-13,232187.0,117.0,hay/pasture,82.95316773446771,agriculture,157465.0018181818
Nine  Times Tract A,FY2007-08,1500000.0,560.0,hay/pasture,2.891129170370188,agriculture,7949.449653485527
Nine Times B&C,FY2012-13,1500000.0,1648.0,hay/pasture,13.343673094016255,agriculture,12286.689419795222
North Enoree Watershed Tract,FY2016-17,100000.0,34.47,hay/pasture,0.2223945515669375,agriculture,636.9426751592357
Oakland Club,FY2015-16,3581730.0,11166.17,hay/pasture,29.35608080683576,agriculture,9703.198768599284
Paradise Shrimp Farms,FY2007-08,100000.0,504.5,hay/pasture,13.343673094016255,agriculture,2630.42525208242
Patriots Plantation II,FY2014-15,653625.0,1867.5,hay/pasture,0.2223945515669375,agriculture,78.79746835443038
Pinnacle Partners Tracts,FY2018-19,34330.0,137.32,hay/pasture,8.450992959543628,agriculture,2241.4776632302405
Pollard Tract (Milbury),FY2006-07,2374312.0,10398.0,hay/pasture,0.6671836547008126,agriculture,168.6500769503966
Powell Properties,FY2014-15,392142.0,364.6,hay/pasture,332.2574600410047,agriculture,361865.44039530575
"Powell, Marion J. ""Pete"" Tract",FY2012-13,84375.0,75.0,hay/pasture,48.70440679315932,agriculture,64383.710801393725
Ramey Tract,FY2013-14,141156.0,128.324,hay/pasture,11.78691123304769,agriculture,12324.988467874791
Ramsay Farms,FY2012-13,130000.0,130.0,hay/pasture,10.230149372079127,agriculture,11960.0
Rhodes-Kinsey Tract,FY2012-13,208320.0,1041.6,hay/pasture,0.2223945515669375,agriculture,44.94498381877022
River Oaks Plantation,FY2020-21,975000.0,1005.18,hay/pasture,0.4447891031338751,agriculture,442.47787610619474
Riverbend Shoals Tract,FY2012-13,290000.0,580.0,hay/pasture,5.559863789173439,agriculture,2861.089187056038
Rocky Fork Farm,FY2006-07,136500.0,130.91,hay/pasture,30.46805356467045,agriculture,31167.500000000004
Rocky River Nature Park,FY2012-13,75000.0,128.46,hay/pasture,3.113523721937126,agriculture,1307.596513075965
Rose Hill Farm Phase 1,FY2007-08,750000.0,336.0,hay/pasture,32.69199908033982,agriculture,74847.25050916495
Roxbury Park Phase II,FY2019-20,141000.0,55.88,hay/pasture,30.46805356467045,agriculture,78844.89795918368
S. Tyger River Blueways Tract,FY2019-20,140000.0,52.85,hay/pasture,43.58933210711976,agriculture,88231.5112540193
Salt Point Timber Tract,FY2007-08,400000.0,1032.0,hay/pasture,0.8895782062677503,agriculture,351.88036067736965
Saluda Rivers Connector (Phase 1),FY2018-19,500000.0,181.0,hay/pasture,14.900434954984815,agriculture,8971.612212104981
Saluda Rivers Connector (Phase II),FY2019-20,500000.0,181.0,hay/pasture,14.900434954984815,agriculture,8971.612212104981
Sanctuary Timberlands Tracts,FY2019-20,88248.0,352.99,hay/pasture,0.8895782062677503,agriculture,222.56746532156367
Sand Creek Farm,FY2007-08,100000.0,217.1,hay/pasture,63.16005264501027,agriculture,29583.33333333333
Sandy Run Forest,FY2019-20,155000.0,237.3,hay/pasture,2.6687346188032506,agriculture,1607.6058772687986
Santee Bottomlands Preserve,FY2015-16,1014000.0,2276.64,hay/pasture,0.6671836547008126,agriculture,288.9986699600988
Santee River Tract,FY2013-14,2167750.0,8517.0,hay/pasture,10.230149372079127,agriculture,2540.74196753892
Scotswood,FY2018-19,359290.0,3590.2,hay/pasture,0.4447891031338751,agriculture,44.242088412757056
Seven Oaks Tract,FY2015-16,525000.0,106.2,hay/pasture,0.2223945515669375,agriculture,1093.7500000000002
Shinco Chauga Tract,FY2012-13,402000.0,402.0,hay/pasture,3.558312825071001,agriculture,3571.349250416435
Simkins River Farm,FY2013-14,523600.0,2617.0,hay/pasture,59.1569507168054,agriculture,12053.448723496324
"Simmons, Kenneth Tract (Birchwood Farms)",FY2012-13,364500.0,405.5,hay/pasture,1.111972757834688,agriculture,1005.7947019867548
Slater Duck Ponds,FY2021-22,1678670.0,335.62,hay/pasture,0.8895782062677503,agriculture,4380.091324200913
Smith Ford Farm,FY2020-21,321472.0,446.32,hay/pasture,80.28443311566446,agriculture,73543.34093789606
South Fenwick Island Tract,FY2015-16,500000.0,400.94,hay/pasture,13.121278542449318,agriculture,16780.43230944255
South Saluda Trout Fishing (Jones Tree Farm),FY2013-14,97000.0,27.45,hay/pasture,12.89888399088238,agriculture,43276.92307692308
Spring Park,FY2020-21,300000.0,20.44,hay/pasture,9.340571165811378,agriculture,123529.41176470587
Still Branch Plantation,FY2014-15,10400.0,52.0,hay/pasture,0.8895782062677503,agriculture,163.13725490196077
Stuck 2020 Property,FY2019-20,347554.0,2700.0,hay/pasture,1.3343673094016253,agriculture,199.93518696069023
Stumphouse Mountain Expansion,FY2019-20,898527.0,791.8,hay/pasture,0.2223945515669375,agriculture,258.4201898188093
Swamp Rabbit Trail Ext. (North Saluda River Tract),FY2012-13,140000.0,49.2,hay/pasture,22.01706060512682,agriculture,65377.35849056604
Tall Pines Tract,FY2015-16,3000000.0,1757.0,hay/pasture,42.92214845241895,agriculture,73833.20581484314
Ten Oaks Timberlands Tract,FY2015-16,31356.0,104.52,hay/pasture,0.8895782062677503,agriculture,182.8338192419825
Thompson J. Bradford Property/Timberhaven,FY2007-08,215000.0,878.0,hay/pasture,134.5487036979972,agriculture,32938.71866295265
Thornhill Farms Tract,FY2014-15,163400.0,98.2,hay/pasture,47.14764493219076,agriculture,83071.46282973622
Tokeena Crossroads,FY2006-07,2695745.0,1107.87,hay/pasture,705.6579121218929,agriculture,1711404.3387354943
Top of South Carolina Tract,FY2015-16,550000.0,66.5,hay/pasture,3.335918273504064,agriculture,26273.885350318476
Townes/S. Saluda,FY2005-06,965000.0,585.61,hay/pasture,4.003101928204876,agriculture,6512.935883014622
Van Watts Tract,FY2013-14,362338.0,724.67,hay/pasture,1.7791564125355006,agriculture,834.1594244604316
"Walters, Rainey",FY2007-08,71250.0,80.7,hay/pasture,67.83033822791596,agriculture,58417.338709677424
Waterloo Tract,FY2006-07,289450.0,406.0,hay/pasture,19.12593143475663,agriculture,13455.513513513511
Whaley Property,FY2007-08,200000.0,94.2,hay/pasture,1.556761860968563,agriculture,3365.3846153846152
White Plains Tract,FY2020-21,275000.0,121.58,hay/pasture,98.52078634415334,agriculture,228564.72795497187
Willow Oaks Tract,FY2012-13,195000.0,195.06,hay/pasture,1.111972757834688,agriculture,1147.0588235294117
Woodbury Tract,FY2005-06,5000000.0,25668.0,hay/pasture,0.4447891031338751,agriculture,86.44760842691286
Calico Vineyard,FY2021-22,225000.0,112.54,hay/pasture,15.122829506551756,agriculture,30118.11023622048
Gobblers Roost,FY2021-22,393506.0,1020.08,hay/pasture,53.37469237606502,agriculture,20756.36043956044
Graham Family Tract,FY2021-22,242000.0,20.7,hay/pasture,1.111972757834688,agriculture,12872.340425531913
River Falls,FY2021-22,650000.0,170.97,hay/pasture,6.004652892307314,agriculture,22762.64591439689
Whetstone Hill,FY2021-22,34500.0,38.12,hay/pasture,33.581577286607576,agriculture,30464.91228070176
Historic Crawford Mill Property,FY2021-22,250000.0,40.09,hay/pasture,4.670285582905689,agriculture,33870.967741935485
YLASI Property,FY2021-22,150000.0,315.42,hay/pasture,19.34832598632357,agriculture,9567.448680351908
Mays-Epworth Conservation Area (Turner),FY2021-22,86500.0,216.25,hay/pasture,85.39950780170402,agriculture,33963.190184049075
Watson Farm,FY2021-22,235000.0,701.74,hay/pasture,312.24195039998034,agriculture,34476.48902821317
Woodsend Park and Open Space,FY2021-22,1000000.0,86.32,hay/pasture,72.72301836238859,agriculture,764018.691588785
Bobwhite Hills,FY2021-22,850000.0,773.99,hay/pasture,7.116625650142002,agriculture,7995.296884185773
River Swamp Tract,FY2021-22,345000.0,1017.5,hay/pasture,0.4447891031338751,agriculture,152.35151247516006
Cedar Mountain,FY2021-22,500000.0,141.0,hay/pasture,3.780707376637938,agriculture,13709.677419354835
Tyger River Confluence,FY2021-22,157500.0,200.78,hay/pasture,10.674938475213002,agriculture,8484.848484848486
North Fork Edisto Tract,FY2021-22,49950.0,36.71,hay/pasture,16.234802264386442,agriculture,21704.464285714286
Berkeley Orchard,FY2022-23,162500.0,4.41,hay/pasture,0.4447891031338751,agriculture,15476.190476190475
Fishing Creek Tract,FY2022-23,125000.0,110.48,hay/pasture,15.56761860968563,agriculture,18191.26819126819
Soapstone Church,FY2022-23,20000.0,6.45,hay/pasture,0.8895782062677503,agriculture,2352.9411764705883
Historic Glendale Mill,FY2022-23,785000.0,16.49,hay/pasture,0.6671836547008126,agriculture,33169.01408450704
Oakville / Burden Creek,FY2022-23,500000.0,90.16,hay/pasture,2.891129170370188,agriculture,15330.18867924528
Hazelwood Farm,FY2022-23,78050.0,178.1,hay/pasture,26.242557084898635,agriculture,11123.06763285024
Carter Property,FY2022-23,110000.0,46.0,hay/pasture,14.455645851850942,agriculture,37239.583333333336
Curryton Academy Park,FY2022-23,27565.0,0.37,hay/pasture,0.4447891031338751,agriculture,27565.0
Great Santee Swamp,FY2022-23,649000.0,2114.95,hay/pasture,0.2223945515669375,agriculture,68.22960470984022
Blackwell Farm,FY2022-23,137500.0,50.28,hay/pasture,27.7993189458672,agriculture,76050.88495575222
Eastatoe Headwaters,FY2022-23,45000.0,26.61,hay/pasture,6.227047443874252,agriculture,11052.631578947368
Eureka Preserve,FY2022-23,350000.0,601.46,hay/pasture,2.223945515669376,agriculture,1294.8575656677765
Little Eastatoee on Scenic Hwy 11,FY2022-23,400000.0,234.72,hay/pasture,8.895782062677503,agriculture,15281.757402101242
Limerick Plantation,FY2022-23,266535.0,233.99,hay/pasture,5.782258340740376,agriculture,6868.097125867195
Gourdin Tracts,FY2022-23,130757.0,342.75,hay/pasture,1.3343673094016253,agriculture,487.2931677018633
Woodcock Woods,FY2022-23,300000.0,31.64,hay/pasture,3.780707376637938,agriculture,35416.666666666664
River Road,FY2022-23,160000.0,27.03,hay/pasture,4.670285582905689,agriculture,26046.511627906977
Saluda Dam Acres,FY2022-23,275000.0,69.59,hay/pasture,2.6687346188032506,agriculture,10153.846153846152
Bishop Branch Pastures,FY2022-23,145800.0,64.73,hay/pasture,19.793115089457444,agriculture,44745.51724137931
Slater Tract,FY2022-23,1000000.0,3507.45,hay/pasture,0.4447891031338751,agriculture,128.18869375721064
Triple Oak Farm,FY2022-23,150000.0,91.79,hay/pasture,21.12748239885907,agriculture,35012.28501228501
Jenkins House,FY2022-23,280000.0,9.23,hay/pasture,1.111972757834688,agriculture,32558.13953488372
Cotton Hall,FY2022-23,3000000.0,232.0,hay/pasture,59.1569507168054,agriculture,767307.6923076924
Cooler Dairy Farm,FY2022-23,250000.0,654.0,hay/pasture,1.111972757834688,agriculture,422.1546774738264
Halfway Swamp Creek,FY2022-23,175000.0,288.37,hay/pasture,0.6671836547008126,agriculture,415.3481012658227
Buckfield,FY2022-23,850000.0,2064.52,hay/pasture,58.48976706210458,agriculture,24880.35614913745
Gilstrap Mountain (Scenic Hwy 11),FY2022-23,500000.0,166.18,hay/pasture,6.227047443874252,agriculture,18641.81091877497
White Branch on Scenic 11,FY2022-23,350000.0,159.0,hay/pasture,3.335918273504064,agriculture,6926.121372031663
Ingleside Park,FY2023-24,1000000.0,445.8,hay/pasture,14.455645851850942,agriculture,32386.646736422525
Bowers Farm,FY2023-24,500000.0,488.33,hay/pasture,9.11817661424444,agriculture,9633.45864661654
Twin Ponds,FY2023-24,156000.0,91.69,hay/pasture,22.90663881139457,agriculture,38257.142857142855
Hazelwood Farm 2,FY2023-24,215000.0,373.43,hay/pasture,234.62625190311917,agriculture,120204.02755696872
Catawba - Nisbet Tract,FY2023-24,3800000.0,596.36,hay/pasture,77.61569849686121,agriculture,492827.9450018581
Horsepen Creek II,FY2023-24,76500.0,31.72,hay/pasture,0.4447891031338751,agriculture,968.354430379747
The Happy Berry,FY2023-24,77000.0,22.26,hay/pasture,14.900434954984815,agriculture,52111.11111111112
Seawright-Drake Homestead (Fleming),FY2023-24,50000.0,75.74,hay/pasture,28.24410804900107,agriculture,18405.79710144928
Blue Branch Farm,FY2023-24,400000.0,381.1,hay/pasture,6.44944199544119,agriculture,6579.693703913785
Possum Holler,FY2023-24,106500.0,79.4,hay/pasture,0.4447891031338751,agriculture,593.3147632311977
D. Brown Land and Timber LLC,FY2023-24,103850.0,308.46,hay/pasture,4.447891031338751,agriculture,1522.7272727272727
Brown Mountain,FY2023-24,2145610.0,572.71,hay/pasture,3.558312825071001,agriculture,13073.023610053311
Kings Mountain- Metker,FY2023-24,1700000.0,47.53,hay/pasture,22.68424425982763,agriculture,806511.6279069767
Forty Acre Rock Farm,FY2023-24,195000.0,97.08,hay/pasture,0.4447891031338751,agriculture,886.3636363636364
Hope Station LLC,FY2023-24,573100.0,1081.34,hay/pasture,1.7791564125355006,agriculture,936.629213483146
Cedarleaf Farm,FY2023-24,90000.0,64.96,hay/pasture,17.791564125355006,agriculture,24406.77966101695
Warren Hooper,FY2023-24,85000.0,53.1,hay/pasture,2.891129170370188,agriculture,4804.347826086957
Oakland Plantation,FY2023-24,602500.0,52.06,hay/pasture,7.561414753275877,agriculture,88297.41379310346
Hereford Hill Farm,FY2023-24,170000.0,101.41,hay/pasture,51.15074686039564,agriculture,86696.23059866963
Shaws Creek Preserve,FY2023-24,1900000.0,2657.63,hay/pasture,0.6671836547008126,agriculture,476.9475357710652
Limehouse,FY2023-24,1400000.0,102.88,hay/pasture,1.111972757834688,agriculture,15486.725663716816
Shealy Farm,FY2023-24,242000.0,339.44,hay/pasture,70.94386194985309,agriculture,51950.20188425302
Pearl Bottoms,FY2023-24,143000.0,60.3,hay/pasture,39.808624730481824,agriculture,97326.99619771865
Harrison Street Properties Purchase,FY2023-24,165000.0,12.61,hay/pasture,1.7791564125355006,agriculture,21639.34426229508
Harrell Family Park,FY2023-24,2500000.0,156.41,hay/pasture,56.48821609800214,agriculture,815147.6251604621
Witherspoon Island,FY2023-24,850000.0,3707.94,hay/pasture,0.2223945515669375,agriculture,48.92931153580475
Tyger Oak Property,FY2023-24,23000000.0,945.91,hay/pasture,0.6671836547008126,agriculture,16467.780429594273
Gregorie Neck,FY2023-24,2000000.0,4409.3,hay/pasture,105.85980654586228,agriculture,47676.28205128205
Searles Family Homeplace,FY2023-24,330000.0,991.8,hay/pasture,0.8895782062677503,agriculture,298.10298102981034
Cracker Farms,FY2023-24,170000.0,63.58,hay/pasture,52.92990327293114,agriculture,143985.76512455518
Thrailkill Farm,FY2024-25,1600000.0,1063.06,hay/pasture,628.7093972797325,agriculture,944892.416962607
Camp Awanita,FY2024-25,950000.0,483.99,hay/pasture,20.01550964102438,agriculture,39256.19834710744
Keowee Ridge,FY2024-25,130000.0,66.93,hay/pasture,4.447891031338751,agriculture,8783.783783783783
Joanna Park Tract,FY2024-25,700000.0,334.9,hay/pasture,0.6671836547008126,agriculture,1399.06728847435
McCannon Farms,FY2024-25,370000.0,178.79,hay/pasture,108.52854116466554,agriculture,225982.478097622
Four Leaf Farm,FY2024-25,250000.0,170.27,hay/pasture,72.50062381082165,agriculture,104487.1794871795
Morrow Creek Timbers Addition,FY2024-25,65000.0,236.9,hay/pasture,1.3343673094016253,agriculture,365.5107778819119
Horse Gap Forest,FY2024-25,105000.0,69.6,hay/pasture,16.012407712819503,agriculture,23190.184049079748
Travelers Rest Bunched Arrowhead Preserve,FY2024-25,375000.0,24.73,hay/pasture,2.891129170370188,agriculture,42763.15789473684
Dogwood Hill Farm,FY2024-25,400000.0,182.29,hay/pasture,90.51458248774358,agriculture,204010.02506265664
Horsepen Creek I,FY2024-25,165000.0,46.0,hay/pasture,12.67648943931544,agriculture,47024.99999999999
Stewart Tract,FY2024-25,86950.0,174.0,hay/pasture,0.2223945515669375,agriculture,111.04725415070244
AB Farms,FY2024-25,412500.0,126.0,hay/pasture,16.901985919087256,agriculture,54521.73913043479
Glassy Mountain Foothills - Scenic Highway 11,FY2024-25,2500000.0,365.0,hay/pasture,5.337469237606501,agriculture,38363.17135549872
Grayson Oaks,FY2024-25,600000.0,93.6,hay/pasture,15.790013161252569,agriculture,101913.87559808612
Broad River Preserve,FY2024-25,760000.0,1040.78,hay/pasture,124.98573798061892,agriculture,91913.06219066064
Saluda Gorge - Phase II,FY2024-25,1000000.0,190.0,hay/pasture,0.6671836547008126,agriculture,3546.099290780141
Fall Creek Headwaters,FY2024-25,115000.0,108.25,hay/pasture,0.2223945515669375,agriculture,263.1578947368421
Watson Farm,FY2024-25,565000.0,358.73,hay/pasture,312.24195039998034,agriculture,82890.28213166144
McClain Farm,FY2024-25,187600.0,72.46,hay/pasture,61.15850168090783,agriculture,154000.0
Sadler Farms,FY2024-25,325000.0,264.8,hay/pasture,94.07289531281458,agriculture,127409.63855421684
Grimshaw Farm,FY2024-25,145000.0,122.61,hay/pasture,70.94386194985309,agriculture,83643.76130198914
Pipsissewa Passage - Paris Mountain,FY2024-25,2400000.0,65.42,hay/pasture,1.3343673094016253,agriculture,47682.11920529802
Price Family Farm,FY2024-25,205000.0,199.17,hay/pasture,18.23635322848888,agriculture,18824.188129899216
Scrambler's Knob Horse Farm,FY2024-25,160000.0,57.98,hay/pasture,19.12593143475663,agriculture,51729.32330827067
Beech Hill,FY2024-25,3350000.0,1637.6,hay/pasture,0.4447891031338751,agriculture,910.6972950931088
Willow Oak,FY2024-25,830000.0,13.07,hay/pasture,2.6687346188032506,agriculture,177857.14285714284
Harrison Farm,FY2024-25,215000.0,106.71,hay/pasture,56.48821609800214,agriculture,117440.86021505376
Saluda Grade Trail,FY2024-25,750000.0,373.71,hay/pasture,11.119727578346875,agriculture,22509.00360144057
Parris Family Farm,FY2024-25,630000.0,148.65,hay/pasture,124.54094887748504,agriculture,497602.2566995768
Dean Acres,FY2024-25,112000.0,141.11,hay/pasture,0.2223946467137484,agriculture,189.83050847457625
Lever Farms,FY2025-26,187500.0,115.74,hay/pasture,10.674943042259924,agriculture,16483.516483516483
Wilson Ridge Farm,FY2025-26,640000.0,424.12,hay/pasture,74.27981200239198,agriculture,113883.85721896646
Broad River Conservation @Alston,FY2025-26,725000.0,109.33,hay/pasture,85.8443336315069,agriculture,590400.8438818567
Cedar Hill Farm,FY2025-26,300000.0,312.9,hay/pasture,1.3343678802824903,agriculture,1286.6333095067905
Pee Dee Basin RMS Initiative,FY2025-26,3300000.0,900.04,hay/pasture,6.671839401412453,agriculture,25107.78594978443
Keller Tracks,FY2025-26,129100.0,271.79,hay/pasture,2.2239464671374845,agriculture,1066.061106523534
Ninety Six Creek,FY2025-26,78000.0,68.82,hay/pasture,0.4447892934274968,agriculture,498.4025559105432
Stevenson Century Farm,FY2025-26,200000.0,132.8,hay/pasture,75.83657452938822,agriculture,118608.69565217392
Keese Family Farm,FY2025-26,812000.0,556.68,hay/pasture,128.9888950939741,agriculture,187708.25029892387
Broad Arrow Landing,FY2025-26,800000.0,903.61,hay/pasture,0.8895785868549937,agriculture,796.6143888473986
Gillian Farms - J.Paul Rd,FY2025-26,95000.0,42.33,hay/pasture,38.91906317490597,agriculture,87500.0
Gillian Farms - Bodie Rd,FY2025-26,256000.0,170.66,hay/pasture,12.67649486268366,agriculture,18755.784061696657
LeMaster Grain and Cattle,FY2025-26,860000.0,379.08,hay/pasture,190.1474229402549,agriculture,424538.1062355658
Moore Farm at Horsepen Creek,FY2025-26,780000.0,110.8,hay/pasture,59.37937067257083,agriculture,419879.0322580644
Blessing,FY2025-26,7400000.0,627.75,hay/pasture,24.463411138512328,agriculture,281077.34806629835
Pocotaligo Station,FY2025-26,4597600.0,1742.33,hay/pasture,1.3343678802824903,agriculture,3508.279282716521
Beneventum,FY2025-26,342000.0,190.0,hay/pasture,10.00775910211868,agriculture,18021.077283372364
Echols Farm,FY2025-26,175000.0,72.61,hay/pasture,24.68580578522608,agriculture,58863.63636363636
RML Timber,FY2025-26,872625.0,1219.03,hay/pasture,41.14300964204346,agriculture,29917.64733135657
Jeffers Tract,FY2025-26,20000.0,36.0,hay/pasture,0.8895785868549937,agriculture,506.3291139240506
The Pond Conservation Easement,FY2025-26,16500.0,30.0,hay/pasture,6.004655461271208,agriculture,3275.735294117647
Meadow Woods Farm,FY2025-26,160000.0,124.0,hay/pasture,15.34523062324864,agriculture,20294.11764705882
Eidson Family Timberland,FY2025-26,175000.0,695.0,hay/pasture,33.359197007062264,agriculture,8508.914100486223
AM-PM Farms,FY2025-26,1500000.0,419.0,hay/pasture,236.18311481000083,agriculture,743003.7313432836
Walnut Grove Plantation,FY2025-26,1305500.0,779.0,hay/pasture,11.786916275828666,agriculture,19338.03801006148
Duck Haven,FY2025-26,250000.0,147.0,hay/pasture,16.012414563389886,agriculture,27397.260273972603
Big Garvin Creek Farm,FY2025-26,317000.0,253.0,hay/pasture,135.66073449538655,agriculture,171579.41437444542
Oscar's Place,FY2025-26,80000.0,50.0,hay/pasture,19.79312355752361,agriculture,31644.44444444444
Kidd Family Farm,FY2025-26,264100.0,296.0,hay/pasture,71.83347088854075,agriculture,61949.38271604938
Whiten Farms,FY2025-26,375000.0,156.0,hay/pasture,86.06672827822064,agriculture,207618.0257510729
Thomason Farm,FY2025-26,378000.0,219.0,hay/pasture,148.7820186514977,agriculture,261241.73553719008
Back Swamp,FY2025-26,216000.0,420.0,hay/pasture,0.4447892934274968,agriculture,223.6024844720497
Santuc Farm,FY2025-26,340800.0,387.0,hay/pasture,150.78357047192142,agriculture,134026.91415313224
Felker Farm,FY2025-26,225000.0,248.0,hay/pasture,35.138354180772254,agriculture,31628.11387900356
Terry Creek Confluence,FY2025-26,30000.0,4.0,hay/pasture,2.8911304072787294,agriculture,21666.666666666668
Long Branch Conservation,FY2025-26,100000.0,17.0,hay/pasture,8.228601928408692,agriculture,46250.0
Little Rock Mountain,FY2025-26,256400.0,53.0,hay/pasture,0.6671839401412453,agriculture,3259.322033898304
Kirkwood Farm,FY2025-26,264618.0,373.0,hay/pasture,27.354541545791054,agriculture,19304.871886121
Jamari at Hanging Rock,FY2025-26,522500.0,160.0,hay/pasture,21.7939214232765,agriculture,70530.30303030304
Camden Battlefield,FY2004-05,341250.0,310.0,hay/pasture,0.889578,agriculture,638.4470005071722
Camden Battleground Trust,FY2007-08,106052.0,161.0,hay/pasture,28.244108,agriculture,569.376621216729
Newground,FY2025-26,180000.0,58.0,hay/pasture,3.113525053992478,agriculture,8967.97153024911
Wheeler Farm,FY2025-26,744000.0,887.0,hay/pasture,204.60307497664851,agriculture,186000.0
Utsey Tract,FY2025-26,500000.0,296.74,hay/pasture,1.556762526996239,agriculture,2606.1057334326138
Frohlich Farm,FY2025-26,3465000.0,184.0,hay/pasture,52.705707931801335,agriculture,1034263.2241813602
Tokeena Angus,FY2025-26,160000.0,99.0,hay/pasture,66.27360472069704,agriculture,113523.80952380953
Flat Grove Farm,FY2025-26,223500.0,232.0,hay/pasture,156.33802816901408,agriculture,148226.88679245283
Forest View,FY2025-26,4850000.0,590.0,hay/pasture,235.2853965900667,agriculture,1940000.0
Blue Heron LLC - Liberty Hill WMA Addition,FY2025-26,6566000.0,2006.0,hay/pasture,3.0,agriculture,9863.79569354031
Ulmer Farms 1,FY2026-27,165830.0,321.0,hay/pasture,16.90199315024488,agriculture,8770.410577592205
Ulmer Farms 2,FY2026-27,148000.0,205.0,hay/pasture,0.8895785868549937,agriculture,651.2651265126512
Gramling and Gramling Farm,FY2026-27,1873530.0,816.0,hay/pasture,0.2223869532987398,agriculture,506.77035434135786
Shealy Farms,FY2026-27,60000.0,60.0,hay/pasture,13.168668537250058,agriculture,13404.255319148937
Chelsea,FY2026-27,1500000.0,2672.0,hay/pasture,1.5567086730911786,agriculture,854.4226544063796
Glassy Summit,FY2026-27,814000.0,183.0,hay/pasture,0.6270794541547646,agriculture,2881.4159292035392
Boones Falls,FY2026-27,1870250.0,153.0,hay/pasture,3.1353972707738227,agriculture,38403.49075975359
Old Schoolhouse Farm,FY2026-27,216000.0,193.0,hay/pasture,8.45099657512244,agriculture,9434.482758620688
Chick-A-Moo Farm 1,FY2026-27,257500.0,97.0,hay/pasture,85.39659006671609,agriculture,222702.70270270272
Mountain Bridge East,FY2026-27,400000.0,38.0,hay/pasture,0.6270794541547646,agriculture,7339.449541284404
Goodwill,FY2026-27,12600000.0,737.0,hay/pasture,9.719731539398852,agriculture,165789.47368421053
Wentzky Farm,FY2026-27,146000.0,52.0,hay/pasture,38.87892615759541,agriculture,111753.08641975308
Bates House,FY2026-27,400000.0,11.0,hay/pasture,4.0760164520059705,agriculture,157575.75757575757
Bishop Branch Farm,FY2026-27,280000.0,117.0,hay/pasture,92.07138373949184,agriculture,208864.86486486488
Peach Shed Grains,FY2026-27,178500.0,43.0,hay/pasture,18.185304170488173,agriculture,73950.0
Union of Brothers,FY2026-27,115200.0,302.0,hay/pasture,22.90664861151609,agriculture,8894.752623688157
Milky Way Farms,FY2026-27,795000.0,177.0,hay/pasture,121.64566345441068,agriculture,543581.2500000001
Redding-Stone Farmstead Tracts,FY2026-27,100000.0,78.0,hay/pasture,11.600969901863143,agriculture,14015.151515151516
"Alston, Rowland P. Tract",FY2007-08,220000.0,220.8,cultivated crops,4.892680134472626,agriculture,5015.5440414507775
Ashley River Historic Project,FY2004-05,6285000.0,12280.0,cultivated crops,19.793115089457444,agriculture,15720.448541397338
Avins Tract,FY2012-13,431130.0,431.13,cultivated crops,240.6309047954265,agriculture,244615.97273203987
Barker Assoc.,FY2007-08,291534.0,1457.67,cultivated crops,193.48325986323567,agriculture,39817.04552590267
Batten Boggy Tract,FY2006-07,63000.0,315.25,cultivated crops,0.6671836547008126,agriculture,133.00492610837438
Baxley Tract,FY2004-05,794626.0,979.0,cultivated crops,957.8533335988002,agriculture,779247.3091985428
Belfast Plantation - Phase 1,FY2007-08,2000000.0,2220.0,cultivated crops,3.113523721937126,agriculture,1333.3333333333333
Big Snooks Tract,FY2018-19,48485.0,288.0,cultivated crops,4.003101928204876,agriculture,685.0313971742542
Black Creek Plantation,FY2018-19,356400.0,864.0,cultivated crops,20.01550964102438,agriculture,8381.499869349358
Black River State Park - Phase II,FY2021-22,435000.0,816.35,cultivated crops,0.6671836547008126,agriculture,344.1455696202532
Black Swamp Plantation,FY2007-08,406200.0,2031.0,cultivated crops,310.018004884311,agriculture,62450.95400904379
Boggy Branch Farms,FY2013-14,270630.0,451.05,cultivated crops,52.262719618230335,agriculture,30184.17180825819
Boone Hall,FY2019-20,2000000.0,598.88,cultivated crops,42.25496479771814,agriculture,133473.8321039691
Bowers Tract,FY2007-08,180195.0,900.978,cultivated crops,102.52388827235822,agriculture,20060.346534653465
"Boyd, Steve Tract",FY2014-15,775000.0,1000.0,cultivated crops,764.5924682871313,agriculture,579732.3759791122
Bramblewood Tract,FY2018-19,340000.0,680.04,cultivated crops,52.262719618230335,agriculture,26387.05416116249
Bramlett Bottoms,FY2020-21,100000.0,40.7,cultivated crops,3.780707376637938,agriculture,9659.090909090908
Bryan Dairy,FY2006-07,212500.0,951.0,cultivated crops,0.6671836547008126,agriculture,159.65439519158525
Bugby Tract,FY2006-07,800000.0,906.0,cultivated crops,192.81607620853487,agriculture,158537.14285714287
Burbage Farm,FY2015-16,36900.0,117.95,cultivated crops,46.70285582905689,agriculture,14676.136363636366
Burgess Farms Tract,FY2018-19,275000.0,1012.7,cultivated crops,413.20907681137,agriculture,114768.64330637916
C. McRae Tract,FY2005-06,63750.0,38.1,cultivated crops,30.24565901310351,agriculture,50701.75438596491
"Cain, Kenny Easement",FY2007-08,145000.0,114.0,cultivated crops,1.111972757834688,agriculture,1424.361493123772
Cannon Tract,FY2006-07,200000.0,144.28,cultivated crops,96.07444627691704,agriculture,133127.88906009248
Cantey Bay Tract,FY2015-16,940915.0,1881.83,cultivated crops,1228.72989740733,agriculture,606245.5247813411
Combahatchie Family Tract,FY2015-16,165300.0,550.98,cultivated crops,1.3343673094016253,agriculture,400.72727272727263
Cope Tract,FY2015-16,141050.0,806.0,cultivated crops,0.4447891031338751,agriculture,77.22419928825624
Copeland Tract,FY2012-13,162488.0,812.44,cultivated crops,6.894231098575065,agriculture,1330.1103776076052
Cotton Hall/Mount Repose,FY2007-08,442000.0,2210.0,cultivated crops,28.911291703701885,agriculture,6082.354186514238
Cotton Hills Farm,FY2006-07,782500.0,870.0,cultivated crops,386.5217306233375,agriculture,335302.02169625246
Crab Orchard Plantation,FY2007-08,563800.0,2819.0,cultivated crops,18.23635322848888,agriculture,3600.311502219453
Creek Farms,FY2007-08,25000.0,77.7,cultivated crops,11.564516681480752,agriculture,3801.169590643275
Crescent Tract,FY2015-16,1020750.0,2721.97,cultivated crops,0.8895782062677503,agriculture,331.65461782146053
Crosby Farm,FY2015-16,69550.0,107.2,cultivated crops,1.111972757834688,agriculture,746.244635193133
Crosby Tract,FY2012-13,126200.0,631.0,cultivated crops,8.22859840797669,agriculture,1661.708185053381
Cynthia Brown Tract,FY2004-05,135345.0,51.33,cultivated crops,29.800869909969634,agriculture,85953.69668246446
Cypress Creek II,FY2006-07,727250.0,2909.84,cultivated crops,72.94541291395552,agriculture,18448.414539829853
Cypress Creek III,FY2006-07,86500.0,346.0,cultivated crops,16.45719681595338,agriculture,4310.43771043771
Cypress Swamp,FY2015-16,43575.0,248.8,cultivated crops,0.2223945515669375,agriculture,40.87711069418386
"Davis, J. E., Jr/Orange Grove Tract",FY2007-08,90000.0,36.7,cultivated crops,2.001550964102438,agriculture,4939.0243902439015
Dawn Plantation,FY2019-20,313650.0,731.0,cultivated crops,14.67804040341788,agriculture,6414.905484970561
DDK Management Tract,FY2013-14,746000.0,1865.5,cultivated crops,35.36073369914308,agriculture,14375.712034904862
Deer & Duck Tract (RFL Princess Pond),FY2013-14,500000.0,1006.95,cultivated crops,19.12593143475663,agriculture,9450.54945054945
DeLoach Farm,FY2015-16,255825.0,1180.0,cultivated crops,4.892680134472626,agriculture,1071.4163335237008
Dinkins Mill Tracts,FY2013-14,620160.0,652.8,cultivated crops,25.57537343019782,agriculture,19854.78841870824
Dixon Family Tracts,FY2014-15,200625.0,535.0,cultivated crops,0.2223945515669375,agriculture,79.96213630928658
Donoho Farm,FY2006-07,800000.0,2055.0,cultivated crops,1128.874743753775,agriculture,441391.3043478261
Douglas B. Sheorn Property,FY2015-16,60800.0,152.69,cultivated crops,0.2223945515669375,agriculture,95.44740973312403
DuRant Farm Tract,FY2015-16,45000.0,121.24,cultivated crops,15.122829506551756,agriculture,5614.678899082569
Dusty Acres Tract,FY2012-13,238840.0,238.84,cultivated crops,107.41656840683083,agriculture,109657.52851711027
E. Hickson Tract,FY2005-06,475000.0,318.0,cultivated crops,44.92369941652139,agriculture,67427.9690794097
Edisto River/Four Hole Swamp,FY2005-06,1500000.0,2383.5,cultivated crops,1.556761860968563,agriculture,980.483705294612
Elliott Tract,FY2007-08,460780.0,2335.93,cultivated crops,80.72922221879834,agriculture,15899.538022813686
Exley Plantation,FY2012-13,1257945.0,5031.78,cultivated crops,1.111972757834688,agriculture,259.1670443776011
Featherhorn Farms,FY2013-14,1200000.0,1205.63,cultivated crops,409.650763986299,agriculture,407672.4455920324
Floyd Tract,FY2005-06,400000.0,434.14,cultivated crops,3.335918273504064,agriculture,3126.6284523189165
For Ducks Tract,FY2014-15,96875.0,193.75,cultivated crops,43.36693755555282,agriculture,20850.57947019868
Fox Tindal Farm Tract,FY2014-15,99780.0,199.56,cultivated crops,104.7478337880276,agriculture,52102.416851441245
Fred Sosnowski Tract,FY2006-07,125000.0,158.0,cultivated crops,27.7993189458672,agriculture,24880.573248407643
Geddings Tract,FY2015-16,69175.0,124.0,cultivated crops,25.130584327063943,agriculture,16919.426406926406
Glover Plantation,FY2012-13,405328.0,2026.64,cultivated crops,2.6687346188032506,agriculture,534.9099307159353
Gopher Woods (Burris) Tract,FY2016-17,306000.0,593.76,cultivated crops,18.23635322848888,agriculture,9790.089738587592
Gracefield Properties,FY2013-14,143250.0,573.0,cultivated crops,19.12593143475663,agriculture,4723.734662576687
Groton Uplands,FY2018-19,850000.0,13868.0,cultivated crops,810.6281404614874,agriculture,32851.06879294257
H.C. Edens Tract,FY2005-06,974000.0,677.22,cultivated crops,664.2925255304425,agriculture,940620.1099256384
Hamilton Ridge Tract,FY2005-06,5000000.0,13280.0,cultivated crops,7.561414753275877,agriculture,2905.9332319105656
"Hanna Trs (Carol Hanna, Leslie Hanna 1 & 2)",FY2012-13,281000.0,1405.0,cultivated crops,20.46029874415825,agriculture,4211.795373085695
Harper Family Home Place & Solomons Tract,FY2007-08,304200.0,1544.0,cultivated crops,100.29994275668884,agriculture,20116.451612903227
"Harper Place, Country Club and Moultrie",FY2007-08,276806.0,1384.03,cultivated crops,295.784753584027,agriculture,61154.81395348837
"Harper, Andrew R Tract",FY2007-08,866594.0,4322.97,cultivated crops,54.70905968546664,agriculture,11273.51263881544
"Harper, Stiles Tract (Sand Pit & Mikell)",FY2007-08,209504.0,1047.52,cultivated crops,103.85825558175983,agriculture,21897.575649059985
St. Helena Community Farm (Henry Farms North),FY2019-20,650000.0,87.94,cultivated crops,2.6687346188032506,agriculture,19117.647058823528
Hickory Top Tract,FY2013-14,223000.0,223.85,cultivated crops,140.7757511418715,agriculture,141300.3003003003
High Creek Tract (Salley Tr),FY2012-13,835000.0,1704.7,cultivated crops,91.40416069401134,agriculture,44077.18982789623
Hills Property,FY2013-14,115000.0,575.0,cultivated crops,313.353923157815,agriculture,62585.94051757436
Hinson Farm Project,FY2013-14,558424.0,1726.0,cultivated crops,1059.0428545617567,agriculture,356367.6076119003
Holly Bluff II,FY2018-19,208649.0,449.56,cultivated crops,7.561414753275877,agriculture,3458.8327645051195
Indigo Farms,FY2007-08,25000.0,103.0,cultivated crops,6.44944199544119,agriculture,1586.4332603938735
Ingram Properties,FY2013-14,34475.0,197.0,cultivated crops,0.2223945515669375,agriculture,39.08730158730159
J.M. Shelley Tract,FY2005-06,33875.0,49.0,cultivated crops,38.91904652421408,agriculture,27069.06392694064
Jacob's Grant,FY2014-15,34400.0,171.55,cultivated crops,4.003101928204876,agriculture,796.9111969111968
Jason Ross Tract,FY2013-14,398000.0,398.0,cultivated crops,76.28133118745959,agriculture,76952.64937993235
Jimmy Calder Tract,FY2004-05,71500.0,56.5,cultivated crops,48.48201224159239,agriculture,63620.4081632653
JM and SL Shelley Tract,FY2005-06,36750.0,21.03,cultivated crops,17.569169573788066,agriculture,34978.91566265061
JM and SL Shelley Tract 27,FY2005-06,22000.0,35.1,cultivated crops,32.69199908033982,agriculture,20086.956521739132
John Shirley Tract,FY2012-13,380000.0,394.0,cultivated crops,23.79621701766232,agriculture,23945.81861012956
Johnathan Graham,FY2012-13,758010.0,505.34,cultivated crops,239.2965374860248,agriculture,369895.1292517007
"Johns, A.J. Properties",FY2012-13,330600.0,1653.0,cultivated crops,46.03567217435607,agriculture,9180.869331902337
"Johnson, Alex H., Jr. Tract",FY2007-08,85700.0,46.5,cultivated crops,18.681142331622755,agriculture,14812.345679012344
Jones Tract/Mt. Pleasant Tract,FY2007-08,343700.0,982.0,cultivated crops,145.0012476216433,agriculture,10916.426344505066
JRJ Farms,FY2020-21,40000.0,120.8,cultivated crops,159.45689347349423,agriculture,34890.51094890511
Kel-Sam Farms (Carolyn Black Tract),FY2012-13,850000.0,921.0,cultivated crops,3.780707376637938,agriculture,3509.83726014088
Knollwood/Longlands Plt Tract (Phase 1 - Lower Santee Tr),FY2015-16,737850.0,2951.4,cultivated crops,6.44944199544119,agriculture,1628.064368865556
Knowlton Farms,FY2013-14,161460.0,276.0,cultivated crops,171.46619925810887,agriculture,103136.42087821044
"Knowlton Farms, Forest Field Farms & Thomas DuRant",FY2012-13,316470.0,575.4,cultivated crops,388.9680706905738,agriculture,206686.3442867812
Kyle Daniel Tract,FY2004-05,320000.0,188.4,cultivated crops,11.564516681480752,agriculture,22425.876010781667
Lacie Shelley Tract,FY2005-06,84375.0,64.0,cultivated crops,53.37469237606502,agriculture,48329.35560859189
Lawton Tract,FY2006-07,268000.0,1073.58,cultivated crops,1.556761860968563,agriculture,382.7790246888389
Legacy Farms,FY2018-19,165316.5,367.37,cultivated crops,55.82103244330133,agriculture,25677.25340346535
Little Junkyard Bay,FY2013-14,227708.0,569.27,cultivated crops,46.70285582905689,agriculture,17407.601019293776
Macdonald & Sons Farm,FY2007-08,169000.0,181.6,cultivated crops,165.6839409173685,agriculture,118109.75609756098
Marhaygue Tract,FY2015-16,1209205.0,2418.41,cultivated crops,44.70130486495445,agriculture,22521.331078576724
Marsh Furniture Tract,FY2004-05,2000000.0,8347.0,cultivated crops,10.00775482051219,agriculture,2344.360510549622
McLeod Tract,FY2006-07,500000.0,375.0,cultivated crops,6.44944199544119,agriculture,8271.53451226469
Millgrove Plantation,FY2020-21,165000.0,444.6,cultivated crops,34.9159445960092,agriculture,13096.562184024266
MillRho (Oak Grove 2),FY2016-17,291000.0,1164.64,cultivated crops,22.68424425982763,agriculture,5664.503816793892
Millwood Farms,FY2013-14,184450.0,443.46,cultivated crops,209.0508784729213,agriculture,105144.3298969072
Millwood Farms LLP 2 (Culler Family),FY2014-15,221918.0,522.16,cultivated crops,333.59182735040633,agriculture,142072.9833546735
Moore Property,FY2020-21,30557.0,56.62,cultivated crops,7.783809304842815,agriculture,3860.9927797833934
Morris Ford Tract,FY2015-16,60000.0,4.45,cultivated crops,0.4447891031338751,agriculture,5217.391304347826
Murray Tract,FY2012-13,78400.0,392.29,cultivated crops,0.4447891031338751,agriculture,88.737973967176
Myrtle Grove Plt Tract,FY2014-15,643268.0,1715.38,cultivated crops,0.8895782062677503,agriculture,323.8197835388875
Neil McPhail Tract,FY2012-13,232187.0,117.0,cultivated crops,4.892680134472626,agriculture,9287.48
Ness Bay Tr,FY2013-14,120000.0,300.0,cultivated crops,28.02171349743413,agriculture,11076.923076923078
Oak Grove,FY2006-07,177000.0,209.0,cultivated crops,75.16935842962489,agriculture,67523.7020316027
Oakland Club,FY2015-16,3581730.0,11166.17,cultivated crops,138.32941107463515,agriculture,45722.64874294511
Paradise Shrimp Farms,FY2007-08,100000.0,504.5,cultivated crops,64.04963085127801,agriculture,12626.041209995614
Patriots Plantation II,FY2014-15,653625.0,1867.5,cultivated crops,76.05893663589265,agriculture,26948.73417721519
Paul Sanders Tract,FY2006-07,420000.0,164.89,cultivated crops,78.50527670312896,agriculture,224977.2382397572
Pecan Alley Farms Tract,FY2015-16,44795.0,89.57,cultivated crops,39.58623017891489,agriculture,19884.06483790524
Peeples Waldburg Tract,FY2014-15,117800.0,589.0,cultivated crops,46.03567217435607,agriculture,9310.6529209622
Perry Dam Tract,FY2015-16,86700.0,289.0,cultivated crops,91.1817661424444,agriculture,27555.81395348837
Pettigrew Tract (Murray Tract),FY2015-16,300000.0,1044.7,cultivated crops,43.36693755555282,agriculture,12798.07481951433
Pine Hill/Swamp Solomons,FY2007-08,99800.0,718.0,cultivated crops,130.10081266665847,agriculture,24205.223880597016
Pinewood Farms,FY2013-14,175747.0,270.38,cultivated crops,113.42122129913815,agriculture,73831.11202635914
Pollard Tract (Milbury),FY2006-07,2374312.0,10398.0,cultivated crops,191.92649800226712,agriculture,48515.00546939742
Powers Farm,FY2012-13,165110.0,207.65,cultivated crops,112.08685398973654,agriculture,100989.61165048544
Rhodes-Kinsey Tract,FY2012-13,208320.0,1041.6,cultivated crops,0.4447891031338751,agriculture,89.88996763754044
Rhodes and IP/Milbury,FY2013-14,328600.0,1006.7,cultivated crops,6.894231098575065,agriculture,1212.2575270736645
River Oaks Plantation,FY2020-21,975000.0,1005.18,cultivated crops,8.006203856409751,agriculture,7964.601769911504
"Rivers, J. T., Jr. 97",FY2007-08,111000.0,148.0,cultivated crops,125.65292163531971,agriculture,91421.28279883382
"Rivers, J. T., Jr. 98",FY2007-08,53900.0,61.6,cultivated crops,48.48201224159239,agriculture,43519.259259259255
Riverside Farms,FY2016-17,1200000.0,2120.0,cultivated crops,1224.949190030692,agriculture,697583.1134564643
Robert Battle Tract,FY2005-06,55250.0,65.3,cultivated crops,20.682693295725198,agriculture,17358.952702702703
Rogers Family Farm,FY2019-20,99539.0,496.5,cultivated crops,156.3433697515571,agriculture,33337.74035254883
Roxbury Park Phase II,FY2019-20,141000.0,55.88,cultivated crops,0.8895782062677503,agriculture,2302.0408163265306
Salt Landing,FY2007-08,217000.0,572.0,cultivated crops,174.8021175316129,agriculture,67282.84023668637
Salt Point Timber Tract,FY2007-08,400000.0,1032.0,cultivated crops,8.22859840797669,agriculture,3254.893336265669
Saluda Rivers Connector (Phase 1),FY2018-19,500000.0,181.0,cultivated crops,7.33902020170894,agriculture,4418.8537761114085
Saluda Rivers Connector (Phase II),FY2019-20,500000.0,181.0,cultivated crops,7.33902020170894,agriculture,4418.8537761114085
Sanders Farm Tract,FY2012-13,83600.0,418.0,cultivated crops,69.38710008888452,agriculture,13002.592223330012
Santee River Tract,FY2013-14,2167750.0,8517.0,cultivated crops,56.48821609800214,agriculture,14029.314342497515
Scotswood,FY2018-19,359290.0,3590.2,cultivated crops,440.1188175509694,agriculture,43777.5464844231
SCWA Tract,FY2013-14,390000.0,390.0,cultivated crops,155.6761860968563,agriculture,167587.47697974215
Segars Mill Pond Tract,FY2006-07,2443389.0,533.88,cultivated crops,128.76644535725686,agriculture,349659.47380128526
Silver Bluff Audubon Center and Sanctuary,FY2015-16,812608.0,3250.43,cultivated crops,85.62190235327095,agriculture,21012.430653502583
Simkins River Farm,FY2013-14,523600.0,2617.0,cultivated crops,223.2841297732053,agriculture,45494.97187364777
"Simmons, Kenneth Tract (Birchwood Farms)",FY2012-13,364500.0,405.5,cultivated crops,58.71216161367152,agriculture,53105.96026490066
Slater Duck Ponds,FY2021-22,1678670.0,335.62,cultivated crops,27.7993189458672,agriculture,136877.85388127854
Sosnowski Property,FY2006-07,150000.0,178.0,cultivated crops,0.2223945515669375,agriculture,184.27518427518427
South Fenwick Island Tract,FY2015-16,500000.0,400.94,cultivated crops,5.115074686039564,agriculture,6541.524459613196
Southern Property,FY2013-14,21600.0,108.0,cultivated crops,0.2223945515669375,agriculture,43.2
Still Branch Plantation,FY2014-15,10400.0,52.0,cultivated crops,2.6687346188032506,agriculture,489.4117647058823
Swamp Rabbit Trail Ext. (North Saluda River Tract),FY2012-13,140000.0,49.2,cultivated crops,22.01706060512682,agriculture,65377.35849056604
Tall Pines Tract,FY2015-16,3000000.0,1757.0,cultivated crops,0.2223945515669375,agriculture,382.5554705432288
Terry Andrews,FY2007-08,761805.0,1539.0,cultivated crops,14.900434954984815,agriculture,7154.602607232969
Thornhill Farms Tract,FY2014-15,163400.0,98.2,cultivated crops,1.7791564125355006,agriculture,3134.772182254197
Tokeena Crossroads,FY2006-07,2695745.0,1107.87,cultivated crops,115.86756136637447,agriculture,281009.0326130452
Tom's Branch,FY2015-16,155250.0,575.0,cultivated crops,18.681142331622755,agriculture,4960.441232407759
Toole Tract,FY2007-08,250000.0,349.39,cultivated crops,149.2267441014151,agriculture,102037.71289537712
Townes/S. Saluda,FY2005-06,965000.0,585.61,cultivated crops,16.45719681595338,agriculture,26775.40307461567
Van Watts Tract,FY2013-14,362338.0,724.67,cultivated crops,0.2223945515669375,agriculture,104.26992805755395
Velma Johnson Tract,FY2004-05,179400.0,34.0,cultivated crops,16.45719681595338,agriculture,120687.27272727272
Wallace Farm,FY2016-17,100000.0,347.67,cultivated crops,4.447891031338751,agriculture,1287.001287001287
Westervelt Timber,FY2014-15,2483600.0,12418.0,cultivated crops,5.782258340740376,agriculture,1153.821138211382
White Plains Tract,FY2020-21,275000.0,121.58,cultivated crops,0.6671836547008126,agriculture,1547.8424015009382
Wild Turkey Creek Tract,FY2019-20,74232.0,329.92,cultivated crops,121.20503060398096,agriculture,27596.48021828104
Williamson Farm Tract,FY2012-13,63000.0,63.4,cultivated crops,30.46805356467045,agriculture,30390.845070422536
Willow Lake (Bamberg Tract),FY2019-20,278000.0,1373.12,cultivated crops,1.7791564125355006,agriculture,363.4580813858474
Willow Oaks Tract,FY2012-13,195000.0,195.06,cultivated crops,25.35297887863088,agriculture,26152.94117647059
Willtown (Knox) - ACE Basin,FY2020-21,250000.0,2101.27,cultivated crops,4.892680134472626,agriculture,588.4870532848277
Winborn a/s/a Lawton Plantation,FY2007-08,262800.0,1314.0,cultivated crops,414.0986550176377,agriculture,82980.09157198574
Woodbury Tract,FY2005-06,5000000.0,25668.0,cultivated crops,294.67278082619225,agriculture,57271.540582829766
Gobblers Roost,FY2021-22,393506.0,1020.08,cultivated crops,0.4447891031338751,agriculture,172.96967032967035
River Falls,FY2021-22,650000.0,170.97,cultivated crops,0.4447891031338751,agriculture,1686.1219195849546
Wall Farm,FY2021-22,29169.0,97.23,cultivated crops,41.81017569458426,agriculture,13056.6
YLASI Property,FY2021-22,150000.0,315.42,cultivated crops,41.142992039883445,agriculture,20344.57478005865
Watson Farm,FY2021-22,235000.0,701.74,cultivated crops,109.41811937093328,agriculture,12081.50470219436
Bobwhite Hills,FY2021-22,850000.0,773.99,cultivated crops,51.59553596352952,agriculture,57965.902410346855
Toner Tract,FY2021-22,84068.0,336.27,cultivated crops,155.23139699372243,agriculture,39015.6010638298
North Fork Edisto Tract,FY2021-22,49950.0,36.71,cultivated crops,0.4447891031338751,agriculture,594.6428571428572
Oakville / Burden Creek,FY2022-23,500000.0,90.16,cultivated crops,0.2223945515669375,agriculture,1179.245283018868
Newton Farm,FY2022-23,250000.0,563.47,cultivated crops,275.54684939143567,agriculture,120478.41306884482
Eureka Preserve,FY2022-23,350000.0,601.46,cultivated crops,6.004652892307314,agriculture,3496.115427302997
Limerick Plantation,FY2022-23,266535.0,233.99,cultivated crops,0.6671836547008126,agriculture,792.4727452923687
Gourdin Tracts,FY2022-23,130757.0,342.75,cultivated crops,118.53629598517772,agriculture,43287.87639751552
Salters Property,FY2022-23,385000.0,626.0,cultivated crops,2.223945515669376,agriculture,1407.1637426900584
Independence Farm,FY2022-23,650000.0,498.22,cultivated crops,24.908189775497007,agriculture,33151.1839708561
Slater Tract,FY2022-23,1000000.0,3507.45,cultivated crops,51.59553596352952,agriculture,14869.888475836437
Cotton Hall,FY2022-23,3000000.0,232.0,cultivated crops,27.57692439430026,agriculture,357692.30769230775
Cooler Dairy Farm,FY2022-23,250000.0,654.0,cultivated crops,197.9311508945744,agriculture,75143.53259034111
Buckfield,FY2022-23,850000.0,2064.52,cultivated crops,52.262719618230335,agriculture,22231.49693934335
Lee State Park - KDR/OSI (match with LF),FY2022-23,173000.0,137.29,cultivated crops,12.231700336181566,agriculture,15421.393841166931
Bowers Farm,FY2023-24,500000.0,488.33,cultivated crops,0.8895782062677503,agriculture,939.8496240601504
"Savannah River and Uplands (Pauline Place, LLC) Lowlands",FY2023-24,300000.0,1218.3,cultivated crops,318.0242087407207,agriculture,78657.86578657865
Dalzell Bay,FY2023-24,80000.0,61.1,cultivated crops,0.8895782062677503,agriculture,1221.3740458015266
Hazelwood Farm 2,FY2023-24,215000.0,373.43,cultivated crops,0.2223945515669375,agriculture,113.93746687864332
Betsy Kerrison Nature Trail Phase 3,FY2023-24,145000.0,3.0,cultivated crops,0.2223945515669375,agriculture,10357.14285714286
Santee Delta Plantation,FY2023-24,75000.0,108.86,cultivated crops,7.33902020170894,agriculture,5061.349693251535
Catawba - Nisbet Tract,FY2023-24,3800000.0,596.36,cultivated crops,27.57692439430026,agriculture,175102.19249349687
Hanna Farm,FY2023-24,40000.0,129.35,cultivated crops,29.133686255268824,agriculture,8987.993138936536
Stillwell Homeplace Farm,FY2023-24,62699.0,197.79,cultivated crops,180.13958676921942,agriculture,41902.79702970297
Stillwell – Tatum Farm,FY2023-24,110000.0,437.51,cultivated crops,176.13648484101455,agriculture,44860.96807415036
Bay Farm,FY2023-24,100000.0,346.3,cultivated crops,333.1470382472725,agriculture,96458.46748229233
Gin Branch Farms LLC II tracts,FY2023-24,150000.0,590.01,cultivated crops,206.38214385411808,agriculture,54673.9984289081
Stilwell - Cannery Farm,FY2023-24,250000.0,797.88,cultivated crops,498.608584613074,agriculture,161667.1473896741
Hiott Station,FY2023-24,175000.0,561.8,cultivated crops,22.239455156693754,agriculture,6952.721493841875
Pudding Swamp - Atkinson Farm,FY2023-24,150000.0,383.15,cultivated crops,40.92059748831651,agriculture,15584.415584415585
North Island,FY2023-24,2000000.0,114.66,cultivated crops,2.223945515669376,agriculture,38610.03861003861
Shaws Creek Preserve,FY2023-24,1900000.0,2657.63,cultivated crops,0.6671836547008126,agriculture,476.9475357710652
Limehouse,FY2023-24,1400000.0,102.88,cultivated crops,15.56761860968563,agriculture,216814.15929203545
Shealy Farm,FY2023-24,242000.0,339.44,cultivated crops,168.13028098460478,agriculture,123117.0928667564
Harrell Family Park,FY2023-24,2500000.0,156.41,cultivated crops,2.6687346188032506,agriculture,38510.91142490372
Witherspoon Island,FY2023-24,850000.0,3707.94,cultivated crops,2.001550964102438,agriculture,440.3638038222427
Gregorie Neck,FY2023-24,2000000.0,4409.3,cultivated crops,57.3777943042699,agriculture,25841.34615384616
Ginia's Farm,FY2024-25,56000.0,98.73,cultivated crops,23.351427914528443,agriculture,13125.0
Dogwood Hill Farm,FY2024-25,400000.0,182.29,cultivated crops,10.674938475213002,agriculture,24060.150375939847
Snow's Island Addition,FY2024-25,5229080.0,2584.26,cultivated crops,2.6687346188032506,agriculture,5418.735751295336
McQueen Farm,FY2024-25,110000.0,246.0,cultivated crops,169.9094373971403,agriculture,77814.81481481482
AB Farms,FY2024-25,412500.0,126.0,cultivated crops,98.52078634415334,agriculture,317804.3478260869
Watson Farm,FY2024-25,565000.0,358.73,cultivated crops,109.41811937093328,agriculture,29047.021943573676
Jackson Farms Cash Tracts,FY2024-25,500000.0,588.0,cultivated crops,0.6671836547008126,agriculture,568.8282138794084
Essex Farms,FY2024-25,560000.0,898.55,cultivated crops,1.111972757834688,agriculture,740.153317472905
Sam Dargan Tract,FY2024-25,20000.0,40.25,cultivated crops,0.4447891031338751,agriculture,251.57232704402517
Burch's Mill,FY2024-25,1250000.0,374.64,cultivated crops,21.572271501992944,agriculture,71830.56872037915
Scrambler's Knob Horse Farm,FY2024-25,160000.0,57.98,cultivated crops,3.558312825071001,agriculture,9624.06015037594
Hodge Tract,FY2024-25,39600.0,89.39,cultivated crops,62.93765809344333,agriculture,28588.775510204083
Beech Hill,FY2024-25,3350000.0,1637.6,cultivated crops,0.4447891031338751,agriculture,910.6972950931088
Young's Farm,FY2024-25,100000.0,224.72,cultivated crops,104.52543923646068,agriculture,46488.62512363996
Rivers Farm 2,FY2024-25,410000.0,347.78,cultivated crops,199.9327018586769,agriculture,229080.17402113116
Rivers Farm 1,FY2024-25,885000.0,668.97,cultivated crops,587.566405239849,agriculture,786997.6438909458
Burrows Farm 1,FY2024-25,288000.0,284.3,cultivated crops,230.62314997491424,agriculture,232779.42322681213
Burrows Farm 2,FY2024-25,248000.0,296.0,cultivated crops,191.48170889913325,agriculture,163122.9946524064
Harrison Farm,FY2024-25,215000.0,106.71,cultivated crops,10.452543923646065,agriculture,21731.182795698925
Saluda Grade Trail,FY2024-25,750000.0,373.71,cultivated crops,1.7791564125355006,agriculture,3601.440576230492
Alston Tract,FY2024-25,64350.0,174.46,cultivated crops,0.2223945515669375,agriculture,85.00660501981505
Maxcy Farm Nature Preserve,FY2025-26,400000.0,51.73,cultivated crops,49.5940062171659,agriculture,386147.18614718615
Broad Arrow Landing,FY2025-26,800000.0,903.61,cultivated crops,2.4463411138512328,agriculture,2190.6895693303463
Maxcy Farm Conservation Easement,FY2025-26,185000.0,48.23,cultivated crops,20.460307497664857,agriculture,80283.01886792455
Gillian Farms - Bodie Rd,FY2025-26,256000.0,170.66,cultivated crops,100.29998566790054,agriculture,148401.02827763496
Cattails Tree Farm Extension,FY2025-26,176000.0,263.66,cultivated crops,90.73701585920936,agriculture,58285.71428571428
LeMaster Grain and Cattle,FY2025-26,860000.0,379.08,cultivated crops,43.81174540260844,agriculture,97817.55196304848
Pocotaligo Station,FY2025-26,4597600.0,1742.33,cultivated crops,2.4463411138512328,agriculture,6431.845351646954
Red Fern,FY2025-26,264000.0,302.02,cultivated crops,10.230153748832429,agriculture,8540.084388185654
Mayadinya-in-the-Pines Conservation Easement,FY2025-26,34825.0,76.12,cultivated crops,0.2223946467137484,agriculture,98.9346590909091
Jeffers Tract,FY2025-26,20000.0,36.0,cultivated crops,3.113525053992478,agriculture,1772.1518987341772
H and H Farm,FY2025-26,444000.0,534.0,cultivated crops,16.457203856817383,agriculture,13701.417848206838
Duck Ponds,FY2025-26,16000000.0,8460.0,cultivated crops,2.4463411138512328,agriculture,4680.104238685316
Mims Farm,FY2025-26,475000.0,341.0,cultivated crops,274.2125993980518,agriculture,379077.6699029126
Tindal Farm - Georges & Roberts,FY2025-26,200000.0,165.0,cultivated crops,128.9888950939741,agriculture,157394.84396200813
Tindal Farm - Mooneyham,FY2025-26,230000.0,179.0,cultivated crops,159.45696169375762,agriculture,201601.46699266505
Walnut Grove Plantation,FY2025-26,1305500.0,779.0,cultivated crops,225.9529610611684,agriculture,370706.53996646166
KAFA Lynches River Tract,FY2025-26,35250.0,130.0,cultivated crops,0.2223946467137484,agriculture,59.94897959183673
Back Swamp,FY2025-26,216000.0,420.0,cultivated crops,132.54720944139407,agriculture,66633.54037267082
Felker Farm,FY2025-26,225000.0,248.0,cultivated crops,4.8926822277024655,agriculture,4403.914590747331
Keadle Bridge Addition,FY2025-26,1378752.0,431.0,cultivated crops,0.2223869532987398,agriculture,729.8845950238222
Camden Battleground Trust,FY2007-08,106052.0,161.0,cultivated crops,9.340571,agriculture,188.2977772289698
Newground,FY2025-26,180000.0,58.0,cultivated crops,32.24722377349352,agriculture,92882.56227758007
Utsey Tract,FY2025-26,500000.0,296.74,cultivated crops,7.1166286948399495,agriculture,11913.62620997766
Winkles Farm,FY2025-26,331578.0,330.0,cultivated crops,211.05251973134725,agriculture,215673.4215215901
River Oaks,FY2025-26,950000.0,699.0,cultivated crops,10.89696071163825,agriculture,14876.957494407156
King Family Lynches Tract,FY2025-26,305000.0,546.0,cultivated crops,16.456634544106745,agriculture,9126.566922765873
Ulmer Farms 1,FY2026-27,165830.0,321.0,cultivated crops,184.1427674789837,agriculture,95551.3152400835
Ulmer Farms 2,FY2026-27,148000.0,205.0,cultivated crops,169.9095100893038,agriculture,124391.6391639164
Tindal Farm - Hodges Corner,FY2026-27,200000.0,156.0,cultivated crops,132.3202372127502,agriculture,163686.38239339754
Tindal Farm - Home Place,FY2026-27,510000.0,412.0,cultivated crops,295.9970348406227,agriculture,337884.5196615231
Gramling and Gramling Farm,FY2026-27,1873530.0,816.0,cultivated crops,475.0185322461082,agriculture,1082461.4768731403
Shealy Farms,FY2026-27,60000.0,60.0,cultivated crops,4.703095906160735,agriculture,4787.234042553192
Chelsea,FY2026-27,1500000.0,2672.0,cultivated crops,40.02965159377317,agriculture,21970.86825616405
Old Schoolhouse Farm,FY2026-27,216000.0,193.0,cultivated crops,37.13990600119599,agriculture,41462.06896551724
Chick-A-Moo Farm 1,FY2026-27,257500.0,97.0,cultivated crops,0.2223869532987398,agriculture,579.9549549549549
Goodwill,FY2026-27,12600000.0,737.0,cultivated crops,9.092652085244088,agriculture,155093.37860780983
Hiott Farms,FY2026-27,285000.0,548.0,cultivated crops,2.6686434395848777,agriculture,1398.7730061349694
Vaught Tract II,FY2026-27,205000.0,303.0,cultivated crops,9.785025945144552,agriculture,6676.535899333826
McCoy Farm,FY2026-27,435000.0,1089.0,cultivated crops,121.42747710570664,agriculture,47991.51343705799
Peach Shed Grains,FY2026-27,178500.0,43.0,cultivated crops,14.422827445559586,agriculture,58650.0
"Alston, Rowland P. Tract",FY2007-08,220000.0,220.8,woody wetlands,15.790013161252569,wetland,16186.528497409328
Angel Oak,FY2013-14,890000.0,17.0,woody wetlands,3.113523721937126,wetland,159743.58974358975
Asbury Hills,FY2006-07,3750000.0,1892.0,woody wetlands,3.335918273504064,wetland,6790.197971994206
Ashley River Historic Project,FY2004-05,6285000.0,12280.0,woody wetlands,3872.778720986651,wetland,3075908.886515654
Avins Tract,FY2012-13,431130.0,431.13,woody wetlands,110.75248668033493,wetland,112586.64918720502
Bailey Mill,FY2015-16,493500.0,1645.52,woody wetlands,582.4513305538095,wetland,181171.36248948696
Barker Assoc.,FY2007-08,291534.0,1457.67,woody wetlands,338.26211293331204,wetland,69611.17959183674
Batten Boggy Tract,FY2006-07,63000.0,315.25,woody wetlands,101.8567046176574,wetland,20305.418719211822
Battle of Parker's Ferry - Liberty Trail,FY2020-21,55180.0,31.0,woody wetlands,2.6687346188032506,wetland,4356.315789473684
Battle of Port Royal (Harris Pillow) - Liberty Trail,FY2019-20,227963.0,6.08,woody wetlands,1.111972757834688,wetland,43839.03846153846
Battle of Port Royal (Kling) - Liberty Trail,FY2019-20,125000.0,3.73,woody wetlands,1.7791564125355006,wetland,62500.0
Baxley Tract,FY2004-05,794626.0,979.0,woody wetlands,5.337469237606501,wetland,4342.218579234972
Belfast Plantation - Phase 1,FY2007-08,2000000.0,2220.0,woody wetlands,206.604538405685,wetland,88476.19047619047
Big Cypress Plantation,FY2015-16,434000.0,1232.94,woody wetlands,1156.4516681480754,wetland,422542.59501965926
Big Snooks Tract,FY2018-19,48485.0,288.0,woody wetlands,226.62004804670937,wetland,38780.3885400314
Bird Point Farm,FY2007-08,120000.0,80.0,woody wetlands,6.894231098575065,wetland,9441.624365482234
Black Creek Plantation,FY2018-19,356400.0,864.0,woody wetlands,443.2323412729066,wetland,185603.6582179253
Black River Landing (Rocky Point Expansion),FY2018-19,90000.0,19.0,woody wetlands,37.36228466324551,wetland,28745.24714828897
Black River State Park - Phase I,FY2019-20,784600.0,310.67,woody wetlands,177.47085215041616,wetland,439376.00000000006
Black River State Park - Phase II,FY2021-22,435000.0,816.35,woody wetlands,572.6659702848642,wetland,295391.61392405065
Black River State Park - Phase III (RMS South Tract),FY2021-22,450000.0,738.44,woody wetlands,378.9603158700616,wetland,240904.8067860509
Black Swamp Plantation,FY2007-08,406200.0,2031.0,woody wetlands,835.0915411338506,wetland,168223.3373773023
Blackmon Tract,FY2006-07,424661.0,129.71,woody wetlands,84.06514049230239,wetland,270694.5328836425
Blue Heron Property (Battle of Camden),FY2018-19,250000.0,294.45,woody wetlands,14.455645851850942,wetland,12227.238525206922
Boggy Branch Farms,FY2013-14,270630.0,451.05,woody wetlands,79.39485490939671,wetland,45854.25249169435
"Boineau, Jack H Tract",FY2014-15,352050.0,15.45,woody wetlands,12.009305784614629,wetland,292472.3076923077
Boone Hall,FY2019-20,2000000.0,598.88,woody wetlands,133.65912549172947,wetland,422198.8057604496
Bowers Tract,FY2007-08,180195.0,900.978,woody wetlands,173.02296111907742,wetland,33854.55445544554
Boyd Pond,FY2007-08,300000.0,92.34,woody wetlands,33.581577286607576,wetland,111302.2113022113
"Boyd, Steve Tract",FY2014-15,775000.0,1000.0,woody wetlands,26.020162533331696,wetland,19729.11227154047
Bramblewood Tract,FY2018-19,340000.0,680.04,woody wetlands,295.784753584027,wetland,149339.49801849408
Bryan Dairy,FY2006-07,212500.0,951.0,woody wetlands,44.70130486495445,wetland,10696.844477836214
Bugby Tract,FY2006-07,800000.0,906.0,woody wetlands,294.0055971714915,wetland,241737.14285714293
Bunched Arrowhead Preserve Tr,FY2013-14,465000.0,64.96,woody wetlands,6.894231098575065,wetland,50226.480836236944
Burbage Farm,FY2015-16,36900.0,117.95,woody wetlands,61.6032907840417,wetland,19358.522727272728
Burgess Farms Tract,FY2018-19,275000.0,1012.7,woody wetlands,322.0273106689256,wetland,89442.9469901168
C. McRae Tract,FY2005-06,63750.0,38.1,woody wetlands,1.7791564125355006,wetland,2982.456140350877
Cane Creek Project,FY2012-13,313000.0,228.68,woody wetlands,0.4447891031338751,wetland,537.8006872852234
Cannon Tract,FY2006-07,200000.0,144.28,woody wetlands,0.2223945515669375,wetland,308.1664098613252
Cantey Bay Tract,FY2015-16,940915.0,1881.83,woody wetlands,282.8858695931446,wetland,139573.6303206997
Chauga Bluff,FY2014-15,523000.0,696.0,woody wetlands,4.003101928204876,wetland,2958.5166561910746
Chinquapin Greenway,FY2005-06,657128.0,43.0,woody wetlands,23.79621701766232,wetland,421034.1077844312
Chisolm Plantation (Ackerman & Lesesne Tracts),FY2007-08,500000.0,5087.0,woody wetlands,239.51893203759172,wetland,46478.50854479544
Comalander Tracts,FY2015-16,97805.0,391.22,woody wetlands,72.27822925925472,wetland,14888.348946135831
Combahatchie Family Tract,FY2015-16,165300.0,550.98,woody wetlands,288.8905224854519,wetland,86757.45454545453
Congaree Carton LP Tracts,FY2012-13,1228000.0,4912.0,woody wetlands,4858.431373531318,wetland,1143808.646712714
Cope Tract,FY2015-16,141050.0,806.0,woody wetlands,728.7869454848543,wetland,126531.8505338078
Copeland Tract,FY2012-13,162488.0,812.44,woody wetlands,401.19977102675534,wetland,77403.84261948771
Cordova Road Tract,FY2013-14,28800.0,145.84,woody wetlands,52.262719618230335,wetland,10332.824427480917
Cotton Hall/Mount Repose,FY2007-08,442000.0,2210.0,woody wetlands,1762.699215719547,wetland,370836.4560177834
Crab Orchard Plantation,FY2007-08,563800.0,2819.0,woody wetlands,1374.1759341321072,wetland,271296.64356358536
Creek Farms,FY2007-08,25000.0,77.7,woody wetlands,17.12438047065419,wetland,5628.654970760234
Crescent- Heritage Tract,FY2004-05,2000000.0,1539.19,woody wetlands,31.3576317709382,wetland,41507.2122460995
Crescent Tract,FY2015-16,1020750.0,2721.97,woody wetlands,2163.4541976431688,wetland,806584.0305417919
Crosby Tract,FY2012-13,126200.0,631.0,woody wetlands,600.6876837822983,wetland,121304.6975088968
Culbertson Mill,FY2015-16,99000.0,108.78,woody wetlands,0.2223945515669375,wetland,212.44635193133047
Cynthia Brown Tract,FY2004-05,135345.0,51.33,woody wetlands,14.455645851850942,wetland,41693.95734597157
Cypress Creek II,FY2006-07,727250.0,2909.84,woody wetlands,1801.840656795328,wetland,455698.3372003093
Cypress Creek III,FY2006-07,86500.0,346.0,woody wetlands,92.51613345184602,wetland,24231.649831649826
Cypress Swamp,FY2015-16,43575.0,248.8,woody wetlands,235.29343555781995,wetland,43247.98311444653
"Davis, J. E., Jr/Orange Grove Tract",FY2007-08,90000.0,36.7,woody wetlands,1.111972757834688,wetland,2743.9024390243903
Dawn Plantation,FY2019-20,313650.0,731.0,woody wetlands,318.6913923954216,wetland,139281.20545398202
DDK Management Tract,FY2013-14,746000.0,1865.5,woody wetlands,823.0822353492359,wetland,334619.5612653012
Deer & Duck Tract (RFL Princess Pond),FY2013-14,500000.0,1006.95,woody wetlands,336.9277456239104,wetland,166483.51648351646
Deer Park Tract,FY2014-15,489825.0,2177.0,woody wetlands,1806.955731481368,wetland,401394.6671709531
DeLoach Farm,FY2015-16,255825.0,1180.0,woody wetlands,518.1793051509645,wetland,113472.72986864648
Dinkins Mill Tracts,FY2013-14,620160.0,652.8,woody wetlands,519.7360670119332,wetland,403483.8307349667
Dixon Family Tracts,FY2014-15,200625.0,535.0,woody wetlands,219.28102784500047,wetland,78842.66640095657
Donoho Farm,FY2006-07,800000.0,2055.0,woody wetlands,729.2317345879883,wetland,285130.4347826088
Douglas B. Sheorn Property,FY2015-16,60800.0,152.69,woody wetlands,10.452543923646065,wetland,4486.02825745683
"Drayton, Eddie Tract",FY2014-15,194300.0,670.0,woody wetlands,616.032907840417,wetland,178688.91102257636
DuRant Farm Tract,FY2015-16,45000.0,121.24,woody wetlands,81.39640587349915,wetland,30220.183486238533
Dusty Acres Tract,FY2012-13,238840.0,238.84,woody wetlands,32.24720997720595,wetland,32919.961977186314
E. Hickson Tract,FY2005-06,475000.0,318.0,woody wetlands,79.39485490939671,wetland,119167.25228390726
Edisto Packers Tract,FY2006-07,325000.0,29.8022,woody wetlands,17.791564125355006,wetland,196969.69696969696
Edisto River/Four Hole Swamp,FY2005-06,1500000.0,2383.5,woody wetlands,1798.2823439702572,wetland,1132598.7487160333
Elliott Tract,FY2007-08,460780.0,2335.93,woody wetlands,281.7738968353099,wetland,55495.08174904942
Exley Plantation,FY2012-13,1257945.0,5031.78,woody wetlands,4850.647564226475,wetland,1130538.4809839716
Fall Creek Chatooga,FY2005-06,47000.0,93.52,woody wetlands,1.7791564125355006,wetland,966.5809768637532
FB SC Tracts,FY2012-13,807894.0,4302.32,woody wetlands,4022.4502541912,wetland,776304.456144079
Featherhorn Farms,FY2013-14,1200000.0,1205.63,woody wetlands,285.99939331508176,wetland,284618.2220582811
Floyd Tract,FY2005-06,400000.0,434.14,woody wetlands,37.139890111678575,wetland,34809.7967691506
For Ducks Tract,FY2014-15,96875.0,193.75,woody wetlands,58.71216161367152,wetland,28228.476821192056
Forrester Tract,FY2005-06,1233000.0,38.79,woody wetlands,0.6671836547008126,wetland,20436.464088397785
Forty Acre Rock,FY2005-06,375617.0,521.69,woody wetlands,53.81948147919889,wetland,38995.844701844704
Fox Tindal Farm Tract,FY2014-15,99780.0,199.56,woody wetlands,49.1491958962932,wetland,24447.20620842572
Fred Sosnowski Tract,FY2006-07,125000.0,158.0,woody wetlands,29.35608080683576,wetland,26273.885350318476
French Quarter Creek,FY2015-16,166650.0,424.91,woody wetlands,80.72922221879834,wetland,31688.816134101624
Ft. Fairlawn (Corner Investors Tr),FY2013-14,1000000.0,80.0,woody wetlands,55.82103244330133,wetland,676549.8652291106
"Garrett, Richard M.",FY2007-08,112750.0,120.0,woody wetlands,3.780707376637938,wetland,3441.2028725314185
Geddings Tract,FY2015-16,69175.0,124.0,woody wetlands,74.72456932649102,wetland,50309.09090909091
Glover Plantation,FY2012-13,405328.0,2026.64,woody wetlands,1135.1017911976494,wetland,227515.0238645112
Gopher Woods (Burris) Tract,FY2016-17,306000.0,593.76,woody wetlands,152.1178732717853,wetland,81663.67538041357
Gracefield Properties,FY2013-14,143250.0,573.0,woody wetlands,334.03661645354026,wetland,82500.57515337424
Great Falls Natural Area Project,FY2007-08,547665.0,353.0,woody wetlands,0.4447891031338751,wetland,1984.2934782608693
Groton Uplands,FY2018-19,850000.0,13868.0,woody wetlands,9266.29138558802,wetland,375520.612435321
H.C. Edens Tract,FY2005-06,974000.0,677.22,woody wetlands,0.8895782062677503,wetland,1259.6184933721306
Halidon Hill Plantation,FY2012-13,62000.0,248.0,woody wetlands,70.27667829515227,wetland,17368.794326241135
Hamilton Ridge Tract,FY2005-06,5000000.0,13280.0,woody wetlands,6745.00435447365,wetland,2592177.9114886927
Hanahan Tract,FY2015-16,286000.0,91.0,woody wetlands,26.68734618803251,wetland,83099.27360774818
"Hanna Trs (Carol Hanna, Leslie Hanna 1 & 2)",FY2012-13,281000.0,1405.0,woody wetlands,778.1585359327145,wetland,160185.56533072662
Harper Family Home Place & Solomons Tract,FY2007-08,304200.0,1544.0,woody wetlands,300.23264461536576,wetland,60215.54252199415
"Harper Place, Country Club and Moultrie",FY2007-08,276806.0,1384.03,woody wetlands,222.17215701537063,wetland,45935.08205980066
"Harper, Andrew R Tract",FY2007-08,866594.0,4322.97,woody wetlands,2105.409219684198,wetland,433846.9274457959
"Harper, Stiles Tract (Sand Pit & Mikell)",FY2007-08,209504.0,1047.52,woody wetlands,174.35732842847904,wetland,36761.66875559534
Henderson/Conestee Tract,FY2004-05,675000.0,112.42,woody wetlands,3.780707376637938,wetland,25164.473684210527
St. Helena Community Farm (Henry Farms North),FY2019-20,650000.0,87.94,woody wetlands,4.892680134472626,wetland,35049.01960784314
Hickory Hills,FY2015-16,263500.0,315.0,woody wetlands,87.17866421423952,wetland,72030.68340306834
Hickory Top Tract,FY2013-14,223000.0,223.85,woody wetlands,14.010856748717067,wetland,14063.063063063066
High Creek Tract (Salley Tr),FY2012-13,835000.0,1704.7,woody wetlands,778.1585359327145,wetland,375245.95427690726
Hills Property,FY2013-14,115000.0,575.0,woody wetlands,182.3635322848888,wetland,36423.329470838165
Hinson Farm Project,FY2013-14,558424.0,1726.0,woody wetlands,489.0456188956957,wetland,164563.70624497454
Holcim Cement Tract,FY2013-14,71250.0,57.26,woody wetlands,17.12438047065419,wetland,21514.70588235294
Holly Bluff II,FY2018-19,208649.0,449.56,woody wetlands,318.4689978438546,wetland,145677.8976109215
Horse Trail Tract,FY2006-07,153500.0,170.59,woody wetlands,56.71061064956909,wetland,51844.37086092716
Indigo Farms,FY2007-08,25000.0,103.0,woody wetlands,11.119727578346875,wetland,2735.229759299781
Ingleside,FY2015-16,255000.0,1020.22,woody wetlands,105.19262289116148,wetland,25794.482463644144
Ingram Properties,FY2013-14,34475.0,197.0,woody wetlands,43.8117266586867,wetland,7700.1984126984125
J.M. Shelley Tract,FY2005-06,33875.0,49.0,woody wetlands,7.561414753275877,wetland,5259.132420091324
Jacob's Grant,FY2014-15,34400.0,171.55,woody wetlands,120.98263605241404,wetland,24084.42728442728
Jason Ross Tract,FY2013-14,398000.0,398.0,woody wetlands,121.20503060398096,wetland,122271.702367531
Jimmy Calder Tract,FY2004-05,71500.0,56.5,woody wetlands,2.001550964102438,wetland,2626.530612244898
JM and SL Shelley Tract 27,FY2005-06,22000.0,35.1,woody wetlands,1.111972757834688,wetland,683.2298136645965
John Shirley Tract,FY2012-13,380000.0,394.0,woody wetlands,2.001550964102438,wetland,2014.1342756183744
Johnathan Graham,FY2012-13,758010.0,505.34,woody wetlands,143.44448576067475,wetland,221730.81632653065
"Johns, A.J. Properties",FY2012-13,330600.0,1653.0,woody wetlands,135.21588735269805,wetland,26966.03166085324
"Johnson, Alex H., Jr. Tract",FY2007-08,85700.0,46.5,woody wetlands,5.782258340740376,wetland,4584.77366255144
Jones Tract/Mt. Pleasant Tract,FY2007-08,343700.0,982.0,woody wetlands,1711.7708634107184,wetland,128870.75701480905
JRJ Farms,FY2020-21,40000.0,120.8,woody wetlands,0.2223945515669375,wetland,48.661800486618006
Keithfield,FY2015-16,318000.0,304.87,woody wetlands,1.3343673094016253,wetland,1431.357839459865
Kel-Sam Farms (Carolyn Black Tract),FY2012-13,850000.0,921.0,woody wetlands,223.9513134279061,wetland,207906.24240952148
Knollwood/Longlands Plt Tract (Phase 1 - Lower Santee Tr),FY2015-16,737850.0,2951.4,woody wetlands,2466.8003659804717,wetland,622706.5510157498
Knowlton Farms,FY2013-14,161460.0,276.0,woody wetlands,86.73387511110565,wetland,52170.17398508699
"Knowlton Farms, Forest Field Farms & Thomas DuRant",FY2012-13,316470.0,575.4,woody wetlands,112.08685398973654,wetland,59559.701269604186
Kyle Daniel Tract,FY2004-05,320000.0,188.4,woody wetlands,51.59553596352952,wetland,100053.90835579517
Lacie Shelley Tract,FY2005-06,84375.0,64.0,woody wetlands,28.46650260056801,wetland,25775.65632458233
Lake Conestee Nature Park,FY2006-07,99800.0,81.7,woody wetlands,27.57692439430026,wetland,32311.227154047
Landco Project (Stevens Tract),FY2016-17,555000.0,557.0,woody wetlands,248.19231954870236,wetland,258721.8045112782
Landsford Addition Tract,FY2020-21,400000.0,385.35,woody wetlands,2.223945515669376,wetland,1796.138302649304
Langley Pond Tract,FY2006-07,648800.0,96.0,woody wetlands,8.006203856409751,wetland,79444.89795918367
Lawton Boggy Tract,FY2006-07,59000.0,295.0,woody wetlands,83.84274594073545,wetland,16825.264750378214
Lawton Tract,FY2006-07,268000.0,1073.58,woody wetlands,874.6777713127655,wetland,215067.1291573148
Legacy Farms,FY2018-19,165316.5,367.37,woody wetlands,146.11322037947798,wetland,67210.97803217822
Lemon Island,FY2006-07,500000.0,162.24,woody wetlands,1.7791564125355006,wetland,5479.45205479452
Liberty Hill Ph II,FY2014-15,1500000.0,1829.59,woody wetlands,24.46340067236313,wetland,24214.8517757558
Liberty Hill Tract,FY2012-13,1500000.0,937.0,woody wetlands,4.892680134472626,wetland,3751.705320600272
Little Junkyard Bay,FY2013-14,227708.0,569.27,woody wetlands,503.2788701959797,wetland,187587.6243174372
Macdonald & Sons Farm,FY2007-08,169000.0,181.6,woody wetlands,22.90663881139457,wetland,16329.268292682927
Marhaygue Tract,FY2015-16,1209205.0,2418.41,woody wetlands,525.7407199042403,wetland,264877.7446256486
Mariwill Timber Plantation,FY2019-20,297100.0,1189.5,woody wetlands,10.89733302677994,wetland,2902.871385842473
Marsh Furniture Tract,FY2004-05,2000000.0,8347.0,woody wetlands,6950.4969201215,wetland,1628184.42302683
Mays - Epworth Conservation Area (Adams),FY2020-21,225000.0,1332.29,woody wetlands,4.003101928204876,wetland,679.6442356100017
McCorkle Tract,FY2005-06,410000.0,28.75,woody wetlands,8.450992959543628,wetland,126666.66666666669
McDowell Creek Tract,FY2007-08,2000000.0,1877.96,woody wetlands,32.24720997720595,wetland,33268.326259034075
McKinney Creek Oconee Bell Preserve,FY2019-20,450000.0,195.6,woody wetlands,1.556761860968563,wetland,1560.1783060921248
McLeod Tract,FY2006-07,500000.0,375.0,woody wetlands,104.52543923646068,wetland,134055.9041642898
Meyer Lake,FY2020-21,1000000.0,974.0,woody wetlands,864.2252273891194,wetland,859924.7621155124
Michael Walden Tract,FY2013-14,53700.0,231.0,woody wetlands,2.446340067236313,wetland,569.0751445086706
Middleton Place,FY2006-07,2000000.0,4497.0,woody wetlands,2737.8993243405685,wetland,1483878.744048695
Middleton Place/Edmondston-Alston Family Trust,FY2007-08,820000.0,1274.0,woody wetlands,549.9817260250367,wetland,218707.93787748064
Millgrove Plantation,FY2020-21,165000.0,444.6,woody wetlands,125.65292163531971,wetland,47130.9403437816
MillRho (Oak Grove 2),FY2016-17,291000.0,1164.64,woody wetlands,249.74908140967088,wetland,62365.07633587786
Millwood Farms,FY2013-14,184450.0,443.46,woody wetlands,100.29994275668884,wetland,50446.90721649484
Millwood Farms LLP 2 (Culler Family),FY2014-15,221918.0,522.16,woody wetlands,156.12097519999017,wetland,66490.1562099872
Morris Ford Tract,FY2015-16,60000.0,4.45,woody wetlands,3.558312825071001,wetland,41739.13043478261
Morris Island Tract,FY2005-06,1500000.0,117.7,woody wetlands,21.12748239885907,wetland,322398.19004524883
Morrow Creek Timbers,FY2020-21,150000.0,429.92,woody wetlands,10.89733302677994,wetland,3816.19937694704
Murray Tract,FY2012-13,78400.0,392.29,woody wetlands,5.337469237606501,wetland,1064.855687606112
Murray Tract Phase III,FY2013-14,219096.0,1095.48,woody wetlands,73.83499112022326,wetland,13863.13550600343
Myrtle Grove Plt - Marvin Tracts BC,FY2015-16,134186.0,357.83,woody wetlands,334.03661645354026,wetland,133475.080794702
Myrtle Grove Plt Tract,FY2014-15,643268.0,1715.38,woody wetlands,384.9649687623689,wetland,140133.01132645356
Neil McPhail Tract,FY2012-13,232187.0,117.0,woody wetlands,12.89888399088238,wetland,24485.17454545455
Ness Bay Tr,FY2013-14,120000.0,300.0,woody wetlands,100.0775482051219,wetland,39560.43956043956
North Enoree Watershed Tract,FY2016-17,100000.0,34.47,woody wetlands,9.340571165811378,wetland,26751.5923566879
Oak Grove,FY2006-07,177000.0,209.0,woody wetlands,20.46029874415825,wetland,18379.23250564334
Oakland Club,FY2015-16,3581730.0,11166.17,woody wetlands,4058.0333824419095,wetland,1341320.21159569
Oaks Plantation,FY2021-22,290000.0,204.26,woody wetlands,36.47270645697776,wetland,54919.168591224014
Old Santee Canal,FY2020-21,270000.0,564.94,woody wetlands,368.5077719464156,wetland,161396.10389610392
Paradise Shrimp Farms,FY2007-08,100000.0,504.5,woody wetlands,129.43362901195766,wetland,25515.124945199477
Patriots Plantation II,FY2014-15,653625.0,1867.5,woody wetlands,1308.7919359714276,wetland,463723.1012658228
Paul Sanders Tract,FY2006-07,420000.0,164.89,woody wetlands,38.4742574210802,wetland,110257.96661608496
Pecan Alley Farms Tract,FY2015-16,44795.0,89.57,woody wetlands,31.802420874072077,wetland,15974.27680798005
Peeples Waldburg Tract,FY2014-15,117800.0,589.0,woody wetlands,206.604538405685,wetland,41785.49064528446
Perry Dam Tract,FY2015-16,86700.0,289.0,woody wetlands,182.3635322848888,wetland,55111.62790697675
Pettigrew Tract (Murray Tract),FY2015-16,300000.0,1044.7,woody wetlands,704.7683339156251,wetland,207985.123605338
Pin Branch Plantation,FY2013-14,21000.0,105.0,woody wetlands,24.018611569229257,wetland,4517.92828685259
Pine Hill/Swamp Solomons,FY2007-08,99800.0,718.0,woody wetlands,92.29373890027908,wetland,17171.2271973466
Pinewood Farms,FY2013-14,175747.0,270.38,woody wetlands,77.17090939372733,wetland,50234.10955518945
Pinnacle Partners Tracts,FY2018-19,34330.0,137.32,woody wetlands,2.223945515669376,wetland,589.8625429553265
Plum Creek Timberlands Tr,FY2014-15,70000.0,35.83,woody wetlands,5.337469237606501,wetland,10434.782608695652
Pollard Tract (Milbury),FY2006-07,2374312.0,10398.0,woody wetlands,5784.482286256046,wetland,1462196.1671599387
Powers Farm,FY2012-13,165110.0,207.65,woody wetlands,36.91749556011163,wetland,33262.45145631068
Rhodes-Kinsey Tract,FY2012-13,208320.0,1041.6,woody wetlands,163.68238995326604,wetland,33079.50809061488
Rhodes and IP/Milbury,FY2013-14,328600.0,1006.7,woody wetlands,820.8582898335666,wetland,144336.85588480305
River Oaks Plantation,FY2020-21,975000.0,1005.18,woody wetlands,735.0139929287286,wetland,731194.6902654868
Riverbend Shoals Tract,FY2012-13,290000.0,580.0,woody wetlands,2.223945515669376,wetland,1144.4356748224152
"Rivers, J. T., Jr. 97",FY2007-08,111000.0,148.0,woody wetlands,14.900434954984815,wetland,10841.107871720118
"Rivers, J. T., Jr. 98",FY2007-08,53900.0,61.6,woody wetlands,10.230149372079127,wetland,9182.962962962964
Riverside Farms,FY2016-17,1200000.0,2120.0,woody wetlands,515.0657814290274,wetland,293319.2612137203
Robert Battle Tract,FY2005-06,55250.0,65.3,woody wetlands,24.685795223930068,wetland,20718.75
Rocky Point Landing Tr,FY2013-14,1109670.0,467.75,woody wetlands,116.75713957264225,wetland,356752.4494794857
Rocky River Nature Park,FY2012-13,75000.0,128.46,woody wetlands,78.06048759999508,wetland,32783.31257783312
Rogers Family Farm,FY2019-20,99539.0,496.5,woody wetlands,200.1550964102438,wetland,42679.89518818485
Roxbury Park Phase II,FY2019-20,141000.0,55.88,woody wetlands,3.113523721937126,wetland,8057.142857142857
Royal Tract,FY2015-16,310450.0,1774.0,woody wetlands,1768.0366849571535,wetland,310450.0
S. Tyger River Blueways Tract,FY2019-20,140000.0,52.85,woody wetlands,3.780707376637938,wetland,7652.733118971062
Salt Landing,FY2007-08,217000.0,572.0,woody wetlands,52.04032506666339,wetland,20030.76923076923
Salt Point Timber Tract,FY2007-08,400000.0,1032.0,woody wetlands,537.3052365857212,wetland,212535.73784913128
Saluda Rivers Gorge,FY2019-20,569988.0,225.5,woody wetlands,0.4447891031338751,wetland,973.5064047822376
Samworth Farms - McTeer Tract,FY2019-20,180000.0,39.23,woody wetlands,12.231700336181566,wetland,57558.139534883725
Sanctuary Timberlands Tracts,FY2019-20,88248.0,352.99,woody wetlands,41.142992039883445,wetland,10293.74527112232
Sand Creek Farm,FY2007-08,100000.0,217.1,woody wetlands,27.132135291166385,wetland,12708.333333333336
Sanders Farm Tract,FY2012-13,83600.0,418.0,woody wetlands,134.3263091464303,wetland,25171.68494516451
Sandy Run Forest,FY2019-20,155000.0,237.3,woody wetlands,3.780707376637938,wetland,2277.441659464131
Santee Bottomlands Preserve,FY2015-16,1014000.0,2276.64,woody wetlands,2303.3403705787723,wetland,997719.741592248
Santee River Tract,FY2013-14,2167750.0,8517.0,woody wetlands,7065.697297833173,wetland,1754824.196753892
Scotswood,FY2018-19,359290.0,3590.2,woody wetlands,890.467784474018,wetland,88572.66100233962
Scottland Road Tract,FY2019-20,60000.0,95.0,woody wetlands,152.7850569264861,wetland,52243.34600760456
SCWA Tract,FY2013-14,390000.0,390.0,woody wetlands,62.7152635418764,wetland,67513.81215469613
Segars Mill Pond Tract,FY2006-07,2443389.0,533.88,woody wetlands,469.9196874609391,wetland,1276045.7135442412
Seven Oaks Tract,FY2015-16,525000.0,106.2,woody wetlands,62.04807988717558,wetland,305156.25
Silver Bluff Audubon Center and Sanctuary,FY2015-16,812608.0,3250.43,woody wetlands,1180.6926742688715,wetland,289753.2320505071
Simkins River Farm,FY2013-14,523600.0,2617.0,woody wetlands,2036.4669086984472,wetland,414937.7066205106
"Simmons, Kenneth Tract (Birchwood Farms)",FY2012-13,364500.0,405.5,woody wetlands,216.38989867463025,wetland,195727.6490066225
Slater Duck Ponds,FY2021-22,1678670.0,335.62,woody wetlands,184.36508324899123,wetland,907773.9269406392
Smith Ford Farm,FY2020-21,321472.0,446.32,woody wetlands,2.001550964102438,wetland,1833.4904942965777
Sosnowski Property,FY2006-07,150000.0,178.0,woody wetlands,17.569169573788066,wetland,14557.739557739556
South Fenwick Island Tract,FY2015-16,500000.0,400.94,woody wetlands,104.97022833959454,wetland,134243.4584755404
South Saluda Trout Fishing (Jones Tree Farm),FY2013-14,97000.0,27.45,woody wetlands,2.891129170370188,wetland,9699.999999999998
Southern Property,FY2013-14,21600.0,108.0,woody wetlands,57.15539975270296,wetland,11102.4
Spring Grove Tract,FY2014-15,478000.0,638.0,woody wetlands,140.10856748717066,wetland,105663.15789473684
Still Branch Plantation,FY2014-15,10400.0,52.0,woody wetlands,10.89733302677994,wetland,1998.4313725490192
Stuck 2020 Property,FY2019-20,347554.0,2700.0,woody wetlands,2.6687346188032506,wetland,399.8703739213805
Stumphouse Mountain,FY2006-07,1227150.0,439.6,woody wetlands,0.2223945515669375,wetland,616.0391566265059
Sumter Wateree Tract,FY2012-13,937250.0,3749.0,woody wetlands,3829.189388879531,wetland,913016.718528996
Terry Andrews,FY2007-08,761805.0,1539.0,woody wetlands,719.6687688706099,wetland,345556.6274179983
Thornhill Farms Tract,FY2014-15,163400.0,98.2,woody wetlands,1.556761860968563,wetland,2742.9256594724225
Ti Ti Plantation,FY2013-14,231625.0,1853.0,woody wetlands,1542.528609668279,wetland,192840.11523226503
Tibwin Tract,FY2006-07,500000.0,900.17,woody wetlands,157.90013161252566,wetland,89106.42570281123
Timberhaven (Thompson II),FY2016-17,132500.0,516.64,woody wetlands,0.6671836547008126,wetland,172.9012614180078
Tokeena Crossroads,FY2006-07,2695745.0,1107.87,woody wetlands,3.558312825071001,wetland,8629.83593437375
Tom's Branch,FY2015-16,155250.0,575.0,woody wetlands,152.1178732717853,wetland,40392.164321034616
Toole Tract,FY2007-08,250000.0,349.39,woody wetlands,86.95626966267258,wetland,59458.63746958637
Van Watts Tract,FY2013-14,362338.0,724.67,woody wetlands,42.477359349285074,wetland,19915.556258992805
Velma Johnson Tract,FY2004-05,179400.0,34.0,woody wetlands,6.671836547008128,wetland,48927.272727272735
Wallace Farm,FY2016-17,100000.0,347.67,woody wetlands,71.6110456045539,wetland,20720.72072072072
Wambaw Tract,FY2006-07,250000.0,100.01,woody wetlands,62.04807988717558,wetland,155000.0
Waterloo Tract,FY2006-07,289450.0,406.0,woody wetlands,17.569169573788066,wetland,12360.297297297297
Westervelt Timber,FY2014-15,2483600.0,12418.0,woody wetlands,3697.309419800337,wetland,737779.8624140088
Wild Turkey Creek Tract,FY2019-20,74232.0,329.92,woody wetlands,92.29373890027908,wetland,21013.83356070941
Williamson Farm Tract,FY2012-13,63000.0,63.4,woody wetlands,12.67648943931544,wetland,12644.3661971831
Willow Lake (Bamberg Tract),FY2019-20,278000.0,1373.12,woody wetlands,458.7999598825922,wetland,93726.75273737538
Willow Oaks Tract,FY2012-13,195000.0,195.06,woody wetlands,68.0527327794829,wetland,70200.0
Willtown (Knox) - ACE Basin,FY2020-21,250000.0,2101.27,woody wetlands,617.5896697013857,wetland,74283.11577145303
Wilson and Willson,FY2015-16,100000.0,81.9,woody wetlands,31.58002632250513,wetland,38586.95652173913
Winborn a/s/a Lawton Plantation,FY2007-08,262800.0,1314.0,woody wetlands,366.7286155338801,wetland,73487.73952857386
Woodbury Tract,FY2005-06,5000000.0,25668.0,woody wetlands,20764.534490701823,wetland,4035720.151802
Yem Tract,FY2015-16,108750.0,435.0,woody wetlands,372.2884793230535,wetland,93984.25400103252
Combahee Scott,FY2021-22,79620.0,209.0,woody wetlands,170.57662105184113,wetland,65806.61637931035
Gobblers Roost,FY2021-22,393506.0,1020.08,woody wetlands,13.343673094016255,wetland,5189.09010989011
Graham Family Tract,FY2021-22,242000.0,20.7,woody wetlands,2.446340067236313,wetland,28319.14893617021
Wall Farm,FY2021-22,29169.0,97.23,woody wetlands,32.024815425639005,wetland,10000.8
YLASI Property,FY2021-22,150000.0,315.42,woody wetlands,124.09615977435116,wetland,61363.63636363636
Watson Farm,FY2021-22,235000.0,701.74,woody wetlands,369.1749556011163,wetland,40762.80041797283
Good Hope Landing Tract,FY2021-22,170000.0,148.0,woody wetlands,142.99969665754088,wetland,159576.64233576643
Core Bunched Arrowhead Preserve,FY2019-20,40000.0,16.72,woody wetlands,13.121278542449318,wetland,31052.63157894737
Bobwhite Hills,FY2021-22,850000.0,773.99,woody wetlands,96.96402448318476,wetland,108935.92004703116
River Swamp Tract,FY2021-22,345000.0,1017.5,woody wetlands,565.9941337378561,wetland,193867.2996246412
Santee Island (Santee Delta WMA Addition),FY2021-22,850000.0,1862.0,woody wetlands,1847.6539344181172,wetland,800022.6577546165
Toner Tract,FY2021-22,84068.0,336.27,woody wetlands,90.51458248774358,wetland,22749.784574468085
Tyger River Confluence,FY2021-22,157500.0,200.78,woody wetlands,7.561414753275877,wetland,6010.101010101012
North Fork Edisto Tract,FY2021-22,49950.0,36.71,woody wetlands,16.45719681595338,wetland,22001.78571428572
ACE Basin: St. Helena Estuary (Cummings) Ti Ti 2,FY2022-23,215000.0,1742.0,woody wetlands,85.39950780170402,wetland,10590.046177526938
Historic Glendale Mill,FY2022-23,785000.0,16.49,woody wetlands,0.2223945515669375,wetland,11056.338028169015
Oakville / Burden Creek,FY2022-23,500000.0,90.16,woody wetlands,22.68424425982763,wetland,120283.01886792452
Hazelwood Farm,FY2022-23,78050.0,178.1,woody wetlands,0.4447891031338751,wetland,188.5265700483092
Newton Farm,FY2022-23,250000.0,563.47,woody wetlands,197.9311508945744,wetland,86542.2014780241
"Black River (Camel, LLC) Park Ranger Tract",FY2022-23,1200000.0,162.93,woody wetlands,132.32475818232783,wetland,875000.0
Waites Island,FY2022-23,4000000.0,259.25,woody wetlands,8.22859840797669,wetland,127038.62660944204
Black River State Park: Sims Reach (Colonial Properties),FY2022-23,300000.0,143.22,woody wetlands,113.86601040227204,wetland,244197.13831478535
Great Santee Swamp,FY2022-23,649000.0,2114.95,woody wetlands,1992.8775765913276,wetland,611405.487804878
Santee River - Dawhoo and Wadmacon Creek Tract,FY2022-23,645000.0,1742.55,woody wetlands,1617.4755735463368,wetland,632477.4167453148
Plantersville Cultural Center,FY2022-23,60000.0,10.0,woody wetlands,1.7791564125355006,wetland,10000.0
Eureka Preserve,FY2022-23,350000.0,601.46,woody wetlands,45.36848851965526,wetland,26415.09433962264
Limerick Plantation,FY2022-23,266535.0,233.99,woody wetlands,140.55335659030453,wetland,166947.59167492567
Gourdin Tracts,FY2022-23,130757.0,342.75,woody wetlands,111.8644594381696,wetland,40851.41055900621
Congaree Creek Heritage Preserve Addition,FY2022-23,7000000.0,575.81,woody wetlands,313.353923157815,wetland,3758765.2439024393
Woodcock Woods,FY2022-23,300000.0,31.64,woody wetlands,7.116625650142002,wetland,66666.66666666666
Salters Property,FY2022-23,385000.0,626.0,woody wetlands,378.9603158700616,wetland,239780.70175438595
Bishop Branch Pastures,FY2022-23,145800.0,64.73,woody wetlands,3.113523721937126,wetland,7038.620689655172
Independence Farm,FY2022-23,650000.0,498.22,woody wetlands,397.6414582016843,wetland,529234.9726775956
Botany Bay Heritage Preserve Addition,FY2022-23,1200000.0,180.17,woody wetlands,75.39175298119183,wetland,502222.2222222222
Slater Tract,FY2022-23,1000000.0,3507.45,woody wetlands,2512.61364360326,wetland,724137.9310344828
Black River SP - RMS North,FY2022-23,1250000.0,535.25,woody wetlands,423.6616207350161,wetland,1013729.2464878672
Cotton Hall,FY2022-23,3000000.0,232.0,woody wetlands,100.96712641138964,wetland,1309615.3846153847
Hammonds Store Battlefield,FY2022-23,80000.0,30.0,woody wetlands,3.780707376637938,wetland,11147.540983606556
Cooler Dairy Farm,FY2022-23,250000.0,654.0,woody wetlands,334.4814055566741,wetland,126984.12698412698
Halfway Swamp Creek,FY2022-23,175000.0,288.37,woody wetlands,18.90353688318969,wetland,11768.196202531642
Willowbend,FY2022-23,300000.0,348.53,woody wetlands,337.37253472704424,wetland,281970.26022304833
Buckfield,FY2022-23,850000.0,2064.52,woody wetlands,682.3064842073645,wetland,290239.2877017251
Lee State Park - KDR/OSI (match with LF),FY2022-23,173000.0,137.29,woody wetlands,66.49597091851433,wetland,83836.30470016206
Fort Motte Cliffs,FY2022-23,400000.0,400.0,woody wetlands,266.87346188032507,wetland,280046.67444574094
Daus - Knights Hill,FY2022-23,500000.0,1010.27,woody wetlands,18.458747780055816,wetland,9401.903035795196
Ingleside Park,FY2023-24,1000000.0,445.8,woody wetlands,378.9603158700616,wetland,849028.4005979073
"Barberry Woods Fee Simple Project (Johns Island, SC)",FY2023-24,100000.0,6.12,woody wetlands,6.44944199544119,wetland,78378.37837837837
Bowers Farm,FY2023-24,500000.0,488.33,woody wetlands,278.88276766493976,wetland,294642.8571428572
"Savannah River and Uplands (Pauline Place, LLC) Lowlands",FY2023-24,300000.0,1218.3,woody wetlands,275.7692439430026,wetland,68206.82068206821
Twin Ponds,FY2023-24,156000.0,91.69,woody wetlands,4.003101928204876,wetland,6685.714285714284
Dalzell Bay,FY2023-24,80000.0,61.1,woody wetlands,11.119727578346875,wetland,15267.17557251908
Andrews Black River Park,FY2023-24,5800000.0,1806.43,woody wetlands,753.4727407087845,wetland,2423880.597014925
Hazelwood Farm 2,FY2023-24,215000.0,373.43,woody wetlands,0.8895782062677503,wetland,455.7498675145733
George Aull Expansion Clemson Forest,FY2023-24,1200000.0,82.47,woody wetlands,3.780707376637938,wetland,53125.0
Santee Delta Plantation,FY2023-24,75000.0,108.86,woody wetlands,33.80397183817451,wetland,23312.883435582826
Horsepen Creek II,FY2023-24,76500.0,31.72,woody wetlands,0.8895782062677503,wetland,1936.708860759494
Hanna Farm,FY2023-24,40000.0,129.35,woody wetlands,75.83654208432571,wetland,23396.226415094345
Sleepy Prong,FY2023-24,60000.0,136.97,woody wetlands,58.48976706210458,wetland,25784.3137254902
Pleasant Grove,FY2023-24,40000.0,79.33,woody wetlands,49.816379550994014,wetland,26198.830409356724
Bob McCartney - Rossdhu Longleaf Preserve,FY2023-24,81000.0,61.0,woody wetlands,2.6687346188032506,wetland,3573.529411764705
Santee Corridor - RMS-Wadmacon,FY2023-24,1950000.0,2248.0,woody wetlands,2026.681548429502,wetland,1758048.0807281365
James Island CP - Bradham Road Addition,FY2023-24,500000.0,25.35,woody wetlands,1.7791564125355006,wetland,37735.84905660378
Stillwell Homeplace Farm,FY2023-24,62699.0,197.79,woody wetlands,57.82258340740377,wetland,13450.280528052805
Stillwell – Tatum Farm,FY2023-24,110000.0,437.51,woody wetlands,235.51583010938688,wetland,59984.55200823893
Waites - Olivia Boyce Tracts,FY2023-24,4000000.0,111.22,woody wetlands,9.340571165811378,wetland,323699.4219653179
Waites - Merrill Boyce Tracts,FY2023-24,8000000.0,107.02,woody wetlands,1.3343673094016253,wetland,94861.66007905138
Bay Farm,FY2023-24,100000.0,346.3,woody wetlands,0.8895782062677503,wetland,257.56600128783
Blue Branch Farm,FY2023-24,400000.0,381.1,woody wetlands,59.60173981993927,wetland,60805.44526375496
Gin Branch Farms LLC II tracts,FY2023-24,150000.0,590.01,woody wetlands,265.0943054677896,wetland,70227.80832678711
D. Brown Land and Timber LLC,FY2023-24,103850.0,308.46,woody wetlands,24.46340067236313,wetland,8375.0
Hope Station LLC,FY2023-24,573100.0,1081.34,woody wetlands,56.04342699486827,wetland,29503.820224719108
Stilwell - Cannery Farm,FY2023-24,250000.0,797.88,woody wetlands,228.17680990767795,wetland,73983.27083934238
Betsy Kerrison Nature Trail Phase 2,FY2023-24,250000.0,13.32,woody wetlands,2.001550964102438,wetland,31250.0
Hiott Station,FY2023-24,175000.0,561.8,woody wetlands,263.9823327099549,wetland,82528.80413190306
Hereford Hill Farm,FY2023-24,170000.0,101.41,woody wetlands,0.2223945515669375,wetland,376.940133037694
Pudding Swamp - Atkinson Farm,FY2023-24,150000.0,383.15,woody wetlands,210.60764033388983,wetland,80208.92151326934
North Island,FY2023-24,2000000.0,114.66,woody wetlands,32.469604528772884,wetland,563706.5637065637
Shaws Creek Preserve,FY2023-24,1900000.0,2657.63,woody wetlands,406.092451161228,wetland,290302.06677265506
Limehouse,FY2023-24,1400000.0,102.88,woody wetlands,68.49752188261677,wetland,953982.3008849558
Harrell Family Park,FY2023-24,2500000.0,156.41,woody wetlands,11.342122129913816,wetland,163671.3735558408
Witherspoon Island,FY2023-24,850000.0,3707.94,woody wetlands,3339.4765863291345,wetland,734722.5420216441
Korn Tract,FY2023-24,1090000.0,302.32,woody wetlands,132.5471527338948,wetland,478379.9705449189
Tyger Oak Property,FY2023-24,23000000.0,945.91,woody wetlands,1.556761860968563,wetland,38424.82100238664
Betsy Kerrison Nature Trail Phase 4,FY2023-24,245000.0,8.6,woody wetlands,1.111972757834688,wetland,30625.000000000007
Gregorie Neck,FY2023-24,2000000.0,4409.3,woody wetlands,1100.408241153207,wetland,495592.9487179487
Cracker Farms,FY2023-24,170000.0,63.58,woody wetlands,0.2223945515669375,wetland,604.982206405694
Thrailkill Farm,FY2024-25,1600000.0,1063.06,woody wetlands,40.92059748831651,wetland,61499.89555044912
Four Leaf Farm,FY2024-25,250000.0,170.27,woody wetlands,1.556761860968563,wetland,2243.589743589744
Black River SP - Mingo Creek,FY2024-25,244378.0,664.32,woody wetlands,546.6458077515325,wetland,195661.6039087948
Morrow Creek Timbers Addition,FY2024-25,65000.0,236.9,woody wetlands,22.90663881139457,wetland,6274.60168697282
Ginia's Farm,FY2024-25,56000.0,98.73,woody wetlands,58.04497795897071,wetland,32625.0
Travelers Rest Bunched Arrowhead Preserve,FY2024-25,375000.0,24.73,woody wetlands,13.121278542449318,wetland,194078.94736842107
Dogwood Hill Farm,FY2024-25,400000.0,182.29,woody wetlands,4.003101928204876,wetland,9022.556390977445
Snow's Island Addition,FY2024-25,5229080.0,2584.26,woody wetlands,1428.217810162873,wetland,2899926.749568221
Snow's Island,FY2024-25,14400000.0,5178.93,woody wetlands,4666.727270080618,wetland,13538671.087414311
Waites - Becky Work,FY2024-25,8000000.0,115.0,woody wetlands,7.33902020170894,wetland,500000.0000000001
Old Blair Road (Lina Marston),FY2024-25,72000.0,131.0,woody wetlands,0.2223945515669375,wetland,129.72972972972974
McQueen Farm,FY2024-25,110000.0,246.0,woody wetlands,46.03567217435607,wetland,21083.33333333333
Stewart Tract,FY2024-25,86950.0,174.0,woody wetlands,2.446340067236313,wetland,1221.5197956577267
AB Farms,FY2024-25,412500.0,126.0,woody wetlands,2.446340067236313,wetland,7891.304347826087
Grayson Oaks,FY2024-25,600000.0,93.6,woody wetlands,66.49597091851433,wetland,429186.6028708134
Broad River Preserve,FY2024-25,760000.0,1040.78,woody wetlands,38.4742574210802,wetland,28293.522702819024
Watson Farm,FY2024-25,565000.0,358.73,woody wetlands,369.1749556011163,wetland,98004.17972831766
McClain Farm,FY2024-25,187600.0,72.46,woody wetlands,0.6671836547008126,wetland,1679.9999999999998
Jackson Farms Cash Tracts,FY2024-25,500000.0,588.0,woody wetlands,115.86756136637447,wetland,98786.4998103906
Essex Farms,FY2024-25,560000.0,898.55,woody wetlands,404.5356893002594,wetland,269267.77689664287
Sadler Farms,FY2024-25,325000.0,264.8,woody wetlands,1.7791564125355006,wetland,2409.6385542168678
Sam Dargan Tract,FY2024-25,20000.0,40.25,woody wetlands,10.452543923646065,wetland,5911.94968553459
Burch's Mill,FY2024-25,1250000.0,374.64,woody wetlands,109.64051392250023,wetland,365077.0142180096
Red Top Park,FY2024-25,100000.0,5.96,woody wetlands,1.7791564125355006,wetland,28571.428571428576
Price Family Farm,FY2024-25,205000.0,199.17,woody wetlands,20.682693295725198,wetland,21349.384098544237
Scrambler's Knob Horse Farm,FY2024-25,160000.0,57.98,woody wetlands,25.35297887863088,wetland,68571.42857142857
Black River SP - Browns Ferry,FY2024-25,498000.0,311.31,woody wetlands,203.49101468374784,wetland,314906.70352453354
Hodge Tract,FY2024-25,39600.0,89.39,woody wetlands,16.45719681595338,wetland,7475.510204081635
Beech Hill,FY2024-25,3350000.0,1637.6,woody wetlands,131.43517997606008,wetland,269111.0507000135
Young's Farm,FY2024-25,100000.0,224.72,woody wetlands,104.97022833959454,wetland,46686.44906033631
Willow Oak,FY2024-25,830000.0,13.07,woody wetlands,3.780707376637938,wetland,251964.2857142857
Rivers Farm 2,FY2024-25,410000.0,347.78,woody wetlands,107.19417385526393,wetland,122821.62834058424
Rivers Farm 1,FY2024-25,885000.0,668.97,woody wetlands,24.46340067236313,wetland,32766.745203635142
Burrows Farm 1,FY2024-25,288000.0,284.3,woody wetlands,30.46805356467045,wetland,30752.92283710055
Burrows Farm 2,FY2024-25,248000.0,296.0,woody wetlands,19.12593143475663,wetland,16293.35370511841
Saluda Grade Trail,FY2024-25,750000.0,373.71,woody wetlands,2.001550964102438,wetland,4051.620648259304
Alston Tract,FY2024-25,64350.0,174.46,woody wetlands,8.673387511110565,wetland,3315.257595772787
Black River SP - Cold Creek Acquisition,FY2024-25,221107.0,178.67,woody wetlands,144.55652036393647,wetland,183784.5907928389
Lever Farms,FY2025-26,187500.0,115.74,woody wetlands,3.3359197007062265,wetland,5151.098901098901
The Freeman-Anderson CE,FY2025-26,25000.0,5.41,woody wetlands,1.1119732335687422,wetland,5681.818181818182
Broad River Conservation @Alston,FY2025-26,725000.0,109.33,woody wetlands,0.4447892934274968,wetland,3059.0717299578064
Cedar Hill Farm,FY2025-26,300000.0,312.9,woody wetlands,3.780708994133724,wetland,3645.461043602573
Pee Dee Basin RMS Initiative,FY2025-26,3300000.0,900.04,woody wetlands,191.70418546725116,wetland,721430.3829571393
Ninety Six Creek,FY2025-26,78000.0,68.82,woody wetlands,21.5722807312336,wetland,24172.523961661343
North Widgeon,FY2025-26,250000.0,8.99,woody wetlands,1.3343678802824903,wetland,35714.28571428571
Maxcy Farm Nature Preserve,FY2025-26,400000.0,51.73,woody wetlands,0.2223946467137484,wetland,1731.6017316017317
The Knight Tract,FY2025-26,800000.0,266.16,woody wetlands,126.54255398012286,wetland,370684.0390879479
Broad Arrow Landing,FY2025-26,800000.0,903.61,woody wetlands,742.575725377206,wetland,664973.8610903659
Maxcy Farm Conservation Easement,FY2025-26,185000.0,48.23,woody wetlands,11.564521629114918,wetland,45377.35849056604
Gillian Farms - Bodie Rd,FY2025-26,256000.0,170.66,woody wetlands,14.900441329821144,wetland,22046.272493573262
Cattails Tree Farm Extension,FY2025-26,176000.0,263.66,woody wetlands,177.47092807757124,wetland,114000.0
LeMaster Grain and Cattle,FY2025-26,860000.0,379.08,woody wetlands,0.8895785868549937,wetland,1986.1431870669744
Moore Farm at Horsepen Creek,FY2025-26,780000.0,110.8,woody wetlands,2.001551820423736,wetland,14153.225806451612
Blessing,FY2025-26,7400000.0,627.75,woody wetlands,97.85364455404932,wetland,1124309.3922651934
Pocotaligo Station,FY2025-26,4597600.0,1742.33,woody wetlands,518.6243161364613,wetland,1363551.2145491545
Evergreen LLC - Little Lynches River Tract,FY2025-26,138450.0,150.82,woody wetlands,60.71373855285332,wetland,57008.82352941176
Ashley River - Barry Tract,FY2025-26,100000.0,67.02,woody wetlands,29.356093366214797,wetland,43708.60927152319
Red Fern,FY2025-26,264000.0,302.02,woody wetlands,216.16759660576344,wetland,180455.69620253163
Mayadinya-in-the-Pines Conservation Easement,FY2025-26,34825.0,76.12,woody wetlands,15.122835976534894,wetland,6727.556818181818
Beneventum,FY2025-26,342000.0,190.0,woody wetlands,44.70132398946343,wetland,80494.14519906322
Echols Farm,FY2025-26,175000.0,72.61,woody wetlands,15.122835976534894,wetland,36060.606060606064
RML Timber,FY2025-26,872625.0,1219.03,woody wetlands,25.575384372081068,wetland,18597.45644922165
Jeffers Tract,FY2025-26,20000.0,36.0,woody wetlands,6.004655461271208,wetland,3417.721518987342
Sellers Tract,FY2025-26,20500.0,222.0,woody wetlands,23.573832551657333,wetland,2117.933723196881
The Pond Conservation Easement,FY2025-26,16500.0,30.0,woody wetlands,12.009310922542417,wetland,6551.470588235294
Meadow Woods Farm,FY2025-26,160000.0,124.0,woody wetlands,6.894234048126202,wetland,9117.64705882353
Eidson Family Timberland,FY2025-26,175000.0,695.0,woody wetlands,5.782260814557459,wetland,1474.8784440842785
AM-PM Farms,FY2025-26,1500000.0,419.0,woody wetlands,3.5583143474199748,wetland,11194.029850746268
H and H Farm,FY2025-26,444000.0,534.0,woody wetlands,255.97623836752445,wetland,213112.59382819012
Duck Ponds,FY2025-26,16000000.0,8460.0,woody wetlands,7429.760357412908,wetland,14213902.036909005
Mims Farm,FY2025-26,475000.0,341.0,woody wetlands,53.59710985801337,wetland,74093.85113268609
Tindal Farm - Georges & Roberts,FY2025-26,200000.0,165.0,woody wetlands,27.799330839218555,wetland,33921.302578019
Tindal Farm - Mooneyham,FY2025-26,230000.0,179.0,woody wetlands,2.4463411138512328,wetland,3092.909535452323
Walnut Grove Plantation,FY2025-26,1305500.0,779.0,woody wetlands,66.94078866083828,wetland,109825.46115148129
Edisto Island Museum,FY2025-26,40000.0,10.0,woody wetlands,3.113525053992478,wetland,12727.272727272728
Duck Haven,FY2025-26,250000.0,147.0,woody wetlands,26.464962958936063,wetland,45281.58295281584
Betsy Kerrison Nature Trail Phase V,FY2025-26,600000.0,11.0,woody wetlands,1.3343678802824903,wetland,75000.0
Big Garvin Creek Farm,FY2025-26,317000.0,253.0,woody wetlands,0.6671839401412453,wetland,843.8331854480922
Oscar's Place,FY2025-26,80000.0,50.0,woody wetlands,4.003103640847471,wetland,6399.999999999999
Boyd Pond Park Addition,FY2025-26,220000.0,25.0,woody wetlands,4.003103640847471,wetland,35675.67567567567
KAFA Lynches River Tract,FY2025-26,35250.0,130.0,woody wetlands,39.14145782161973,wetland,10551.020408163266
Back Swamp,FY2025-26,216000.0,420.0,woody wetlands,218.1691484261872,wetland,109677.01863354036
Shelton Wood,FY2025-26,94500.0,219.0,woody wetlands,3.113525053992478,wetland,1368.1489141675286
Bradley Property,FY2025-26,91200.0,43.0,woody wetlands,4.447892934274969,wetland,8941.176470588236
Santuc Farm,FY2025-26,340800.0,387.0,woody wetlands,0.4447892934274968,wetland,395.3596287703016
Felker Farm,FY2025-26,225000.0,248.0,woody wetlands,4.447892934274969,wetland,4003.5587188612094
Piedmont River Park,FY2025-26,33000.0,6.0,woody wetlands,2.4463411138512328,wetland,7117.64705882353
Kirkwood Farm,FY2025-26,264618.0,373.0,woody wetlands,52.48513662444463,wetland,37040.24199288256
Keadle Bridge Addition,FY2025-26,1378752.0,431.0,woody wetlands,405.63380281690144,wetland,1331309.5013234515
Camden Battlefield,FY2004-05,341250.0,310.0,woody wetlands,48.482012,wetland,34795.369422302174
Camden Battleground Trust,FY2007-08,106052.0,161.0,woody wetlands,147.892377,wetland,2981.3815299095545
Newground,FY2025-26,180000.0,58.0,woody wetlands,4.8926822277024655,wetland,14092.526690391458
Wheeler Farm,FY2025-26,744000.0,887.0,woody wetlands,28.24412013264605,wetland,25676.086956521736
Utsey Tract,FY2025-26,500000.0,296.74,woody wetlands,50.26119015730715,wetland,84139.98510796724
Frohlich Farm,FY2025-26,3465000.0,184.0,woody wetlands,1.3343217197924389,wetland,26183.879093198997
AC II,FY2025-26,610000.0,1129.0,woody wetlands,424.31430689399554,wetland,225296.16724738677
Montgomery Tract,FY2025-26,302000.0,312.0,woody wetlands,124.53669384729427,wetland,121669.06474820145
Winkles Farm,FY2025-26,331578.0,330.0,woody wetlands,89.84743727235437,wetland,91814.60726525018
River Oaks,FY2025-26,950000.0,699.0,woody wetlands,544.8480355819125,wetland,743847.8747203579
King Family Lynches Tract,FY2025-26,305000.0,546.0,woody wetlands,433.6545589325426,wetland,240497.371613425
Blue Heron LLC - Liberty Hill WMA Addition,FY2025-26,6566000.0,2006.0,woody wetlands,24.0,wetland,78910.36554832249
Ulmer Farms 1,FY2026-27,165830.0,321.0,woody wetlands,48.48203298359716,wetland,25157.230340988168
Ulmer Farms 2,FY2026-27,148000.0,205.0,woody wetlands,22.461859318088592,wetland,16444.444444444445
Tindal Farm - Hodges Corner,FY2026-27,200000.0,156.0,woody wetlands,10.452186805040771,wetland,12929.848693259972
Tindal Farm - Home Place,FY2026-27,510000.0,412.0,woody wetlands,111.86063750926613,wetland,127690.3932304629
Gramling and Gramling Farm,FY2026-27,1873530.0,816.0,woody wetlands,173.2394366197183,wetland,394774.1060319178
Shealy Farms,FY2026-27,60000.0,60.0,woody wetlands,3.1353972707738227,wetland,3191.489361702127
Chelsea,FY2026-27,1500000.0,2672.0,woody wetlands,924.9073387694588,wetland,507649.1170965905
Old Schoolhouse Farm,FY2026-27,216000.0,193.0,woody wetlands,1.556762526996239,wetland,1737.9310344827586
Chick-A-Moo Farm 1,FY2026-27,257500.0,97.0,woody wetlands,1.7790956263899185,wetland,4639.639639639639
Goodwill,FY2026-27,12600000.0,737.0,woody wetlands,245.81514602866773,wetland,4192869.269949066
Hiott Farms,FY2026-27,285000.0,548.0,woody wetlands,414.0845070422535,wetland,217042.94478527608
Vaught Tract II,FY2026-27,205000.0,303.0,woody wetlands,134.5441067457376,wetland,91802.36861584013
Humbert Woods Nature Preserve,FY2026-27,700000.0,97.0,woody wetlands,46.71741933452997,wetland,326959.2476489028
McCoy Farm,FY2026-27,435000.0,1089.0,woody wetlands,510.84050350148016,wetland,201898.36330571832
Bishop Branch Farm,FY2026-27,280000.0,117.0,woody wetlands,2.001551820423736,wetland,4540.540540540541
Buckwalter Conservation Project,FY2026-27,146660.0,239.0,woody wetlands,163.4600653346051,wetland,100461.4165890028
Ryan - Wateree,FY2026-27,748600.0,471.0,woody wetlands,425.7869493710852,wetland,676379.7737857618
Des Francs - Wateree,FY2026-27,12377318.0,4854.0,woody wetlands,4780.207561156412,wetland,11342049.299143111
Beech Creek - Wateree,FY2026-27,9822000.0,3592.0,woody wetlands,3360.2668643439583,wetland,9020264.997264937
Ashley River Historic Project,FY2004-05,6285000.0,12280.0,emergent herbaceous wetlands,350.4938132694936,wetland,278375.5831600247
Avins Tract,FY2012-13,431130.0,431.13,emergent herbaceous wetlands,12.231700336181566,wetland,12434.268484530678
Bailey Mill,FY2015-16,493500.0,1645.52,emergent herbaceous wetlands,24.685795223930068,wetland,7678.511354079057
Barker Assoc.,FY2007-08,291534.0,1457.67,emergent herbaceous wetlands,0.6671836547008126,wetland,137.30015698587127
Black Creek Plantation,FY2018-19,356400.0,864.0,emergent herbaceous wetlands,0.4447891031338751,wetland,186.255552652208
Black River State Park - Phase II,FY2021-22,435000.0,816.35,emergent herbaceous wetlands,0.4447891031338751,wetland,229.43037974683548
Black Swamp Plantation,FY2007-08,406200.0,2031.0,emergent herbaceous wetlands,180.5843758723533,wetland,36377.45671115032
Boggy Branch Farms,FY2013-14,270630.0,451.05,emergent herbaceous wetlands,4.003101928204876,wetland,2311.979117228286
Boone Hall,FY2019-20,2000000.0,598.88,emergent herbaceous wetlands,32.24720997720595,wetland,101861.60871092376
Bowers Tract,FY2007-08,180195.0,900.978,emergent herbaceous wetlands,5.337469237606501,wetland,1044.3564356435645
Boyd Pond,FY2007-08,300000.0,92.34,emergent herbaceous wetlands,0.2223945515669375,wetland,737.1007371007371
"Boyd, Steve Tract",FY2014-15,775000.0,1000.0,emergent herbaceous wetlands,0.6671836547008126,wetland,505.8746736292428
Bryan Dairy,FY2006-07,212500.0,951.0,emergent herbaceous wetlands,631.6005264501026,wetland,151139.4941147007
Bugby Tract,FY2006-07,800000.0,906.0,emergent herbaceous wetlands,19.570720537890505,wetland,16091.42857142857
Burgess Farms Tract,FY2018-19,275000.0,1012.7,emergent herbaceous wetlands,0.2223945515669375,wetland,61.76999101527405
Cannon Tract,FY2006-07,200000.0,144.28,emergent herbaceous wetlands,1.111972757834688,wetland,1540.8320493066258
Cantey Bay Tract,FY2015-16,940915.0,1881.83,emergent herbaceous wetlands,11.342122129913816,wetland,5596.112536443147
Chisolm Plantation (Ackerman & Lesesne Tracts),FY2007-08,500000.0,5087.0,emergent herbaceous wetlands,1916.818639955435,wetland,371957.53495598136
Combahatchie Family Tract,FY2015-16,165300.0,550.98,emergent herbaceous wetlands,1.111972757834688,wetland,333.93939393939394
Congaree Carton LP Tracts,FY2012-13,1228000.0,4912.0,emergent herbaceous wetlands,251.75063237377333,wetland,59269.037264432496
Cope Tract,FY2015-16,141050.0,806.0,emergent herbaceous wetlands,10.674938475213002,wetland,1853.3807829181492
Copeland Tract,FY2012-13,162488.0,812.44,emergent herbaceous wetlands,0.4447891031338751,wetland,85.81357274887773
Cordova Road Tract,FY2013-14,28800.0,145.84,emergent herbaceous wetlands,7.33902020170894,wetland,1450.9923664122136
Cotton Hall/Mount Repose,FY2007-08,442000.0,2210.0,emergent herbaceous wetlands,14.67804040341788,wetland,3087.964433153382
Crab Orchard Plantation,FY2007-08,563800.0,2819.0,emergent herbaceous wetlands,7.116625650142002,wetland,1404.9996106222256
Crescent- Heritage Tract,FY2004-05,2000000.0,1539.19,emergent herbaceous wetlands,2.891129170370188,wetland,3826.9060936120095
Crescent Tract,FY2015-16,1020750.0,2721.97,emergent herbaceous wetlands,33.1367881834737,wetland,12354.134513849402
Crosby Tract,FY2012-13,126200.0,631.0,emergent herbaceous wetlands,0.8895782062677503,wetland,179.64412811387902
Cynthia Brown Tract,FY2004-05,135345.0,51.33,emergent herbaceous wetlands,0.6671836547008126,wetland,1924.336492890995
Cypress Creek II,FY2006-07,727250.0,2909.84,emergent herbaceous wetlands,7.116625650142002,wetland,1799.84532095901
Dawn Plantation,FY2019-20,313650.0,731.0,emergent herbaceous wetlands,17.791564125355006,wetland,7775.643012085529
DDK Management Tract,FY2013-14,746000.0,1865.5,emergent herbaceous wetlands,22.461849708260694,wetland,9131.741607077927
Deer & Duck Tract (RFL Princess Pond),FY2013-14,500000.0,1006.95,emergent herbaceous wetlands,35.80552280227695,wetland,17692.30769230769
Deer Park Tract,FY2014-15,489825.0,2177.0,emergent herbaceous wetlands,2.446340067236313,wetland,543.4266263237519
DeLoach Farm,FY2015-16,255825.0,1180.0,emergent herbaceous wetlands,0.8895782062677503,wetland,194.80296973158195
Dinkins Mill Tracts,FY2013-14,620160.0,652.8,emergent herbaceous wetlands,4.225496479771814,wetland,3280.3563474387533
Dixon Family Tracts,FY2014-15,200625.0,535.0,emergent herbaceous wetlands,83.39795683760158,wetland,29985.80111598246
Donoho Farm,FY2006-07,800000.0,2055.0,emergent herbaceous wetlands,58.71216161367152,wetland,22956.52173913044
"Drayton, Eddie Tract",FY2014-15,194300.0,670.0,emergent herbaceous wetlands,17.12438047065419,wetland,4967.164674634794
Dusty Acres Tract,FY2012-13,238840.0,238.84,emergent herbaceous wetlands,0.6671836547008126,wetland,681.1026615969582
E. Hickson Tract,FY2005-06,475000.0,318.0,emergent herbaceous wetlands,0.6671836547008126,wetland,1001.405481377372
Edisto Packers Tract,FY2006-07,325000.0,29.8022,emergent herbaceous wetlands,4.447891031338751,wetland,49242.42424242424
Edisto River/Four Hole Swamp,FY2005-06,1500000.0,2383.5,emergent herbaceous wetlands,5.115074686039564,wetland,3221.589317396581
Elliott Tract,FY2007-08,460780.0,2335.93,emergent herbaceous wetlands,40.47580838518264,wetland,7971.669201520911
Exley Plantation,FY2012-13,1257945.0,5031.78,emergent herbaceous wetlands,4.670285582905689,wetland,1088.5015863859246
FB SC Tracts,FY2012-13,807894.0,4302.32,emergent herbaceous wetlands,132.5471527338948,wetland,25580.663231153376
Featherhorn Farms,FY2013-14,1200000.0,1205.63,emergent herbaceous wetlands,2.001550964102438,wetland,1991.884913316119
Floyd Tract,FY2005-06,400000.0,434.14,emergent herbaceous wetlands,0.2223945515669375,wetland,208.44189682126105
Fox Tindal Farm Tract,FY2014-15,99780.0,199.56,emergent herbaceous wetlands,0.6671836547008126,wetland,331.8625277161862
Fred Sosnowski Tract,FY2006-07,125000.0,158.0,emergent herbaceous wetlands,22.90663881139457,wetland,20501.592356687896
French Quarter Creek,FY2015-16,166650.0,424.91,emergent herbaceous wetlands,0.8895782062677503,wetland,349.1880565741226
Ft. Fairlawn (Corner Investors Tr),FY2013-14,1000000.0,80.0,emergent herbaceous wetlands,0.2223945515669375,wetland,2695.4177897574127
Glover Plantation,FY2012-13,405328.0,2026.64,emergent herbaceous wetlands,179.91719221765248,wetland,36061.84449576597
Gopher Woods (Burris) Tract,FY2016-17,306000.0,593.76,emergent herbaceous wetlands,28.02171349743413,wetland,15043.308622707766
Gracefield Properties,FY2013-14,143250.0,573.0,emergent herbaceous wetlands,27.132135291166385,wetland,6701.111963190184
Groton Uplands,FY2018-19,850000.0,13868.0,emergent herbaceous wetlands,18.01395867692194,wetland,730.0237509542794
Halidon Hill Plantation,FY2012-13,62000.0,248.0,emergent herbaceous wetlands,83.39795683760158,wetland,20611.702127659573
Hamilton Ridge Tract,FY2005-06,5000000.0,13280.0,emergent herbaceous wetlands,7.33902020170894,wetland,2820.464607442608
Hanahan Tract,FY2015-16,286000.0,91.0,emergent herbaceous wetlands,63.60484174814415,wetland,198053.2687651332
"Hanna Trs (Carol Hanna, Leslie Hanna 1 & 2)",FY2012-13,281000.0,1405.0,emergent herbaceous wetlands,4.003101928204876,wetland,824.0469208211143
Harper Family Home Place & Solomons Tract,FY2007-08,304200.0,1544.0,emergent herbaceous wetlands,2.001550964102438,wetland,401.4369501466275
"Harper Place, Country Club and Moultrie",FY2007-08,276806.0,1384.03,emergent herbaceous wetlands,3.558312825071001,wetland,735.6970099667774
"Harper, Andrew R Tract",FY2007-08,866594.0,4322.97,emergent herbaceous wetlands,33.581577286607576,wetland,6919.920359598096
"Harper, Stiles Tract (Sand Pit & Mikell)",FY2007-08,209504.0,1047.52,emergent herbaceous wetlands,16.012407712819503,wetland,3376.071620411817
Henderson/Conestee Tract,FY2004-05,675000.0,112.42,emergent herbaceous wetlands,0.2223945515669375,wetland,1480.263157894737
St. Helena Community Farm (Henry Farms North),FY2019-20,650000.0,87.94,emergent herbaceous wetlands,0.4447891031338751,wetland,3186.2745098039222
Hickory Hills,FY2015-16,263500.0,315.0,emergent herbaceous wetlands,1.111972757834688,wetland,918.7587168758716
Hickory Top Tract,FY2013-14,223000.0,223.85,emergent herbaceous wetlands,5.559863789173439,wetland,5580.58058058058
High Creek Tract (Salley Tr),FY2012-13,835000.0,1704.7,emergent herbaceous wetlands,2.446340067236313,wetland,1179.6814795787311
Hinson Farm Project,FY2013-14,558424.0,1726.0,emergent herbaceous wetlands,0.2223945515669375,wetland,74.83570088448137
Holly Bluff II,FY2018-19,208649.0,449.56,emergent herbaceous wetlands,30.24565901310351,wetland,13835.331058020478
Ingleside,FY2015-16,255000.0,1020.22,emergent herbaceous wetlands,7.116625650142002,wetland,1745.08126603935
Ingram Properties,FY2013-14,34475.0,197.0,emergent herbaceous wetlands,8.006203856409751,wetland,1407.142857142857
Jason Ross Tract,FY2013-14,398000.0,398.0,emergent herbaceous wetlands,22.90663881139457,wetland,23108.22998872604
Johnathan Graham,FY2012-13,758010.0,505.34,emergent herbaceous wetlands,0.8895782062677503,wetland,1375.0748299319728
"Johns, A.J. Properties",FY2012-13,330600.0,1653.0,emergent herbaceous wetlands,8.450992959543628,wetland,1685.3769788033271
Johnson Creek Camp,FY2005-06,300000.0,10.72,emergent herbaceous wetlands,2.446340067236313,wetland,300000.0
Jones Tract/Mt. Pleasant Tract,FY2007-08,343700.0,982.0,emergent herbaceous wetlands,76.28133118745959,wetland,5742.843920498831
Keithfield,FY2015-16,318000.0,304.87,emergent herbaceous wetlands,0.8895782062677503,wetland,954.23855963991
Kel-Sam Farms (Carolyn Black Tract),FY2012-13,850000.0,921.0,emergent herbaceous wetlands,11.342122129913816,wetland,10529.511780422636
Knollwood/Longlands Plt Tract (Phase 1 - Lower Santee Tr),FY2015-16,737850.0,2951.4,emergent herbaceous wetlands,0.4447891031338751,wetland,112.2803013010728
Lake Jemiki,FY2006-07,154950.0,129.16,emergent herbaceous wetlands,0.2223945515669375,wetland,277.19141323792485
Landco Project (Stevens Tract),FY2016-17,555000.0,557.0,emergent herbaceous wetlands,43.14454300398589,wetland,44974.9373433584
Lawton Tract,FY2006-07,268000.0,1073.58,emergent herbaceous wetlands,1.7791564125355006,wetland,437.4617425015303
Lemon Island,FY2006-07,500000.0,162.24,emergent herbaceous wetlands,114.53319405697285,wetland,352739.7260273972
Little Junkyard Bay,FY2013-14,227708.0,569.27,emergent herbaceous wetlands,4.670285582905689,wetland,1740.7601019293777
Macdonald & Sons Farm,FY2007-08,169000.0,181.6,emergent herbaceous wetlands,0.2223945515669375,wetland,158.53658536585368
Marhaygue Tract,FY2015-16,1209205.0,2418.41,emergent herbaceous wetlands,34.471155492875326,wetland,17367.195607857673
Marsh Furniture Tract,FY2004-05,2000000.0,8347.0,emergent herbaceous wetlands,2.6687346188032506,wetland,625.1628028132325
Mays - Epworth Conservation Area (Adams),FY2020-21,225000.0,1332.29,emergent herbaceous wetlands,0.2223945515669375,wetland,37.75801308944454
McLeod Tract,FY2006-07,500000.0,375.0,emergent herbaceous wetlands,18.458747780055816,wetland,23673.702224757555
Meyer Lake,FY2020-21,1000000.0,974.0,emergent herbaceous wetlands,1.111972757834688,wetland,1106.439477760567
Middleton Place,FY2006-07,2000000.0,4497.0,emergent herbaceous wetlands,6.671836547008128,wetland,3615.982643283312
Middleton Place/Edmondston-Alston Family Trust,FY2007-08,820000.0,1274.0,emergent herbaceous wetlands,22.461849708260694,wetland,8932.269197584123
Millgrove Plantation,FY2020-21,165000.0,444.6,emergent herbaceous wetlands,2.001550964102438,wetland,750.7583417593529
MillRho (Oak Grove 2),FY2016-17,291000.0,1164.64,emergent herbaceous wetlands,4.447891031338751,wetland,1110.6870229007634
Millwood Farms,FY2013-14,184450.0,443.46,emergent herbaceous wetlands,0.6671836547008126,wetland,335.56701030927826
Millwood Farms LLP 2 (Culler Family),FY2014-15,221918.0,522.16,emergent herbaceous wetlands,2.223945515669376,wetland,947.15322236449
Morris Island Tract,FY2005-06,1500000.0,117.7,emergent herbaceous wetlands,42.477359349285074,wetland,648190.0452488688
Morrow Creek Timbers,FY2020-21,150000.0,429.92,emergent herbaceous wetlands,0.6671836547008126,wetland,233.6448598130841
Myrtle Grove Plt Tract,FY2014-15,643268.0,1715.38,emergent herbaceous wetlands,854.2174725686071,wetland,310947.9471432167
Ness Bay Tr,FY2013-14,120000.0,300.0,emergent herbaceous wetlands,0.2223945515669375,wetland,87.91208791208791
Oak Grove,FY2006-07,177000.0,209.0,emergent herbaceous wetlands,20.46029874415825,wetland,18379.23250564334
Oakland Club,FY2015-16,3581730.0,11166.17,emergent herbaceous wetlands,29.35608080683576,wetland,9703.198768599284
Oaks Plantation,FY2021-22,290000.0,204.26,emergent herbaceous wetlands,85.62190235327095,wetland,128926.09699769052
Old Santee Canal,FY2020-21,270000.0,564.94,emergent herbaceous wetlands,45.36848851965526,wetland,19870.12987012987
Paradise Shrimp Farms,FY2007-08,100000.0,504.5,emergent herbaceous wetlands,211.71961309172457,wetland,41736.0806663744
Patriots Plantation II,FY2014-15,653625.0,1867.5,emergent herbaceous wetlands,44.70130486495445,wetland,15838.291139240506
Pecan Alley Farms Tract,FY2015-16,44795.0,89.57,emergent herbaceous wetlands,8.450992959543628,wetland,4244.912718204489
Peeples Waldburg Tract,FY2014-15,117800.0,589.0,emergent herbaceous wetlands,6.894231098575065,wetland,1394.3489881634212
Pettigrew Tract (Murray Tract),FY2015-16,300000.0,1044.7,emergent herbaceous wetlands,178.138035805117,wetland,52570.553489389626
Pin Branch Plantation,FY2013-14,21000.0,105.0,emergent herbaceous wetlands,1.111972757834688,wetland,209.16334661354583
Pollard Tract (Milbury),FY2006-07,2374312.0,10398.0,emergent herbaceous wetlands,36.91749556011163,wetland,9331.970924588612
Rhodes-Kinsey Tract,FY2012-13,208320.0,1041.6,emergent herbaceous wetlands,1.3343673094016253,wetland,269.6699029126213
Rhodes and IP/Milbury,FY2013-14,328600.0,1006.7,emergent herbaceous wetlands,85.39950780170402,wetland,15016.351303106032
River Oaks Plantation,FY2020-21,975000.0,1005.18,emergent herbaceous wetlands,0.4447891031338751,wetland,442.47787610619474
Riverside Farms,FY2016-17,1200000.0,2120.0,emergent herbaceous wetlands,1.556761860968563,wetland,886.5435356200528
Rocky River Nature Park,FY2012-13,75000.0,128.46,emergent herbaceous wetlands,1.7791564125355006,wetland,747.1980074719801
Rogers Family Farm,FY2019-20,99539.0,496.5,emergent herbaceous wetlands,17.569169573788066,wetland,3746.346355407337
Roxbury Park Phase II,FY2019-20,141000.0,55.88,emergent herbaceous wetlands,7.33902020170894,wetland,18991.83673469388
Salt Landing,FY2007-08,217000.0,572.0,emergent herbaceous wetlands,220.1706060512682,wetland,84745.56213017751
Salt Point Timber Tract,FY2007-08,400000.0,1032.0,emergent herbaceous wetlands,114.53319405697285,wetland,45304.59643721134
Sand Creek Farm,FY2007-08,100000.0,217.1,emergent herbaceous wetlands,81.61880042506608,wetland,38229.16666666667
Santee Bottomlands Preserve,FY2015-16,1014000.0,2276.64,emergent herbaceous wetlands,11.342122129913816,wetland,4912.97738932168
Santee River Tract,FY2013-14,2167750.0,8517.0,emergent herbaceous wetlands,599.7981055760306,wetland,148964.80622722756
Scotswood,FY2018-19,359290.0,3590.2,emergent herbaceous wetlands,7.33902020170894,wetland,729.9944588104914
SCWA Tract,FY2013-14,390000.0,390.0,emergent herbaceous wetlands,14.900434954984815,wetland,16040.515653775325
Segars Mill Pond Tract,FY2006-07,2443389.0,533.88,emergent herbaceous wetlands,0.8895782062677503,wetland,2415.609490855166
Seven Oaks Tract,FY2015-16,525000.0,106.2,emergent herbaceous wetlands,3.558312825071001,wetland,17500.000000000004
Silver Bluff Audubon Center and Sanctuary,FY2015-16,812608.0,3250.43,emergent herbaceous wetlands,23.351427914528443,wetland,5730.662905500705
Simkins River Farm,FY2013-14,523600.0,2617.0,emergent herbaceous wetlands,28.911291703701885,wetland,5890.783210731285
"Simmons, Kenneth Tract (Birchwood Farms)",FY2012-13,364500.0,405.5,emergent herbaceous wetlands,0.6671836547008126,wetland,603.4768211920529
Slater Duck Ponds,FY2021-22,1678670.0,335.62,emergent herbaceous wetlands,57.82258340740377,wetland,284705.93607305933
Sosnowski Property,FY2006-07,150000.0,178.0,emergent herbaceous wetlands,2.001550964102438,wetland,1658.476658476658
South Fenwick Island Tract,FY2015-16,500000.0,400.94,emergent herbaceous wetlands,92.73852800341297,wetland,118600.68259385666
Still Branch Plantation,FY2014-15,10400.0,52.0,emergent herbaceous wetlands,0.2223945515669375,wetland,40.78431372549019
Sumter Wateree Tract,FY2012-13,937250.0,3749.0,emergent herbaceous wetlands,22.239455156693754,wetland,5302.687411598302
Terry Andrews,FY2007-08,761805.0,1539.0,emergent herbaceous wetlands,0.2223945515669375,wetland,106.78511354079058
Ti Ti Plantation,FY2013-14,231625.0,1853.0,emergent herbaceous wetlands,304.68053564670447,wetland,38089.81514824151
Toole Tract,FY2007-08,250000.0,349.39,emergent herbaceous wetlands,1.3343673094016253,wetland,912.4087591240876
Wallace Farm,FY2016-17,100000.0,347.67,emergent herbaceous wetlands,0.2223945515669375,wetland,64.35006435006436
Waterloo Tract,FY2006-07,289450.0,406.0,emergent herbaceous wetlands,2.446340067236313,wetland,1721.054054054054
Westervelt Timber,FY2014-15,2483600.0,12418.0,emergent herbaceous wetlands,156.788158854691,wetland,31286.30393996248
Willow Oaks Tract,FY2012-13,195000.0,195.06,emergent herbaceous wetlands,0.2223945515669375,wetland,229.4117647058824
Willtown (Knox) - ACE Basin,FY2020-21,250000.0,2101.27,emergent herbaceous wetlands,1.7791564125355006,wetland,213.9952921035737
Wilson and Willson,FY2015-16,100000.0,81.9,emergent herbaceous wetlands,0.2223945515669375,wetland,271.7391304347826
Winborn a/s/a Lawton Plantation,FY2007-08,262800.0,1314.0,emergent herbaceous wetlands,7.116625650142002,wetland,1426.0810581651688
Woodbury Tract,FY2005-06,5000000.0,25668.0,emergent herbaceous wetlands,17.791564125355006,wetland,3457.9043370765144
Combahee Scott,FY2021-22,79620.0,209.0,emergent herbaceous wetlands,3.558312825071001,wetland,1372.7586206896551
Gobblers Roost,FY2021-22,393506.0,1020.08,emergent herbaceous wetlands,0.2223945515669375,wetland,86.48483516483518
YLASI Property,FY2021-22,150000.0,315.42,emergent herbaceous wetlands,8.673387511110565,wetland,4288.856304985337
Watson Farm,FY2021-22,235000.0,701.74,emergent herbaceous wetlands,13.121278542449318,wetland,1448.798328108673
Bobwhite Hills,FY2021-22,850000.0,773.99,emergent herbaceous wetlands,0.4447891031338751,wetland,499.7060552616108
River Swamp Tract,FY2021-22,345000.0,1017.5,emergent herbaceous wetlands,14.455645851850942,wetland,4951.424155442703
Santee Island (Santee Delta WMA Addition),FY2021-22,850000.0,1862.0,emergent herbaceous wetlands,94.07289531281458,wetland,40732.97836184433
Tyger River Confluence,FY2021-22,157500.0,200.78,emergent herbaceous wetlands,0.8895782062677503,wetland,707.0707070707072
ACE Basin: St. Helena Estuary (Cummings) Ti Ti 2,FY2022-23,215000.0,1742.0,emergent herbaceous wetlands,1577.889343367422,wetland,195667.6500769625
Oakville / Burden Creek,FY2022-23,500000.0,90.16,emergent herbaceous wetlands,2.001550964102438,wetland,10613.207547169808
Newton Farm,FY2022-23,250000.0,563.47,emergent herbaceous wetlands,62.04807988717558,wetland,27129.52158693116
Waites Island,FY2022-23,4000000.0,259.25,emergent herbaceous wetlands,106.74938475213004,wetland,1648068.669527897
Great Santee Swamp,FY2022-23,649000.0,2114.95,emergent herbaceous wetlands,5.115074686039564,wetland,1569.2809083263248
Santee River - Dawhoo and Wadmacon Creek Tract,FY2022-23,645000.0,1742.55,emergent herbaceous wetlands,0.4447891031338751,wetland,173.9247674261831
Plantersville Cultural Center,FY2022-23,60000.0,10.0,emergent herbaceous wetlands,0.2223945515669375,wetland,1250.0
Limerick Plantation,FY2022-23,266535.0,233.99,emergent herbaceous wetlands,7.33902020170894,wetland,8717.200198216056
Salters Property,FY2022-23,385000.0,626.0,emergent herbaceous wetlands,4.003101928204876,wetland,2532.894736842105
Independence Farm,FY2022-23,650000.0,498.22,emergent herbaceous wetlands,2.223945515669376,wetland,2959.9271402550094
Botany Bay Heritage Preserve Addition,FY2022-23,1200000.0,180.17,emergent herbaceous wetlands,3.335918273504064,wetland,22222.222222222223
Cotton Hall,FY2022-23,3000000.0,232.0,emergent herbaceous wetlands,4.670285582905689,wetland,60576.92307692308
Willowbend,FY2022-23,300000.0,348.53,emergent herbaceous wetlands,1.111972757834688,wetland,929.3680297397772
Buckfield,FY2022-23,850000.0,2064.52,emergent herbaceous wetlands,60.04652892307315,wetland,25542.57095158597
Ingleside Park,FY2023-24,1000000.0,445.8,emergent herbaceous wetlands,1.111972757834688,wetland,2491.280518186348
Bowers Farm,FY2023-24,500000.0,488.33,emergent herbaceous wetlands,8.006203856409751,wetland,8458.646616541351
"Savannah River and Uplands (Pauline Place, LLC) Lowlands",FY2023-24,300000.0,1218.3,emergent herbaceous wetlands,8.895782062677503,wetland,2200.2200220022
Twin Ponds,FY2023-24,156000.0,91.69,emergent herbaceous wetlands,0.2223945515669375,wetland,371.4285714285714
Andrews Black River Park,FY2023-24,5800000.0,1806.43,emergent herbaceous wetlands,2.6687346188032506,wetland,8585.173307018626
Santee Delta Plantation,FY2023-24,75000.0,108.86,emergent herbaceous wetlands,2.223945515669376,wetland,1533.7423312883436
Bob McCartney - Rossdhu Longleaf Preserve,FY2023-24,81000.0,61.0,emergent herbaceous wetlands,0.2223945515669375,wetland,297.7941176470588
Santee Corridor - RMS-Wadmacon,FY2023-24,1950000.0,2248.0,emergent herbaceous wetlands,14.233251300284005,wetland,12346.656113969137
James Island CP - Bradham Road Addition,FY2023-24,500000.0,25.35,emergent herbaceous wetlands,11.564516681480752,wetland,245283.0188679245
Waites - Olivia Boyce Tracts,FY2023-24,4000000.0,111.22,emergent herbaceous wetlands,57.3777943042699,wetland,1988439.3063583816
Waites - Merrill Boyce Tracts,FY2023-24,8000000.0,107.02,emergent herbaceous wetlands,60.49131802620702,wetland,4300395.256916996
Gin Branch Farms LLC II tracts,FY2023-24,150000.0,590.01,emergent herbaceous wetlands,0.4447891031338751,wetland,117.8318931657502
Hope Station LLC,FY2023-24,573100.0,1081.34,emergent herbaceous wetlands,4.670285582905689,wetland,2458.6516853932585
Betsy Kerrison Nature Trail Phase 2,FY2023-24,250000.0,13.32,emergent herbaceous wetlands,4.892680134472626,wetland,76388.88888888889
Hiott Station,FY2023-24,175000.0,561.8,emergent herbaceous wetlands,45.14609396808832,wetland,14114.024632499006
Pudding Swamp - Atkinson Farm,FY2023-24,150000.0,383.15,emergent herbaceous wetlands,10.00775482051219,wetland,3811.405985319029
North Island,FY2023-24,2000000.0,114.66,emergent herbaceous wetlands,48.03722313845852,wetland,833976.833976834
Shaws Creek Preserve,FY2023-24,1900000.0,2657.63,emergent herbaceous wetlands,2.6687346188032506,wetland,1907.7901430842608
Harrell Family Park,FY2023-24,2500000.0,156.41,emergent herbaceous wetlands,14.010856748717067,wetland,202182.2849807446
Witherspoon Island,FY2023-24,850000.0,3707.94,emergent herbaceous wetlands,69.38710008888452,wetland,15265.945199171085
Korn Tract,FY2023-24,1090000.0,302.32,emergent herbaceous wetlands,0.2223945515669375,wetland,802.6509572901325
Betsy Kerrison Nature Trail Phase 4,FY2023-24,245000.0,8.6,emergent herbaceous wetlands,1.7791564125355006,wetland,49000.00000000001
Gregorie Neck,FY2023-24,2000000.0,4409.3,emergent herbaceous wetlands,1035.9138211987952,wetland,466546.4743589743
Store Creek Park,FY2024-25,110000.0,1.67,emergent herbaceous wetlands,0.6671836547008126,wetland,41250.0
Snow's Island Addition,FY2024-25,5229080.0,2584.26,emergent herbaceous wetlands,6.44944199544119,wetland,13095.278065630397
Snow's Island,FY2024-25,14400000.0,5178.93,emergent herbaceous wetlands,3.113523721937126,wetland,9032.662753707602
Waites - Becky Work,FY2024-25,8000000.0,115.0,emergent herbaceous wetlands,56.04342699486827,wetland,3818181.818181819
AB Farms,FY2024-25,412500.0,126.0,emergent herbaceous wetlands,1.7791564125355006,wetland,5739.130434782609
Watson Farm,FY2024-25,565000.0,358.73,emergent herbaceous wetlands,13.121278542449318,wetland,3483.281086729364
Jackson Farms Cash Tracts,FY2024-25,500000.0,588.0,emergent herbaceous wetlands,0.6671836547008126,wetland,568.8282138794084
Essex Farms,FY2024-25,560000.0,898.55,emergent herbaceous wetlands,29.800869909969634,wetland,19836.10890827385
Sam Dargan Tract,FY2024-25,20000.0,40.25,emergent herbaceous wetlands,0.6671836547008126,wetland,377.3584905660376
Red Top Park,FY2024-25,100000.0,5.96,emergent herbaceous wetlands,2.446340067236313,wetland,39285.71428571428
Black River SP - Browns Ferry,FY2024-25,498000.0,311.31,emergent herbaceous wetlands,0.8895782062677503,wetland,1376.6413268832068
Beech Hill,FY2024-25,3350000.0,1637.6,emergent herbaceous wetlands,2.891129170370188,wetland,5919.532418105205
Burrows Farm 2,FY2024-25,248000.0,296.0,emergent herbaceous wetlands,8.006203856409751,wetland,6820.473644003055
Alston Tract,FY2024-25,64350.0,174.46,emergent herbaceous wetlands,0.2223945515669375,wetland,85.00660501981505
Black River SP - Cold Creek Acquisition,FY2024-25,221107.0,178.67,emergent herbaceous wetlands,2.8911304072787294,wetland,3675.691815856777
The Freeman-Anderson CE,FY2025-26,25000.0,5.41,emergent herbaceous wetlands,1.556762526996239,wetland,7954.545454545454
Pee Dee Basin RMS Initiative,FY2025-26,3300000.0,900.04,emergent herbaceous wetlands,29.133698719501044,wetland,109637.33198072534
North Widgeon,FY2025-26,250000.0,8.99,emergent herbaceous wetlands,1.1119732335687422,wetland,29761.904761904767
Broad Arrow Landing,FY2025-26,800000.0,903.61,emergent herbaceous wetlands,8.673391221836189,wetland,7766.990291262136
Cattails Tree Farm Extension,FY2025-26,176000.0,263.66,emergent herbaceous wetlands,2.668735760564981,wetland,1714.2857142857142
Blessing,FY2025-26,7400000.0,627.75,emergent herbaceous wetlands,0.2223946467137484,wetland,2555.24861878453
Pocotaligo Station,FY2025-26,4597600.0,1742.33,emergent herbaceous wetlands,227.50972358816463,wetland,598161.6177031667
Ashley River - Barry Tract,FY2025-26,100000.0,67.02,emergent herbaceous wetlands,6.004655461271208,wetland,8940.397350993378
Beneventum,FY2025-26,342000.0,190.0,emergent herbaceous wetlands,88.95785868549937,wetland,160187.35362997657
AM-PM Farms,FY2025-26,1500000.0,419.0,emergent herbaceous wetlands,0.8895785868549937,wetland,2798.507462686567
H and H Farm,FY2025-26,444000.0,534.0,emergent herbaceous wetlands,12.009310922542417,wetland,9998.33194328607
Duck Ponds,FY2025-26,16000000.0,8460.0,emergent herbaceous wetlands,386.5218959884948,wetland,739456.46971228
Walnut Grove Plantation,FY2025-26,1305500.0,779.0,emergent herbaceous wetlands,1.7791571737099874,wetland,2918.949133594186
Duck Haven,FY2025-26,250000.0,147.0,emergent herbaceous wetlands,5.559866167843711,wetland,9512.937595129377
Betsy Kerrison Nature Trail Phase V,FY2025-26,600000.0,11.0,emergent herbaceous wetlands,1.3343678802824903,wetland,75000.0
Oscar's Place,FY2025-26,80000.0,50.0,emergent herbaceous wetlands,0.4447892934274968,wetland,711.111111111111
Boyd Pond Park Addition,FY2025-26,220000.0,25.0,emergent herbaceous wetlands,0.8895785868549937,wetland,7927.927927927928
KAFA Lynches River Tract,FY2025-26,35250.0,130.0,emergent herbaceous wetlands,87.84588545193063,wetland,23679.846938775507
Back Swamp,FY2025-26,216000.0,420.0,emergent herbaceous wetlands,14.678046683107397,wetland,7378.88198757764
Felker Farm,FY2025-26,225000.0,248.0,emergent herbaceous wetlands,0.2223946467137484,wetland,200.17793594306048
Kirkwood Farm,FY2025-26,264618.0,373.0,emergent herbaceous wetlands,2.8911304072787294,wetland,2040.35231316726
Camden Battleground Trust,FY2007-08,106052.0,161.0,emergent herbaceous wetlands,1.334367,wetland,26.89967670153021
Newground,FY2025-26,180000.0,58.0,emergent herbaceous wetlands,0.4447892934274968,wetland,1281.1387900355871
Utsey Tract,FY2025-26,500000.0,296.74,emergent herbaceous wetlands,21.794675377947343,wetland,36485.48026805659
Historic Store Creek Corner,FY2025-26,590000.0,3.0,emergent herbaceous wetlands,0.6671608598962194,wetland,147500.0
AC II,FY2025-26,610000.0,1129.0,emergent herbaceous wetlands,3.335804299481097,wetland,1771.1962833914054
Montgomery Tract,FY2025-26,302000.0,312.0,emergent herbaceous wetlands,64.2698295033358,wetland,62789.92805755396
Winkles Farm,FY2025-26,331578.0,330.0,emergent herbaceous wetlands,0.8895785868549937,wetland,909.0555174777244
River Oaks,FY2025-26,950000.0,699.0,emergent herbaceous wetlands,4.225352112676056,wetland,5768.616171300734
King Family Lynches Tract,FY2025-26,305000.0,546.0,emergent herbaceous wetlands,13.565604151223129,wetland,7523.251112009706
Gramling and Gramling Farm,FY2026-27,1873530.0,816.0,emergent herbaceous wetlands,6.893995552260934,wetland,15709.880984582096
Chelsea,FY2026-27,1500000.0,2672.0,emergent herbaceous wetlands,38.47294292068199,wetland,21116.44560175767
Goodwill,FY2026-27,12600000.0,737.0,emergent herbaceous wetlands,0.3135397270773823,wetland,5348.04753820034
Hiott Farms,FY2026-27,285000.0,548.0,emergent herbaceous wetlands,1.5567086730911786,wetland,815.9509202453988
McCoy Farm,FY2026-27,435000.0,1089.0,emergent herbaceous wetlands,1.3343678802824903,wetland,527.3792685390988
Bishop Branch Farm,FY2026-27,280000.0,117.0,emergent herbaceous wetlands,2.001551820423736,wetland,4540.540540540541
Ryan - Wateree,FY2026-27,748600.0,471.0,emergent herbaceous wetlands,45.46326042622044,wetland,72220.2262142382
Des Francs - Wateree,FY2026-27,12377318.0,4854.0,emergent herbaceous wetlands,336.9162342475908,wetland,799404.7307839876
Beech Creek - Wateree,FY2026-27,9822000.0,3592.0,emergent herbaceous wetlands,220.1630837657524,wetland,591003.4644137848
