grant_id,land_id,overlap_fraction,name_agrees,verdict,matched_source,site_name,manager,protection_type,gap_status,property_name,fiscal_year,award,deed_acres,deed_type
0,10131.0,0.9987180778853688,False,"confirmed, name differs",PAD-US,Jocassee Gorges,State Department of Natural Resources,fee simple,2.0,Alewine Tract,FY2004-05,477103.0,95.9,fee simple
0,7111.0,0.998441719888059,False,"confirmed, name differs",TNC SC conserved lands,Jocassee Gorges,South Carolina Department of Natural Resources,fee simple,2.0,Alewine Tract,FY2004-05,477103.0,95.9,fee simple
0,1532.0,0.9997593341985882,False,"confirmed, name differs",SCDNR managed land,Jocassee Gorges,SCDNR,fee simple,,Alewine Tract,FY2004-05,477103.0,95.9,fee simple
1,12252.0,0.9671189117657276,False,"confirmed, name differs",PAD-US,Kings Mountain State Park,State Park and Recreation,fee simple,4.0,Alexander Tract,FY2005-06,88825.0,41.394,fee simple
1,7387.0,0.997967964591222,False,"confirmed, name differs",TNC SC conserved lands,Kings Mountain State Park,"South Carolina Department of Parks, Recreation and Tourism",fee simple,3.0,Alexander Tract,FY2005-06,88825.0,41.394,fee simple
2,10111.0,0.9988579314415874,False,"confirmed, name differs",PAD-US,"Alston, Roland P. Tract",Non-Governmental Organization,easement,4.0,"Alston, Rowland P. Tract",FY2007-08,220000.0,220.8,easement
2,8281.0,0.9973372532322504,True,confirmed,TNC SC conserved lands,Alston Property,Congaree Land Trust,easement,3.0,"Alston, Rowland P. Tract",FY2007-08,220000.0,220.8,easement
3,3071.0,0.9999999992916015,True,confirmed,TNC SC conserved lands,Anderson Property,Nation Ford Land Trust,easement,3.0,Anderson Property,FY2018-19,350000.0,314.28,easement
4,10838.0,0.994903805712688,True,confirmed,PAD-US,Angel Oak Park,City Land,fee simple,4.0,Angel Oak,FY2013-14,890000.0,17.0,fee simple
4,2679.0,0.9945146092788154,True,confirmed,TNC SC conserved lands,Angel Oak Preserve (Phase II),Lowcountry Land Trust,fee simple,2.0,Angel Oak,FY2013-14,890000.0,17.0,fee simple
5,9708.0,0.998974520537474,True,confirmed,PAD-US,Asbury Hills,Non-Governmental Organization,fee simple,4.0,Asbury Hills,FY2006-07,3750000.0,1892.0,fee simple
5,7779.0,0.9984496010733452,False,"confirmed, name differs",TNC SC conserved lands,Mountain Bridge (SC United Methodist Church) Asbury Hills and Sky Ranche,The Nature Conservancy,easement,3.0,Asbury Hills,FY2006-07,3750000.0,1892.0,fee simple
5,1194.0,0.5468755419143462,False,"confirmed, name differs",SCDNR managed land,Unnamed WMA,SCDNR,fee simple,,Asbury Hills,FY2006-07,3750000.0,1892.0,fee simple
6,10230.0,0.9992584239520088,False,"confirmed, name differs",PAD-US,Mountain Bridge Macrosite Easement,Non-Governmental Organization,easement,2.0,Asbury Hills Expansion,FY2016-17,40000.0,40.15,easement
6,7875.0,0.9920410137361478,False,"confirmed, name differs",TNC SC conserved lands,Mountain Bridge (SC United Methodist Church 2) Asbury Hills 2,The Nature Conservancy,easement,3.0,Asbury Hills Expansion,FY2016-17,40000.0,40.15,easement
6,1253.0,0.9991966882517632,False,"confirmed, name differs",SCDNR managed land,Unnamed WMA,SCDNR,fee simple,,Asbury Hills Expansion,FY2016-17,40000.0,40.15,easement
7,10390.0,0.3840552973320302,False,partial,PAD-US,Us-Sc-7-15,Non-Governmental Organization,easement,4.0,Ashley River Historic Project,FY2004-05,6285000.0,12280.0,easement
7,1628.0,0.3838678683084308,False,partial,TNC SC conserved lands,Poplar Grove,Ducks Unlimited,easement,3.0,Ashley River Historic Project,FY2004-05,6285000.0,12280.0,easement
8,8136.0,0.9945622944160546,False,"confirmed, name differs",TNC SC conserved lands,River Oaks Farm,Congaree Land Trust,easement,3.0,Avins Tract,FY2012-13,431130.0,431.13,easement
9,2723.0,0.9997796768118304,True,confirmed,TNC SC conserved lands,Bailey Mill Plantation,Lowcountry Land Trust,easement,3.0,Bailey Mill,FY2015-16,493500.0,1645.52,easement
10,9666.0,0.6864711980296102,True,confirmed,PAD-US,Barker Assoc.,Non-Governmental Organization,easement,4.0,Barker Assoc.,FY2007-08,291534.0,1457.67,easement
10,7727.0,0.6838029467986727,False,"confirmed, name differs",TNC SC conserved lands,Savannah River and Uplands (Barker 2) Harper,The Nature Conservancy,easement,3.0,Barker Assoc.,FY2007-08,291534.0,1457.67,easement
11,9829.0,0.9243690270257048,False,"confirmed, name differs",PAD-US,Us-Sc-8-19,Non-Governmental Organization,easement,4.0,Batten Boggy Tract,FY2006-07,63000.0,315.25,easement
11,1737.0,0.939216589696228,True,confirmed,TNC SC conserved lands,Batten-Boggy Tract,Ducks Unlimited,easement,3.0,Batten Boggy Tract,FY2006-07,63000.0,315.25,easement
11,706.0,0.0164518501637714,False,unmatched,SCDNR managed land,Hamilton Ridge Wildlife Management Area,SCDNR,fee simple,,Batten Boggy Tract,FY2006-07,63000.0,315.25,easement
12,8931.0,0.9871061789001684,True,confirmed,TNC SC conserved lands,"Battery Wilkes Tract (E.H. Boinest, III)","South Carolina Battleground Preservation Trust, Inc.",fee simple,2.0,"Battery Wilkes Tract (E.H. Boinest, III)",FY2012-13,354000.0,1.8,fee simple
13,8985.0,0.9780487293404192,False,"confirmed, name differs",TNC SC conserved lands,Battle of Hanging Rock (2),"South Carolina Battleground Preservation Trust, Inc.",fee simple,2.0,Battle of Hanging Rock - Horton,FY2019-20,157500.0,30.84,fee simple
14,8938.0,0.9999996143660448,False,"confirmed, name differs",TNC SC conserved lands,Battle of Parkers Ferry,"South Carolina Battleground Preservation Trust, Inc.",fee simple,2.0,Battle of Parker's Ferry - Liberty Trail,FY2020-21,55180.0,31.0,fee simple
15,9424.0,0.9813843531046744,False,"confirmed, name differs",PAD-US,Marine Corps Air Station Beaufort,Department of Defense,other,4.0,Battle of Port Royal (Harris Pillow) - Liberty Trail,FY2019-20,227963.0,6.08,fee simple
15,7132.0,0.9983901345131748,False,"confirmed, name differs",TNC SC conserved lands,Port Royal Battlefield,Beaufort County,fee simple,3.0,Battle of Port Royal (Harris Pillow) - Liberty Trail,FY2019-20,227963.0,6.08,fee simple
16,9424.0,0.9978536547051902,False,"confirmed, name differs",PAD-US,Marine Corps Air Station Beaufort,Department of Defense,other,4.0,Battle of Port Royal (Kling) - Liberty Trail,FY2019-20,125000.0,3.73,fee simple
16,8968.0,1.0,False,"confirmed, name differs",TNC SC conserved lands,Port Royal Battlefield (2),"South Carolina Battleground Preservation Trust, Inc.",easement,3.0,Battle of Port Royal (Kling) - Liberty Trail,FY2019-20,125000.0,3.73,fee simple
17,10627.0,0.9727925760296128,False,"confirmed, name differs",PAD-US,"Farm and Ranch Lands Protection Program (FRPP), Marion, SC",Natural Resources Conservation Service,easement,4.0,Baxley Tract,FY2004-05,794626.0,979.0,easement
17,7939.0,0.9999999776107448,True,confirmed,TNC SC conserved lands,Baxley Tract,Marion County Soil And Water Conservation District,easement,3.0,Baxley Tract,FY2004-05,794626.0,979.0,easement
18,11460.0,0.9890543374854496,True,confirmed,PAD-US,Belfast,State Department of Natural Resources,fee simple,4.0,Belfast Plantation - Phase 1,FY2007-08,2000000.0,2220.0,fee simple
18,6934.0,0.5137330839963253,False,"confirmed, name differs",TNC SC conserved lands,Belfast Wildlife Management Area,South Carolina Department of Natural Resources,fee simple,2.0,Belfast Plantation - Phase 1,FY2007-08,2000000.0,2220.0,fee simple
18,724.0,0.5136653616905291,False,"confirmed, name differs",SCDNR managed land,Belfast Wildlife Management Area,SCDNR,fee simple,,Belfast Plantation - Phase 1,FY2007-08,2000000.0,2220.0,fee simple
19,12129.0,0.984002980633818,False,"confirmed, name differs",PAD-US,Bay Creek Park,City Land,fee simple,4.0,Bell Buoy Tract,FY2006-07,2000000.0,1.1677,fee simple
19,5920.0,0.9843453712135756,False,"confirmed, name differs",TNC SC conserved lands,Bay Creek Park,Edisto Beach Town Of,fee simple,4.0,Bell Buoy Tract,FY2006-07,2000000.0,1.1677,fee simple
20,10915.0,0.9858024578169148,True,confirmed,PAD-US,Big Cypress,Non-Governmental Organization,easement,4.0,Big Cypress Plantation,FY2015-16,434000.0,1232.94,easement
20,7341.0,0.993762007961058,True,confirmed,TNC SC conserved lands,Big Cypress,Lord Berkeley Conservation Trust,easement,3.0,Big Cypress Plantation,FY2015-16,434000.0,1232.94,easement
21,7429.0,0.9959758743811346,False,"confirmed, name differs",TNC SC conserved lands,Big Rock Ramey,Naturaland Trust,fee simple,2.0,Big Rock Access Expansion,FY2019-20,10000.0,1.0,fee simple
22,7429.0,0.0021624678461568,False,unmatched,TNC SC conserved lands,Big Rock Ramey,Naturaland Trust,fee simple,2.0,Big Rock Public Access Tract,FY2015-16,28000.0,5.89,fee simple
23,10690.0,0.0161128180162125,False,unmatched,PAD-US,Tillman Sand Ridge Heritage Preserve / Wildlife Management Area,State Department of Natural Resources,fee simple,2.0,Big Snooks Tract,FY2018-19,48485.0,288.0,easement
23,3006.0,0.9843152769649808,True,confirmed,TNC SC conserved lands,Big Snooks,Lowcountry Land Trust,easement,3.0,Big Snooks Tract,FY2018-19,48485.0,288.0,easement
23,752.0,0.0202445728316572,False,unmatched,SCDNR managed land,Tillman Sand Ridge Heritage Preserve / Wildlife Management Area,SCDNR,fee simple,,Big Snooks Tract,FY2018-19,48485.0,288.0,easement
24,9787.0,0.9828591713216824,False,"confirmed, name differs",PAD-US,Us-Sc-10-18,Non-Governmental Organization,easement,4.0,Bird Point Farm,FY2007-08,120000.0,80.0,easement
24,1805.0,0.9832780207214832,True,confirmed,TNC SC conserved lands,Bird Point Farm,Ducks Unlimited,easement,3.0,Bird Point Farm,FY2007-08,120000.0,80.0,easement
25,11364.0,0.0002977414219266,False,unmatched,PAD-US,Upper Combahee River,Non-Governmental Organization,easement,2.0,Black Creek Plantation,FY2018-19,356400.0,864.0,easement
25,3004.0,0.999196885457035,True,confirmed,TNC SC conserved lands,Black Creek Plantation,Lowcountry Land Trust,easement,3.0,Black Creek Plantation,FY2018-19,356400.0,864.0,easement
26,2421.0,0.9947061901157472,False,"confirmed, name differs",TNC SC conserved lands,Rocky Point Community Forest,Winyah Rivers Foundation,fee simple,2.0,Black River Landing (Rocky Point Expansion),FY2018-19,90000.0,19.0,fee simple
27,7384.0,0.9989333567681158,False,"confirmed, name differs",TNC SC conserved lands,Black River State Park - Limestone Crossing,"South Carolina Department of Parks, Recreation and Tourism",fee simple,3.0,Black River State Park - Phase I,FY2019-20,784600.0,310.67,fee simple
28,7479.0,0.9999998709678304,False,"confirmed, name differs",TNC SC conserved lands,Black River State Park - Oxbow Bend,"South Carolina Department of Parks, Recreation and Tourism",fee simple,3.0,Black River State Park - Phase II,FY2021-22,435000.0,816.35,fee simple
29,7480.0,0.994365366593458,False,"confirmed, name differs",TNC SC conserved lands,Black River State Park - The Meadows,"South Carolina Department of Parks, Recreation and Tourism",fee simple,3.0,Black River State Park - Phase III (RMS South Tract),FY2021-22,450000.0,738.44,fee simple
30,10435.0,0.9918674580829308,False,"confirmed, name differs",PAD-US,Us-Sc-8-25,Non-Governmental Organization,easement,4.0,Black Swamp Plantation,FY2007-08,406200.0,2031.0,easement
30,1687.0,0.9918546223246024,True,confirmed,TNC SC conserved lands,Black Swamp Plantation 2007,Ducks Unlimited,easement,3.0,Black Swamp Plantation,FY2007-08,406200.0,2031.0,easement
31,9510.0,0.980480983699438,False,"confirmed, name differs",PAD-US,Aiken Gopher Tortoise Heritage Preserve / Wildlife Management Area,State Department of Natural Resources,fee simple,2.0,Blackmon Tract,FY2006-07,424661.0,129.71,fee simple
31,8462.0,0.994103295220861,False,"confirmed, name differs",TNC SC conserved lands,Aiken Gopher Tortoise Heritage Preserve and Wildlife Management Area,South Carolina Department of Natural Resources,fee simple,2.0,Blackmon Tract,FY2006-07,424661.0,129.71,fee simple
31,741.0,0.9810514349070442,False,"confirmed, name differs",SCDNR managed land,Aiken Gopher Tortoise Heritage Preserve / Wildlife Management Area,SCDNR,fee simple,,Blackmon Tract,FY2006-07,424661.0,129.71,fee simple
32,10595.0,0.0001470000180054,False,unmatched,PAD-US,Camden Battleground Tract,Non-Governmental Organization,fee simple,4.0,Blue Heron Property (Battle of Camden),FY2018-19,250000.0,294.45,fee simple
32,9033.0,0.9999999174235652,True,confirmed,TNC SC conserved lands,Blue Heron Property (Battle of Camden),SC Battleground Preservation Trust,fee simple,2.0,Blue Heron Property (Battle of Camden),FY2018-19,250000.0,294.45,fee simple
33,12037.0,0.4916427701482819,False,partial,PAD-US,"Blakely Tracts B, C",Non-Governmental Organization,easement,4.0,Blue Wall Connection - (Blakely & McDiarmid Tracts),FY2007-08,440000.0,136.0,fee simple
33,8816.0,0.4956345319590209,False,partial,TNC SC conserved lands,Blakely B & C,Naturaland Trust,fee simple,2.0,Blue Wall Connection - (Blakely & McDiarmid Tracts),FY2007-08,440000.0,136.0,fee simple
34,10158.0,0.98424048175221,False,"confirmed, name differs",PAD-US,Blythe-Goodwin-Hagood House,Non-Governmental Organization,easement,4.0,Blythe- Goodwin House,FY2005-06,114200.0,10.91,easement
34,2989.0,0.9822415157103348,False,"confirmed, name differs",TNC SC conserved lands,Blythe-Goodwin-Hagood House,Upstate Forever,easement,3.0,Blythe- Goodwin House,FY2005-06,114200.0,10.91,easement
35,8237.0,0.9840927155233752,True,confirmed,TNC SC conserved lands,Boggy Branch Farms,Congaree Land Trust,easement,3.0,Boggy Branch Farms,FY2013-14,270630.0,451.05,easement
36,8932.0,0.9615085645091987,False,"confirmed, name differs",TNC SC conserved lands,"Adam's Run (Boineau, Jack H Tract)","South Carolina Battleground Preservation Trust, Inc.",fee simple,2.0,"Boineau, Jack H Tract",FY2014-15,352050.0,15.45,fee simple
37,3007.0,0.9439739615846416,True,confirmed,TNC SC conserved lands,Boone Hall Plantation,Lowcountry Land Trust,easement,3.0,Boone Hall,FY2019-20,2000000.0,598.88,easement
38,3065.0,0.9964680160726505,True,confirmed,TNC SC conserved lands,Boones Creek Oconee Bell Preserve,Naturaland Trust,fee simple,2.0,Boones Creek Oconee Bell Preserve,FY2019-20,200000.0,40.0,fee simple
39,7900.0,0.8672321455140256,False,"confirmed, name differs",TNC SC conserved lands,Savannah River and Uplands (Bowers) Jericho,The Nature Conservancy,easement,3.0,Bowers Tract,FY2007-08,180195.0,900.978,easement
40,11462.0,0.9959006207579546,False,"confirmed, name differs",PAD-US,Boyd Pond Park,County Land,other,4.0,Boyd Pond,FY2007-08,300000.0,92.34,fee simple
40,9102.0,0.9999997125403266,True,confirmed,TNC SC conserved lands,Boyd Pond Tract,Aiken Land Conservancy,fee simple,2.0,Boyd Pond,FY2007-08,300000.0,92.34,fee simple
41,10916.0,0.892572073949825,False,"confirmed, name differs",PAD-US,"Agricultural Conservation Easement Program - Agricultural Land Easements (ACEP-ALE), Chester, SC",Natural Resources Conservation Service,easement,4.0,"Boyd, Steve Tract",FY2014-15,775000.0,1000.0,easement
41,2738.0,0.9990680191364028,True,confirmed,TNC SC conserved lands,Boyd Farm,Nation Ford Land Trust,easement,3.0,"Boyd, Steve Tract",FY2014-15,775000.0,1000.0,easement
42,8193.0,0.907928862615153,True,confirmed,TNC SC conserved lands,Bramblewood LLC,Congaree Land Trust,easement,3.0,Bramblewood Tract,FY2018-19,340000.0,680.04,easement
43,11541.0,0.0003161993781359,False,unmatched,PAD-US,Les Mullinax Park,Regional Agency Land,fee simple,4.0,Bramlett Bottoms,FY2020-21,100000.0,40.7,fee simple
43,7956.0,0.4978200227792687,False,partial,TNC SC conserved lands,Cedar Mountain,Naturaland Trust,fee simple,2.0,Bramlett Bottoms,FY2020-21,100000.0,40.7,fee simple
44,12219.0,0.9638752829963078,True,confirmed,PAD-US,Bryan Dairy,Non-Governmental Organization,easement,4.0,Bryan Dairy,FY2006-07,212500.0,951.0,easement
44,2467.0,0.9326274410597466,True,confirmed,TNC SC conserved lands,Bryan Dairy,Lowcountry Land Trust,easement,3.0,Bryan Dairy,FY2006-07,212500.0,951.0,easement
45,11803.0,0.9994449862548468,True,confirmed,PAD-US,Bugby Tract,Non-Governmental Organization,easement,4.0,Bugby Tract,FY2006-07,800000.0,906.0,easement
45,7910.0,0.9632011999587496,True,confirmed,TNC SC conserved lands,"Bugby Plantation, LP Property",Lowcountry Land Trust,easement,3.0,Bugby Tract,FY2006-07,800000.0,906.0,easement
46,2162.0,0.9957401753594772,False,"confirmed, name differs",TNC SC conserved lands,Bunched Arrow Preserve Tract,Naturaland Trust,fee simple,2.0,Bunched Arrowhead Preserve Tr,FY2013-14,465000.0,64.96,easement
47,2714.0,0.998294727166456,True,confirmed,TNC SC conserved lands,Burbage Farm,Lowcountry Land Trust,easement,3.0,Burbage Farm,FY2015-16,36900.0,117.95,easement
48,8411.0,0.980992175959952,True,confirmed,TNC SC conserved lands,Burgess Farms,Pee Dee Land Trust,easement,3.0,Burgess Farms Tract,FY2018-19,275000.0,1012.7,easement
49,10627.0,0.953785439349812,False,"confirmed, name differs",PAD-US,"Farm and Ranch Lands Protection Program (FRPP), Marion, SC",Natural Resources Conservation Service,easement,4.0,C. McRae Tract,FY2005-06,63750.0,38.1,easement
49,7940.0,0.999999831375164,True,confirmed,TNC SC conserved lands,C. McRae Tract,Marion County Soil And Water Conservation District,easement,3.0,C. McRae Tract,FY2005-06,63750.0,38.1,easement
50,9857.0,0.9153498963119876,False,"confirmed, name differs",PAD-US,"Farm and Ranch Lands Protection Program (FRPP), Oconee, SC",Natural Resources Conservation Service,easement,4.0,"Cain, Kenny Easement",FY2007-08,145000.0,114.0,easement
50,2134.0,0.915379071742098,True,confirmed,TNC SC conserved lands,Kenny Cain Easement,Oconee County Soil And Water Conservation District,easement,3.0,"Cain, Kenny Easement",FY2007-08,145000.0,114.0,easement
51,2142.0,0.9683183007825036,True,confirmed,TNC SC conserved lands,Cane Creek Project,Katawba Valley Land Trust,fee simple,2.0,Cane Creek Project,FY2012-13,313000.0,228.68,fee simple
52,10270.0,0.9936283895114344,True,confirmed,PAD-US,Cannon Tract,Non-Governmental Organization,easement,4.0,Cannon Tract,FY2006-07,200000.0,144.28,easement
52,8279.0,0.9797795786017532,False,"confirmed, name differs",TNC SC conserved lands,Southbrook Plantation II,Congaree Land Trust,easement,3.0,Cannon Tract,FY2006-07,200000.0,144.28,easement
53,8150.0,0.4951196799949953,True,partial,TNC SC conserved lands,Cantey Bay Phase 1,Congaree Land Trust,easement,3.0,Cantey Bay Tract,FY2015-16,940915.0,1881.83,easement
54,7433.0,0.4747221872556718,True,partial,TNC SC conserved lands,Chapman Bridge Oconee Bell Preserve,Naturaland Trust,fee simple,2.0,Chapman Bridge Oconee Bell Preserve,FY2019-20,550000.0,238.72,fee simple
55,11468.0,0.9902198592354886,True,confirmed,PAD-US,Chauga Bluff,Non-Governmental Organization,easement,4.0,Chauga Bluff,FY2014-15,523000.0,696.0,easement
55,2967.0,0.9835140309316444,True,confirmed,TNC SC conserved lands,Chauga Bluff,Upstate Forever,easement,3.0,Chauga Bluff,FY2014-15,523000.0,696.0,easement
56,11622.0,7.2791761026764e-05,False,unmatched,PAD-US,Shinco Chauga,Non-Governmental Organization,easement,4.0,Chauga Heights Tract,FY2018-19,550000.0,212.69,fee simple
56,3086.0,0.99811104656378,True,confirmed,TNC SC conserved lands,Chauga Heights,Naturaland Trust,fee simple,2.0,Chauga Heights Tract,FY2018-19,550000.0,212.69,fee simple
57,2968.0,0.8481036206215992,False,"confirmed, name differs",TNC SC conserved lands,ChauRam - Westminister,Upstate Forever,easement,3.0,ChauRam Expansion,FY2007-08,250000.0,89.46,easement
58,9516.0,0.0118260936656488,False,unmatched,PAD-US,Chestnut Ridge Heritage Preserve / Wildlife Management Area,State Department of Natural Resources,fee simple,2.0,Chestnut Ridge Ext,FY2015-16,243250.0,304.75,fee simple
58,7040.0,0.9989712881636896,False,"confirmed, name differs",TNC SC conserved lands,Chestnut Ridge Heritage Preserve / Wildlife Management Area,South Carolina Department of Natural Resources,fee simple,2.0,Chestnut Ridge Ext,FY2015-16,243250.0,304.75,fee simple
58,864.0,0.9998400137381142,False,"confirmed, name differs",SCDNR managed land,Chestnut Ridge Heritage Preserve / Wildlife Management Area,SCDNR,fee simple,,Chestnut Ridge Ext,FY2015-16,243250.0,304.75,fee simple
59,11123.0,0.2670030497329021,False,partial,PAD-US,Hospice House,Non-Governmental Organization,easement,4.0,Chinquapin Greenway,FY2005-06,657128.0,43.0,fee simple
59,2030.0,0.960459052020076,True,confirmed,TNC SC conserved lands,Upper Chinquapin Greenway,Spartanburg Area Conservancy,fee simple,2.0,Chinquapin Greenway,FY2005-06,657128.0,43.0,fee simple
60,11076.0,0.9785336482503202,True,confirmed,PAD-US,Chisolm Plantation,Non-Governmental Organization,easement,4.0,Chisolm Plantation (Ackerman & Lesesne Tracts),FY2007-08,500000.0,5087.0,easement
60,2387.0,0.5530806965146845,True,confirmed,TNC SC conserved lands,CHISOLM PLANTATION II,Open Land Trust,easement,3.0,Chisolm Plantation (Ackerman & Lesesne Tracts),FY2007-08,500000.0,5087.0,easement
61,11822.0,0.2837130061230959,True,partial,PAD-US,Cleveland Phase III,Non-Governmental Organization,easement,4.0,Cleveland-Wilson Farms,FY2004-05,6370000.0,867.0,easement
61,2978.0,0.7830781982611279,True,confirmed,TNC SC conserved lands,Cleveland Farm,Upstate Forever,easement,3.0,Cleveland-Wilson Farms,FY2004-05,6370000.0,867.0,easement
62,12210.0,0.0120999667430226,False,unmatched,PAD-US,Sumter National Forest,Forest Service,fee simple,3.0,Comalander Tracts,FY2015-16,97805.0,391.22,easement
62,8224.0,0.9968027651822456,True,confirmed,TNC SC conserved lands,Comalander Tract,Congaree Land Trust,easement,3.0,Comalander Tracts,FY2015-16,97805.0,391.22,easement
62,1338.0,0.0119298593019274,False,unmatched,SCDNR managed land,Sumter National Forest,SCDNR,fee simple,,Comalander Tracts,FY2015-16,97805.0,391.22,easement
63,2729.0,0.9951277466105516,True,confirmed,TNC SC conserved lands,Combahatchie,Lowcountry Land Trust,easement,3.0,Combahatchie Family Tract,FY2015-16,165300.0,550.98,easement
64,10837.0,3.59105003304578e-05,False,unmatched,PAD-US,Manchester State Forest,State Department of Natural Resources,fee simple,2.0,Congaree Carton LP Tracts,FY2012-13,1228000.0,4912.0,easement
64,8298.0,0.9994439285722264,True,confirmed,TNC SC conserved lands,Congaree Carton,Congaree Land Trust,easement,3.0,Congaree Carton LP Tracts,FY2012-13,1228000.0,4912.0,easement
64,1131.0,2.802637462407118e-05,False,unmatched,SCDNR managed land,Manchester State Forest,SCDNR,fee simple,,Congaree Carton LP Tracts,FY2012-13,1228000.0,4912.0,easement
65,2726.0,0.9990915828922544,True,confirmed,TNC SC conserved lands,Cope Tract,Lowcountry Land Trust,easement,3.0,Cope Tract,FY2015-16,141050.0,806.0,easement
66,10457.0,0.7510639885776129,False,"confirmed, name differs",PAD-US,Pine Hill/Swamp Solomons,Non-Governmental Organization,easement,4.0,Copeland Tract,FY2012-13,162488.0,812.44,easement
66,7798.0,0.9943606335794288,False,"confirmed, name differs",TNC SC conserved lands,Savannah River and Uplands (Copeland) Pine Acres,The Nature Conservancy,easement,3.0,Copeland Tract,FY2012-13,162488.0,812.44,easement
66,706.0,0.0001356481324269,False,unmatched,SCDNR managed land,Hamilton Ridge Wildlife Management Area,SCDNR,fee simple,,Copeland Tract,FY2012-13,162488.0,812.44,easement
67,2712.0,0.9617193438931344,True,confirmed,TNC SC conserved lands,Cordova Road Tract,Lowcountry Land Trust,easement,3.0,Cordova Road Tract,FY2013-14,28800.0,145.84,easement
68,7830.0,0.9991458813753714,False,"confirmed, name differs",TNC SC conserved lands,Coosawhatchie River (Black-Crouch) Cotton Hall / Mt. Repose,The Nature Conservancy,easement,3.0,Cotton Hall/Mount Repose,FY2007-08,442000.0,2210.0,easement
69,2873.0,0.501606601800708,True,confirmed,TNC SC conserved lands,Cotton Hills,Katawba Valley Land Trust,easement,3.0,Cotton Hills Farm,FY2006-07,782500.0,870.0,easement
70,9800.0,0.9747724468038668,False,"confirmed, name differs",PAD-US,Us-Sc-8-23,Non-Governmental Organization,easement,4.0,Crab Orchard Plantation,FY2007-08,563800.0,2819.0,easement
70,1630.0,0.9671166044704508,True,confirmed,TNC SC conserved lands,Crab Orchard Plantation,Ducks Unlimited,easement,3.0,Crab Orchard Plantation,FY2007-08,563800.0,2819.0,easement
70,706.0,0.000319273043885,False,unmatched,SCDNR managed land,Hamilton Ridge Wildlife Management Area,SCDNR,fee simple,,Crab Orchard Plantation,FY2007-08,563800.0,2819.0,easement
71,3089.0,0.6021971238186344,False,"confirmed, name differs",TNC SC conserved lands,Upstate Forever #113,Upstate Forever,easement,3.0,Cragmoor Farms,FY2015-16,1000000.0,120.83,easement
72,9895.0,0.6789352263344314,True,confirmed,PAD-US,Creek Farm Easement B,Non-Governmental Organization,easement,4.0,Creek Farms,FY2007-08,25000.0,77.7,easement
72,9162.0,0.671884590103215,True,confirmed,TNC SC conserved lands,Creek Farm CE - Tract B,Edisto Island Open Land Trust,easement,3.0,Creek Farms,FY2007-08,25000.0,77.7,easement
73,11638.0,0.6854164414224936,False,"confirmed, name differs",PAD-US,Catawba River Wildlife Management Area - Heritage Tract,State Department of Natural Resources,fee simple,2.0,Crescent- Heritage Tract,FY2004-05,2000000.0,1539.19,fee simple
73,6948.0,0.234034605106913,False,partial,TNC SC conserved lands,Catawba River Wildlife Management Area,South Carolina Department of Natural Resources,fee simple,2.0,Crescent- Heritage Tract,FY2004-05,2000000.0,1539.19,fee simple
73,744.0,0.3923319072304738,False,partial,SCDNR managed land,(unnamed),SCDNR,fee simple,,Crescent- Heritage Tract,FY2004-05,2000000.0,1539.19,fee simple
74,10690.0,7.404007150888824e-05,False,unmatched,PAD-US,Tillman Sand Ridge Heritage Preserve / Wildlife Management Area,State Department of Natural Resources,fee simple,2.0,Crescent Tract,FY2015-16,1020750.0,2721.97,easement
74,2724.0,0.9860026643225824,True,confirmed,TNC SC conserved lands,Crescent Tract,Lowcountry Land Trust,easement,3.0,Crescent Tract,FY2015-16,1020750.0,2721.97,easement
74,753.0,5.747698678579382e-05,False,unmatched,SCDNR managed land,Tillman Sand Ridge Heritage Preserve / Wildlife Management Area,SCDNR,fee simple,,Crescent Tract,FY2015-16,1020750.0,2721.97,easement
75,2871.0,0.5396759632100251,True,confirmed,TNC SC conserved lands,Crosby I,Katawba Valley Land Trust,easement,3.0,Crosby Farm,FY2015-16,69550.0,107.2,easement
76,11879.0,0.0070473330569151,False,unmatched,PAD-US,Us-Sc-1-45,Non-Governmental Organization,easement,4.0,Crosby Tract,FY2012-13,126200.0,631.0,easement
76,7807.0,0.9979852325863604,False,"confirmed, name differs",TNC SC conserved lands,Upper Combahee River (Crosby 2) Swamp Tract,The Nature Conservancy,easement,3.0,Crosby Tract,FY2012-13,126200.0,631.0,easement
77,9501.0,0.959558417331926,True,confirmed,PAD-US,Culbertson Mill,Non-Governmental Organization,easement,4.0,Culbertson Mill,FY2015-16,99000.0,108.78,easement
77,3078.0,0.9601341537628556,True,confirmed,TNC SC conserved lands,Culbertson Mill,Upstate Forever,easement,3.0,Culbertson Mill,FY2015-16,99000.0,108.78,easement
78,10678.0,0.9766732758068296,False,"confirmed, name differs",PAD-US,"Farm and Ranch Lands Protection Program (FRPP), Horry, SC",Natural Resources Conservation Service,easement,4.0,Cynthia Brown Tract,FY2004-05,135345.0,51.33,easement
78,2188.0,0.9958407847300688,True,confirmed,TNC SC conserved lands,Cynthia Brown Tract,Horry County Soil And Water Conservation District,easement,3.0,Cynthia Brown Tract,FY2004-05,135345.0,51.33,easement
79,10632.0,0.9818549216451468,True,confirmed,PAD-US,Cypress Creek II,Non-Governmental Organization,easement,4.0,Cypress Creek II,FY2006-07,727250.0,2909.84,easement
79,2481.0,0.9875213540738852,True,confirmed,TNC SC conserved lands,Cypress Creek II,Lowcountry Land Trust,easement,3.0,Cypress Creek II,FY2006-07,727250.0,2909.84,easement
80,9469.0,0.9483444475745972,True,confirmed,PAD-US,Cypress Creek III,Non-Governmental Organization,easement,4.0,Cypress Creek III,FY2006-07,86500.0,346.0,easement
80,2480.0,0.9807102343767506,True,confirmed,TNC SC conserved lands,Cypress Creek III,Lowcountry Land Trust,easement,3.0,Cypress Creek III,FY2006-07,86500.0,346.0,easement
81,2713.0,0.995317728067298,True,confirmed,TNC SC conserved lands,Cypress Swamp,Lowcountry Land Trust,easement,3.0,Cypress Swamp,FY2015-16,43575.0,248.8,easement
82,9701.0,0.9837485274421864,False,"confirmed, name differs",PAD-US,"Farm and Ranch Lands Protection Program (FRPP), Sumter, SC",Natural Resources Conservation Service,easement,4.0,"Davis, J. E., Jr/Orange Grove Tract",FY2007-08,90000.0,36.7,easement
82,2135.0,0.9867131017308676,True,confirmed,TNC SC conserved lands,"Davis, J. E., Jr/Orange Grove Tract",Sumter County Soil And Water Conservation District,easement,3.0,"Davis, J. E., Jr/Orange Grove Tract",FY2007-08,90000.0,36.7,easement
83,2939.0,0.9943247027434358,False,"confirmed, name differs",TNC SC conserved lands,Dawn of Hope Plantation,Lowcountry Land Trust,easement,3.0,Dawn Plantation,FY2019-20,313650.0,731.0,easement
84,8192.0,0.9969032753428796,False,"confirmed, name differs",TNC SC conserved lands,The Hoagland Tract,Congaree Land Trust,easement,3.0,DDK Management Tract,FY2013-14,746000.0,1865.5,easement
85,8147.0,0.9872772772220304,True,confirmed,TNC SC conserved lands,Deer & Duck LLC,Congaree Land Trust,easement,3.0,Deer & Duck Tract (RFL Princess Pond),FY2013-14,500000.0,1006.95,easement
86,2441.0,0.504736303546866,False,"confirmed, name differs",TNC SC conserved lands,Casey's Plantation,Lowcountry Land Trust,easement,3.0,Deer Park Tract,FY2014-15,489825.0,2177.0,easement
87,2725.0,0.9632563586696024,True,confirmed,TNC SC conserved lands,DeLoach Farm,Lowcountry Land Trust,easement,3.0,DeLoach Farm,FY2015-16,255825.0,1180.0,easement
88,8301.0,0.9791163302782482,True,confirmed,TNC SC conserved lands,Dinkins Mill,Congaree Land Trust,easement,3.0,Dinkins Mill Tracts,FY2013-14,620160.0,652.8,easement
89,11477.0,0.0012480623750469,False,unmatched,PAD-US,Us-Sc-4-45,Non-Governmental Organization,easement,4.0,Dixon Family Tracts,FY2014-15,200625.0,535.0,easement
89,8317.0,0.6309328509065018,False,"confirmed, name differs",TNC SC conserved lands,Gin Branch Farms LLC,Congaree Land Trust,easement,3.0,Dixon Family Tracts,FY2014-15,200625.0,535.0,easement
90,8381.0,0.9890824331290408,True,confirmed,TNC SC conserved lands,Donoho,Pee Dee Land Trust,easement,3.0,Donoho Farm,FY2006-07,800000.0,2055.0,easement
91,2887.0,0.9981147612016344,True,confirmed,TNC SC conserved lands,Sheorn Tract,Katawba Valley Land Trust,easement,3.0,Douglas B. Sheorn Property,FY2015-16,60800.0,152.69,easement
92,8398.0,0.9914288705250898,False,"confirmed, name differs",TNC SC conserved lands,Tilghman Tract,Pee Dee Land Trust,easement,3.0,"Drayton, Eddie Tract",FY2014-15,194300.0,670.0,easement
93,9419.0,0.9842025109970074,True,confirmed,PAD-US,DuRant Farm / SC Conservation Bank,Non-Governmental Organization,easement,4.0,DuRant Farm Tract,FY2015-16,45000.0,121.24,easement
93,7345.0,0.9827129359171378,True,confirmed,TNC SC conserved lands,Durant Farm,Lord Berkeley Conservation Trust,easement,3.0,DuRant Farm Tract,FY2015-16,45000.0,121.24,easement
94,10995.0,0.0015344839543061,False,unmatched,PAD-US,Hickory Top Wildlife Management Area,Other or Unknown State Land,fee simple,2.0,Dusty Acres Tract,FY2012-13,238840.0,238.84,easement
94,8137.0,0.9892973849708864,True,confirmed,TNC SC conserved lands,Dusty Acres LLC,Congaree Land Trust,easement,3.0,Dusty Acres Tract,FY2012-13,238840.0,238.84,easement
94,1168.0,0.0014212451506768,False,unmatched,SCDNR managed land,Hickory Top WMA,SCDNR,fee simple,,Dusty Acres Tract,FY2012-13,238840.0,238.84,easement
95,11022.0,0.9989571245607644,True,confirmed,PAD-US,E. Hickson Tract,Regional Water Districts,easement,4.0,E. Hickson Tract,FY2005-06,475000.0,318.0,easement
95,2132.0,0.9989561385454496,True,confirmed,TNC SC conserved lands,E. Hickson Tract,Georgetown County Soil And Water Conservation District,easement,3.0,E. Hickson Tract,FY2005-06,475000.0,318.0,easement
96,10750.0,0.6080719284653969,False,"confirmed, name differs",PAD-US,Ernest F. Hollings Ace Basin National Wildlife Refuge,U.S. Fish and Wildlife Service,fee simple,2.0,Edisto Packers Tract,FY2006-07,325000.0,29.8022,fee simple
96,8097.0,0.6105407981782207,False,"confirmed, name differs",TNC SC conserved lands,Ernest F. Hollings Ace Basin National Wildlife Refuge,U.S. Fish & Wildlife Service,fee simple,2.0,Edisto Packers Tract,FY2006-07,325000.0,29.8022,fee simple
97,9953.0,0.6600523413163816,True,confirmed,PAD-US,Edisto River/Four Hole Swamp,Non-Governmental Organization,fee simple,4.0,Edisto River/Four Hole Swamp,FY2005-06,1500000.0,2383.5,fee simple
97,7252.0,0.6769098536481205,False,"confirmed, name differs",TNC SC conserved lands,Energy Conversion,National Audubon Society,fee simple,2.0,Edisto River/Four Hole Swamp,FY2005-06,1500000.0,2383.5,fee simple
98,7845.0,0.5672635990384739,False,"confirmed, name differs",TNC SC conserved lands,Savannah River and Uplands (Elliott 1) Pauline Place,The Nature Conservancy,easement,3.0,Elliott Tract,FY2007-08,460780.0,2335.93,easement
99,7860.0,0.9288854404637978,False,"confirmed, name differs",TNC SC conserved lands,Savannah River and Uplands (Exley) Exley,The Nature Conservancy,easement,3.0,Exley Plantation,FY2012-13,1257945.0,5031.78,easement
100,8174.0,0.9955905509104108,False,"confirmed, name differs",TNC SC conserved lands,McCrady Tract,Congaree Land Trust,easement,3.0,Fairfield (McCrady) Tract,FY2016-17,44450.0,177.8,easement
101,11148.0,0.9910805973821698,True,confirmed,PAD-US,Fall Creek Tract,Non-Governmental Organization,easement,4.0,Fall Creek Chatooga,FY2005-06,47000.0,93.52,easement
101,2965.0,0.996728969755148,True,confirmed,TNC SC conserved lands,Fall Creek,Upstate Forever,easement,3.0,Fall Creek Chatooga,FY2005-06,47000.0,93.52,easement
102,11613.0,0.786795803678627,False,"confirmed, name differs",PAD-US,McCrady Training Center - FBSC LLC,Joint,easement,4.0,FB SC Tracts,FY2012-13,807894.0,4302.32,easement
102,8297.0,0.9714371374424784,False,"confirmed, name differs",TNC SC conserved lands,FBSC,Congaree Land Trust,easement,3.0,FB SC Tracts,FY2012-13,807894.0,4302.32,easement
102,1145.0,4.416401181924323e-05,False,unmatched,SCDNR managed land,Manchester State Forest,SCDNR,fee simple,,FB SC Tracts,FY2012-13,807894.0,4302.32,easement
103,8142.0,0.5524830789797823,False,"confirmed, name differs",TNC SC conserved lands,McDavid Tract,Congaree Land Trust,easement,3.0,Featherhorn Farms,FY2013-14,1200000.0,1205.63,easement
104,8356.0,0.9983163606576462,False,"confirmed, name differs",TNC SC conserved lands,Back Swamp Woods,Pee Dee Land Trust,easement,3.0,First Citizens Bank/Back Swamp School Tr,FY2013-14,325000.0,93.085,fee simple
105,10468.0,0.997732149956796,False,"confirmed, name differs",PAD-US,McBee Wildlife Management Area,State Department of Natural Resources,fee simple,2.0,Floyd Tract,FY2005-06,400000.0,434.14,fee simple
105,7092.0,0.9893450213251757,False,"confirmed, name differs",TNC SC conserved lands,McBee Wildlife Management Area,South Carolina Department of Natural Resources,fee simple,2.0,Floyd Tract,FY2005-06,400000.0,434.14,fee simple
105,1515.0,0.9894236505381396,False,"confirmed, name differs",SCDNR managed land,McBee Wildlife Management Area,SCDNR,fee simple,,Floyd Tract,FY2005-06,400000.0,434.14,fee simple
106,8148.0,0.9815042727303492,True,confirmed,TNC SC conserved lands,For Ducks,Congaree Land Trust,easement,3.0,For Ducks Tract,FY2014-15,96875.0,193.75,easement
107,11390.0,0.6780660259738689,False,"confirmed, name differs",PAD-US,Lake Conestee Nature Park,Private,fee simple,4.0,Forrester Tract,FY2005-06,1233000.0,38.79,fee simple
107,2164.0,0.6771385910445196,False,"confirmed, name differs",TNC SC conserved lands,Forester Tract,Conestee Foundation,fee simple,2.0,Forrester Tract,FY2005-06,1233000.0,38.79,fee simple
108,8951.0,0.7840677212348859,True,confirmed,TNC SC conserved lands,Fort Pemberton,"South Carolina Battleground Preservation Trust, Inc.",easement,3.0,Fort Pemberton,FY2018-19,400000.0,8.48,fee simple
109,9931.0,0.9845617441241392,False,"confirmed, name differs",PAD-US,Forty Acre Rock Heritage Preserve / Wildlife Management Area,State Department of Natural Resources,fee simple,2.0,Forty Acre Rock,FY2005-06,375617.0,521.69,fee simple
109,9386.0,0.984319139192149,False,"confirmed, name differs",TNC SC conserved lands,Forty Acre Rock Heritage Preserve and Wildlife Management Area,South Carolina Department of Natural Resources,fee simple,2.0,Forty Acre Rock,FY2005-06,375617.0,521.69,fee simple
109,796.0,0.9081665377976408,False,"confirmed, name differs",SCDNR managed land,Forty Acre Rock Heritage Preserve / Wildlife Management Area,SCDNR,fee simple,,Forty Acre Rock,FY2005-06,375617.0,521.69,fee simple
110,8146.0,0.9977534184376102,True,confirmed,TNC SC conserved lands,Fox Tindal Farm,Congaree Land Trust,easement,3.0,Fox Tindal Farm Tract,FY2014-15,99780.0,199.56,easement
111,11803.0,0.00190874153336,False,unmatched,PAD-US,Bugby Tract,Non-Governmental Organization,easement,4.0,Fred Sosnowski Tract,FY2006-07,125000.0,158.0,easement
111,7923.0,0.8212526760832886,False,"confirmed, name differs",TNC SC conserved lands,Wilson Bugby II,Lowcountry Land Trust,easement,3.0,Fred Sosnowski Tract,FY2006-07,125000.0,158.0,easement
112,7922.0,0.996834971061158,True,confirmed,TNC SC conserved lands,French Quarter Creek,Lowcountry Land Trust,easement,3.0,French Quarter Creek,FY2015-16,166650.0,424.91,easement
113,9677.0,0.7903440947158713,False,"confirmed, name differs",PAD-US,Fort Fair Lawn,Non-Governmental Organization,easement,4.0,Ft. Fairlawn (Corner Investors Tr),FY2013-14,1000000.0,80.0,fee simple
113,8973.0,0.7905539768758464,False,"confirmed, name differs",TNC SC conserved lands,Fort Fair Lawn (1),"South Carolina Battleground Preservation Trust, Inc.",fee simple,3.0,Ft. Fairlawn (Corner Investors Tr),FY2013-14,1000000.0,80.0,fee simple
114,7415.0,0.9927864620733768,False,"confirmed, name differs",TNC SC conserved lands,Mountain Bridge Wilderness Area,"South Carolina Department of Parks, Recreation and Tourism",fee simple,3.0,Gap Creek,FY2016-17,1700000.0,954.529,fee simple
114,1251.0,0.9595711501238936,False,"confirmed, name differs",SCDNR managed land,(unnamed),SCDNR,fee simple,,Gap Creek,FY2016-17,1700000.0,954.529,fee simple
115,9857.0,0.9690585583293692,False,"confirmed, name differs",PAD-US,"Farm and Ranch Lands Protection Program (FRPP), Oconee, SC",Natural Resources Conservation Service,easement,4.0,"Garrett, Richard M.",FY2007-08,112750.0,120.0,easement
115,2168.0,0.998714376551961,True,confirmed,TNC SC conserved lands,"Garrett, Richard M.",Oconee County Soil And Water Conservation District,fee simple,2.0,"Garrett, Richard M.",FY2007-08,112750.0,120.0,easement
116,7993.0,0.999999839676802,True,confirmed,TNC SC conserved lands,Geddings Tract,South Carolina Forestry Commission,fee simple,2.0,Geddings Tract,FY2015-16,69175.0,124.0,fee simple
117,7472.0,0.990785487367821,True,confirmed,TNC SC conserved lands,Gill Creek Preserve,Upstate Forever,easement,3.0,Gill Creek Preserve,FY2020-21,82500.0,238.77,easement
118,10663.0,0.9990676682124374,False,"confirmed, name differs",PAD-US,Us-Sc-8-29,Non-Governmental Organization,easement,4.0,Glover Plantation,FY2012-13,405328.0,2026.64,easement
118,1815.0,0.9941453729109264,True,confirmed,TNC SC conserved lands,Glover Plantation,Ducks Unlimited,easement,3.0,Glover Plantation,FY2012-13,405328.0,2026.64,easement
119,2400.0,0.9124168765546912,False,"confirmed, name differs",TNC SC conserved lands,BURRIS,Open Land Trust,easement,3.0,Gopher Woods (Burris) Tract,FY2016-17,306000.0,593.76,easement
120,2693.0,0.5885217953432577,True,confirmed,TNC SC conserved lands,Gracefield West,Lowcountry Land Trust,easement,3.0,Gracefield Properties,FY2013-14,143250.0,573.0,easement
121,9761.0,0.0003701123836861,True,unmatched,PAD-US,Grant Meadow,Non-Governmental Organization,easement,4.0,Grant Meadow Addition,FY2019-20,65000.0,21.01,easement
121,3095.0,0.9965604393461572,True,confirmed,TNC SC conserved lands,Grant Meadow Addition,Upstate Forever,easement,3.0,Grant Meadow Addition,FY2019-20,65000.0,21.01,easement
122,9761.0,0.9970140177140048,True,confirmed,PAD-US,Grant Meadow,Non-Governmental Organization,easement,4.0,Grant Meadow Tract,FY2012-13,36800.0,36.81,easement
122,2972.0,0.9946363086645144,True,confirmed,TNC SC conserved lands,Grant Meadow Tract One,Upstate Forever,easement,3.0,Grant Meadow Tract,FY2012-13,36800.0,36.81,easement
123,10839.0,0.4237755035046321,True,partial,PAD-US,Grassy Knob,Non-Governmental Organization,easement,4.0,Grassy Knob Tract,FY2015-16,803000.0,776.0,fee simple
123,2853.0,0.5647017513011604,False,"confirmed, name differs",TNC SC conserved lands,Open Space,Naturaland Trust,fee simple,2.0,Grassy Knob Tract,FY2015-16,803000.0,776.0,fee simple
124,2868.0,0.3733585274559727,False,partial,TNC SC conserved lands,Heritage Tract,Katawba Valley Land Trust,fee simple,2.0,Great Falls Natural Area Project,FY2007-08,547665.0,353.0,fee simple
125,2084.0,0.9970748243984644,True,confirmed,TNC SC conserved lands,Green Mountain,Naturaland Trust,fee simple,2.0,Green Mountain Tract,FY2012-13,135000.0,139.0,fee simple
126,10427.0,0.8204290193069527,False,"confirmed, name differs",PAD-US,Greenbriar Farms,Non-Governmental Organization,easement,4.0,Greenbrier Farms,FY2005-06,280000.0,123.52,easement
126,8814.0,0.9939676463670278,False,"confirmed, name differs",TNC SC conserved lands,Upstate Forever #34,Upstate Forever,easement,3.0,Greenbrier Farms,FY2005-06,280000.0,123.52,easement
127,,,,unmatched,,,,,,Greenfield Plantation Corner,FY2014-15,75000.0,1.0,fee simple
128,9395.0,0.0006727502952259,False,unmatched,PAD-US,Caesars Head State Park,State Park and Recreation,fee simple,2.0,Grey Logs Property,FY2015-16,250000.0,18.9,fee simple
128,7413.0,0.8299206648862631,False,"confirmed, name differs",TNC SC conserved lands,Mountain Bridge Wilderness Area,"South Carolina Department of Parks, Recreation and Tourism",fee simple,3.0,Grey Logs Property,FY2015-16,250000.0,18.9,fee simple
129,10684.0,1.575923932525509e-05,False,unmatched,PAD-US,Tuckahoe Wildlife Management Area,State Department of Natural Resources,fee simple,2.0,Groton Uplands,FY2018-19,850000.0,13868.0,easement
129,7879.0,0.6187462819880186,False,"confirmed, name differs",TNC SC conserved lands,South Lowcountry (Groton Land Company 2),The Nature Conservancy,easement,3.0,Groton Uplands,FY2018-19,850000.0,13868.0,easement
130,9701.0,0.9928157778813228,False,"confirmed, name differs",PAD-US,"Farm and Ranch Lands Protection Program (FRPP), Sumter, SC",Natural Resources Conservation Service,easement,4.0,H.C. Edens Tract,FY2005-06,974000.0,677.22,easement
130,6807.0,0.996182792084427,True,confirmed,TNC SC conserved lands,H.C. Edens Tract,Sumter County Soil And Water Conservation District,easement,3.0,H.C. Edens Tract,FY2005-06,974000.0,677.22,easement
131,2683.0,0.9946995560524065,True,confirmed,TNC SC conserved lands,Halidon Hill Plantation,Lowcountry Land Trust,easement,3.0,Halidon Hill Plantation,FY2012-13,62000.0,248.0,easement
132,11171.0,0.996120317437736,False,"confirmed, name differs",PAD-US,Hamilton Ridge Wildlife Management Area,State Department of Natural Resources,fee simple,2.0,Hamilton Ridge Tract,FY2005-06,5000000.0,13280.0,fee simple
132,7496.0,0.9962253568941288,False,"confirmed, name differs",TNC SC conserved lands,Hamilton Ridge Wildlife Management Area,South Carolina Department of Natural Resources,fee simple,2.0,Hamilton Ridge Tract,FY2005-06,5000000.0,13280.0,fee simple
132,706.0,0.9961169823494396,False,"confirmed, name differs",SCDNR managed land,Hamilton Ridge Wildlife Management Area,SCDNR,fee simple,,Hamilton Ridge Tract,FY2005-06,5000000.0,13280.0,fee simple
133,9438.0,0.6875330892297907,False,"confirmed, name differs",PAD-US,Bear Island Wildlife Management Area,State Department of Natural Resources,fee simple,2.0,Hanahan Tract,FY2015-16,286000.0,91.0,fee simple
133,6965.0,0.9971894914865892,False,"confirmed, name differs",TNC SC conserved lands,Bear Island Wildlife Management Area,South Carolina Department of Natural Resources,fee simple,2.0,Hanahan Tract,FY2015-16,286000.0,91.0,fee simple
133,776.0,0.9980875809418884,False,"confirmed, name differs",SCDNR managed land,Bear Island Wildlife Management Area,SCDNR,fee simple,,Hanahan Tract,FY2015-16,286000.0,91.0,fee simple
134,7800.0,0.6356633253490758,False,"confirmed, name differs",TNC SC conserved lands,Coosawhatchie River (Carol Hanna) Causey Tract,The Nature Conservancy,easement,3.0,"Hanna Trs (Carol Hanna, Leslie Hanna 1 & 2)",FY2012-13,281000.0,1405.0,easement
135,7744.0,0.9993585476905604,False,"confirmed, name differs",TNC SC conserved lands,Savannah River and Uplands (Harper Family Prop.) Home Place/Solomons,The Nature Conservancy,easement,3.0,Harper Family Home Place & Solomons Tract,FY2007-08,304200.0,1544.0,easement
136,7746.0,0.6414113220097218,False,"confirmed, name differs",TNC SC conserved lands,Savannah River and Uplands (Harper Place LP),The Nature Conservancy,easement,3.0,"Harper Place, Country Club and Moultrie",FY2007-08,276806.0,1384.03,easement
137,11200.0,0.0001396798534007,False,unmatched,PAD-US,Millbury Plantation,Non-Governmental Organization,easement,4.0,"Harper, Andrew R Tract",FY2007-08,866594.0,4322.97,easement
137,7725.0,0.8733821103870476,False,"confirmed, name differs",TNC SC conserved lands,"Savannah River and Uplands (Harper, Andrew 1) GP",The Nature Conservancy,easement,3.0,"Harper, Andrew R Tract",FY2007-08,866594.0,4322.97,easement
138,7821.0,0.6511673825987216,False,"confirmed, name differs",TNC SC conserved lands,"Savannah River and Uplands (Harper, Stiles 2) Mikell",The Nature Conservancy,easement,3.0,"Harper, Stiles Tract (Sand Pit & Mikell)",FY2007-08,209504.0,1047.52,easement
139,8176.0,0.9755600967730844,True,confirmed,TNC SC conserved lands,Harrell Farm Trust LLC,Congaree Land Trust,easement,3.0,Harrell Farm Trust Tract,FY2015-16,87254.0,290.848,easement
140,11390.0,0.9985342203939056,False,"confirmed, name differs",PAD-US,Lake Conestee Nature Park,Private,fee simple,4.0,Henderson/Conestee Tract,FY2004-05,675000.0,112.42,fee simple
140,2163.0,0.9943407895337664,True,confirmed,TNC SC conserved lands,Henderson/Conestee Tract,Conestee Foundation,fee simple,2.0,Henderson/Conestee Tract,FY2004-05,675000.0,112.42,fee simple
141,7436.0,0.9654841443002908,True,confirmed,TNC SC conserved lands,St Helena Community Farm,Open Land Trust,easement,3.0,St. Helena Community Farm (Henry Farms North),FY2019-20,650000.0,87.94,fee simple
142,3076.0,0.9912515444891016,True,confirmed,TNC SC conserved lands,Hickory Hills,Upstate Forever,easement,3.0,Hickory Hills,FY2015-16,263500.0,315.0,easement
143,10995.0,0.0027890619324026,False,unmatched,PAD-US,Hickory Top Wildlife Management Area,Other or Unknown State Land,fee simple,2.0,Hickory Top Tract,FY2013-14,223000.0,223.85,easement
143,8145.0,0.9802387458879108,False,"confirmed, name differs",TNC SC conserved lands,Hickory Top Hunt Club,Congaree Land Trust,easement,3.0,Hickory Top Tract,FY2013-14,223000.0,223.85,easement
143,1168.0,0.0024944592382378,True,unmatched,SCDNR managed land,Hickory Top WMA,SCDNR,fee simple,,Hickory Top Tract,FY2013-14,223000.0,223.85,easement
144,11146.0,0.0036079032294929,False,unmatched,PAD-US,Us-Sc-10-16,Non-Governmental Organization,easement,4.0,High Creek Tract (Salley Tr),FY2012-13,835000.0,1704.7,easement
144,8132.0,0.998653670274196,True,confirmed,TNC SC conserved lands,High Creek,Congaree Land Trust,easement,3.0,High Creek Tract (Salley Tr),FY2012-13,835000.0,1704.7,easement
145,2690.0,0.9411949327742796,True,confirmed,TNC SC conserved lands,Hills' Property,Lowcountry Land Trust,easement,3.0,Hills Property,FY2013-14,115000.0,575.0,easement
146,8400.0,0.985297206170398,False,"confirmed, name differs",TNC SC conserved lands,Hagin's Prong Farm,Pee Dee Land Trust,easement,3.0,Hinson Farm Project,FY2013-14,558424.0,1726.0,easement
147,2824.0,0.9950730382909336,True,confirmed,TNC SC conserved lands,Holcim,National Audubon Society,fee simple,2.0,Holcim Cement Tract,FY2013-14,71250.0,57.26,fee simple
148,11364.0,2.681141163171128e-05,False,unmatched,PAD-US,Upper Combahee River,Non-Governmental Organization,easement,2.0,Holly Bluff II,FY2018-19,208649.0,449.56,easement
148,2940.0,0.9763695785940856,True,confirmed,TNC SC conserved lands,Holly Bluff II,Lowcountry Land Trust,easement,3.0,Holly Bluff II,FY2018-19,208649.0,449.56,easement
149,9686.0,0.0054214216556484,False,unmatched,PAD-US,Buford Battleground,County Land,fee simple,4.0,Hopewell Church Property,FY2015-16,152930.0,47.76,fee simple
149,8989.0,0.9185670492441188,False,"confirmed, name differs",TNC SC conserved lands,Battle of Waxhaws,"South Carolina Battleground Preservation Trust, Inc.",fee simple,2.0,Hopewell Church Property,FY2015-16,152930.0,47.76,fee simple
150,11411.0,0.5149592242990705,False,"confirmed, name differs",PAD-US,Long Cane Creek,Private,fee simple,1.0,Horse Trail Tract,FY2006-07,153500.0,170.59,fee simple
150,7813.0,0.5149338155283031,False,"confirmed, name differs",TNC SC conserved lands,Sumter National Forest (Coley-Smart) Long Cane Creek,The Nature Conservancy,fee simple,2.0,Horse Trail Tract,FY2006-07,153500.0,170.59,fee simple
150,1102.0,0.6899082126837509,False,"confirmed, name differs",SCDNR managed land,Unnamed WMA,SCDNR,fee simple,,Horse Trail Tract,FY2006-07,153500.0,170.59,fee simple
151,10671.0,0.9992311098249655,True,confirmed,PAD-US,Indigo Farms,Non-Governmental Organization,easement,4.0,Indigo Farms,FY2007-08,25000.0,103.0,easement
151,9129.0,0.9774290982847892,True,confirmed,TNC SC conserved lands,Indigo Farm CE,Edisto Island Open Land Trust,easement,3.0,Indigo Farms,FY2007-08,25000.0,103.0,easement
152,11840.0,0.0001777825647845,False,unmatched,PAD-US,Palachucola Wildlife Management Area,State Department of Natural Resources,fee simple,2.0,Ingleside,FY2015-16,255000.0,1020.22,easement
152,2719.0,0.9992624676648596,True,confirmed,TNC SC conserved lands,Ingleside Plantation,Lowcountry Land Trust,easement,3.0,Ingleside,FY2015-16,255000.0,1020.22,easement
152,696.0,0.0001377137515639,False,unmatched,SCDNR managed land,Palachucola Wildlife Management Area,SCDNR,fee simple,,Ingleside,FY2015-16,255000.0,1020.22,easement
153,,,,unmatched,,,,,,Ingram Dunes,FY2018-19,500000.0,7.24,fee simple
154,2680.0,0.5143830377220665,True,confirmed,TNC SC conserved lands,Noël Ann and Sarah Minette Ingram Tract,Lowcountry Land Trust,easement,3.0,Ingram Properties,FY2013-14,34475.0,197.0,easement
155,10678.0,0.6021678252301108,False,"confirmed, name differs",PAD-US,"Farm and Ranch Lands Protection Program (FRPP), Horry, SC",Natural Resources Conservation Service,easement,4.0,J.M. Shelley Tract,FY2005-06,33875.0,49.0,easement
155,7987.0,0.9673103658353072,False,"confirmed, name differs",TNC SC conserved lands,Robert Battle Tract,Horry County Soil And Water Conservation District,easement,4.0,J.M. Shelley Tract,FY2005-06,33875.0,49.0,easement
156,2446.0,0.990827104399458,True,confirmed,TNC SC conserved lands,Jacob's Grant,Lowcountry Land Trust,easement,3.0,Jacob's Grant,FY2014-15,34400.0,171.55,easement
157,8141.0,0.6779034041250038,True,confirmed,TNC SC conserved lands,Ross Tract A,Congaree Land Trust,easement,3.0,Jason Ross Tract,FY2013-14,398000.0,398.0,easement
158,10627.0,0.9920942147327532,False,"confirmed, name differs",PAD-US,"Farm and Ranch Lands Protection Program (FRPP), Marion, SC",Natural Resources Conservation Service,easement,4.0,Jimmy Calder Tract,FY2004-05,71500.0,56.5,easement
158,2189.0,0.998728176765516,True,confirmed,TNC SC conserved lands,Jimmy Calder Tract,Marion County SWCD,easement,3.0,Jimmy Calder Tract,FY2004-05,71500.0,56.5,easement
159,10678.0,1.0,False,"confirmed, name differs",PAD-US,"Farm and Ranch Lands Protection Program (FRPP), Horry, SC",Natural Resources Conservation Service,easement,4.0,JM and SL Shelley Tract,FY2005-06,36750.0,21.03,easement
159,7987.0,0.9958721037514784,False,"confirmed, name differs",TNC SC conserved lands,Robert Battle Tract,Horry County Soil And Water Conservation District,easement,4.0,JM and SL Shelley Tract,FY2005-06,36750.0,21.03,easement
160,10123.0,0.9756654953809928,False,"confirmed, name differs",PAD-US,JM and SL Shelley Tract 1,Regional Water Districts,easement,4.0,JM and SL Shelley Tract 27,FY2005-06,22000.0,35.1,easement
160,7987.0,0.9512380105272926,False,"confirmed, name differs",TNC SC conserved lands,Robert Battle Tract,Horry County Soil And Water Conservation District,easement,4.0,JM and SL Shelley Tract 27,FY2005-06,22000.0,35.1,easement
161,9857.0,0.985191644389368,False,"confirmed, name differs",PAD-US,"Farm and Ranch Lands Protection Program (FRPP), Oconee, SC",Natural Resources Conservation Service,easement,4.0,John Shirley Tract,FY2012-13,380000.0,394.0,easement
161,7985.0,0.9849032594919772,False,"confirmed, name differs",TNC SC conserved lands,"Farm and Ranch Lands Protection Program (FRPP), Oconee, SC",U.S. Natural Resources Conservation Service,easement,3.0,John Shirley Tract,FY2012-13,380000.0,394.0,easement
162,10678.0,0.9951914764157256,False,"confirmed, name differs",PAD-US,"Farm and Ranch Lands Protection Program (FRPP), Horry, SC",Natural Resources Conservation Service,easement,4.0,Johnathan Graham,FY2012-13,758010.0,505.34,easement
162,7984.0,0.9951751998462246,False,"confirmed, name differs",TNC SC conserved lands,"Farm and Ranch Lands Protection Program (FRPP), Horry, SC",U.S. Natural Resources Conservation Service,easement,3.0,Johnathan Graham,FY2012-13,758010.0,505.34,easement
163,2692.0,0.7622711735692446,True,confirmed,TNC SC conserved lands,A. J. Johns Property I,Lowcountry Land Trust,easement,3.0,"Johns, A.J. Properties",FY2012-13,330600.0,1653.0,easement
164,11004.0,0.8793496366023685,False,"confirmed, name differs",PAD-US,Hunting Island State Park,State Park and Recreation,fee simple,4.0,Johnson Creek Camp,FY2005-06,300000.0,10.72,fee simple
164,2096.0,0.8842383258138663,False,"confirmed, name differs",TNC SC conserved lands,McDowell Hummocks,State Of South Carolina,fee simple,2.0,Johnson Creek Camp,FY2005-06,300000.0,10.72,fee simple
165,9606.0,0.9448642296553632,False,"confirmed, name differs",PAD-US,"Farm and Ranch Lands Protection Program (FRPP), Dillon, SC",Natural Resources Conservation Service,easement,4.0,"Johnson, Alex H., Jr. Tract",FY2007-08,85700.0,46.5,easement
165,7968.0,0.5361207749560513,False,"confirmed, name differs",TNC SC conserved lands,"Farm and Ranch Lands Protection Program (FRPP), Dillon, SC",U.S. Natural Resources Conservation Service,easement,3.0,"Johnson, Alex H., Jr. Tract",FY2007-08,85700.0,46.5,easement
166,7427.0,0.999576832517908,True,confirmed,TNC SC conserved lands,Jones Gap Access - Stephens,"South Carolina Department of Parks, Recreation and Tourism",fee simple,3.0,Jones Gap Access Tract,FY2019-20,503626.0,97.26,fee simple
167,9502.0,0.7756645275783575,False,"confirmed, name differs",PAD-US,Us-Sc-4-34,Non-Governmental Organization,easement,4.0,Jones Tract/Mt. Pleasant Tract,FY2007-08,343700.0,982.0,easement
167,1690.0,0.6419511360468378,False,"confirmed, name differs",TNC SC conserved lands,Mt Pleasant Plantation,Ducks Unlimited,easement,3.0,Jones Tract/Mt. Pleasant Tract,FY2007-08,343700.0,982.0,easement
168,11568.0,4.637995100274587e-05,False,unmatched,PAD-US,Us-Sc-70-5,Non-Governmental Organization,easement,4.0,JRJ Farms,FY2020-21,40000.0,120.8,easement
168,7255.0,0.0003906001273639,True,unmatched,TNC SC conserved lands,JRJ Farms,Ducks Unlimited,easement,3.0,JRJ Farms,FY2020-21,40000.0,120.8,easement
169,12227.0,0.9873851673445426,False,"confirmed, name differs",PAD-US,Keowee Toxaway Extension,Non-Governmental Organization,easement,4.0,Keeowee Toxaway Ext Tract,FY2014-15,420000.0,154.0,fee simple
169,8514.0,0.8781522283778502,False,"confirmed, name differs",TNC SC conserved lands,Jocassee Gorges,South Carolina Department of Natural Resources,fee simple,2.0,Keeowee Toxaway Ext Tract,FY2014-15,420000.0,154.0,fee simple
169,1584.0,0.9993660913303314,False,"confirmed, name differs",SCDNR managed land,Jocassee Gorges,SCDNR,fee simple,,Keeowee Toxaway Ext Tract,FY2014-15,420000.0,154.0,fee simple
170,11592.0,0.9971935747712276,True,confirmed,PAD-US,Keithfield,Non-Governmental Organization,easement,4.0,Keithfield,FY2015-16,318000.0,304.87,easement
170,8593.0,0.5380674842985654,True,confirmed,TNC SC conserved lands,Keithfield A,Upstate Forever,easement,3.0,Keithfield,FY2015-16,318000.0,304.87,easement
171,10213.0,0.7454138191312034,False,"confirmed, name differs",PAD-US,McCrady Training Center - Kel-Sam Farms,Joint,easement,4.0,Kel-Sam Farms (Carolyn Black Tract),FY2012-13,850000.0,921.0,fee simple
171,8304.0,0.7455386265253502,True,confirmed,TNC SC conserved lands,Kel -Sam,Congaree Land Trust,easement,3.0,Kel-Sam Farms (Carolyn Black Tract),FY2012-13,850000.0,921.0,fee simple
171,1145.0,3.420172568691489e-05,False,unmatched,SCDNR managed land,Manchester State Forest,SCDNR,fee simple,,Kel-Sam Farms (Carolyn Black Tract),FY2012-13,850000.0,921.0,fee simple
172,12093.0,0.0001478986970108,False,unmatched,PAD-US,Mill Street Landing,County Land,fee simple,4.0,Kingstree Waterfront Park,FY2019-20,25000.0,2.9,fee simple
172,6729.0,0.0001479914907365,False,unmatched,TNC SC conserved lands,Mill Street Landing,Williamsburg County,fee simple,4.0,Kingstree Waterfront Park,FY2019-20,25000.0,2.9,fee simple
173,8316.0,0.970474974285512,True,confirmed,TNC SC conserved lands,Knollwood Inc LLC,Congaree Land Trust,easement,3.0,Knollwood/Longlands Plt Tract (Phase 1 - Lower Santee Tr),FY2015-16,737850.0,2951.4,easement
174,10325.0,0.9801617606827532,False,"confirmed, name differs",PAD-US,"Agricultural Conservation Easement Program - Agricultural Land Easements (ACEP-ALE), Sumter, SC",Natural Resources Conservation Service,easement,4.0,Knowlton Farms,FY2013-14,161460.0,276.0,easement
174,2171.0,0.9847746513229476,True,confirmed,TNC SC conserved lands,Knowlton Farms,Sumter County Soil And Water Conservation District,easement,3.0,Knowlton Farms,FY2013-14,161460.0,276.0,easement
175,10746.0,0.9538916409118442,False,"confirmed, name differs",PAD-US,"Farm and Ranch Lands Protection Program (FRPP), Clarendon, SC",Natural Resources Conservation Service,easement,4.0,"Knowlton Farms, Forest Field Farms & Thomas DuRant",FY2012-13,316470.0,575.4,easement
175,7982.0,0.9534779044650464,False,"confirmed, name differs",TNC SC conserved lands,"Farm and Ranch Lands Protection Program (FRPP), Clarendon, SC",U.S. Natural Resources Conservation Service,easement,3.0,"Knowlton Farms, Forest Field Farms & Thomas DuRant",FY2012-13,316470.0,575.4,easement
176,10523.0,0.9982570463536448,True,confirmed,PAD-US,Kyle Daniel Tract,Regional Water Districts,easement,4.0,Kyle Daniel Tract,FY2004-05,320000.0,188.4,easement
176,2131.0,0.9982208250927048,True,confirmed,TNC SC conserved lands,Kyle Daniel Tract,Georgetown County Soil And Water Conservation District,easement,3.0,Kyle Daniel Tract,FY2004-05,320000.0,188.4,easement
177,11925.0,0.6274344519276258,True,confirmed,PAD-US,Lacie Shelley Tract,Regional Water Districts,easement,4.0,Lacie Shelley Tract,FY2005-06,84375.0,64.0,easement
177,7987.0,0.6272097527689343,False,"confirmed, name differs",TNC SC conserved lands,Robert Battle Tract,Horry County Soil And Water Conservation District,easement,4.0,Lacie Shelley Tract,FY2005-06,84375.0,64.0,easement
178,9616.0,0.9914114604364028,True,confirmed,PAD-US,Lake Conestee Nature Park,Non-Governmental Organization,easement,4.0,Lake Conestee Nature Park,FY2006-07,99800.0,81.7,fee simple
178,2088.0,0.995188264443466,True,confirmed,TNC SC conserved lands,Lake Conestee Nature Park,Conestee Foundation,fee simple,2.0,Lake Conestee Nature Park,FY2006-07,99800.0,81.7,fee simple
179,12210.0,0.2094571789762117,False,partial,PAD-US,Sumter National Forest,Forest Service,fee simple,3.0,Lake Jemiki,FY2006-07,154950.0,129.16,easement
179,8694.0,0.6400586553255501,True,confirmed,TNC SC conserved lands,Lake Jemiki,Upstate Forever,easement,3.0,Lake Jemiki,FY2006-07,154950.0,129.16,easement
179,1590.0,0.0208097860486393,False,unmatched,SCDNR managed land,Sumter National Forest,SCDNR,fee simple,,Lake Jemiki,FY2006-07,154950.0,129.16,easement
180,2829.0,0.9897089666730988,False,"confirmed, name differs",TNC SC conserved lands,Pine Bluff,National Audubon Society,fee simple,2.0,Landco Project (Stevens Tract),FY2016-17,555000.0,557.0,fee simple
181,12282.0,0.0023288774591691,False,unmatched,PAD-US,Landsford Canal Forest Legacy Area,State Department of Natural Resources,fee simple,2.0,Landsford Addition Tract,FY2020-21,400000.0,385.35,fee simple
181,7477.0,0.9939407714559078,False,"confirmed, name differs",TNC SC conserved lands,Landsford Canal,South Carolina Department of Natural Resources,fee simple,2.0,Landsford Addition Tract,FY2020-21,400000.0,385.35,fee simple
181,821.0,0.9950595855919304,False,"confirmed, name differs",SCDNR managed land,Landsford Canal Forest Legacy Area,SCDNR,fee simple,,Landsford Addition Tract,FY2020-21,400000.0,385.35,fee simple
182,11550.0,0.0005236395203882,False,unmatched,PAD-US,Langley Pond Park,County Land,fee simple,4.0,Langley Pond Tract,FY2006-07,648800.0,96.0,fee simple
182,9106.0,0.9987214878693907,True,confirmed,TNC SC conserved lands,Langley Pond,Aiken Land Conservancy,fee simple,3.0,Langley Pond Tract,FY2006-07,648800.0,96.0,fee simple
183,9648.0,0.9677560805262468,False,"confirmed, name differs",PAD-US,Us-Sc-8-20,Non-Governmental Organization,easement,4.0,Lawton Boggy Tract,FY2006-07,59000.0,295.0,easement
183,1741.0,0.9669406589229724,True,confirmed,TNC SC conserved lands,Lawton-Boggy Tract,Ducks Unlimited,easement,3.0,Lawton Boggy Tract,FY2006-07,59000.0,295.0,easement
183,729.0,0.0003561732720569,False,unmatched,SCDNR managed land,Webb Wildlife Center,SCDNR,fee simple,,Lawton Boggy Tract,FY2006-07,59000.0,295.0,easement
184,11381.0,0.9873596691708614,True,confirmed,PAD-US,Lawton Tract,Non-Governmental Organization,easement,4.0,Lawton Tract,FY2006-07,268000.0,1073.58,easement
184,7765.0,0.9992607768785664,False,"confirmed, name differs",TNC SC conserved lands,Savannah River and Uplands (Lawton) Telfair,The Nature Conservancy,easement,3.0,Lawton Tract,FY2006-07,268000.0,1073.58,easement
184,696.0,5.325673420446777e-05,False,unmatched,SCDNR managed land,Palachucola Wildlife Management Area,SCDNR,fee simple,,Lawton Tract,FY2006-07,268000.0,1073.58,easement
185,12077.0,1.6150564917673603e-05,False,unmatched,PAD-US,Lake George Warren,State Department of Natural Resources,fee simple,3.0,Legacy Farms,FY2018-19,165316.5,367.37,easement
185,3005.0,0.9990993357424658,True,confirmed,TNC SC conserved lands,Legacy Farms,Lowcountry Land Trust,easement,3.0,Legacy Farms,FY2018-19,165316.5,367.37,easement
186,10654.0,0.9971377111868912,False,"confirmed, name differs",PAD-US,Widgeon Point (Lemon Island),County Land,fee simple,4.0,Lemon Island,FY2006-07,500000.0,162.24,fee simple
186,8685.0,0.9995585304679304,False,"confirmed, name differs",TNC SC conserved lands,Widgeon Point Preserve,Beaufort County,fee simple,4.0,Lemon Island,FY2006-07,500000.0,162.24,fee simple
187,2992.0,0.99642219646863,True,confirmed,TNC SC conserved lands,Lewis Firefly Tract,Upstate Forever,easement,3.0,Lewis (Firefly) Tract,FY2006-07,185800.0,121.5,easement
187,1256.0,5.0810334954596646e-08,False,unmatched,SCDNR managed land,Tall Pines WMA,SCDNR,fee simple,,Lewis (Firefly) Tract,FY2006-07,185800.0,121.5,easement
188,7098.0,0.9992486755576008,True,confirmed,TNC SC conserved lands,Liberty Hill Wildlife Management Area,South Carolina Department of Natural Resources,fee simple,2.0,Liberty Hill Ph II,FY2014-15,1500000.0,1829.59,fee simple
188,1521.0,0.9998842817528484,True,confirmed,SCDNR managed land,Liberty Hill Wildlife Management Area,SCDNR,fee simple,,Liberty Hill Ph II,FY2014-15,1500000.0,1829.59,fee simple
189,10382.0,0.8312157694085203,True,confirmed,PAD-US,Catawba-Pee Dee Region - Liberty Hill,State Department of Natural Resources,fee simple,2.0,Liberty Hill Tract,FY2012-13,1500000.0,937.0,fee simple
189,7097.0,0.8058971728197496,True,confirmed,TNC SC conserved lands,Liberty Hill Wildlife Management Area,South Carolina Department of Natural Resources,fee simple,2.0,Liberty Hill Tract,FY2012-13,1500000.0,937.0,fee simple
189,1520.0,0.8064875098357598,True,confirmed,SCDNR managed land,Liberty Hill Wildlife Management Area,SCDNR,fee simple,,Liberty Hill Tract,FY2012-13,1500000.0,937.0,fee simple
190,8151.0,0.975627395770967,True,confirmed,TNC SC conserved lands,Little Junkyard Bay Tract,Congaree Land Trust,easement,3.0,Little Junkyard Bay,FY2013-14,227708.0,569.27,easement
191,8175.0,0.9977642149623636,True,confirmed,TNC SC conserved lands,Locura LLC,Congaree Land Trust,easement,3.0,LOCURA Tract,FY2016-17,60250.0,241.0,easement
192,12210.0,0.0004244732776558,False,unmatched,PAD-US,Sumter National Forest,Forest Service,fee simple,3.0,Lombard Tract,FY2012-13,55000.0,117.89,easement
192,8818.0,0.9737458655500594,False,"confirmed, name differs",TNC SC conserved lands,Upstate Forever #93,Upstate Forever,easement,3.0,Lombard Tract,FY2012-13,55000.0,117.89,easement
192,1590.0,7.830190150709507e-05,False,unmatched,SCDNR managed land,Sumter National Forest,SCDNR,fee simple,,Lombard Tract,FY2012-13,55000.0,117.89,easement
193,,,,unmatched,,,,,,Lyle Property,FY2019-20,143300.0,165.89,easement
194,9701.0,0.7427343630564908,False,"confirmed, name differs",PAD-US,"Farm and Ranch Lands Protection Program (FRPP), Sumter, SC",Natural Resources Conservation Service,easement,4.0,Macdonald & Sons Farm,FY2007-08,169000.0,181.6,easement
194,2141.0,0.7470635648769736,True,confirmed,TNC SC conserved lands,"Macdonald & Sons Farm, Inc.",Sumter County Soil And Water Conservation District,fee simple,2.0,Macdonald & Sons Farm,FY2007-08,169000.0,181.6,easement
195,11237.0,0.0011725419919715,False,unmatched,PAD-US,Santee National Wildlife Refuge,U.S. Fish and Wildlife Service,fee simple,2.0,Marhaygue Tract,FY2015-16,1209205.0,2418.41,easement
195,8149.0,0.9946455222485848,True,confirmed,TNC SC conserved lands,Marhaygue LLC,Congaree Land Trust,easement,3.0,Marhaygue Tract,FY2015-16,1209205.0,2418.41,easement
196,8181.0,0.9648080402961546,True,confirmed,TNC SC conserved lands,Mariwill Timber Plantation LLC,Congaree Land Trust,easement,3.0,Mariwill Timber Plantation,FY2019-20,297100.0,1189.5,easement
197,11031.0,0.9872850439881112,False,"confirmed, name differs",PAD-US,Marsh Wildlife Management Area,State Department of Natural Resources,fee simple,2.0,Marsh Furniture Tract,FY2004-05,2000000.0,8347.0,fee simple
197,6888.0,0.786261210189634,False,"confirmed, name differs",TNC SC conserved lands,Marsh Wildlife Management Area,South Carolina Department of Natural Resources,fee simple,2.0,Marsh Furniture Tract,FY2004-05,2000000.0,8347.0,fee simple
197,660.0,0.7862745283210981,False,"confirmed, name differs",SCDNR managed land,Marsh Wildlife Management Area,SCDNR,fee simple,,Marsh Furniture Tract,FY2004-05,2000000.0,8347.0,fee simple
198,9278.0,0.4727311740119693,False,partial,TNC SC conserved lands,GR049 - Brickhouse178 LLC - Epworth - 2021,Upper Savannah Land Trust,easement,3.0,Mays - Epworth Conservation Area (Adams),FY2020-21,225000.0,1332.29,easement
199,11235.0,2.8568532119536183e-05,False,unmatched,PAD-US,Paris Mountain State Park,State Park and Recreation,fee simple,4.0,"McCall, Arthur Jr. Tract",FY2014-15,700000.0,160.491,fee simple
199,7418.0,0.9976860896412898,False,"confirmed, name differs",TNC SC conserved lands,Paris Mountain State Park,"South Carolina Department of Parks, Recreation and Tourism",fee simple,3.0,"McCall, Arthur Jr. Tract",FY2014-15,700000.0,160.491,fee simple
200,11648.0,0.990591796348418,False,"confirmed, name differs",PAD-US,Cottonwood Trail Addition,Non-Governmental Organization,easement,4.0,McCorkle Tract,FY2005-06,410000.0,28.75,fee simple
200,2036.0,0.9976192969725192,False,"confirmed, name differs",TNC SC conserved lands,Cottonwood Trail Addition,Spartanburg Area Conservancy,fee simple,2.0,McCorkle Tract,FY2005-06,410000.0,28.75,fee simple
201,10747.0,0.961519252701146,False,"confirmed, name differs",PAD-US,Catawba River Wildlife Management Area - McDowell Tract,State Department of Natural Resources,fee simple,2.0,McDowell Creek Tract,FY2007-08,2000000.0,1877.96,fee simple
201,7095.0,0.9994194077622052,False,"confirmed, name differs",TNC SC conserved lands,Liberty Hill Wildlife Management Area,South Carolina Department of Natural Resources,fee simple,2.0,McDowell Creek Tract,FY2007-08,2000000.0,1877.96,fee simple
201,1518.0,0.9999484813049572,False,"confirmed, name differs",SCDNR managed land,Liberty Hill Wildlife Management Area,SCDNR,fee simple,,McDowell Creek Tract,FY2007-08,2000000.0,1877.96,fee simple
202,3066.0,0.4325472118001144,True,partial,TNC SC conserved lands,McKinney Creek Oconee Bell Preserve,Naturaland Trust,fee simple,2.0,McKinney Creek Oconee Bell Preserve,FY2019-20,450000.0,195.6,fee simple
203,10116.0,0.2552687688643447,True,partial,PAD-US,McLeod Farms,County Land,fee simple,2.0,McLeod Tract,FY2006-07,500000.0,375.0,easement
203,2362.0,0.7182813365824292,True,confirmed,TNC SC conserved lands,MCLEOD FARMS,Open Land Trust,easement,3.0,McLeod Tract,FY2006-07,500000.0,375.0,easement
204,2243.0,0.8393693626402363,False,"confirmed, name differs",TNC SC conserved lands,Merchants Bank Building,Eastover-Lower Richland Business Asso,fee simple,2.0,Merchants Bank Bldg.,FY2006-07,100000.0,0.12,fee simple
205,12373.0,0.0035171347799846,False,unmatched,PAD-US,Savannah National Wildlife Refuge,U.S. Fish and Wildlife Service,fee simple,2.0,Meyer Lake,FY2020-21,1000000.0,974.0,fee simple
205,8582.0,0.9829928258467718,True,confirmed,TNC SC conserved lands,Meyer Lake,South Carolina Department of Natural Resources,fee simple,2.0,Meyer Lake,FY2020-21,1000000.0,974.0,fee simple
206,9263.0,0.9895977044405262,False,"confirmed, name differs",TNC SC conserved lands,GR025 - Mike Walden - - 2014,Upper Savannah Land Trust,easement,3.0,Michael Walden Tract,FY2013-14,53700.0,231.0,easement
207,10154.0,0.9567863803353818,True,confirmed,PAD-US,Middleton Place,Non-Governmental Organization,easement,4.0,Middleton Place,FY2006-07,2000000.0,4497.0,easement
207,1622.0,0.9839023491576202,True,confirmed,TNC SC conserved lands,Middleton Place Conservation Easement,Ducks Unlimited,easement,3.0,Middleton Place,FY2006-07,2000000.0,4497.0,easement
208,10154.0,0.9982546958611987,True,confirmed,PAD-US,Middleton Place,Non-Governmental Organization,easement,4.0,Middleton Place/Edmondston-Alston Family Trust,FY2007-08,820000.0,1274.0,easement
208,1622.0,0.0190182876995743,False,unmatched,TNC SC conserved lands,Middleton Place Conservation Easement,Ducks Unlimited,easement,3.0,Middleton Place/Edmondston-Alston Family Trust,FY2007-08,820000.0,1274.0,easement
209,8172.0,0.9740132874567168,True,confirmed,TNC SC conserved lands,Comalander Tracts,Congaree Land Trust,easement,3.0,Mike and Tina Comalander Tracts,FY2015-16,66783.0,267.13,easement
210,8821.0,0.9027595048382948,False,"confirmed, name differs",TNC SC conserved lands,Nine Times - Newman Addition,Naturaland Trust,fee simple,2.0,Mill Shoals Community Forest,FY2019-20,1650000.0,713.15,fee simple
211,2156.0,0.5834427618858631,True,confirmed,TNC SC conserved lands,Miller,Nation Ford Land Trust,easement,3.0,"Miller, Eloise Tract",FY2015-16,79500.0,53.023,easement
212,7445.0,0.9909885786328156,True,confirmed,TNC SC conserved lands,Millgrove Plantation,Lowcountry Land Trust,easement,3.0,Millgrove Plantation,FY2020-21,165000.0,444.6,easement
213,7876.0,0.9841430829381388,False,"confirmed, name differs",TNC SC conserved lands,"Coosawhatchie River (MillRho Investments, LLC) Firetower Tract",The Nature Conservancy,easement,3.0,MillRho (Oak Grove 2),FY2016-17,291000.0,1164.64,easement
214,12200.0,0.9932131200709832,False,"confirmed, name differs",PAD-US,"Agricultural Conservation Easement Program - Agricultural Land Easements (ACEP-ALE), Orangeburg, SC",Natural Resources Conservation Service,easement,4.0,Millwood Farms,FY2013-14,184450.0,443.46,easement
214,8238.0,0.9898066995190864,True,confirmed,TNC SC conserved lands,Millwood Farms 1,Congaree Land Trust,easement,3.0,Millwood Farms,FY2013-14,184450.0,443.46,easement
215,12200.0,0.972147483189546,False,"confirmed, name differs",PAD-US,"Agricultural Conservation Easement Program - Agricultural Land Easements (ACEP-ALE), Orangeburg, SC",Natural Resources Conservation Service,easement,4.0,Millwood Farms LLP 2 (Culler Family),FY2014-15,221918.0,522.16,easement
215,8239.0,0.8475072544996018,False,"confirmed, name differs",TNC SC conserved lands,Millwood Farms 2,Congaree Land Trust,easement,3.0,Millwood Farms LLP 2 (Culler Family),FY2014-15,221918.0,522.16,easement
216,,,,unmatched,,,,,,Moore Property,FY2020-21,30557.0,56.62,easement
217,8971.0,0.7185019576857066,False,"confirmed, name differs",TNC SC conserved lands,Morris Ford Earthworks and Capt. John Mumford Grave,"South Carolina Battleground Preservation Trust, Inc.",fee simple,2.0,Morris Ford Tract,FY2015-16,60000.0,4.45,fee simple
218,11694.0,0.967192291734042,True,confirmed,PAD-US,Morris Island,City Land,fee simple,4.0,Morris Island Tract,FY2005-06,1500000.0,117.7,fee simple
218,2165.0,0.9869198244401916,True,confirmed,TNC SC conserved lands,Morris Island Tract,Trust for Public Lands,fee simple,2.0,Morris Island Tract,FY2005-06,1500000.0,117.7,fee simple
219,7471.0,0.9894194227626766,True,confirmed,TNC SC conserved lands,Morrow Creek Timbers,Upstate Forever,easement,3.0,Morrow Creek Timbers,FY2020-21,150000.0,429.92,easement
220,11671.0,0.9766785451282444,False,"confirmed, name differs",PAD-US,Mountain Bridge Passage,Non-Governmental Organization,easement,4.0,Mtn. Bridge Passage,FY2005-06,1550000.0,175.0,fee simple
220,8829.0,0.996122060251086,False,"confirmed, name differs",TNC SC conserved lands,Mountain Bridge Passage,"South Carolina Department of Parks, Recreation and Tourism",fee simple,3.0,Mtn. Bridge Passage,FY2005-06,1550000.0,175.0,fee simple
221,9389.0,0.9898056523818164,True,confirmed,PAD-US,McCrady Training Center - Murray II,Joint,easement,4.0,Murray Tract,FY2012-13,78400.0,392.29,easement
221,8259.0,0.9991110309574878,True,confirmed,TNC SC conserved lands,Murray Tract II,Congaree Land Trust,easement,3.0,Murray Tract,FY2012-13,78400.0,392.29,easement
222,11929.0,0.0142963108504904,False,unmatched,PAD-US,Us-Sc-10-6,Non-Governmental Organization,easement,4.0,Murray Tract Phase III,FY2013-14,219096.0,1095.48,easement
222,8261.0,0.9361103877516228,True,confirmed,TNC SC conserved lands,Murray Tract III,Congaree Land Trust,easement,3.0,Murray Tract Phase III,FY2013-14,219096.0,1095.48,easement
222,831.0,3.281205176482738e-05,False,unmatched,SCDNR managed land,Wateree Heritage Preserve / Wildlife Management Area,SCDNR,fee simple,,Murray Tract Phase III,FY2013-14,219096.0,1095.48,easement
223,11201.0,0.9602576158378148,False,"confirmed, name differs",PAD-US,Us-Sc-1-64,Non-Governmental Organization,easement,4.0,Myrtle Grove Plt - Marvin Tracts BC,FY2015-16,134186.0,357.83,easement
223,2430.0,0.9657947256228168,False,"confirmed, name differs",TNC SC conserved lands,Myrtle Grove Marvin Tracts B and C,Ducks Unlimited,easement,3.0,Myrtle Grove Plt - Marvin Tracts BC,FY2015-16,134186.0,357.83,easement
224,9576.0,0.9328593108367776,False,"confirmed, name differs",PAD-US,Us-Sc-1-53,Non-Governmental Organization,easement,4.0,Myrtle Grove Plt Tract,FY2014-15,643268.0,1715.38,easement
224,1816.0,0.9904731921273616,False,"confirmed, name differs",TNC SC conserved lands,Myrtle Grove Plantation,Ducks Unlimited,easement,3.0,Myrtle Grove Plt Tract,FY2014-15,643268.0,1715.38,easement
225,2169.0,0.9717507701669788,True,confirmed,TNC SC conserved lands,Neil McPhail Tract,Oconee County Soil And Water Conservation District,fee simple,2.0,Neil McPhail Tract,FY2012-13,232187.0,117.0,easement
226,8115.0,0.9979110546585028,False,"confirmed, name differs",TNC SC conserved lands,Bay Tract 2,Congaree Land Trust,easement,3.0,Ness Bay Tr,FY2013-14,120000.0,300.0,easement
227,9515.0,0.997960005678132,False,"confirmed, name differs",PAD-US,Nine Times Preserve,Non-Governmental Organization,fee simple,1.0,Nine  Times Tract A,FY2007-08,1500000.0,560.0,fee simple
227,7831.0,0.998614847731126,True,confirmed,TNC SC conserved lands,Escarpment Gorges (Upstate Forever) Nine Times,The Nature Conservancy,fee simple,2.0,Nine  Times Tract A,FY2007-08,1500000.0,560.0,fee simple
227,1227.0,0.9999405566644872,False,"confirmed, name differs",SCDNR managed land,Unnamed WMA,SCDNR,fee simple,,Nine  Times Tract A,FY2007-08,1500000.0,560.0,fee simple
228,10624.0,0.9953823288774736,False,"confirmed, name differs",PAD-US,Nine Times Community Forest,Unknown,fee simple,4.0,Nine Times B&C,FY2012-13,1500000.0,1648.0,fee simple
228,2954.0,0.9954348294212976,True,confirmed,TNC SC conserved lands,Nine Times Tracts B & C,Naturaland Trust,fee simple,2.0,Nine Times B&C,FY2012-13,1500000.0,1648.0,fee simple
228,1583.0,0.9998636503877724,False,"confirmed, name differs",SCDNR managed land,Unnamed WMA,SCDNR,fee simple,,Nine Times B&C,FY2012-13,1500000.0,1648.0,fee simple
229,2082.0,0.9932509295830856,False,"confirmed, name differs",TNC SC conserved lands,Brashier/Tigerville Mitigation Tract,Naturaland Trust,fee simple,2.0,North Enoree Watershed Tract,FY2016-17,100000.0,34.47,fee simple
230,10131.0,0.0054322755220289,False,unmatched,PAD-US,Jocassee Gorges,State Department of Natural Resources,fee simple,2.0,Nowacki Tract/Wadakoe Mt.,FY2007-08,120000.0,50.0,easement
230,7780.0,0.9976516618109648,False,"confirmed, name differs",TNC SC conserved lands,Escarpment Gorges (Nowacki),The Nature Conservancy,easement,3.0,Nowacki Tract/Wadakoe Mt.,FY2007-08,120000.0,50.0,easement
230,1573.0,0.0001009996739458,False,unmatched,SCDNR managed land,Jocassee Gorges,SCDNR,fee simple,,Nowacki Tract/Wadakoe Mt.,FY2007-08,120000.0,50.0,easement
231,9950.0,0.159295161949579,False,partial,PAD-US,"Sosnowski, LLC",Non-Governmental Organization,easement,4.0,Oak Grove,FY2006-07,177000.0,209.0,easement
231,7916.0,0.9966652178967554,True,confirmed,TNC SC conserved lands,Oak Grove Farm,Lowcountry Land Trust,easement,3.0,Oak Grove,FY2006-07,177000.0,209.0,easement
232,11796.0,0.8296991054162401,True,confirmed,PAD-US,Oakland Club - Club Tract,Non-Governmental Organization,easement,4.0,Oakland Club,FY2015-16,3581730.0,11166.17,easement
232,7343.0,0.9901243208332446,True,confirmed,TNC SC conserved lands,Oakland Club - Club Tract,Lord Berkeley Conservation Trust,easement,3.0,Oakland Club,FY2015-16,3581730.0,11166.17,easement
232,1169.0,0.0002321043560563,False,unmatched,SCDNR managed land,Moultrie Hunt Unit,SCDNR,fee simple,,Oakland Club,FY2015-16,3581730.0,11166.17,easement
233,7446.0,0.979636692345626,True,confirmed,TNC SC conserved lands,The Oaks Plantation,Lowcountry Land Trust,easement,3.0,Oaks Plantation,FY2021-22,290000.0,204.26,fee simple
234,7419.0,0.9682944709387442,False,"confirmed, name differs",TNC SC conserved lands,Oconee Station State Historic Site,"South Carolina Department of Parks, Recreation and Tourism",fee simple,3.0,Oconee Town Village,FY2016-17,134000.0,53.68,fee simple
235,11796.0,2.43757826691962e-05,False,unmatched,PAD-US,Oakland Club - Club Tract,Non-Governmental Organization,easement,4.0,Old Santee Canal,FY2020-21,270000.0,564.94,easement
235,7353.0,0.9987636190678394,True,confirmed,TNC SC conserved lands,Old Santee Canal Tract,Lord Berkeley Conservation Trust,easement,3.0,Old Santee Canal,FY2020-21,270000.0,564.94,easement
236,9397.0,0.6363744959337397,True,confirmed,PAD-US,Paradise Shrimp Farm,Non-Governmental Organization,easement,4.0,Paradise Shrimp Farms,FY2007-08,100000.0,504.5,easement
236,9164.0,0.6240629835811032,True,confirmed,TNC SC conserved lands,Paradise Shrimp Farm CE - Main Tract,Edisto Island Open Land Trust,easement,3.0,Paradise Shrimp Farms,FY2007-08,100000.0,504.5,easement
237,11235.0,0.0015283830565463,False,unmatched,PAD-US,Paris Mountain State Park,State Park and Recreation,fee simple,4.0,Paris Mountain Expansion Tract,FY2015-16,160000.0,33.431,fee simple
237,2412.0,0.9906860826978064,False,"confirmed, name differs",TNC SC conserved lands,McGee Paris Mountain Extension,"South Carolina Department of Parks, Recreation and Tourism",fee simple,3.0,Paris Mountain Expansion Tract,FY2015-16,160000.0,33.431,fee simple
238,2852.0,0.1587186954902519,True,partial,TNC SC conserved lands,Gospel Tract,"South Carolina Department of Parks, Recreation and Tourism",fee simple,3.0,Paris Mountain Gospel,FY2018-19,20000.0,23.35,fee simple
239,11467.0,0.9650692888656216,False,"confirmed, name differs",PAD-US,Us-Sc-4-58,Non-Governmental Organization,easement,4.0,Patriots Plantation II,FY2014-15,653625.0,1867.5,easement
239,1814.0,0.9746927331671768,True,confirmed,TNC SC conserved lands,Patriots Plantation,Ducks Unlimited,easement,3.0,Patriots Plantation II,FY2014-15,653625.0,1867.5,easement
240,10804.0,0.9756865607485314,False,"confirmed, name differs",PAD-US,"Farm and Ranch Lands Protection Program (FRPP), Beaufort, SC",Natural Resources Conservation Service,easement,4.0,Paul Sanders Tract,FY2006-07,420000.0,164.89,easement
240,2289.0,0.999433492400841,True,confirmed,TNC SC conserved lands,SANDERS TRACT (STATION CREEK),Open Land Trust,easement,3.0,Paul Sanders Tract,FY2006-07,420000.0,164.89,easement
241,10995.0,0.0619349523834257,False,unmatched,PAD-US,Hickory Top Wildlife Management Area,Other or Unknown State Land,fee simple,2.0,Pecan Alley Farms Tract,FY2015-16,44795.0,89.57,easement
241,8152.0,0.9948568314231424,True,confirmed,TNC SC conserved lands,Pecan Alley Farms LLC,Congaree Land Trust,easement,3.0,Pecan Alley Farms Tract,FY2015-16,44795.0,89.57,easement
241,1168.0,0.0603545777749087,False,unmatched,SCDNR managed land,Hickory Top WMA,SCDNR,fee simple,,Pecan Alley Farms Tract,FY2015-16,44795.0,89.57,easement
242,2707.0,0.9911891646109144,True,confirmed,TNC SC conserved lands,Peeples Waldburg Tract,Lowcountry Land Trust,easement,3.0,Peeples Waldburg Tract,FY2014-15,117800.0,589.0,easement
243,2731.0,0.996407990512754,True,confirmed,TNC SC conserved lands,Perry Dam,Lowcountry Land Trust,easement,3.0,Perry Dam Tract,FY2015-16,86700.0,289.0,easement
244,2740.0,0.9920169608479514,False,"confirmed, name differs",TNC SC conserved lands, ,Naturaland Trust,fee simple,2.0,Persimmon Ridge Headwaters Tract,FY2016-17,125000.0,16.26,fee simple
244,1234.0,0.026535998736894,False,unmatched,SCDNR managed land,Caesars Head,SCDNR,fee simple,,Persimmon Ridge Headwaters Tract,FY2016-17,125000.0,16.26,fee simple
245,8401.0,0.9895786448663404,True,confirmed,TNC SC conserved lands,Pettigrew Tract,Pee Dee Land Trust,easement,3.0,Pettigrew Tract (Murray Tract),FY2015-16,300000.0,1044.7,easement
246,12262.0,0.0022583785614337,False,unmatched,PAD-US,"Wetlands Reserve Program (WRP), Orangeburg, SC",Natural Resources Conservation Service,easement,2.0,Pin Branch Plantation,FY2013-14,21000.0,105.0,easement
246,2440.0,0.9975413483027712,True,confirmed,TNC SC conserved lands,Pin Branch Plantation,Lowcountry Land Trust,easement,3.0,Pin Branch Plantation,FY2013-14,21000.0,105.0,easement
247,9800.0,0.0058752261770528,False,unmatched,PAD-US,Us-Sc-8-23,Non-Governmental Organization,easement,4.0,Pine Hill/Swamp Solomons,FY2007-08,99800.0,718.0,easement
247,7838.0,0.663251912562656,False,"confirmed, name differs",TNC SC conserved lands,Savannah River and Uplands (Williams 2) Pine Hill,The Nature Conservancy,easement,3.0,Pine Hill/Swamp Solomons,FY2007-08,99800.0,718.0,easement
247,706.0,0.0031044544236527,False,unmatched,SCDNR managed land,Hamilton Ridge Wildlife Management Area,SCDNR,fee simple,,Pine Hill/Swamp Solomons,FY2007-08,99800.0,718.0,easement
248,8303.0,0.9959513499006408,True,confirmed,TNC SC conserved lands,Pinewood Farms,Congaree Land Trust,easement,3.0,Pinewood Farms,FY2013-14,175747.0,270.38,easement
249,10707.0,0.0023758914800255,False,unmatched,PAD-US,Poinsett Reservoir,Non-Governmental Organization,easement,2.0,Piney Mountain,FY2021-22,130000.0,40.79,fee simple
249,7428.0,0.9958900518759004,True,confirmed,TNC SC conserved lands,Piney Mountain,Naturaland Trust,fee simple,2.0,Piney Mountain,FY2021-22,130000.0,40.79,fee simple
250,12210.0,0.0230475480492316,False,unmatched,PAD-US,Sumter National Forest,Forest Service,fee simple,3.0,Pinnacle Partners Tracts,FY2018-19,34330.0,137.32,easement
250,8178.0,0.9957901960102392,False,"confirmed, name differs",TNC SC conserved lands,2 Rivers Tracts,Congaree Land Trust,easement,3.0,Pinnacle Partners Tracts,FY2018-19,34330.0,137.32,easement
250,1325.0,0.023110268731909,False,unmatched,SCDNR managed land,Sumter National Forest,SCDNR,fee simple,,Pinnacle Partners Tracts,FY2018-19,34330.0,137.32,easement
251,2823.0,0.9892193258707892,False,"confirmed, name differs",TNC SC conserved lands,Gibbes,National Audubon Society,fee simple,2.0,Plum Creek Timberlands Tr,FY2014-15,70000.0,35.83,fee simple
252,11200.0,0.9615596589150004,False,"confirmed, name differs",PAD-US,Millbury Plantation,Non-Governmental Organization,easement,4.0,Pollard Tract (Milbury),FY2006-07,2374312.0,10398.0,easement
252,7818.0,0.9994972710941682,False,"confirmed, name differs",TNC SC conserved lands,Savannah River and Uplands (Pollard Land Company) Milbury,The Nature Conservancy,easement,3.0,Pollard Tract (Milbury),FY2006-07,2374312.0,10398.0,easement
253,10709.0,0.7251429602773819,False,"confirmed, name differs",PAD-US,"Agricultural Conservation Easement Program - Agricultural Land Easements (ACEP-ALE), Oconee, SC",Natural Resources Conservation Service,easement,4.0,Powell Properties,FY2014-15,392142.0,364.6,easement
253,7981.0,0.4664194273812142,False,partial,TNC SC conserved lands,"Agricultural Conservation Easement Program - Agricultural Land Easements (ACEP-ALE), Oconee, SC",U.S. Natural Resources Conservation Service,easement,3.0,Powell Properties,FY2014-15,392142.0,364.6,easement
254,9857.0,0.880339044235331,False,"confirmed, name differs",PAD-US,"Farm and Ranch Lands Protection Program (FRPP), Oconee, SC",Natural Resources Conservation Service,easement,4.0,"Powell, Marion J. ""Pete"" Tract",FY2012-13,84375.0,75.0,easement
254,7985.0,0.8801872065457994,False,"confirmed, name differs",TNC SC conserved lands,"Farm and Ranch Lands Protection Program (FRPP), Oconee, SC",U.S. Natural Resources Conservation Service,easement,3.0,"Powell, Marion J. ""Pete"" Tract",FY2012-13,84375.0,75.0,easement
255,9701.0,0.8815503851266145,False,"confirmed, name differs",PAD-US,"Farm and Ranch Lands Protection Program (FRPP), Sumter, SC",Natural Resources Conservation Service,easement,4.0,Powers Farm,FY2012-13,165110.0,207.65,easement
255,2143.0,0.9987131628940894,True,confirmed,TNC SC conserved lands,Powers Farm,Sumter County Soil And Water Conservation District,easement,3.0,Powers Farm,FY2012-13,165110.0,207.65,easement
256,11365.0,0.000143547764427,False,unmatched,PAD-US,Hartwell Recreation Area,Army Corps of Engineers,fee simple,4.0,Ramey Tract,FY2013-14,141156.0,128.324,easement
256,2170.0,0.9976105542968062,True,confirmed,TNC SC conserved lands,Ramey Tract,Oconee County Soil And Water Conservation District,fee simple,2.0,Ramey Tract,FY2013-14,141156.0,128.324,easement
257,10164.0,0.9496189213479224,True,confirmed,PAD-US,Ramsay Farm,Non-Governmental Organization,easement,4.0,Ramsay Farms,FY2012-13,130000.0,130.0,easement
257,2961.0,0.9956797876506354,True,confirmed,TNC SC conserved lands,Ramsay Farm,Upstate Forever,easement,3.0,Ramsay Farms,FY2012-13,130000.0,130.0,easement
258,9739.0,0.8077428187451553,False,"confirmed, name differs",PAD-US,Us-Sc-1-47,Non-Governmental Organization,easement,4.0,Rhodes-Kinsey Tract,FY2012-13,208320.0,1041.6,easement
258,1812.0,0.9935773366356322,True,confirmed,TNC SC conserved lands,Rhodes-Kinsey Tract,Ducks Unlimited,easement,3.0,Rhodes-Kinsey Tract,FY2012-13,208320.0,1041.6,easement
259,11200.0,0.450853836549955,False,partial,PAD-US,Millbury Plantation,Non-Governmental Organization,easement,4.0,Rhodes and IP/Milbury,FY2013-14,328600.0,1006.7,easement
259,2700.0,0.5267275102951083,True,confirmed,TNC SC conserved lands,IP/Milbury Tract,Lowcountry Land Trust,easement,3.0,Rhodes and IP/Milbury,FY2013-14,328600.0,1006.7,easement
260,7305.0,0.9913140152884627,False,"confirmed, name differs",TNC SC conserved lands,River Oaks Pltn,South Carolina Department of Natural Resources,fee simple,2.0,River Oaks Plantation,FY2020-21,975000.0,1005.18,fee simple
261,10677.0,0.9674607407286608,True,confirmed,PAD-US,Riverbend Shoals,Non-Governmental Organization,easement,4.0,Riverbend Shoals Tract,FY2012-13,290000.0,580.0,easement
261,2981.0,0.998037360780674,True,confirmed,TNC SC conserved lands,Riverbend Shoals,Upstate Forever,easement,3.0,Riverbend Shoals Tract,FY2012-13,290000.0,580.0,easement
262,9701.0,0.9840531967845282,False,"confirmed, name differs",PAD-US,"Farm and Ranch Lands Protection Program (FRPP), Sumter, SC",Natural Resources Conservation Service,easement,4.0,"Rivers, J. T., Jr. 97",FY2007-08,111000.0,148.0,easement
262,2076.0,0.9854367857640828,False,"confirmed, name differs",TNC SC conserved lands,"Farm and Ranch Lands Protection Program (FRPP), Sumter, SC",U.S. Natural Resources Conservation Service,easement,3.0,"Rivers, J. T., Jr. 97",FY2007-08,111000.0,148.0,easement
263,9810.0,0.5195298031990689,True,confirmed,PAD-US,Rivers,Regional Water Districts,easement,4.0,"Rivers, J. T., Jr. 98",FY2007-08,53900.0,61.6,easement
263,2074.0,0.9732095693992469,False,"confirmed, name differs",TNC SC conserved lands,"Farm and Ranch Lands Protection Program (FRPP), Sumter, SC",U.S. Natural Resources Conservation Service,easement,3.0,"Rivers, J. T., Jr. 98",FY2007-08,53900.0,61.6,easement
264,8403.0,0.9853301765039914,True,confirmed,TNC SC conserved lands,Riverside Farms,Pee Dee Land Trust,easement,3.0,Riverside Farms,FY2016-17,1200000.0,2120.0,easement
265,10678.0,0.9415330521833916,False,"confirmed, name differs",PAD-US,"Farm and Ranch Lands Protection Program (FRPP), Horry, SC",Natural Resources Conservation Service,easement,4.0,Robert Battle Tract,FY2005-06,55250.0,65.3,easement
265,7987.0,0.9430870845886824,True,confirmed,TNC SC conserved lands,Robert Battle Tract,Horry County Soil And Water Conservation District,easement,4.0,Robert Battle Tract,FY2005-06,55250.0,65.3,easement
266,11254.0,0.9075501932185394,True,confirmed,PAD-US,Rocky Fork Farm,Non-Governmental Organization,easement,4.0,Rocky Fork Farm,FY2006-07,136500.0,130.91,easement
266,2957.0,0.997734726045069,True,confirmed,TNC SC conserved lands,Rocky Fork Farm,Upstate Forever,easement,3.0,Rocky Fork Farm,FY2006-07,136500.0,130.91,easement
266,1590.0,1.6933132965910214e-07,False,unmatched,SCDNR managed land,Sumter National Forest,SCDNR,fee simple,,Rocky Fork Farm,FY2006-07,136500.0,130.91,easement
267,2421.0,0.9992814912681048,False,"confirmed, name differs",TNC SC conserved lands,Rocky Point Community Forest,Winyah Rivers Foundation,fee simple,2.0,Rocky Point Landing Tr,FY2013-14,1109670.0,467.75,fee simple
268,11179.0,0.6960909064792413,True,confirmed,PAD-US,Rocky River Nature Park,Non-Governmental Organization,easement,4.0,Rocky River Nature Park,FY2012-13,75000.0,128.46,easement
268,3077.0,0.6944223311349453,True,confirmed,TNC SC conserved lands,Rocky River Nature Park,Upstate Forever,easement,3.0,Rocky River Nature Park,FY2012-13,75000.0,128.46,easement
269,9214.0,0.9998041817075696,False,"confirmed, name differs",TNC SC conserved lands,MC014 - Naturaland Trust - Parks Mill - 2016,Upper Savannah Land Trust,easement,3.0,Rocky Shoals Spider Lily Preserve,FY2015-16,100000.0,12.93,fee simple
270,8418.0,0.9974561832690668,True,confirmed,TNC SC conserved lands,Rogers Family Farm,Pee Dee Land Trust,easement,3.0,Rogers Family Farm,FY2019-20,99539.0,496.5,easement
271,11456.0,0.9865796431341224,True,confirmed,PAD-US,Rose Hill Farm Phase 1,Non-Governmental Organization,easement,4.0,Rose Hill Farm Phase 1,FY2007-08,750000.0,336.0,easement
271,2966.0,0.9986742923977834,True,confirmed,TNC SC conserved lands,Rose Hill Farm Phase 1,Upstate Forever,easement,3.0,Rose Hill Farm Phase 1,FY2007-08,750000.0,336.0,easement
271,1590.0,3.802360865126796e-05,False,unmatched,SCDNR managed land,Sumter National Forest,SCDNR,fee simple,,Rose Hill Farm Phase 1,FY2007-08,750000.0,336.0,easement
272,2128.0,0.0001763928606511,False,unmatched,TNC SC conserved lands,Rosemont Preservation Society,Rosemont Preservation Society,fee simple,2.0,Rosemont Plantation Expansion,FY2019-20,350000.0,123.82,fee simple
273,2128.0,0.9881846109828716,True,confirmed,TNC SC conserved lands,Rosemont Preservation Society,Rosemont Preservation Society,fee simple,2.0,Rosemont Preservation Society,FY2007-08,45000.0,4.5,fee simple
274,7131.0,0.9986386657646354,True,confirmed,TNC SC conserved lands,Roxbury Park Phase !!,Meggett Town Of,fee simple,4.0,Roxbury Park Phase II,FY2019-20,141000.0,55.88,fee simple
275,2727.0,0.9993648305319672,True,confirmed,TNC SC conserved lands,Royal Tract,Lowcountry Land Trust,easement,3.0,Royal Tract,FY2015-16,310450.0,1774.0,easement
276,8610.0,0.9697925726822284,False,"confirmed, name differs",TNC SC conserved lands,Tyger River Blueway,Spartanburg Area Conservancy,easement,3.0,S. Tyger River Blueways Tract,FY2019-20,140000.0,52.85,easement
277,10823.0,0.9990653832617196,True,confirmed,PAD-US,Salt Landing,Non-Governmental Organization,easement,4.0,Salt Landing,FY2007-08,217000.0,572.0,easement
277,7762.0,0.6349949729327652,True,confirmed,TNC SC conserved lands,St. Helena Estuary (Batson Hewitt) Salt Landing,The Nature Conservancy,easement,3.0,Salt Landing,FY2007-08,217000.0,572.0,easement
278,11440.0,0.999877867962338,False,"confirmed, name differs",PAD-US,Salt Point Plantation,Non-Governmental Organization,easement,4.0,Salt Point Timber Tract,FY2007-08,400000.0,1032.0,easement
278,7320.0,0.9994080285905566,False,"confirmed, name differs",TNC SC conserved lands,Salt Point Plantation,Lord Berkeley Conservation Trust,easement,3.0,Salt Point Timber Tract,FY2007-08,400000.0,1032.0,easement
279,2851.0,0.9983386422145016,False,"confirmed, name differs",TNC SC conserved lands,Tall Pines WMA,South Carolina Department of Natural Resources,fee simple,2.0,Saluda Rivers Connector (Phase 1),FY2018-19,500000.0,181.0,fee simple
279,1618.0,0.9998986370154236,False,"confirmed, name differs",SCDNR managed land,(unnamed),SCDNR,fee simple,,Saluda Rivers Connector (Phase 1),FY2018-19,500000.0,181.0,fee simple
280,2851.0,0.9979972962922912,False,"confirmed, name differs",TNC SC conserved lands,Tall Pines WMA,South Carolina Department of Natural Resources,fee simple,2.0,Saluda Rivers Connector (Phase II),FY2019-20,500000.0,181.0,fee simple
280,1618.0,0.9997402296877244,False,"confirmed, name differs",SCDNR managed land,(unnamed),SCDNR,fee simple,,Saluda Rivers Connector (Phase II),FY2019-20,500000.0,181.0,fee simple
281,7426.0,0.9997082804070928,True,confirmed,TNC SC conserved lands,Saluda Rivers Gorge,Naturaland Trust,fee simple,2.0,Saluda Rivers Gorge,FY2019-20,569988.0,225.5,fee simple
282,4791.0,0.99600867962055,False,"confirmed, name differs",TNC SC conserved lands,Samworth Farms / Plantersville Scenic By-Way,U.S. Forest Service,fee simple,2.0,Samworth Farms - McTeer Tract,FY2019-20,180000.0,39.23,fee simple
283,8179.0,0.99695139692692,True,confirmed,TNC SC conserved lands,Sanctuary Timberlands LLC,Congaree Land Trust,easement,3.0,Sanctuary Timberlands Tracts,FY2019-20,88248.0,352.99,easement
284,10480.0,0.9996292458780583,True,confirmed,PAD-US,Sand Creek Farms,Non-Governmental Organization,easement,4.0,Sand Creek Farm,FY2007-08,100000.0,217.1,easement
284,9142.0,0.99160453383464,True,confirmed,TNC SC conserved lands,Sand Creek Farms CE,Edisto Island Open Land Trust,easement,3.0,Sand Creek Farm,FY2007-08,100000.0,217.1,easement
285,12080.0,0.955554770669698,False,"confirmed, name differs",PAD-US,Us-Sc-8-31,Non-Governmental Organization,easement,4.0,Sanders Farm Tract,FY2012-13,83600.0,418.0,easement
285,1789.0,0.9577066684245514,True,confirmed,TNC SC conserved lands,Sanders Farm,Ducks Unlimited,easement,3.0,Sanders Farm Tract,FY2012-13,83600.0,418.0,easement
286,3092.0,0.9711713962616392,True,confirmed,TNC SC conserved lands,Sandy Run Forest,Upstate Forever,easement,3.0,Sandy Run Forest,FY2019-20,155000.0,237.3,easement
287,10606.0,0.9999331853789168,False,"confirmed, name differs",PAD-US,Santee Bottomlands,Non-Governmental Organization,easement,4.0,Santee Bottomlands Preserve,FY2015-16,1014000.0,2276.64,easement
287,7340.0,0.9995547597780056,False,"confirmed, name differs",TNC SC conserved lands,Santee Bottomlands,Lord Berkeley Conservation Trust,easement,3.0,Santee Bottomlands Preserve,FY2015-16,1014000.0,2276.64,easement
288,11154.0,0.0020918134708322,False,unmatched,PAD-US,Santee Dam Wildlife Management Area,Other or Unknown State Land,fee simple,2.0,Santee River Tract,FY2013-14,2167750.0,8517.0,easement
288,2702.0,0.5322360471493305,True,confirmed,TNC SC conserved lands,Eastern Santee River Tract,Lowcountry Land Trust,easement,3.0,Santee River Tract,FY2013-14,2167750.0,8517.0,easement
288,1165.0,0.0010502150596194,False,unmatched,SCDNR managed land,Santee Dam WMA,SCDNR,fee simple,,Santee River Tract,FY2013-14,2167750.0,8517.0,easement
289,7351.0,0.9982417962200844,True,confirmed,TNC SC conserved lands,Scotswood,Lord Berkeley Conservation Trust,easement,3.0,Scotswood,FY2018-19,359290.0,3590.2,easement
290,8419.0,0.5267369104518547,True,confirmed,TNC SC conserved lands,Scottland Road Tract,Pee Dee Land Trust,easement,3.0,Scottland Road Tract,FY2019-20,60000.0,95.0,fee simple
291,8138.0,0.9628693930743027,False,"confirmed, name differs",TNC SC conserved lands,SC Waterfowl Association,Congaree Land Trust,easement,3.0,SCWA Tract,FY2013-14,390000.0,390.0,easement
292,10808.0,0.5876318585763125,False,"confirmed, name differs",PAD-US,Segars Conservation Easement,Non-Governmental Organization,easement,4.0,Segars Mill Pond Tract,FY2006-07,2443389.0,533.88,easement
292,8351.0,0.5868974017928403,True,confirmed,TNC SC conserved lands,Segars Mill POnd,Pee Dee Land Trust,easement,3.0,Segars Mill Pond Tract,FY2006-07,2443389.0,533.88,easement
292,665.0,0.0028508743266166,False,unmatched,SCDNR managed land,Segars-McKinnon Heritage Preserve,SCDNR,fee simple,,Segars Mill Pond Tract,FY2006-07,2443389.0,533.88,easement
293,2832.0,0.9924483296552806,True,confirmed,TNC SC conserved lands,Seven Oaks,Lowcountry Land Trust,easement,3.0,Seven Oaks Tract,FY2015-16,525000.0,106.2,easement
294,11622.0,0.9996341771270228,True,confirmed,PAD-US,Shinco Chauga,Non-Governmental Organization,easement,4.0,Shinco Chauga Tract,FY2012-13,402000.0,402.0,easement
294,2958.0,0.9987174221492868,True,confirmed,TNC SC conserved lands,Shinco Chauga,Upstate Forever,easement,3.0,Shinco Chauga Tract,FY2012-13,402000.0,402.0,easement
295,11374.0,0.0184182483706722,False,unmatched,PAD-US,"Wetlands Reserve Program (WRP), Aiken, SC",Natural Resources Conservation Service,easement,2.0,Silver Bluff Audubon Center and Sanctuary,FY2015-16,812608.0,3250.43,easement
295,2831.0,0.9813994984164026,True,confirmed,TNC SC conserved lands,Silver Bluff Audubon Center and Sanctuary,Lowcountry Land Trust,easement,3.0,Silver Bluff Audubon Center and Sanctuary,FY2015-16,812608.0,3250.43,easement
296,2689.0,0.996012252442128,True,confirmed,TNC SC conserved lands,Simkins River Farm,Lowcountry Land Trust,easement,3.0,Simkins River Farm,FY2013-14,523600.0,2617.0,easement
297,10062.0,0.00155768257792,False,unmatched,PAD-US,Manchester State Forest,State Department of Land,fee simple,3.0,"Simmons, Kenneth Tract (Birchwood Farms)",FY2012-13,364500.0,405.5,easement
297,8295.0,0.9989081864841182,False,"confirmed, name differs",TNC SC conserved lands,Birchwood Farms,Congaree Land Trust,easement,3.0,"Simmons, Kenneth Tract (Birchwood Farms)",FY2012-13,364500.0,405.5,easement
297,1130.0,0.0011471873726995,False,unmatched,SCDNR managed land,Manchester State Forest,SCDNR,fee simple,,"Simmons, Kenneth Tract (Birchwood Farms)",FY2012-13,364500.0,405.5,easement
298,7478.0,0.9990284810761006,False,"confirmed, name differs",TNC SC conserved lands,"Coosawhatchie River (Chilton Timber & Land Co., LLC) Buckfield",South Carolina Department of Natural Resources,fee simple,2.0,Slater Duck Ponds,FY2021-22,1678670.0,335.62,fee simple
299,7233.0,0.9998931560821273,True,confirmed,TNC SC conserved lands,Smith Ford Farm,Nation Ford Land Trust,easement,3.0,Smith Ford Farm,FY2020-21,321472.0,446.32,easement
300,9950.0,0.9990078687629173,True,confirmed,PAD-US,"Sosnowski, LLC",Non-Governmental Organization,easement,4.0,Sosnowski Property,FY2006-07,150000.0,178.0,easement
300,2465.0,0.9867759984159088,True,confirmed,TNC SC conserved lands,"Sosnowski Properties, LLC Property",Lowcountry Land Trust,easement,3.0,Sosnowski Property,FY2006-07,150000.0,178.0,easement
301,12181.0,0.7687760083414386,False,"confirmed, name differs",PAD-US,Us-Sc-1-17,Non-Governmental Organization,easement,4.0,South Fenwick Island Tract,FY2015-16,500000.0,400.94,fee simple
301,7079.0,0.8226346726591467,True,confirmed,TNC SC conserved lands,South Fenwick Island,South Carolina Department of Natural Resources,fee simple,2.0,South Fenwick Island Tract,FY2015-16,500000.0,400.94,fee simple
301,1500.0,0.8233953280643462,True,confirmed,SCDNR managed land,South Fenwick Island,SCDNR,fee simple,,South Fenwick Island Tract,FY2015-16,500000.0,400.94,fee simple
302,12117.0,0.9953641510210972,False,"confirmed, name differs",PAD-US,Jones Tree Farm,Non-Governmental Organization,easement,4.0,South Saluda Trout Fishing (Jones Tree Farm),FY2013-14,97000.0,27.45,fee simple
302,8695.0,0.9893917919307904,False,"confirmed, name differs",TNC SC conserved lands,Jones Tree Farm,South Carolina Department of Natural Resources,fee simple,2.0,South Saluda Trout Fishing (Jones Tree Farm),FY2013-14,97000.0,27.45,fee simple
303,2443.0,0.9477027892907668,True,confirmed,TNC SC conserved lands,Southern Property,Lowcountry Land Trust,easement,3.0,Southern Property,FY2013-14,21600.0,108.0,easement
304,12323.0,0.9906744206587408,False,"confirmed, name differs",PAD-US,Us-Sc-1-57,Non-Governmental Organization,easement,4.0,Spring Grove Tract,FY2014-15,478000.0,638.0,easement
304,2094.0,0.9947473538496008,True,confirmed,TNC SC conserved lands,Spring Grove,Charleston County Park And Recreation Commission,fee simple,3.0,Spring Grove Tract,FY2014-15,478000.0,638.0,easement
305,3099.0,0.995063495881094,True,confirmed,TNC SC conserved lands,Spring Park,Upstate Forever,easement,3.0,Spring Park,FY2020-21,300000.0,20.44,fee simple
306,11947.0,2.991670961414966e-06,False,unmatched,PAD-US,Blue Wall Tract,Non-Governmental Organization,easement,4.0,Stateline Blue Ridge Tract,FY2018-19,135000.0,28.21,fee simple
306,2741.0,0.6826741395862598,False,"confirmed, name differs",TNC SC conserved lands,Hartman Tract,Naturaland Trust,fee simple,2.0,Stateline Blue Ridge Tract,FY2018-19,135000.0,28.21,fee simple
307,2703.0,0.9893880292917976,True,confirmed,TNC SC conserved lands,Still Branch Plantation,Lowcountry Land Trust,easement,3.0,Still Branch Plantation,FY2014-15,10400.0,52.0,easement
308,10107.0,4.345142195226263e-05,False,unmatched,PAD-US,Matthews Tract,Other or Unknown State Land,fee simple,2.0,Stuck 2020 Property,FY2019-20,347554.0,2700.0,easement
308,7240.0,0.7266831120355289,False,"confirmed, name differs",TNC SC conserved lands,Stuck/Flying King Ranch,Nation Ford Land Trust,easement,3.0,Stuck 2020 Property,FY2019-20,347554.0,2700.0,easement
309,9774.0,0.9995134652234272,True,confirmed,PAD-US,Stumphouse Mountain,City Land,fee simple,2.0,Stumphouse Mountain,FY2006-07,1227150.0,439.6,fee simple
309,2960.0,0.9988634941019436,True,confirmed,TNC SC conserved lands,Stumphouse Mountain,Upstate Forever,easement,3.0,Stumphouse Mountain,FY2006-07,1227150.0,439.6,fee simple
309,1616.0,1.1856672044008816e-05,False,unmatched,SCDNR managed land,Stumphouse Mountain Heritage Preserve / Wildlife Management Area,SCDNR,fee simple,,Stumphouse Mountain,FY2006-07,1227150.0,439.6,fee simple
310,12210.0,0.0082965702946976,False,unmatched,PAD-US,Sumter National Forest,Forest Service,fee simple,3.0,Stumphouse Mountain Expansion,FY2019-20,898527.0,791.8,fee simple
310,7134.0,0.99867121214858,True,confirmed,TNC SC conserved lands,Stumphouse Mountain Expansion,South Carolina Department of Natural Resources,fee simple,2.0,Stumphouse Mountain Expansion,FY2019-20,898527.0,791.8,fee simple
310,1000.0,0.9761326722707844,False,"confirmed, name differs",SCDNR managed land,Stumphouse Mountain Heritage Preserve / Wildlife Management Area,SCDNR,fee simple,,Stumphouse Mountain Expansion,FY2019-20,898527.0,791.8,fee simple
311,10062.0,0.0108137826039223,False,unmatched,PAD-US,Manchester State Forest,State Department of Land,fee simple,3.0,Sumter Wateree Tract,FY2012-13,937250.0,3749.0,easement
311,8296.0,0.9975556761840498,True,confirmed,TNC SC conserved lands,Sumter Wateree Hunt Club,Congaree Land Trust,easement,3.0,Sumter Wateree Tract,FY2012-13,937250.0,3749.0,easement
311,1145.0,0.0111579995212003,False,unmatched,SCDNR managed land,Manchester State Forest,SCDNR,fee simple,,Sumter Wateree Tract,FY2012-13,937250.0,3749.0,easement
312,2078.0,0.9931606255724108,False,"confirmed, name differs",TNC SC conserved lands,Repetto Property,Naturaland Trust,fee simple,2.0,Swamp Rabbit Trail Ext. (North Saluda River Tract),FY2012-13,140000.0,49.2,fee simple
313,10832.0,0.0001137866273204,False,unmatched,PAD-US,Townes/S. Saluda,Non-Governmental Organization,easement,4.0,Tall Pines Tract,FY2015-16,3000000.0,1757.0,fee simple
313,7492.0,0.9878109224052534,True,confirmed,TNC SC conserved lands,Tall Pines WMA,South Carolina Department of Natural Resources,fee simple,2.0,Tall Pines Tract,FY2015-16,3000000.0,1757.0,fee simple
313,1256.0,0.9990837062599734,True,confirmed,SCDNR managed land,Tall Pines WMA,SCDNR,fee simple,,Tall Pines Tract,FY2015-16,3000000.0,1757.0,fee simple
314,8173.0,0.6625049710602395,True,confirmed,TNC SC conserved lands,Ten Oaks Timberland LLC,Congaree Land Trust,easement,3.0,Ten Oaks Timberlands Tract,FY2015-16,31356.0,104.52,easement
315,10570.0,0.948281812859487,False,"confirmed, name differs",PAD-US,Grimke/Terry Andrews,Non-Governmental Organization,easement,4.0,Terry Andrews,FY2007-08,761805.0,1539.0,easement
315,7316.0,0.9478271153562908,False,"confirmed, name differs",TNC SC conserved lands,Grimke/Terry Andrews,Lord Berkeley Conservation Trust,easement,3.0,Terry Andrews,FY2007-08,761805.0,1539.0,easement
316,2742.0,0.9960447650069773,False,"confirmed, name differs",TNC SC conserved lands, ,"South Carolina Department of Parks, Recreation and Tourism",fee simple,3.0,The Furman Face Property (Phase II),FY2016-17,450000.0,65.0,fee simple
317,12210.0,6.518898914088464e-06,False,unmatched,PAD-US,Sumter National Forest,Forest Service,fee simple,3.0,Thompson J. Bradford Property/Timberhaven,FY2007-08,215000.0,878.0,easement
317,9325.0,0.9866136232538,False,"confirmed, name differs",TNC SC conserved lands,ED004/6/8/SA005/15 - Brad Thompson - Timberhaven-All - 2022,Upper Savannah Land Trust,easement,3.0,Thompson J. Bradford Property/Timberhaven,FY2007-08,215000.0,878.0,easement
317,1398.0,0.0024719350548639,False,unmatched,SCDNR managed land,Sumter National Forest,SCDNR,fee simple,,Thompson J. Bradford Property/Timberhaven,FY2007-08,215000.0,878.0,easement
318,10704.0,0.000787525197852,False,unmatched,PAD-US,Francis Marion National Forest,Forest Service,fee simple,3.0,Thornhill Farms Tract,FY2014-15,163400.0,98.2,fee simple
318,7460.0,0.9980953675206746,True,confirmed,TNC SC conserved lands,Thornhill Farm,Lowcountry Land Trust,easement,3.0,Thornhill Farms Tract,FY2014-15,163400.0,98.2,fee simple
318,1334.0,0.0011108087946063,False,unmatched,SCDNR managed land,Francis Marion National Forest,SCDNR,fee simple,,Thornhill Farms Tract,FY2014-15,163400.0,98.2,fee simple
319,11944.0,0.0081971080991093,False,unmatched,PAD-US,Us-Sc-1-10,Non-Governmental Organization,easement,4.0,Ti Ti Plantation,FY2013-14,231625.0,1853.0,easement
319,7812.0,0.9990875774299556,False,"confirmed, name differs",TNC SC conserved lands,St. Helena Estuary (Cummings) Ti Ti,The Nature Conservancy,easement,3.0,Ti Ti Plantation,FY2013-14,231625.0,1853.0,easement
320,10704.0,0.9471273982500856,False,"confirmed, name differs",PAD-US,Francis Marion National Forest,Forest Service,fee simple,3.0,Tibwin Tract,FY2006-07,500000.0,900.17,fee simple
320,3469.0,0.9472926388816008,False,"confirmed, name differs",TNC SC conserved lands,THE NATURE CONSERVANCY (TIBWIN),U.S. Forest Service,fee simple,2.0,Tibwin Tract,FY2006-07,500000.0,900.17,fee simple
320,1358.0,0.5981179003692988,False,"confirmed, name differs",SCDNR managed land,Francis Marion National Forest,SCDNR,fee simple,,Tibwin Tract,FY2006-07,500000.0,900.17,fee simple
321,12210.0,0.0023827739406908,False,unmatched,PAD-US,Sumter National Forest,Forest Service,fee simple,3.0,Timberhaven (Thompson II),FY2016-17,132500.0,516.64,easement
321,9325.0,0.997730059215034,True,confirmed,TNC SC conserved lands,ED004/6/8/SA005/15 - Brad Thompson - Timberhaven-All - 2022,Upper Savannah Land Trust,easement,3.0,Timberhaven (Thompson II),FY2016-17,132500.0,516.64,easement
321,1329.0,0.0026238861906845,False,unmatched,SCDNR managed land,Sumter National Forest,SCDNR,fee simple,,Timberhaven (Thompson II),FY2016-17,132500.0,516.64,easement
322,9857.0,0.9301270891979184,False,"confirmed, name differs",PAD-US,"Farm and Ranch Lands Protection Program (FRPP), Oconee, SC",Natural Resources Conservation Service,easement,4.0,Tokeena Crossroads,FY2006-07,2695745.0,1107.87,easement
322,2073.0,0.9430218103742676,True,confirmed,TNC SC conserved lands,Tokeena Crossroads,Oconee County Soil And Water Conservation District,easement,3.0,Tokeena Crossroads,FY2006-07,2695745.0,1107.87,easement
323,10208.0,5.4305152468980976e-06,False,unmatched,PAD-US,Corner Lake Boat Landing,County Land,fee simple,4.0,Tom's Branch,FY2015-16,155250.0,575.0,easement
323,2720.0,0.9583782407063168,True,confirmed,TNC SC conserved lands,Tom's Branch,Lowcountry Land Trust,easement,3.0,Tom's Branch,FY2015-16,155250.0,575.0,easement
324,9097.0,0.9353839246904898,True,confirmed,TNC SC conserved lands,Toole,Aiken Land Conservancy,easement,3.0,Toole Tract,FY2007-08,250000.0,349.39,easement
325,9889.0,0.003430259106783,False,unmatched,PAD-US,Watson-Cooper Heritage Preserve / Wildlife Management Area,State Department of Natural Resources,fee simple,2.0,Top of South Carolina Tract,FY2015-16,550000.0,66.5,fee simple
325,2413.0,0.9923845960934856,False,"confirmed, name differs",TNC SC conserved lands,Upper Reedy River Floodplain Willoughby Crown,Naturaland Trust,fee simple,2.0,Top of South Carolina Tract,FY2015-16,550000.0,66.5,fee simple
325,812.0,0.0005611443928583,False,unmatched,SCDNR managed land,Watson-Cooper Heritage Preserve / Wildlife Management Area,SCDNR,fee simple,,Top of South Carolina Tract,FY2015-16,550000.0,66.5,fee simple
326,10832.0,0.9914997654235485,True,confirmed,PAD-US,Townes/S. Saluda,Non-Governmental Organization,easement,4.0,Townes/S. Saluda,FY2005-06,965000.0,585.61,easement
326,8817.0,0.9959253624585306,True,confirmed,TNC SC conserved lands,Townes Tract,Upstate Forever,easement,3.0,Townes/S. Saluda,FY2005-06,965000.0,585.61,easement
326,1256.0,7.104672222918799e-05,False,unmatched,SCDNR managed land,Tall Pines WMA,SCDNR,fee simple,,Townes/S. Saluda,FY2005-06,965000.0,585.61,easement
327,8260.0,0.9342220628238171,True,confirmed,TNC SC conserved lands,Van Watts Tract,Congaree Land Trust,easement,3.0,Van Watts Tract,FY2013-14,362338.0,724.67,easement
328,10712.0,0.9337688685685624,True,confirmed,PAD-US,Velma Johnson Tract,Regional Water Districts,easement,4.0,Velma Johnson Tract,FY2004-05,179400.0,34.0,easement
328,2129.0,0.9306482119608158,False,"confirmed, name differs",TNC SC conserved lands,Velma Johnston Tract,Horry County Soil And Water Conservation District,easement,3.0,Velma Johnson Tract,FY2004-05,179400.0,34.0,easement
329,8402.0,0.9693438223384488,False,"confirmed, name differs",TNC SC conserved lands,Homeplace Farm,Pee Dee Land Trust,easement,3.0,Wallace Farm,FY2016-17,100000.0,347.67,easement
330,10125.0,0.9506167404280704,True,confirmed,PAD-US,Rainey Walters,Regional Water Districts,easement,4.0,"Walters, Rainey",FY2007-08,71250.0,80.7,easement
330,7988.0,0.9520939772475993,False,"confirmed, name differs",TNC SC conserved lands,"Farm and Ranch Lands Protection Program (FRPP), Oconee, SC",U.S. Natural Resources Conservation Service,easement,3.0,"Walters, Rainey",FY2007-08,71250.0,80.7,easement
331,10314.0,0.9983215019999472,True,confirmed,PAD-US,Wambaw Tract,City Land,fee simple,4.0,Wambaw Tract,FY2006-07,250000.0,100.01,fee simple
331,7711.0,0.9913209993041312,True,confirmed,TNC SC conserved lands,Francis Marion (Brick Church fka Village Museum) Mead 4 Wambaw,The Nature Conservancy,easement,3.0,Wambaw Tract,FY2006-07,250000.0,100.01,fee simple
332,8592.0,0.7201563904075017,False,"confirmed, name differs",TNC SC conserved lands,Upstate Forever #37,Upstate Forever,easement,3.0,Waterloo Tract,FY2006-07,289450.0,406.0,easement
333,9689.0,0.0004307693332318,False,unmatched,PAD-US,"Wetlands Reserve Program (WRP), Allendale, SC",Natural Resources Conservation Service,easement,2.0,Westervelt Timber,FY2014-15,2483600.0,12418.0,easement
333,7872.0,0.8448060171557163,False,"confirmed, name differs",TNC SC conserved lands,"Savannah River and Uplands (Westervelt Land & Timber Co, LLC)",The Nature Conservancy,easement,3.0,Westervelt Timber,FY2014-15,2483600.0,12418.0,easement
334,11296.0,0.952083871302542,False,"confirmed, name differs",PAD-US,Ashmore Heritage Preserve / Wildlife Management Area,State Department of Natural Resources,fee simple,2.0,Whaley Property,FY2007-08,200000.0,94.2,fee simple
334,6956.0,0.9521480822224504,False,"confirmed, name differs",TNC SC conserved lands,Ashmore Heritage Preserve / Wildlife Management Area,South Carolina Department of Natural Resources,fee simple,2.0,Whaley Property,FY2007-08,200000.0,94.2,fee simple
334,751.0,0.9537682256389972,False,"confirmed, name differs",SCDNR managed land,Ashmore Heritage Preserve / Wildlife Management Area,SCDNR,fee simple,,Whaley Property,FY2007-08,200000.0,94.2,fee simple
335,8332.0,0.825671068432336,False,"confirmed, name differs",TNC SC conserved lands,Belfast Wildlife Management Area,South Carolina Department of Natural Resources,fee simple,2.0,White Plains Tract,FY2020-21,275000.0,121.58,fee simple
336,8116.0,0.9599172654995216,True,confirmed,TNC SC conserved lands,Wild Turkey Creek,Congaree Land Trust,easement,3.0,Wild Turkey Creek Tract,FY2019-20,74232.0,329.92,easement
337,10995.0,0.0549117502527796,False,unmatched,PAD-US,Hickory Top Wildlife Management Area,Other or Unknown State Land,fee simple,2.0,Williamson Farm Tract,FY2012-13,63000.0,63.4,easement
337,8144.0,0.9924608888862504,True,confirmed,TNC SC conserved lands,Williamson Farm - Kakis Cabin,Congaree Land Trust,easement,3.0,Williamson Farm Tract,FY2012-13,63000.0,63.4,easement
337,1168.0,0.0544802824319123,False,unmatched,SCDNR managed land,Hickory Top WMA,SCDNR,fee simple,,Williamson Farm Tract,FY2012-13,63000.0,63.4,easement
338,7695.0,0.999008152528327,False,"confirmed, name differs",TNC SC conserved lands,Willlow Lake,Lowcountry Land Trust,easement,3.0,Willow Lake (Bamberg Tract),FY2019-20,278000.0,1373.12,easement
339,8139.0,0.9836293437316116,False,"confirmed, name differs",TNC SC conserved lands,Willow Oak Gun Club,Congaree Land Trust,easement,3.0,Willow Oaks Tract,FY2012-13,195000.0,195.06,easement
340,7904.0,0.9979431222000869,False,"confirmed, name differs",TNC SC conserved lands,St. Helena Estuary (Knox) Willtown Uplands,The Nature Conservancy,easement,3.0,Willtown (Knox) - ACE Basin,FY2020-21,250000.0,2101.27,easement
341,7994.0,0.9999999387348382,True,confirmed,TNC SC conserved lands,Wilson and Willson,South Carolina Forestry Commission,fee simple,2.0,Wilson and Willson,FY2015-16,100000.0,81.9,fee simple
341,1144.0,7.090515689007689e-06,False,unmatched,SCDNR managed land,Manchester State Forest,SCDNR,fee simple,,Wilson and Willson,FY2015-16,100000.0,81.9,fee simple
342,2473.0,0.9836623193139424,False,"confirmed, name differs",TNC SC conserved lands,Winborn Asa Lawton Plantation,Lowcountry Land Trust,easement,3.0,Winborn a/s/a Lawton Plantation,FY2007-08,262800.0,1314.0,easement
343,10830.0,0.9885760748236676,True,confirmed,PAD-US,Woodbury Wildlife Management Area,State Department of Natural Resources,fee simple,2.0,Woodbury Tract,FY2005-06,5000000.0,25668.0,fee simple
343,6890.0,0.9885768099736087,True,confirmed,TNC SC conserved lands,Woodbury Wildlife Management Area,South Carolina Department of Natural Resources,fee simple,2.0,Woodbury Tract,FY2005-06,5000000.0,25668.0,fee simple
343,662.0,0.9885483394353842,True,confirmed,SCDNR managed land,Woodbury Wildlife Management Area,SCDNR,fee simple,,Woodbury Tract,FY2005-06,5000000.0,25668.0,fee simple
344,2705.0,0.9974513011865462,True,confirmed,TNC SC conserved lands,Yem Tract,Lowcountry Land Trust,easement,3.0,Yem Tract,FY2015-16,108750.0,435.0,easement
345,7483.0,0.999940831951453,True,confirmed,TNC SC conserved lands,Altamont Ridge,"South Carolina Department of Parks, Recreation and Tourism",fee simple,3.0,Altamont Ridge,FY2021-22,90000.0,9.56,fee simple
346,7476.0,0.9638387467738848,True,confirmed,TNC SC conserved lands,Calico Vineyard,Upstate Forever,easement,3.0,Calico Vineyard,FY2021-22,225000.0,112.54,easement
347,7434.0,0.9979240568229316,True,confirmed,TNC SC conserved lands,Combahee Scott,Open Land Trust,easement,3.0,Combahee Scott,FY2021-22,79620.0,209.0,easement
348,8824.0,0.98032493776423,True,confirmed,TNC SC conserved lands,Gobblers Roost A,Upstate Forever,easement,3.0,Gobblers Roost,FY2021-22,393506.0,1020.08,easement
349,8606.0,0.995474989469068,True,confirmed,TNC SC conserved lands,Graham,Spartanburg Area Conservancy,fee simple,2.0,Graham Family Tract,FY2021-22,242000.0,20.7,fee simple
350,7423.0,0.999839426473141,True,confirmed,TNC SC conserved lands,Green Creek,Naturaland Trust,fee simple,2.0,Green Creek on Scenic 11,FY2021-22,90000.0,16.22,fee simple
351,7424.0,0.9998198821638064,True,confirmed,TNC SC conserved lands,River Falls,"South Carolina Department of Parks, Recreation and Tourism",fee simple,3.0,River Falls,FY2021-22,650000.0,170.97,fee simple
352,7359.0,0.9980437428928918,True,confirmed,TNC SC conserved lands,Wall Farm,Lord Berkeley Conservation Trust,easement,3.0,Wall Farm,FY2021-22,29169.0,97.23,easement
353,7470.0,0.9966227534064012,True,confirmed,TNC SC conserved lands,Whetstone Hill,Upstate Forever,easement,3.0,Whetstone Hill,FY2021-22,34500.0,38.12,easement
354,8981.0,0.930808678949264,False,"confirmed, name differs",TNC SC conserved lands,Hobkirk Hill (2) Kirkwood Hotel Site (Noskwith),"South Carolina Battleground Preservation Trust, Inc.",fee simple,2.0,Battle of Hobkirk's Hill - Liberty Trail (Noskwith),FY2021-22,148500.0,5.12,fee simple
355,,,,unmatched,,,,,,Historic Crawford Mill Property,FY2021-22,250000.0,40.09,fee simple
356,8426.0,0.996488424302056,True,confirmed,TNC SC conserved lands,YLASI,Pee Dee Land Trust,easement,3.0,YLASI Property,FY2021-22,150000.0,315.42,easement
357,9224.0,0.9955955704381418,False,"confirmed, name differs",TNC SC conserved lands,GR054 - Scott & Sharon Turner - Turner Farms - Epworth - 2022,Upper Savannah Land Trust,easement,3.0,Mays-Epworth Conservation Area (Turner),FY2021-22,86500.0,216.25,easement
358,8427.0,0.9868980415827542,True,confirmed,TNC SC conserved lands,Watson Farm,Pee Dee Land Trust,easement,3.0,Watson Farm,FY2021-22,235000.0,701.74,easement
359,7442.0,0.9976536052467035,False,"confirmed, name differs",TNC SC conserved lands,Woodend Farm,Nation Ford Land Trust,easement,3.0,Woodsend Park and Open Space,FY2021-22,1000000.0,86.32,fee simple
360,11214.0,6.410085066714458e-05,True,unmatched,PAD-US,Good Hope,County Land,fee simple,4.0,Good Hope Landing Tract,FY2021-22,170000.0,148.0,fee simple
360,3118.0,0.999999876280588,False,"confirmed, name differs",TNC SC conserved lands,WNL Tract aka Lightsey/Good Hope/Edisto,South Carolina Department of Natural Resources,fee simple,2.0,Good Hope Landing Tract,FY2021-22,170000.0,148.0,fee simple
361,8493.0,0.9903788237080816,False,"confirmed, name differs",TNC SC conserved lands,Bunched Arrowhead Heritage Preserve,South Carolina Department of Natural Resources,fee simple,2.0,Core Bunched Arrowhead Preserve,FY2019-20,40000.0,16.72,fee simple
362,7995.0,0.9999999635592004,True,confirmed,TNC SC conserved lands,Bobwhite Hills,Pheasants Forever & Quail Forever,fee simple,2.0,Bobwhite Hills,FY2021-22,850000.0,773.99,fee simple
362,995.0,0.0001952650591153,False,unmatched,SCDNR managed land,Unnamed WMA,SCDNR,fee simple,,Bobwhite Hills,FY2021-22,850000.0,773.99,fee simple
363,8939.0,0.9999985513961354,False,"confirmed, name differs",TNC SC conserved lands,Hobkirk Hill (1) Spring Site (Condor),"South Carolina Battleground Preservation Trust, Inc.",fee simple,2.0,Liberty Trail - Battle of Hobkirk's Hill (Conder Property),FY2021-22,75000.0,1.72,fee simple
364,,,,unmatched,,,,,,Piedmont Manufacturing Company YWCA,FY2021-22,76500.0,0.7,fee simple
365,10418.0,0.001747530053794,False,unmatched,PAD-US,Us-Sc-1-30,Non-Governmental Organization,easement,4.0,River Swamp Tract,FY2021-22,345000.0,1017.5,easement
365,7701.0,0.999190544694808,True,confirmed,TNC SC conserved lands,River Swamp,Open Land Trust,easement,3.0,River Swamp Tract,FY2021-22,345000.0,1017.5,easement
366,12413.0,0.0007954595836931,False,unmatched,PAD-US,Us-Sc-4-7,Non-Governmental Organization,easement,4.0,Santee Island (Santee Delta WMA Addition),FY2021-22,850000.0,1862.0,fee simple
366,7304.0,0.9991676699963652,True,confirmed,TNC SC conserved lands,Santee Island,South Carolina Department of Natural Resources,fee simple,2.0,Santee Island (Santee Delta WMA Addition),FY2021-22,850000.0,1862.0,fee simple
367,7959.0,0.9979829006282522,True,confirmed,TNC SC conserved lands,Toner Tract,Lord Berkeley Conservation Trust,easement,3.0,Toner Tract,FY2021-22,84068.0,336.27,easement
368,7956.0,0.9999271971388144,True,confirmed,TNC SC conserved lands,Cedar Mountain,Naturaland Trust,fee simple,2.0,Cedar Mountain,FY2021-22,500000.0,141.0,fee simple
369,9905.0,0.0050402499815813,False,unmatched,PAD-US,Kolb Property,Non-Governmental Organization,easement,4.0,Tyger River Confluence,FY2021-22,157500.0,200.78,easement
369,8811.0,0.918719084128776,False,"confirmed, name differs",TNC SC conserved lands,Tyger River Confluence at Nesbitt Shoals,Upstate Forever,easement,3.0,Tyger River Confluence,FY2021-22,157500.0,200.78,easement
370,8221.0,0.9918207184952154,False,"confirmed, name differs",TNC SC conserved lands,Guild Tract,Congaree Land Trust,easement,3.0,North Fork Edisto Tract,FY2021-22,49950.0,36.71,easement
371,7957.0,0.9999999943171416,True,confirmed,TNC SC conserved lands,Berkeley Orchard,Clemson City Of,fee simple,4.0,Berkeley Orchard,FY2022-23,162500.0,4.41,fee simple
372,7958.0,0.9978392502852502,True,confirmed,TNC SC conserved lands,Fishing Creek Tract,Nation Ford Land Trust,easement,3.0,Fishing Creek Tract,FY2022-23,125000.0,110.48,easement
373,9041.0,0.8101881011914346,True,confirmed,TNC SC conserved lands,Soapstone Baptists Church,Upstate Forever,easement,3.0,Soapstone Church,FY2022-23,20000.0,6.45,easement
374,9438.0,2.181150446518148e-05,False,unmatched,PAD-US,Bear Island Wildlife Management Area,State Department of Natural Resources,fee simple,2.0,ACE Basin: St. Helena Estuary (Cummings) Ti Ti 2,FY2022-23,215000.0,1742.0,easement
374,7907.0,0.9991206145325652,False,"confirmed, name differs",TNC SC conserved lands,St. Helena Estuary (Cummings Trust) Ti Ti 2,The Nature Conservancy,easement,3.0,ACE Basin: St. Helena Estuary (Cummings) Ti Ti 2,FY2022-23,215000.0,1742.0,easement
374,778.0,2.5810127944887742e-05,False,unmatched,SCDNR managed land,Bear Island Wildlife Management Area,SCDNR,fee simple,,ACE Basin: St. Helena Estuary (Cummings) Ti Ti 2,FY2022-23,215000.0,1742.0,easement
375,10119.0,0.001491126887773,False,unmatched,PAD-US,Glendale Shoals Preserve,Non-Governmental Organization,easement,4.0,Historic Glendale Mill,FY2022-23,785000.0,16.49,fee simple
375,8605.0,0.9997690394929654,False,"confirmed, name differs",TNC SC conserved lands,Glendale Mills,Spartanburg Area Conservancy,fee simple,2.0,Historic Glendale Mill,FY2022-23,785000.0,16.49,fee simple
376,7928.0,0.9999999957111286,True,confirmed,TNC SC conserved lands,Oakville-Burden Creek,Lowcountry Land Trust,easement,3.0,Oakville / Burden Creek,FY2022-23,500000.0,90.16,easement
377,11001.0,0.0074159511313909,False,unmatched,PAD-US,Private 416,Non-Governmental Organization,easement,4.0,Hazelwood Farm,FY2022-23,78050.0,178.1,easement
377,2058.0,0.0101350457853873,False,unmatched,TNC SC conserved lands,Rocky Creek Plantation - Montrose,North American Land Trust,easement,3.0,Hazelwood Farm,FY2022-23,78050.0,178.1,easement
378,8429.0,0.9871843778715385,True,confirmed,TNC SC conserved lands,Newton Farm,Pee Dee Land Trust,easement,3.0,Newton Farm,FY2022-23,250000.0,563.47,easement
379,7908.0,0.9978399170848516,False,"confirmed, name differs",TNC SC conserved lands,Black River State Park - High Bluffs,"South Carolina Department of Parks, Recreation and Tourism",fee simple,3.0,"Black River (Camel, LLC) Park Ranger Tract",FY2022-23,1200000.0,162.93,fee simple
380,8000.0,0.9968508844366036,True,confirmed,TNC SC conserved lands,Robert Carter Homestead,Nation Ford Land Trust,easement,3.0,Carter Property,FY2022-23,110000.0,46.0,easement
381,11235.0,0.0002932701721461,False,unmatched,PAD-US,Paris Mountain State Park,State Park and Recreation,fee simple,4.0,Shiloh Ridge at Paris Mountain,FY2022-23,750000.0,149.88,fee simple
381,2993.0,0.9971389239394152,True,confirmed,TNC SC conserved lands,Hughes/Shiloh Ridge Paris Mountain,"South Carolina Department of Parks, Recreation and Tourism",fee simple,3.0,Shiloh Ridge at Paris Mountain,FY2022-23,750000.0,149.88,fee simple
382,7942.0,0.9148475388530384,True,confirmed,TNC SC conserved lands,Waites Island,Open Space Institute,fee simple,2.0,Waites Island,FY2022-23,4000000.0,259.25,fee simple
383,,,,unmatched,,,,,,Curryton Academy Park,FY2022-23,27565.0,0.37,fee simple
384,7903.0,0.9988188082144328,False,"confirmed, name differs",TNC SC conserved lands,Black River State Park - Indigo Crossing,"South Carolina Department of Parks, Recreation and Tourism",fee simple,3.0,Black River State Park: Sims Reach (Colonial Properties),FY2022-23,300000.0,143.22,fee simple
385,7302.0,0.9999999813947646,True,confirmed,TNC SC conserved lands,Great Santee Swamp,South Carolina Forestry Commission,fee simple,2.0,Great Santee Swamp,FY2022-23,649000.0,2114.95,fee simple
386,7303.0,0.9671789511212447,False,"confirmed, name differs",TNC SC conserved lands,Dawhoo Lake-Wadmacon,South Carolina Forestry Commission,fee simple,2.0,Santee River - Dawhoo and Wadmacon Creek Tract,FY2022-23,645000.0,1742.55,fee simple
387,8078.0,0.9995943454614948,True,confirmed,TNC SC conserved lands,Blackwell Farm,Upstate Forever,easement,3.0,Blackwell Farm,FY2022-23,137500.0,50.28,easement
388,10131.0,0.0032231650938976,False,unmatched,PAD-US,Jocassee Gorges,State Department of Natural Resources,fee simple,2.0,Eastatoe Headwaters,FY2022-23,45000.0,26.61,easement
388,8773.0,0.989256778643208,True,confirmed,TNC SC conserved lands,Eastatoe Headwaters,Upstate Forever,easement,3.0,Eastatoe Headwaters,FY2022-23,45000.0,26.61,easement
388,1566.0,0.002482631665934,False,unmatched,SCDNR managed land,Jocassee Gorges,SCDNR,fee simple,,Eastatoe Headwaters,FY2022-23,45000.0,26.61,easement
389,8734.0,0.923814402443655,False,"confirmed, name differs",TNC SC conserved lands,11700 N Fraser St,The Village Group,fee simple,2.0,Plantersville Cultural Center,FY2022-23,60000.0,10.0,fee simple
390,9077.0,0.990326688796086,True,confirmed,TNC SC conserved lands,Eureka,Aiken Land Conservancy,easement,3.0,Eureka Preserve,FY2022-23,350000.0,601.46,easement
391,10624.0,0.0168458152348177,False,unmatched,PAD-US,Nine Times Community Forest,Unknown,fee simple,4.0,Little Eastatoee on Scenic Hwy 11,FY2022-23,400000.0,234.72,fee simple
391,8015.0,0.999999803075151,False,"confirmed, name differs",TNC SC conserved lands,Little Eastatoee (Winchester Tract),Naturaland Trust,fee simple,2.0,Little Eastatoee on Scenic Hwy 11,FY2022-23,400000.0,234.72,fee simple
391,1587.0,0.0002155093814232,False,unmatched,SCDNR managed land,(unnamed),SCDNR,fee simple,,Little Eastatoee on Scenic Hwy 11,FY2022-23,400000.0,234.72,fee simple
392,10704.0,0.0079699094001603,False,unmatched,PAD-US,Francis Marion National Forest,Forest Service,fee simple,3.0,Limerick Plantation,FY2022-23,266535.0,233.99,easement
392,7962.0,0.999999848101352,True,confirmed,TNC SC conserved lands,Limerick Plantation,Lord Berkeley Conservation Trust,easement,3.0,Limerick Plantation,FY2022-23,266535.0,233.99,easement
392,1315.0,0.0083208259977871,False,unmatched,SCDNR managed land,Francis Marion National Forest,SCDNR,fee simple,,Limerick Plantation,FY2022-23,266535.0,233.99,easement
393,10541.0,8.153852644632474e-08,False,unmatched,PAD-US,Moultrie Hunt Unit Wildlife Management Area,Other or Unknown State Land,fee simple,2.0,Gourdin Tracts,FY2022-23,130757.0,342.75,easement
393,7961.0,0.9999997069639326,True,confirmed,TNC SC conserved lands,"Gourdin Tracts - Merrill, Cooper Field, Buck Hall",Lord Berkeley Conservation Trust,easement,3.0,Gourdin Tracts,FY2022-23,130757.0,342.75,easement
393,1143.0,0.0010072331803801,False,unmatched,SCDNR managed land,Canal WMA,SCDNR,fee simple,,Gourdin Tracts,FY2022-23,130757.0,342.75,easement
394,11623.0,0.0101940442160445,True,unmatched,PAD-US,Congaree Creek Heritage Preserve,State Department of Natural Resources,fee simple,2.0,Congaree Creek Heritage Preserve Addition,FY2022-23,7000000.0,575.81,fee simple
394,8458.0,0.6492712198601626,True,confirmed,TNC SC conserved lands,Congaree Creek Heritage Preserve,South Carolina Department of Natural Resources,fee simple,2.0,Congaree Creek Heritage Preserve Addition,FY2022-23,7000000.0,575.81,fee simple
394,670.0,0.0163210221911577,True,unmatched,SCDNR managed land,Congaree Creek Heritage Preserve,SCDNR,fee simple,,Congaree Creek Heritage Preserve Addition,FY2022-23,7000000.0,575.81,fee simple
395,8018.0,0.7712104738288931,True,confirmed,TNC SC conserved lands,Woodcock Woods/Co A LLC,Naturaland Trust,fee simple,2.0,Woodcock Woods,FY2022-23,300000.0,31.64,fee simple
396,8019.0,0.9948541926718856,True,confirmed,TNC SC conserved lands,River Road,Naturaland Trust,fee simple,2.0,River Road,FY2022-23,160000.0,27.03,fee simple
397,10259.0,7.734511610689071e-06,False,unmatched,PAD-US,Us-Sc-4-51,Non-Governmental Organization,easement,4.0,Salters Property,FY2022-23,385000.0,626.0,easement
397,8431.0,0.9999999164649408,True,confirmed,TNC SC conserved lands,Salters Property,Pee Dee Land Trust,easement,3.0,Salters Property,FY2022-23,385000.0,626.0,easement
398,8085.0,0.999701101395645,True,confirmed,TNC SC conserved lands,Saluda Dam Acres,Upstate Forever,easement,3.0,Saluda Dam Acres,FY2022-23,275000.0,69.59,easement
399,8081.0,0.9738773642831768,True,confirmed,TNC SC conserved lands,Bishop Branch Pastures,Upstate Forever,easement,3.0,Bishop Branch Pastures,FY2022-23,145800.0,64.73,easement
400,7999.0,0.9950583124655464,True,confirmed,TNC SC conserved lands,Independence Farm,Florence County,fee simple,3.0,Independence Farm,FY2022-23,650000.0,498.22,fee simple
401,12365.0,3.265468830726591e-05,False,unmatched,PAD-US,Britton Family Property,Non-Governmental Organization,easement,4.0,Botany Bay Heritage Preserve Addition,FY2022-23,1200000.0,180.17,fee simple
401,7704.0,0.9748820526140578,False,"confirmed, name differs",TNC SC conserved lands,Bayview Farm,Open Space Institute,fee simple,2.0,Botany Bay Heritage Preserve Addition,FY2022-23,1200000.0,180.17,fee simple
402,8525.0,0.9788710179649198,False,"confirmed, name differs",TNC SC conserved lands,Coosawhatchie Heritage Preserve and Wildlife Management Area,South Carolina Department of Natural Resources,fee simple,2.0,Slater Tract,FY2022-23,1000000.0,3507.45,fee simple
403,8079.0,0.9638126576588204,True,confirmed,TNC SC conserved lands,Triple Oak Farm,Upstate Forever,easement,3.0,Triple Oak Farm,FY2022-23,150000.0,91.79,easement
404,8046.0,0.9999999972512053,True,confirmed,TNC SC conserved lands,Jenkins House,Pendleton Historic Foundation,fee simple,2.0,Jenkins House,FY2022-23,280000.0,9.23,fee simple
405,10362.0,0.0011682027347756,False,unmatched,PAD-US,"Wetlands Reserve Program (WRP), Williamsburg, SC",Natural Resources Conservation Service,easement,2.0,Black River SP - RMS North,FY2022-23,1250000.0,535.25,fee simple
405,7998.0,0.9709428140305424,False,"confirmed, name differs",TNC SC conserved lands,RMS North,Open Space Institute,fee simple,2.0,Black River SP - RMS North,FY2022-23,1250000.0,535.25,fee simple
406,12182.0,0.0075108586711147,False,unmatched,PAD-US,Stoney Creek Battery Heritage Preserve,State Department of Natural Resources,fee simple,4.0,Cotton Hall,FY2022-23,3000000.0,232.0,fee simple
406,7991.0,0.990198425308798,True,confirmed,TNC SC conserved lands,Cotton Hall (Fee),Beaufort County,fee simple,4.0,Cotton Hall,FY2022-23,3000000.0,232.0,fee simple
407,8072.0,0.9999999964665824,True,confirmed,TNC SC conserved lands,Bradham Tract - SC Liberty Trail,SC Battleground Preservation Trust,fee simple,2.0,Bradham Tract - SC Liberty Trail,FY2022-23,124000.0,4.29,fee simple
408,9336.0,0.9453090954861264,False,"confirmed, name differs",TNC SC conserved lands,LA009 - Hammond's Store - - 2024,"South Carolina Battleground Preservation Trust, Inc.",fee simple,3.0,Hammonds Store Battlefield,FY2022-23,80000.0,30.0,fee simple
409,8020.0,0.9999999993416726,True,confirmed,TNC SC conserved lands,Cooler Dairy Farm,Lowcountry Land Trust,easement,3.0,Cooler Dairy Farm,FY2022-23,250000.0,654.0,easement
410,9328.0,0.9843111982243624,False,"confirmed, name differs",TNC SC conserved lands,SA020 - Kiser - Halfway Swamp Creek - 2023,Upper Savannah Land Trust,easement,3.0,Halfway Swamp Creek,FY2022-23,175000.0,288.37,easement
411,12344.0,0.0004754718194464,False,unmatched,PAD-US,Waccamaw River Heritage Preserve / Wildlife Management Area,State Department of Natural Resources,fee simple,2.0,Willowbend,FY2022-23,300000.0,348.53,fee simple
411,8045.0,0.9999999994973852,True,confirmed,TNC SC conserved lands,Willowbend,South Carolina Department of Natural Resources,fee simple,2.0,Willowbend,FY2022-23,300000.0,348.53,fee simple
411,1531.0,6.35026333932895e-05,False,unmatched,SCDNR managed land,Waccamaw River Heritage Preserve / Wildlife Management Area,SCDNR,fee simple,,Willowbend,FY2022-23,300000.0,348.53,fee simple
412,8002.0,0.9999999905400024,True,confirmed,TNC SC conserved lands,Buckfield Plantation,Open Land Trust,easement,3.0,Buckfield,FY2022-23,850000.0,2064.52,easement
413,10327.0,0.0005931086823457,False,unmatched,PAD-US,Lee State Park,State Park and Recreation,fee simple,2.0,Lee State Park - KDR/OSI (match with LF),FY2022-23,173000.0,137.29,fee simple
413,9052.0,0.9984761893916544,False,"confirmed, name differs",TNC SC conserved lands,Lee State Park - KDR Tract,"South Carolina Department of Parks, Recreation and Tourism",fee simple,2.0,Lee State Park - KDR/OSI (match with LF),FY2022-23,173000.0,137.29,fee simple
414,8022.0,0.9999999993930034,True,confirmed,TNC SC conserved lands,Fort Motte Cliffs,Ducks Unlimited,easement,3.0,Fort Motte Cliffs,FY2022-23,400000.0,400.0,easement
415,11604.0,0.0005239315727342,False,unmatched,PAD-US,Crescent,Non-Governmental Organization,easement,4.0,Gilstrap Mountain (Scenic Hwy 11),FY2022-23,500000.0,166.18,fee simple
415,8014.0,0.9999997952139038,True,confirmed,TNC SC conserved lands,Gilstrap Mountain,Naturaland Trust,fee simple,2.0,Gilstrap Mountain (Scenic Hwy 11),FY2022-23,500000.0,166.18,fee simple
415,1231.0,0.0006300120370687,False,unmatched,SCDNR managed land,Unnamed WMA,SCDNR,fee simple,,Gilstrap Mountain (Scenic Hwy 11),FY2022-23,500000.0,166.18,fee simple
416,9802.0,5.400918970286131e-06,False,unmatched,PAD-US,Poinsett Bridge Heritage Preserve,State Department of Natural Resources,fee simple,4.0,Poinsett Bridge Expansion Tracts - Southern Blue Ridge Escarpment (Boy Scouts of America),FY2023-24,700000.0,287.6,fee simple
416,8492.0,0.9663583496290388,False,"confirmed, name differs",TNC SC conserved lands,Poinsett Bridge Heritage Preserve,South Carolina Department of Natural Resources,fee simple,2.0,Poinsett Bridge Expansion Tracts - Southern Blue Ridge Escarpment (Boy Scouts of America),FY2023-24,700000.0,287.6,fee simple
417,10131.0,0.0002165130373414,False,unmatched,PAD-US,Jocassee Gorges,State Department of Natural Resources,fee simple,2.0,White Branch on Scenic 11,FY2022-23,350000.0,159.0,fee simple
417,8040.0,0.9999999988597462,True,confirmed,TNC SC conserved lands,White Branch on Scenic 11 (Keasler Tract),Naturaland Trust,fee simple,2.0,White Branch on Scenic 11,FY2022-23,350000.0,159.0,fee simple
417,1573.0,0.0019528104049279,False,unmatched,SCDNR managed land,Jocassee Gorges,SCDNR,fee simple,,White Branch on Scenic 11,FY2022-23,350000.0,159.0,fee simple
418,9515.0,0.0008253329707345,False,unmatched,PAD-US,Nine Times Preserve,Non-Governmental Organization,fee simple,1.0,Nine Times Cove,FY2023-24,20000.0,4.15,fee simple
418,8041.0,0.9999999967348332,True,confirmed,TNC SC conserved lands,Nine Times Cove (McDaniel),Naturaland Trust,fee simple,2.0,Nine Times Cove,FY2023-24,20000.0,4.15,fee simple
418,1227.0,0.0069597427232093,False,unmatched,SCDNR managed land,Unnamed WMA,SCDNR,fee simple,,Nine Times Cove,FY2023-24,20000.0,4.15,fee simple
419,8016.0,0.9945147668386676,True,confirmed,TNC SC conserved lands,Cedar Mountain Expansion (Parker),Naturaland Trust,fee simple,2.0,Cedar Mountain Expansion,FY2022-23,160000.0,24.17,fee simple
420,8451.0,0.9999996009561748,True,confirmed,TNC SC conserved lands,Daus - Knights Hill,Katawba Valley Land Trust,easement,3.0,Daus - Knights Hill,FY2022-23,500000.0,1010.27,easement
421,8065.0,0.9527297394251656,True,confirmed,TNC SC conserved lands,Ingleside Park,"North Charleston, City Of",fee simple,4.0,Ingleside Park,FY2023-24,1000000.0,445.8,fee simple
422,8456.0,0.9999999983442156,True,confirmed,TNC SC conserved lands,"Barberry Woods Fee Simple Project (Johns Island, SC)",City of Charleston,fee simple,4.0,"Barberry Woods Fee Simple Project (Johns Island, SC)",FY2023-24,100000.0,6.12,fee simple
423,8001.0,0.9975262840171468,True,confirmed,TNC SC conserved lands,Bowers Farm,Open Land Trust,easement,3.0,Bowers Farm,FY2023-24,500000.0,488.33,easement
424,8025.0,0.9995003738087797,True,confirmed,TNC SC conserved lands,"Savannah River and Uplands (Pauline Place, LLC)",The Nature Conservancy,easement,3.0,"Savannah River and Uplands (Pauline Place, LLC) Lowlands",FY2023-24,300000.0,1218.3,easement
425,8692.0,0.9999998678415236,True,confirmed,TNC SC conserved lands,Twin Ponds Hunt Club,Upstate Forever,easement,3.0,Twin Ponds,FY2023-24,156000.0,91.69,easement
426,8042.0,0.9999997737093363,True,confirmed,TNC SC conserved lands,Paris Mountain Forest Haven (Schammel),Naturaland Trust,fee simple,2.0,Paris Mountain Forest Haven,FY2023-24,375000.0,19.96,fee simple
427,8073.0,0.9999992815384928,True,confirmed,TNC SC conserved lands,SC Liberty Trail - Camden Gaol Site,SC Battleground Preservation Trust,fee simple,2.0,SC Liberty Trail - Camden Gaol Site,FY2023-24,123500.0,0.87,fee simple
428,11321.0,0.0006608316892831,False,unmatched,PAD-US,"Wetlands Reserve Program (WRP), Sumter, SC",Natural Resources Conservation Service,easement,2.0,Dalzell Bay,FY2023-24,80000.0,61.1,fee simple
428,8013.0,0.9999885030401056,True,confirmed,TNC SC conserved lands,Dalzell Bay,Naturaland Trust,fee simple,2.0,Dalzell Bay,FY2023-24,80000.0,61.1,fee simple
429,12370.0,0.0013290444220114,False,unmatched,PAD-US,Brooks,Non-Governmental Organization,fee simple,1.0,Andrews Black River Park,FY2023-24,5800000.0,1806.43,fee simple
429,8034.0,0.9999999635444532,False,"confirmed, name differs",TNC SC conserved lands,Black River State Park - The Narrows,"South Carolina Department of Parks, Recreation and Tourism",fee simple,3.0,Andrews Black River Park,FY2023-24,5800000.0,1806.43,fee simple
430,10832.0,2.306570016995706e-05,False,unmatched,PAD-US,Townes/S. Saluda,Non-Governmental Organization,easement,4.0,Saluda Bluffs,FY2023-24,9000000.0,1090.0,fee simple
430,8043.0,0.9999394981643972,True,confirmed,TNC SC conserved lands,Saluda Bluffs,Naturaland Trust,fee simple,2.0,Saluda Bluffs,FY2023-24,9000000.0,1090.0,fee simple
431,8074.0,0.9999999727462936,True,confirmed,TNC SC conserved lands,Hazelwood Farms 2,SC Farm Bureau Land Trust,easement,3.0,Hazelwood Farm 2,FY2023-24,215000.0,373.43,easement
432,8913.0,0.9999021384338336,False,"confirmed, name differs",TNC SC conserved lands,4368 Betsy Kerrison Pkwy,Conservancy of the Sea Islands,fee simple,2.0,Betsy Kerrison Nature Trail Phase 3,FY2023-24,145000.0,3.0,fee simple
433,10624.0,0.0,False,unmatched,PAD-US,Nine Times Community Forest,Unknown,fee simple,4.0,Logger Court,FY2023-24,290000.0,23.4,fee simple
433,8044.0,0.9999998762106648,True,confirmed,TNC SC conserved lands,Logger Court,Naturaland Trust,fee simple,2.0,Logger Court,FY2023-24,290000.0,23.4,fee simple
433,1583.0,0.0004823044224315,False,unmatched,SCDNR managed land,Unnamed WMA,SCDNR,fee simple,,Logger Court,FY2023-24,290000.0,23.4,fee simple
434,9415.0,0.0395390357050455,False,unmatched,PAD-US,Fant's Grove Wildlife Management Area,Other or Unknown State Land,fee simple,2.0,George Aull Expansion Clemson Forest,FY2023-24,1200000.0,82.47,fee simple
434,8457.0,0.9999998360580424,True,confirmed,TNC SC conserved lands,George Aull Expansion Clemson Forest,Naturaland Trust,fee simple,2.0,George Aull Expansion Clemson Forest,FY2023-24,1200000.0,82.47,fee simple
434,1276.0,0.0039837140740322,False,unmatched,SCDNR managed land,Fants Grove WMA,SCDNR,fee simple,,George Aull Expansion Clemson Forest,FY2023-24,1200000.0,82.47,fee simple
435,8050.0,0.999706132295031,True,confirmed,TNC SC conserved lands,Santee Delta Plantation,Lowcountry Land Trust,easement,3.0,Santee Delta Plantation,FY2023-24,75000.0,108.86,easement
436,8325.0,0.7438862200184858,False,"confirmed, name differs",TNC SC conserved lands,Kings Bottom,"South Carolina Department of Parks, Recreation and Tourism",fee simple,3.0,Catawba - Nisbet Tract,FY2023-24,3800000.0,596.36,fee simple
437,10586.0,0.000657291808211,False,unmatched,PAD-US,River Ridgeline II,Non-Governmental Organization,easement,4.0,Blakely South Saluda,FY2005-06,135000.0,50.0,fee simple
437,6887.0,0.991895283851918,False,"confirmed, name differs",TNC SC conserved lands,South Saluda Angler Access,South Carolina Department of Natural Resources,fee simple,2.0,Blakely South Saluda,FY2005-06,135000.0,50.0,fee simple
437,659.0,0.991041007643751,False,"confirmed, name differs",SCDNR managed land,South Saluda Angler Access,SCDNR,fee simple,,Blakely South Saluda,FY2005-06,135000.0,50.0,fee simple
438,8086.0,0.943654439508382,True,confirmed,TNC SC conserved lands,Horsepen Creek II,Upstate Forever,easement,3.0,Horsepen Creek II,FY2023-24,76500.0,31.72,easement
439,8082.0,0.9990296265105202,True,confirmed,TNC SC conserved lands,The Happy Berry Farm,Upstate Forever,easement,3.0,The Happy Berry,FY2023-24,77000.0,22.26,easement
440,8433.0,0.9999999539541612,True,confirmed,TNC SC conserved lands,Hanna Farms,Pee Dee Land Trust,easement,3.0,Hanna Farm,FY2023-24,40000.0,129.35,easement
441,8435.0,0.9999998308415098,True,confirmed,TNC SC conserved lands,Sleepy Prong,Pee Dee Land Trust,easement,3.0,Sleepy Prong,FY2023-24,60000.0,136.97,easement
442,12455.0,0.0022673603534793,False,unmatched,PAD-US,Jones,Non-Governmental Organization,fee simple,1.0,Pleasant Grove,FY2023-24,40000.0,79.33,easement
442,8434.0,0.9982502131843712,True,confirmed,TNC SC conserved lands,Pleasant Grove,Pee Dee Land Trust,easement,3.0,Pleasant Grove,FY2023-24,40000.0,79.33,easement
443,9331.0,0.9868153186937028,True,confirmed,TNC SC conserved lands,AI002 - Bob McCartney - Rossdhu Longleaf Preserve - 2023,Upper Savannah Land Trust,easement,3.0,Bob McCartney - Rossdhu Longleaf Preserve,FY2023-24,81000.0,61.0,easement
444,7943.0,0.9999920498388614,False,"confirmed, name differs",TNC SC conserved lands,Wee Tee State Forest Addition,South Carolina Forestry Commission,fee simple,2.0,Santee Corridor - RMS-Wadmacon,FY2023-24,1950000.0,2248.0,fee simple
445,8320.0,0.9999999412485128,True,confirmed,TNC SC conserved lands,Bradham,Charleston County Parks and Recreation Commission,fee simple,2.0,James Island CP - Bradham Road Addition,FY2023-24,500000.0,25.35,fee simple
446,8052.0,0.9999994042500658,True,confirmed,TNC SC conserved lands,Beefield Community Park,Lowcountry Land Trust,fee simple,2.0,Beefield Community Park,FY2023-24,150000.0,4.0,fee simple
447,9329.0,0.9999997997233124,False,"confirmed, name differs",TNC SC conserved lands,AB011 - Fleming - Seawright/Drake Homeplace - 2023,Upper Savannah Land Trust,easement,3.0,Seawright-Drake Homestead (Fleming),FY2023-24,50000.0,75.74,easement
448,8442.0,0.7092085983627174,True,confirmed,TNC SC conserved lands,Stillwell Homeplace Farm,Pee Dee Land Trust,easement,3.0,Stillwell Homeplace Farm,FY2023-24,62699.0,197.79,easement
449,8443.0,0.9993356315762512,True,confirmed,TNC SC conserved lands,Stillwell Tatum Farm,Pee Dee Land Trust,easement,3.0,Stillwell – Tatum Farm,FY2023-24,110000.0,437.51,easement
450,8035.0,0.9786832794575137,False,"confirmed, name differs",TNC SC conserved lands,Waites Island - Olivia Boyce,"South Carolina Department of Parks, Recreation and Tourism",fee simple,3.0,Waites - Olivia Boyce Tracts,FY2023-24,4000000.0,111.22,fee simple
451,9863.0,0.0101390139136625,False,unmatched,PAD-US,Bird Island Coastal Reserve Dedicated Nature Preserve,State Department of Conservation,easement,1.0,Waites - Merrill Boyce Tracts,FY2023-24,8000000.0,107.02,fee simple
451,8036.0,0.9999998397507792,True,confirmed,TNC SC conserved lands,Merrill Boyce,"South Carolina Department of Parks, Recreation and Tourism",fee simple,3.0,Waites - Merrill Boyce Tracts,FY2023-24,8000000.0,107.02,fee simple
452,8440.0,0.9980837997885188,True,confirmed,TNC SC conserved lands,Bay Farm,Pee Dee Land Trust,easement,3.0,Bay Farm,FY2023-24,100000.0,346.3,easement
453,8029.0,0.999999943883109,True,confirmed,TNC SC conserved lands,Blue Branch Farm,Nation Ford Land Trust,easement,3.0,Blue Branch Farm,FY2023-24,400000.0,381.1,easement
454,8211.0,0.9999999132823906,True,confirmed,TNC SC conserved lands,Gin Branch Farms II,Congaree Land Trust,easement,3.0,Gin Branch Farms LLC II tracts,FY2023-24,150000.0,590.01,easement
455,8077.0,0.9978751462868782,True,confirmed,TNC SC conserved lands,Possum Holler,Upstate Forever,easement,3.0,Possum Holler,FY2023-24,106500.0,79.4,easement
456,8185.0,0.9999999310273274,True,confirmed,TNC SC conserved lands,Brown Tracts,Congaree Land Trust,easement,3.0,D. Brown Land and Timber LLC,FY2023-24,103850.0,308.46,easement
457,8617.0,0.9999416046643484,True,confirmed,TNC SC conserved lands,Brown Mountain,Naturaland Trust,fee simple,2.0,Brown Mountain,FY2023-24,2145610.0,572.71,fee simple
458,12252.0,0.0033530165358643,False,unmatched,PAD-US,Kings Mountain State Park,State Park and Recreation,fee simple,4.0,Kings Mountain- Metker,FY2023-24,1700000.0,47.53,fee simple
458,8322.0,0.9846437908768646,True,confirmed,TNC SC conserved lands,Kings Mountain - Metker,"South Carolina Department of Parks, Recreation and Tourism",fee simple,3.0,Kings Mountain- Metker,FY2023-24,1700000.0,47.53,fee simple
459,9931.0,0.0087912978420488,False,unmatched,PAD-US,Forty Acre Rock Heritage Preserve / Wildlife Management Area,State Department of Natural Resources,fee simple,2.0,Forty Acre Rock Farm,FY2023-24,195000.0,97.08,fee simple
459,8321.0,0.9999997118560854,True,confirmed,TNC SC conserved lands,Forty Acre Farm,Open Space Institute,fee simple,2.0,Forty Acre Rock Farm,FY2023-24,195000.0,97.08,fee simple
459,796.0,0.0083017771165453,False,unmatched,SCDNR managed land,Forty Acre Rock Heritage Preserve / Wildlife Management Area,SCDNR,fee simple,,Forty Acre Rock Farm,FY2023-24,195000.0,97.08,fee simple
460,8565.0,0.9932300777759184,True,confirmed,TNC SC conserved lands,Hope Station,Congaree Land Trust,easement,3.0,Hope Station LLC,FY2023-24,573100.0,1081.34,easement
461,8444.0,0.9966290968376073,False,"confirmed, name differs",TNC SC conserved lands,Stillwell Cannery Farm,Pee Dee Land Trust,easement,3.0,Stilwell - Cannery Farm,FY2023-24,250000.0,797.88,easement
462,8834.0,0.9344488832888198,False,"confirmed, name differs",TNC SC conserved lands,Angle Farm,South Carolina Farm Bureau Land Trust,easement,3.0,Cedarleaf Farm,FY2023-24,90000.0,64.96,easement
463,9492.0,0.0002563602957807,False,unmatched,PAD-US,North Saluda Watershed,City Land,fee simple,2.0,Short Branch,FY2023-24,1310000.0,218.75,fee simple
463,8616.0,0.9999999870857889,True,confirmed,TNC SC conserved lands,Short Branch,Naturaland Trust,fee simple,2.0,Short Branch,FY2023-24,1310000.0,218.75,fee simple
464,12210.0,0.0002662536413751,False,unmatched,PAD-US,Sumter National Forest,Forest Service,fee simple,3.0,Warren Hooper,FY2023-24,85000.0,53.1,easement
464,8618.0,0.9999998196409166,True,confirmed,TNC SC conserved lands,Warren Hooper,Oconee County SWCD,easement,3.0,Warren Hooper,FY2023-24,85000.0,53.1,easement
464,1590.0,0.001436215747069,False,unmatched,SCDNR managed land,Sumter National Forest,SCDNR,fee simple,,Warren Hooper,FY2023-24,85000.0,53.1,easement
465,8912.0,0.9419513737312782,False,"confirmed, name differs",TNC SC conserved lands,4346 Betsy Kerrison Pwky,Conservancy of the Sea Islands,fee simple,2.0,Betsy Kerrison Nature Trail Phase 2,FY2023-24,250000.0,13.32,fee simple
466,8574.0,0.9999911965355716,True,confirmed,TNC SC conserved lands,Hiott Station,Lowcountry Land Trust,easement,3.0,Hiott Station,FY2023-24,175000.0,561.8,easement
467,8619.0,0.9999999192614704,True,confirmed,TNC SC conserved lands,Oakland Plantation,Greenville County,fee simple,4.0,Oakland Plantation,FY2023-24,602500.0,52.06,fee simple
468,8105.0,0.9999998482259426,True,confirmed,TNC SC conserved lands,Hereford Hill Farm,Upstate Forever,easement,3.0,Hereford Hill Farm,FY2023-24,170000.0,101.41,easement
469,8445.0,0.9999999153307204,True,confirmed,TNC SC conserved lands,Pudding Swamp,Pee Dee Land Trust,easement,3.0,Pudding Swamp - Atkinson Farm,FY2023-24,150000.0,383.15,easement
470,8615.0,0.987002657477412,True,confirmed,TNC SC conserved lands,North Island,Berkeley County,fee simple,4.0,North Island,FY2023-24,2000000.0,114.66,fee simple
471,9121.0,0.999918171308263,True,confirmed,TNC SC conserved lands,Shaws Creek Preserve,Aiken Land Conservancy,easement,3.0,Shaws Creek Preserve,FY2023-24,1900000.0,2657.63,easement
472,8621.0,0.999999923986947,True,confirmed,TNC SC conserved lands,Limehouse,Dorchester County,fee simple,4.0,Limehouse,FY2023-24,1400000.0,102.88,fee simple
473,8624.0,0.9999999329083096,True,confirmed,TNC SC conserved lands,Shealy Farm,SC Farm Bureau Land Trust,easement,3.0,Shealy Farm,FY2023-24,242000.0,339.44,easement
474,8106.0,0.9999998770634052,True,confirmed,TNC SC conserved lands,Pearl Bottoms,Upstate Forever,easement,3.0,Pearl Bottoms,FY2023-24,143000.0,60.3,easement
475,8620.0,0.9999997911865388,True,confirmed,TNC SC conserved lands,Harrison Street Properties Purchase,"Pendleton, Town Of",fee simple,4.0,Harrison Street Properties Purchase,FY2023-24,165000.0,12.61,fee simple
476,8324.0,0.999984395758014,True,confirmed,TNC SC conserved lands,Harrell Farm,Town of Meggett,fee simple,4.0,Harrell Family Park,FY2023-24,2500000.0,156.41,fee simple
477,8446.0,0.9999727713673624,True,confirmed,TNC SC conserved lands,Witherspoon Island,Pee Dee Land Trust,easement,3.0,Witherspoon Island,FY2023-24,850000.0,3707.94,easement
478,9790.0,0.0060350298716278,False,unmatched,PAD-US,Aiken Gopher Tortoise Heritage Preserve / Wildlife Management Area,State Department of Natural Resources,fee simple,1.0,Korn Tract,FY2023-24,1090000.0,302.32,fee simple
478,9120.0,0.999999903366165,True,confirmed,TNC SC conserved lands,Korn Tract,Aiken Land Conservancy,easement,3.0,Korn Tract,FY2023-24,1090000.0,302.32,fee simple
478,747.0,0.0063226447940274,False,unmatched,SCDNR managed land,Aiken Gopher Tortoise Heritage Preserve / Wildlife Management Area,SCDNR,fee simple,,Korn Tract,FY2023-24,1090000.0,302.32,fee simple
479,8600.0,0.9979602855945502,False,"confirmed, name differs",TNC SC conserved lands,Spartanburg - Tyger Oak,"South Carolina Department of Parks, Recreation and Tourism",fee simple,3.0,Tyger Oak Property,FY2023-24,23000000.0,945.91,fee simple
480,8921.0,0.9999983416709424,False,"confirmed, name differs",TNC SC conserved lands,4360 Betsy Kerrison,Conservancy of the Sea Islands,fee simple,2.0,Betsy Kerrison Nature Trail Phase 4,FY2023-24,245000.0,8.6,fee simple
481,8558.0,0.9865998934102836,True,confirmed,TNC SC conserved lands,Port Royal Sound (Jepson) Gregorie Neck,Open Land Trust,easement,3.0,Gregorie Neck,FY2023-24,2000000.0,4409.3,easement
482,11581.0,0.0047972784084409,False,unmatched,PAD-US,J. Strom Thurmond Recreation Area,Army Corps of Engineers,fee simple,4.0,Searles Family Homeplace,FY2023-24,330000.0,991.8,easement
482,9334.0,0.9999962491637348,False,"confirmed, name differs",TNC SC conserved lands,MC020 -Searles Place - 2024,Upper Savannah Land Trust,easement,3.0,Searles Family Homeplace,FY2023-24,330000.0,991.8,easement
482,952.0,0.0045491192382748,False,unmatched,SCDNR managed land,Unnamed WMA,SCDNR,fee simple,,Searles Family Homeplace,FY2023-24,330000.0,991.8,easement
483,8107.0,0.9603451130245758,True,confirmed,TNC SC conserved lands,Cracker Farms,Nation Ford Land Trust,easement,3.0,Cracker Farms,FY2023-24,170000.0,63.58,easement
484,8837.0,0.99475413795493,True,confirmed,TNC SC conserved lands,Thrailkill Farms,South Carolina Farm Bureau Land Trust,easement,3.0,Thrailkill Farm,FY2024-25,1600000.0,1063.06,easement
485,10131.0,0.0001703589822481,False,unmatched,PAD-US,Jocassee Gorges,State Department of Natural Resources,fee simple,2.0,Eastatoee Ridge on Scenic Highway 11,FY2024-25,935000.0,106.82,fee simple
485,8622.0,0.9999999408544732,True,confirmed,TNC SC conserved lands,Eastatoee Ridge on Scenic Highway 11,Naturaland Trust,fee simple,2.0,Eastatoee Ridge on Scenic Highway 11,FY2024-25,935000.0,106.82,fee simple
485,1585.0,0.0012503499461234,False,unmatched,SCDNR managed land,Jocassee Gorges,SCDNR,fee simple,,Eastatoee Ridge on Scenic Highway 11,FY2024-25,935000.0,106.82,fee simple
486,8531.0,0.939866635362786,True,confirmed,TNC SC conserved lands,SBR Escarpment (Lookup Lodge Ministries) Camp Awanita,The Nature Conservancy,easement,3.0,Camp Awanita,FY2024-25,950000.0,483.99,easement
486,1235.0,0.0001737422631673,False,unmatched,SCDNR managed land,Unnamed WMA,SCDNR,fee simple,,Camp Awanita,FY2024-25,950000.0,483.99,easement
487,8688.0,0.9018523808718464,True,confirmed,TNC SC conserved lands,Keowee Ridge,Upstate Forever,easement,3.0,Keowee Ridge,FY2024-25,130000.0,66.93,easement
488,8529.0,0.999746465877974,False,"confirmed, name differs",TNC SC conserved lands,"Piedmont (Tyger Oak, Inc.) Joanna",The Nature Conservancy,fee simple,2.0,Joanna Park Tract,FY2024-25,700000.0,334.9,fee simple
489,8836.0,0.9747377005383164,True,confirmed,TNC SC conserved lands,McCannon Farm,South Carolina Farm Bureau Land Trust,easement,3.0,McCannon Farms,FY2024-25,370000.0,178.79,easement
490,8609.0,0.9981181705579544,True,confirmed,TNC SC conserved lands,Four Leaf Farm,Spartanburg Area Conservancy,easement,3.0,Four Leaf Farm,FY2024-25,250000.0,170.27,easement
491,8562.0,0.96028946233954,False,"confirmed, name differs",TNC SC conserved lands,Black River State Park - Cypress Reach,"South Carolina Department of Parks, Recreation and Tourism",fee simple,3.0,Black River SP - Mingo Creek,FY2024-25,244378.0,664.32,fee simple
492,8690.0,0.985505627296572,True,confirmed,TNC SC conserved lands,Morrow Creek Timbers Addition,Upstate Forever,easement,3.0,Morrow Creek Timbers Addition,FY2024-25,65000.0,236.9,easement
493,8689.0,0.964541700416456,True,confirmed,TNC SC conserved lands,Horse Gap Forest,Upstate Forever,easement,3.0,Horse Gap Forest,FY2024-25,105000.0,69.6,easement
493,1581.0,0.0061690279129752,False,unmatched,SCDNR managed land,Jocassee Gorges,SCDNR,fee simple,,Horse Gap Forest,FY2024-25,105000.0,69.6,easement
494,8570.0,0.999999941164974,True,confirmed,TNC SC conserved lands,Ginia's Farm,Pee Dee Land Trust,easement,3.0,Ginia's Farm,FY2024-25,56000.0,98.73,easement
495,8808.0,0.9984282624626856,True,confirmed,TNC SC conserved lands,Travelers Rest Bunched Arrowhead Preserve,Naturaland Trust,fee simple,2.0,Travelers Rest Bunched Arrowhead Preserve,FY2024-25,375000.0,24.73,fee simple
496,8835.0,0.970913425093188,True,confirmed,TNC SC conserved lands,Dogwood Hill Farm,South Carolina Farm Bureau Land Trust,easement,3.0,Dogwood Hill Farm,FY2024-25,400000.0,182.29,easement
497,9205.0,0.7583987453887617,True,confirmed,TNC SC conserved lands,Store Creek Park,Edisto Island Open Land Trust,fee simple,3.0,Store Creek Park,FY2024-25,110000.0,1.67,fee simple
498,8323.0,0.9827513885244948,False,"confirmed, name differs",TNC SC conserved lands,Weyerhaeuser - Riverforks,Open Space Institute,fee simple,2.0,Snow's Island Addition,FY2024-25,5229080.0,2584.26,fee simple
499,8563.0,0.999999984028542,False,"confirmed, name differs",TNC SC conserved lands,Snows Island,Open Space Institute,fee simple,2.0,Snow's Island,FY2024-25,14400000.0,5178.93,fee simple
500,8585.0,0.9979746308338026,True,confirmed,TNC SC conserved lands,Horsepen Creek I,Upstate Forever,easement,3.0,Horsepen Creek I,FY2024-25,165000.0,46.0,easement
501,8564.0,0.9999998834348824,False,"confirmed, name differs",TNC SC conserved lands,Waites Island - Becky Boyce,Open Space Institute,fee simple,2.0,Waites - Becky Work,FY2024-25,8000000.0,115.0,fee simple
502,12210.0,0.0228222371721506,False,unmatched,PAD-US,Sumter National Forest,Forest Service,fee simple,3.0,Old Blair Road (Lina Marston),FY2024-25,72000.0,131.0,easement
502,9337.0,0.9832426030922684,False,"confirmed, name differs",TNC SC conserved lands,NE013 - MArston - Old Blair Rd - 2024,Upper Savannah Land Trust,easement,3.0,Old Blair Road (Lina Marston),FY2024-25,72000.0,131.0,easement
502,1362.0,0.0021762180303167,False,unmatched,SCDNR managed land,Sumter National Forest,SCDNR,fee simple,,Old Blair Road (Lina Marston),FY2024-25,72000.0,131.0,easement
503,8571.0,0.9999998941207232,True,confirmed,TNC SC conserved lands,McQueen Farm,Pee Dee Land Trust,easement,3.0,McQueen Farm,FY2024-25,110000.0,246.0,easement
504,12210.0,0.0437983178935895,False,unmatched,PAD-US,Sumter National Forest,Forest Service,fee simple,3.0,Stewart Tract,FY2024-25,86950.0,174.0,easement
504,8568.0,0.999999979447292,True,confirmed,TNC SC conserved lands,Oscar Stewart Tract,Congaree Land Trust,easement,3.0,Stewart Tract,FY2024-25,86950.0,174.0,easement
504,1371.0,0.0441472170176091,False,unmatched,SCDNR managed land,Sumter National Forest,SCDNR,fee simple,,Stewart Tract,FY2024-25,86950.0,174.0,easement
505,8832.0,0.9885905969278,True,confirmed,TNC SC conserved lands,AB Farms,South Carolina Farm Bureau Land Trust,easement,3.0,AB Farms,FY2024-25,412500.0,126.0,easement
506,8794.0,0.9991874440226044,False,"confirmed, name differs",TNC SC conserved lands,Glassy Mountain Foothills on Scenic 11,Naturaland Trust,fee simple,2.0,Glassy Mountain Foothills - Scenic Highway 11,FY2024-25,2500000.0,365.0,fee simple
507,8579.0,0.999999837928614,True,confirmed,TNC SC conserved lands,Grayson Oaks,Lowcountry Land Trust,fee simple,2.0,Grayson Oaks,FY2024-25,600000.0,93.6,fee simple
508,8833.0,0.9862530029533124,True,confirmed,TNC SC conserved lands,Broad River Preserve,South Carolina Farm Bureau Land Trust,easement,3.0,Broad River Preserve,FY2024-25,760000.0,1040.78,easement
509,8806.0,0.9956525736678684,True,confirmed,TNC SC conserved lands,Saluda Gorge Phase II ,Naturaland Trust,fee simple,2.0,Saluda Gorge - Phase II,FY2024-25,1000000.0,190.0,fee simple
510,12210.0,0.0076774595898132,False,unmatched,PAD-US,Sumter National Forest,Forest Service,fee simple,3.0,Fall Creek Headwaters,FY2024-25,115000.0,108.25,easement
510,8691.0,0.999999689896802,True,confirmed,TNC SC conserved lands,Fall Creek Headwaters,Upstate Forever,easement,3.0,Fall Creek Headwaters,FY2024-25,115000.0,108.25,easement
510,1590.0,0.000881621799617,False,unmatched,SCDNR managed land,Sumter National Forest,SCDNR,fee simple,,Fall Creek Headwaters,FY2024-25,115000.0,108.25,easement
511,8623.0,0.9999999647282354,True,confirmed,TNC SC conserved lands,Watson Farm,SC Farm Bureau Land Trust,easement,3.0,Watson Farm,FY2024-25,565000.0,358.73,easement
512,8712.0,0.999999858124897,True,confirmed,TNC SC conserved lands,McClain Farm,South Carolina Farm Bureau Land Trust,easement,3.0,McClain Farm,FY2024-25,187600.0,72.46,easement
513,11299.0,1.322770295313535e-07,False,unmatched,PAD-US,Cheraw State Park,State Park and Recreation,fee simple,4.0,Jackson Farms Cash Tracts,FY2024-25,500000.0,588.0,easement
513,8664.0,0.976559143710094,True,confirmed,TNC SC conserved lands,Jackson Farms Cash Tracts,Pee Dee Land Trust,easement,3.0,Jackson Farms Cash Tracts,FY2024-25,500000.0,588.0,easement
514,8718.0,0.999999895590706,True,confirmed,TNC SC conserved lands,Alcorn Timber,South Carolina Farm Bureau Land Trust,easement,3.0,Alcorn Timber,FY2024-25,135000.0,166.47,easement
515,8705.0,0.9532325424869352,True,confirmed,TNC SC conserved lands,Essex Farms,Open Land Trust,easement,3.0,Essex Farms,FY2024-25,560000.0,898.55,easement
516,8709.0,0.9999999360403392,True,confirmed,TNC SC conserved lands,Sadler Farm,Nation Ford Land Trust,easement,3.0,Sadler Farms,FY2024-25,325000.0,264.8,easement
517,8665.0,0.999999745520515,False,"confirmed, name differs",TNC SC conserved lands,Mistletoe,Pee Dee Land Trust,easement,3.0,Sam Dargan Tract,FY2024-25,20000.0,40.25,easement
518,8717.0,0.9999998368727432,True,confirmed,TNC SC conserved lands,Grimshaw Farm,South Carolina Farm Bureau Land Trust,easement,3.0,Grimshaw Farm,FY2024-25,145000.0,122.61,easement
519,8803.0,0.985532546217685,True,confirmed,TNC SC conserved lands,Pipsissewa Passage Paris Mountain,Naturaland Trust,fee simple,2.0,Pipsissewa Passage - Paris Mountain,FY2024-25,2400000.0,65.42,fee simple
520,11456.0,0.0184830175275867,False,unmatched,PAD-US,Rose Hill Farm Phase 1,Non-Governmental Organization,easement,4.0,Oconee Station Connector,FY2024-25,122500.0,63.97,easement
520,9376.0,0.9999995452374808,True,confirmed,TNC SC conserved lands,Oconee Station Connector,Upstate Forever,easement,3.0,Oconee Station Connector,FY2024-25,122500.0,63.97,easement
520,1590.0,5.45661881414452e-06,False,unmatched,SCDNR managed land,Sumter National Forest,SCDNR,fee simple,,Oconee Station Connector,FY2024-25,122500.0,63.97,easement
521,8598.0,0.9838122612674411,True,confirmed,TNC SC conserved lands,Burch's Mill,Florence County,fee simple,4.0,Burch's Mill,FY2024-25,1250000.0,374.64,fee simple
522,8662.0,0.559951317176408,True,confirmed,TNC SC conserved lands,Red Top Park,Lowcountry Land Trust,easement,3.0,Red Top Park,FY2024-25,100000.0,5.96,fee simple
523,8710.0,0.9999998589936884,True,confirmed,TNC SC conserved lands,Price Family Farm,Nation Ford Land Trust,easement,3.0,Price Family Farm,FY2024-25,205000.0,199.17,easement
524,10476.0,0.004529735815851,False,unmatched,PAD-US,Johns Island County Park / Mullet Hall Equestrian Center,County Land,other,4.0,Scrambler's Knob Horse Farm,FY2024-25,160000.0,57.98,easement
524,8711.0,0.9999995978233556,True,confirmed,TNC SC conserved lands,Scrambler's Knob Horse Farm,South Carolina Farm Bureau Land Trust,easement,3.0,Scrambler's Knob Horse Farm,FY2024-25,160000.0,57.98,easement
525,8733.0,0.9974810523205968,False,"confirmed, name differs",TNC SC conserved lands,Black River State Park - Sunset Point,"South Carolina Department of Parks, Recreation and Tourism",fee simple,3.0,Black River SP - Browns Ferry,FY2024-25,498000.0,311.31,fee simple
526,8567.0,0.9999999104450652,True,confirmed,TNC SC conserved lands,Michael Hodge Tracts,Congaree Land Trust,easement,3.0,Hodge Tract,FY2024-25,39600.0,89.39,easement
527,8843.0,0.9916501526870656,True,confirmed,TNC SC conserved lands,Beech Hill,South Carolina Forestry Commission,fee simple,2.0,Beech Hill,FY2024-25,3350000.0,1637.6,fee simple
528,8747.0,0.970941860126519,False,"confirmed, name differs",TNC SC conserved lands,Youngs Farm,Lowcountry Land Trust,easement,3.0,Young's Farm,FY2024-25,100000.0,224.72,easement
529,8663.0,0.9999997109094956,False,"confirmed, name differs",TNC SC conserved lands,Simmons Creek Park,Charleston County Parks and Recreation Commission,fee simple,3.0,Willow Oak,FY2024-25,830000.0,13.07,fee simple
530,9701.0,0.0044337194174473,False,unmatched,PAD-US,"Farm and Ranch Lands Protection Program (FRPP), Sumter, SC",Natural Resources Conservation Service,easement,4.0,Rivers Farm 2,FY2024-25,410000.0,347.78,easement
530,8768.0,0.9977810395609332,True,confirmed,TNC SC conserved lands,Rivers Farm 2,South Carolina Farm Bureau Land Trust,easement,3.0,Rivers Farm 2,FY2024-25,410000.0,347.78,easement
531,9701.0,0.0016146769535354,False,unmatched,PAD-US,"Farm and Ranch Lands Protection Program (FRPP), Sumter, SC",Natural Resources Conservation Service,easement,4.0,Rivers Farm 1,FY2024-25,885000.0,668.97,easement
531,8767.0,0.9963192360600716,True,confirmed,TNC SC conserved lands,Rivers Farm 1,South Carolina Farm Bureau Land Trust,easement,3.0,Rivers Farm 1,FY2024-25,885000.0,668.97,easement
532,8759.0,0.9999965662155512,True,confirmed,TNC SC conserved lands,Burrows Farm 1,South Carolina Farm Bureau Land Trust,easement,3.0,Burrows Farm 1,FY2024-25,288000.0,284.3,easement
533,8760.0,0.9999684838357475,True,confirmed,TNC SC conserved lands,Burrows Farm 2,South Carolina Farm Bureau Land Trust,easement,3.0,Burrows Farm 2,FY2024-25,248000.0,296.0,easement
534,8761.0,0.997601521227404,True,confirmed,TNC SC conserved lands,Harrison Farm,South Carolina Farm Bureau Land Trust,easement,3.0,Harrison Farm,FY2024-25,215000.0,106.71,easement
535,8719.0,0.9999999876962034,True,confirmed,TNC SC conserved lands,Battle of Hobkirk Hill - SC Liberty Trail,SC Battleground Preservation Trust,fee simple,2.0,Battle of Hobkirk Hill - SC Liberty Trail,FY2024-25,15000.0,0.35,fee simple
536,,,,unmatched,,,,,,Saluda Grade Trail,FY2024-25,750000.0,373.71,fee simple
537,8766.0,0.9696163344887944,True,confirmed,TNC SC conserved lands,Parris Farm,South Carolina Farm Bureau Land Trust,easement,3.0,Parris Family Farm,FY2024-25,630000.0,148.65,easement
538,10111.0,0.000384675521101,True,unmatched,PAD-US,"Alston, Roland P. Tract",Non-Governmental Organization,easement,4.0,Alston Tract,FY2024-25,64350.0,174.46,easement
538,8703.0,0.9999998087679788,True,confirmed,TNC SC conserved lands,Alston II,Congaree Land Trust,easement,3.0,Alston Tract,FY2024-25,64350.0,174.46,easement
539,8561.0,0.9826655223191072,False,"confirmed, name differs",TNC SC conserved lands,Black River State Park - Cove Creek,"South Carolina Department of Parks, Recreation and Tourism",fee simple,3.0,Black River SP - Cold Creek Acquisition,FY2024-25,221107.0,178.67,fee simple
540,9344.0,0.9990055424494212,True,confirmed,TNC SC conserved lands,GR060 - Dean Acres,Upper Savannah Land Trust,easement,3.0,Dean Acres,FY2024-25,112000.0,141.11,easement
541,8791.0,0.9959219706033215,True,confirmed,TNC SC conserved lands,Caesars Headwaters,Naturaland Trust,fee simple,2.0,Caesars Headwaters,FY2025-26,820000.0,26.29,fee simple
542,8750.0,0.9999988352716016,True,confirmed,TNC SC conserved lands,Coakley Chapel,Lowcountry Land Trust,fee simple,2.0,Coakley Chapel Park,FY2025-26,300000.0,6.46,fee simple
543,8764.0,0.930047131650066,True,confirmed,TNC SC conserved lands,Lever Farms,South Carolina Farm Bureau Land Trust,easement,3.0,Lever Farms,FY2025-26,187500.0,115.74,easement
544,8769.0,0.9999998677885488,True,confirmed,TNC SC conserved lands,Wilson Ridge Farms,South Carolina Farm Bureau Land Trust,easement,3.0,Wilson Ridge Farm,FY2025-26,640000.0,424.12,easement
545,8925.0,0.9898031638709978,False,"confirmed, name differs",TNC SC conserved lands,SL Freeman-Anderson Tract,Conservancy of the Sea Islands,easement,3.0,The Freeman-Anderson CE,FY2025-26,25000.0,5.41,easement
546,,,,unmatched,,,,,,Broad River Conservation @Alston,FY2025-26,725000.0,109.33,fee simple
547,8991.0,0.9999999791518164,True,confirmed,TNC SC conserved lands,Cedar Hill Farm,Spartanburg Area Conservancy,easement,3.0,Cedar Hill Farm,FY2025-26,300000.0,312.9,easement
548,8997.0,0.9999939768558862,False,"confirmed, name differs",TNC SC conserved lands,Wee Tee State Forest Addition,South Carolina Forestry Commission,fee simple,2.0,Pee Dee Basin RMS Initiative,FY2025-26,3300000.0,900.04,fee simple
549,8996.0,0.9999998945575768,True,confirmed,TNC SC conserved lands,Keller Tracts,Congaree Land Trust,easement,3.0,Keller Tracks,FY2025-26,129100.0,271.79,easement
550,8779.0,0.9951730485246442,True,confirmed,TNC SC conserved lands,Ninety Six Creek,Upstate Forever,easement,3.0,Ninety Six Creek,FY2025-26,78000.0,68.82,easement
551,8748.0,0.9883641513494342,False,"confirmed, name differs",TNC SC conserved lands,Carolina Seafood,Lowcountry Land Trust,easement,3.0,Carolina Seafood Hwy 17,FY2025-26,150000.0,14.67,fee simple
552,,,,unmatched,,,,,,North Widgeon,FY2025-26,250000.0,8.99,fee simple
553,8780.0,0.9986335661540332,True,confirmed,TNC SC conserved lands,Stevenson Century Farm,Upstate Forever,easement,3.0,Stevenson Century Farm,FY2025-26,200000.0,132.8,easement
554,9187.0,0.8247020375086469,True,confirmed,TNC SC conserved lands,Maxcy Farm Nature Preserve,Edisto Island Open Land Trust,fee simple,3.0,Maxcy Farm Nature Preserve,FY2025-26,400000.0,51.73,fee simple
555,10462.0,0.0008330804659528,False,unmatched,PAD-US,Francis Beidler Forest Macrosite,Non-Governmental Organization,easement,2.0,The Knight Tract,FY2025-26,800000.0,266.16,fee simple
555,7854.0,0.0002866390455862,False,unmatched,TNC SC conserved lands,Francis Beidler Forest (Pierce) Gable Farm,The Nature Conservancy,easement,3.0,The Knight Tract,FY2025-26,800000.0,266.16,fee simple
556,8800.0,0.9372753465669358,True,confirmed,TNC SC conserved lands,Pipsissewa Passage II,Naturaland Trust,fee simple,2.0,Pipsissewa Passage - II,FY2025-26,350000.0,15.46,fee simple
557,8801.0,0.8769892713565278,True,confirmed,TNC SC conserved lands,Pipsissewa Passage III,Naturaland Trust,fee simple,2.0,Pipsissewa Passage - III,FY2025-26,150000.0,7.85,fee simple
558,8762.0,0.9999998997881512,True,confirmed,TNC SC conserved lands,Keese Family Farm,South Carolina Farm Bureau Land Trust,easement,3.0,Keese Family Farm,FY2025-26,812000.0,556.68,easement
559,8838.0,0.9999138517731362,True,confirmed,TNC SC conserved lands,Broad Arrow Landing,Ducks Unlimited,easement,3.0,Broad Arrow Landing,FY2025-26,800000.0,903.61,easement
560,9186.0,0.5311861310352652,False,"confirmed, name differs",TNC SC conserved lands,Maxcy Farm CE,Edisto Island Open Land Trust,easement,3.0,Maxcy Farm Conservation Easement,FY2025-26,185000.0,48.23,easement
561,9353.0,0.9999999146707768,False,"confirmed, name differs",TNC SC conserved lands,SA021 - JPaul - Gillian - 2025,Upper Savannah Land Trust,easement,3.0,Gillian Farms - J.Paul Rd,FY2025-26,95000.0,42.33,easement
562,9356.0,0.9694248192702136,True,confirmed,TNC SC conserved lands,SA022 - Bodie Rd - Gillian- 2025,Upper Savannah Land Trust,easement,3.0,Gillian Farms - Bodie Rd,FY2025-26,256000.0,170.66,easement
563,10832.0,0.9906319767568776,False,"confirmed, name differs",PAD-US,Townes/S. Saluda,Non-Governmental Organization,easement,4.0,Duck Creek - Saluda Bluffs,FY2025-26,400000.0,28.0,fee simple
563,8793.0,0.9999519521641328,False,"confirmed, name differs",TNC SC conserved lands,Duck Creek Highway 11 Townes,Naturaland Trust,fee simple,2.0,Duck Creek - Saluda Bluffs,FY2025-26,400000.0,28.0,fee simple
564,8752.0,0.9556601397085912,True,confirmed,TNC SC conserved lands,Cattails Tree Farm Extension,Pee Dee Land Trust,easement,3.0,Cattails Tree Farm Extension,FY2025-26,176000.0,263.66,easement
565,8763.0,0.9999998306373068,True,confirmed,TNC SC conserved lands,LeMaster Grain and Cattle Farm,South Carolina Farm Bureau Land Trust,easement,3.0,LeMaster Grain and Cattle,FY2025-26,860000.0,379.08,easement
566,8781.0,0.9939236433538716,True,confirmed,TNC SC conserved lands,Moore Farm at Horsepen Creek,Upstate Forever,easement,3.0,Moore Farm at Horsepen Creek,FY2025-26,780000.0,110.8,easement
567,8789.0,0.6772830965624012,True,confirmed,TNC SC conserved lands,Blessing West,Open Space Institute,fee simple,2.0,Blessing,FY2025-26,7400000.0,627.75,fee simple
568,8788.0,0.9801151115347916,False,"confirmed, name differs",TNC SC conserved lands,Buckfield - Yemassee Phase I,South Carolina Forestry Commission,fee simple,2.0,Pocotaligo Station,FY2025-26,4597600.0,1742.33,fee simple
569,8754.0,0.9535720305697964,True,confirmed,TNC SC conserved lands,Evergreen,Pee Dee Land Trust,easement,3.0,Evergreen LLC - Little Lynches River Tract,FY2025-26,138450.0,150.82,easement
570,8745.0,0.9999998294748722,True,confirmed,TNC SC conserved lands,Barry Tract,Lowcountry Land Trust,easement,3.0,Ashley River - Barry Tract,FY2025-26,100000.0,67.02,fee simple
571,8757.0,0.9972045913893384,True,confirmed,TNC SC conserved lands,Red Fern,Pee Dee Land Trust,easement,3.0,Red Fern,FY2025-26,264000.0,302.02,easement
572,9101.0,0.9815172619448788,True,confirmed,TNC SC conserved lands,Mayadinya-in-the-Pines,Aiken Land Conservancy,easement,3.0,Mayadinya-in-the-Pines Conservation Easement,FY2025-26,34825.0,76.12,easement
573,8755.0,0.9999998787521192,True,confirmed,TNC SC conserved lands,Beneventum,Pee Dee Land Trust,easement,3.0,Beneventum,FY2025-26,342000.0,190.0,easement
574,8783.0,0.9686174113703828,True,confirmed,TNC SC conserved lands,Echols Farm,Upstate Forever,easement,3.0,Echols Farm,FY2025-26,175000.0,72.61,easement
575,8782.0,0.9883954260605544,True,confirmed,TNC SC conserved lands,RML Timber,Upstate Forever,easement,3.0,RML Timber,FY2025-26,872625.0,1219.03,easement
576,8753.0,0.9740533134800552,True,confirmed,TNC SC conserved lands,Jeffers Tract,Pee Dee Land Trust,easement,3.0,Jeffers Tract,FY2025-26,20000.0,36.0,easement
577,8756.0,0.9950605177446288,True,confirmed,TNC SC conserved lands,Sellers Tract,Pee Dee Land Trust,easement,3.0,Sellers Tract,FY2025-26,20500.0,222.0,easement
578,9100.0,0.9849491361659192,True,confirmed,TNC SC conserved lands,The Pond,Aiken Land Conservancy,easement,3.0,The Pond Conservation Easement,FY2025-26,16500.0,30.0,easement
579,8992.0,0.9999999480473584,True,confirmed,TNC SC conserved lands,Meadow Woods Farm,Spartanburg Area Conservancy,easement,3.0,Meadow Woods Farm,FY2025-26,160000.0,124.0,easement
580,9354.0,0.9800876945286536,False,"confirmed, name differs",TNC SC conserved lands,SA023 - Eidson - 2025,Upper Savannah Land Trust,easement,3.0,Eidson Family Timberland,FY2025-26,175000.0,695.0,easement
581,8758.0,0.8551802216467467,True,confirmed,TNC SC conserved lands,AM-PM Farms,South Carolina Farm Bureau Land Trust,easement,3.0,AM-PM Farms,FY2025-26,1500000.0,419.0,easement
582,8831.0,0.9999943601310508,True,confirmed,TNC SC conserved lands,H&H Farm,Open Land Trust,easement,3.0,H and H Farm,FY2025-26,444000.0,534.0,easement
583,8790.0,0.9999963869734332,True,confirmed,TNC SC conserved lands,Duck Ponds,Francis Marion University,fee simple,2.0,Duck Ponds,FY2025-26,16000000.0,8460.0,fee simple
584,8765.0,0.9967271057767068,True,confirmed,TNC SC conserved lands,Mims Farm,South Carolina Farm Bureau Land Trust,easement,3.0,Mims Farm,FY2025-26,475000.0,341.0,easement
585,8840.0,0.99999378636039,True,confirmed,TNC SC conserved lands,Georges & Roberts,Lord Berkeley Conservation Trust,easement,3.0,Tindal Farm - Georges & Roberts,FY2025-26,200000.0,165.0,easement
586,8841.0,0.999999629988766,True,confirmed,TNC SC conserved lands,Mooneyham,Lord Berkeley Conservation Trust,easement,3.0,Tindal Farm - Mooneyham,FY2025-26,230000.0,179.0,easement
587,12098.0,0.0156594112271521,False,unmatched,PAD-US,Santee Cooper Wildlife Management Area,Other or Unknown State Land,fee simple,2.0,Walnut Grove Plantation,FY2025-26,1305500.0,779.0,easement
587,8842.0,0.9803840693160794,False,"confirmed, name differs",TNC SC conserved lands,Walnut Grove,Lord Berkeley Conservation Trust,easement,3.0,Walnut Grove Plantation,FY2025-26,1305500.0,779.0,easement
587,1173.0,0.015906319070664,False,unmatched,SCDNR managed land,Santee Cooper WMA,SCDNR,fee simple,,Walnut Grove Plantation,FY2025-26,1305500.0,779.0,easement
588,9182.0,0.9995150021571424,True,confirmed,TNC SC conserved lands,Edisto Island Museum CE,Edisto Island Open Land Trust,easement,3.0,Edisto Island Museum,FY2025-26,40000.0,10.0,easement
589,8786.0,0.9999998701893008,True,confirmed,TNC SC conserved lands,Duck Haven,Upstate Forever,easement,3.0,Duck Haven,FY2025-26,250000.0,147.0,easement
590,8929.0,0.9999996749181982,False,"confirmed, name differs",TNC SC conserved lands,4382 Betsy Kerrison,Conservancy of the Sea Islands,fee simple,2.0,Betsy Kerrison Nature Trail Phase V,FY2025-26,600000.0,11.0,fee simple
591,8787.0,0.99324664117713,True,confirmed,TNC SC conserved lands,Big Garvin Creek Farm,Upstate Forever,easement,3.0,Big Garvin Creek Farm,FY2025-26,317000.0,253.0,easement
592,8743.0,0.999999932830768,True,confirmed,TNC SC conserved lands,Oscar's Place,Lowcountry Land Trust,easement,3.0,Oscar's Place,FY2025-26,80000.0,50.0,easement
593,8738.0,0.999999927673481,True,confirmed,TNC SC conserved lands,Kidd Properties,Katawba Valley Land Trust,easement,3.0,Kidd Family Farm,FY2025-26,264100.0,296.0,easement
594,9102.0,3.554455799780942e-09,False,unmatched,TNC SC conserved lands,Boyd Pond Tract,Aiken Land Conservancy,fee simple,2.0,Boyd Pond Park Addition,FY2025-26,220000.0,25.0,fee simple
595,,,,unmatched,,,,,,Whiten Farms,FY2025-26,375000.0,156.0,easement
596,8993.0,0.9983331768504682,True,confirmed,TNC SC conserved lands,KAFA Tract,Congaree Land Trust,easement,3.0,KAFA Lynches River Tract,FY2025-26,35250.0,130.0,easement
597,9063.0,0.752383963704049,True,confirmed,TNC SC conserved lands,Thomason Farm,Upstate Forever,easement,3.0,Thomason Farm,FY2025-26,378000.0,219.0,easement
598,9050.0,0.9999998890752528,False,"confirmed, name differs",TNC SC conserved lands,Rivers Edge,Congaree Land Trust,easement,3.0,Back Swamp,FY2025-26,216000.0,420.0,easement
599,9048.0,0.9992127046945584,True,confirmed,TNC SC conserved lands,Shelton Wood,Congaree Land Trust,easement,3.0,Shelton Wood,FY2025-26,94500.0,219.0,easement
600,9061.0,0.967226707986728,True,confirmed,TNC SC conserved lands,Bradley Property,Katawba Valley Land Trust,fee simple,3.0,Bradley Property,FY2025-26,91200.0,43.0,easement
601,8805.0,0.9835646523089572,True,confirmed,TNC SC conserved lands,Reedy Cove - Twin Falls,Naturaland Trust,fee simple,2.0,Reedy Cove at Twin Falls,FY2025-26,20000.0,3.0,fee simple
602,9040.0,0.988576528992318,True,confirmed,TNC SC conserved lands,Santuc Farm,Upstate Forever,easement,3.0,Santuc Farm,FY2025-26,340800.0,387.0,easement
603,,,,unmatched,,,,,,Felker Farm,FY2025-26,225000.0,248.0,easement
604,8807.0,0.9928670054801072,True,confirmed,TNC SC conserved lands,Terry Creek Confluence,Naturaland Trust,fee simple,2.0,Terry Creek Confluence,FY2025-26,30000.0,4.0,fee simple
605,,,,unmatched,,,,,,Piedmont River Park,FY2025-26,33000.0,6.0,fee simple
606,,,,unmatched,,,,,,Long Branch Conservation,FY2025-26,100000.0,17.0,fee simple
607,8796.0,0.996140403065457,True,confirmed,TNC SC conserved lands,Little Rock Mountain,Naturaland Trust,fee simple,2.0,Little Rock Mountain,FY2025-26,256400.0,53.0,fee simple
608,10599.0,0.0134471717211004,True,unmatched,PAD-US,Table Rock State Park,State Park and Recreation,fee simple,4.0,Table Rock State Park - Hutto Tract,FY2025-26,78000.0,5.0,fee simple
608,9057.0,0.9210197269235488,False,"confirmed, name differs",TNC SC conserved lands,Table Rock Addition,"South Carolina Department of Parks, Recreation and Tourism",fee simple,3.0,Table Rock State Park - Hutto Tract,FY2025-26,78000.0,5.0,fee simple
609,9044.0,0.983681233683815,True,confirmed,TNC SC conserved lands,Kirkwood Farm,Pee Dee Land Trust,easement,3.0,Kirkwood Farm,FY2025-26,264618.0,373.0,easement
610,8453.0,0.0425705828946994,False,unmatched,TNC SC conserved lands,Gregory 1,Katawba Valley Land Trust,easement,3.0,Jamari at Hanging Rock,FY2025-26,522500.0,160.0,fee simple
611,9510.0,0.0001719218125032,False,unmatched,PAD-US,Aiken Gopher Tortoise Heritage Preserve / Wildlife Management Area,State Department of Natural Resources,fee simple,2.0,Keadle Bridge Addition,FY2025-26,1378752.0,431.0,fee simple
611,9109.0,0.9997101352527792,True,confirmed,TNC SC conserved lands,Keadle Bridge,Aiken Land Conservancy,easement,2.0,Keadle Bridge Addition,FY2025-26,1378752.0,431.0,fee simple
611,741.0,0.0001654287414563,False,unmatched,SCDNR managed land,Aiken Gopher Tortoise Heritage Preserve / Wildlife Management Area,SCDNR,fee simple,,Keadle Bridge Addition,FY2025-26,1378752.0,431.0,fee simple
612,10185.0,0.5642184987555481,True,confirmed,PAD-US,Camden Battlefield,Non-Governmental Organization,fee simple,4.0,Camden Battlefield,FY2004-05,341250.0,310.0,fee simple
612,9034.0,0.9999999895720147,True,confirmed,TNC SC conserved lands,Camden Battlefield,Palmetto Conservation Foundation,fee simple,2.0,Camden Battlefield,FY2004-05,341250.0,310.0,fee simple
613,10595.0,0.9994090293043202,True,confirmed,PAD-US,Camden Battleground Tract,Non-Governmental Organization,fee simple,4.0,Camden Battleground Trust,FY2007-08,106052.0,161.0,fee simple
613,9035.0,0.9999999672255716,True,confirmed,TNC SC conserved lands,Camden Battleground Trust,Palmetto Conservation Foundation,fee simple,2.0,Camden Battleground Trust,FY2007-08,106052.0,161.0,fee simple
614,9107.0,0.999997818742032,True,confirmed,TNC SC conserved lands,McGovern Tract,Aiken Land Conservancy,easement,3.0,McGovern Tract Conservation Easement,FY2025-26,31200.0,21.0,easement
615,8740.0,0.9978202530065284,True,confirmed,TNC SC conserved lands,Newground,Lowcountry Land Trust,easement,3.0,Newground,FY2025-26,180000.0,58.0,easement
616,9708.0,0.0001955977137344,False,unmatched,PAD-US,Asbury Hills,Non-Governmental Organization,fee simple,4.0,Sky Ranche,FY2025-26,1105000.0,130.0,fee simple
616,9059.0,0.9978562579143846,True,confirmed,TNC SC conserved lands,Sky Ranche,Naturaland Trust,fee simple,3.0,Sky Ranche,FY2025-26,1105000.0,130.0,fee simple
616,1194.0,7.571256292615721e-06,False,unmatched,SCDNR managed land,Unnamed WMA,SCDNR,fee simple,,Sky Ranche,FY2025-26,1105000.0,130.0,fee simple
617,11235.0,2.4177394424238336e-06,False,unmatched,PAD-US,Paris Mountain State Park,State Park and Recreation,fee simple,4.0,Altamont Pass,FY2025-26,1000000.0,88.0,fee simple
617,7401.0,0.0203894336100457,False,unmatched,TNC SC conserved lands,Paris Mountain State Park,"South Carolina Department of Parks, Recreation and Tourism",fee simple,3.0,Altamont Pass,FY2025-26,1000000.0,88.0,fee simple
618,,,,unmatched,,,,,,Wheeler Farm,FY2025-26,744000.0,887.0,easement
619,9054.0,0.9957053081248975,True,confirmed,TNC SC conserved lands,Utsey Tract,Lowcountry Land Trust,easement,3.0,Utsey Tract,FY2025-26,500000.0,296.74,easement
620,9183.0,0.9601206352184188,True,confirmed,TNC SC conserved lands,Historic Store Creek Corner,Edisto Island Open Land Trust,fee simple,3.0,Historic Store Creek Corner,FY2025-26,590000.0,3.0,fee simple
621,9042.0,0.9774896713652133,True,confirmed,TNC SC conserved lands,Frohlich Farm,Open Space Institute,fee simple,3.0,Frohlich Farm,FY2025-26,3465000.0,184.0,fee simple
622,9058.0,0.994621890773565,True,confirmed,TNC SC conserved lands,Boones Creek Expansion,Naturaland Trust,fee simple,3.0,Boones Creek Expansion,FY2025-26,20000.0,1.0,fee simple
623,8825.0,0.0016218236381967,False,unmatched,TNC SC conserved lands,Upstate Forever #66,Upstate Forever,easement,3.0,Tokeena Angus,FY2025-26,160000.0,99.0,easement
624,10704.0,0.003744823118075,False,unmatched,PAD-US,Francis Marion National Forest,Forest Service,fee simple,3.0,AC II,FY2025-26,610000.0,1129.0,easement
624,9055.0,0.9999999491605428,True,confirmed,TNC SC conserved lands,AC II,Lowcountry Land Trust,easement,3.0,AC II,FY2025-26,610000.0,1129.0,easement
624,1315.0,0.0034949629330794,False,unmatched,SCDNR managed land,Francis Marion National Forest,SCDNR,fee simple,,AC II,FY2025-26,610000.0,1129.0,easement
625,11033.0,2.579378101782181e-06,False,unmatched,PAD-US,Francis Marion National Forest,Non-Governmental Organization,easement,2.0,Montgomery Tract,FY2025-26,302000.0,312.0,easement
625,9056.0,0.9999998065042832,True,confirmed,TNC SC conserved lands,Montgomery Tract,Lowcountry Land Trust,easement,3.0,Montgomery Tract,FY2025-26,302000.0,312.0,easement
626,9368.0,0.999999798847913,True,confirmed,TNC SC conserved lands,SA024 - Herlong - Flat Grove Farm - 2026,Upper Savannah Land Trust,easement,3.0,Flat Grove Farm,FY2025-26,223500.0,232.0,easement
627,12252.0,0.000380818499648,False,unmatched,PAD-US,Kings Mountain State Park,State Park and Recreation,fee simple,4.0,Forest View,FY2025-26,4850000.0,590.0,fee simple
627,9377.0,0.9848797035368068,False,"confirmed, name differs",TNC SC conserved lands,Forest View - Kings Mountain,Open Space Institute,fee simple,2.0,Forest View,FY2025-26,4850000.0,590.0,fee simple
628,,,,unmatched,,,,,,Winkles Farm,FY2025-26,331578.0,330.0,easement
629,7305.0,0.0036507049696033,False,unmatched,TNC SC conserved lands,River Oaks Pltn,South Carolina Department of Natural Resources,fee simple,2.0,River Oaks,FY2025-26,950000.0,699.0,fee simple
630,9045.0,0.9886136956813756,True,confirmed,TNC SC conserved lands,King Family Lynches Tract,Pee Dee Land Trust,easement,3.0,King Family Lynches Tract,FY2025-26,305000.0,546.0,easement
631,10382.0,0.0007348860099668,False,unmatched,PAD-US,Catawba-Pee Dee Region - Liberty Hill,State Department of Natural Resources,fee simple,2.0,Blue Heron LLC - Liberty Hill WMA Addition,FY2025-26,6566000.0,2006.0,fee simple
631,8447.0,0.0002566928886103,True,unmatched,TNC SC conserved lands,Blue Heron,Katawba Valley Land Trust,easement,3.0,Blue Heron LLC - Liberty Hill WMA Addition,FY2025-26,6566000.0,2006.0,fee simple
631,1519.0,2.6048667389316427e-05,False,unmatched,SCDNR managed land,Liberty Hill Wildlife Management Area,SCDNR,fee simple,,Blue Heron LLC - Liberty Hill WMA Addition,FY2025-26,6566000.0,2006.0,fee simple
632,,,,unmatched,,,,,,Ulmer Farms 1,FY2026-27,165830.0,321.0,easement
633,,,,unmatched,,,,,,Ulmer Farms 2,FY2026-27,148000.0,205.0,easement
634,,,,unmatched,,,,,,Tindal Farm - Hodges Corner,FY2026-27,200000.0,156.0,easement
635,11441.0,0.0024144935171623,False,unmatched,PAD-US,Manchester State Forest,State Department of Land,fee simple,2.0,Tindal Farm - Home Place,FY2026-27,510000.0,412.0,easement
635,3186.0,0.0024039823426902,False,unmatched,TNC SC conserved lands,Manchester State Forest,South Carolina Forestry Commission,fee simple,3.0,Tindal Farm - Home Place,FY2026-27,510000.0,412.0,easement
635,942.0,0.0019176727166969,False,unmatched,SCDNR managed land,"Oak Lea WMA, Manchester State Forest",SCDNR,fee simple,,Tindal Farm - Home Place,FY2026-27,510000.0,412.0,easement
636,,,,unmatched,,,,,,Gramling and Gramling Farm,FY2026-27,1873530.0,816.0,easement
637,,,,unmatched,,,,,,Shealy Farms,FY2026-27,60000.0,60.0,easement
638,9032.0,0.9861130364760138,False,"confirmed, name differs",TNC SC conserved lands,"Port Royal Sound (Chelsea Plantation, LLC)",South Carolina Forestry Commission,fee simple,2.0,Chelsea,FY2026-27,1500000.0,2672.0,easement
639,10858.0,0.951046472305084,False,"confirmed, name differs",PAD-US,Atlantic Coast Conservancy,Non-Governmental Organization,easement,4.0,Glassy Summit,FY2026-27,814000.0,183.0,fee simple
640,,,,unmatched,,,,,,Boones Falls,FY2026-27,1870250.0,153.0,fee simple
641,,,,unmatched,,,,,,Old Schoolhouse Farm,FY2026-27,216000.0,193.0,easement
642,,,,unmatched,,,,,,Chick-A-Moo Farm 1,FY2026-27,257500.0,97.0,easement
643,9060.0,0.9961952826725388,True,confirmed,TNC SC conserved lands,Mountain Bridge East,Naturaland Trust,fee simple,3.0,Mountain Bridge East,FY2026-27,400000.0,38.0,fee simple
643,1251.0,0.0007361426103206,False,unmatched,SCDNR managed land,(unnamed),SCDNR,fee simple,,Mountain Bridge East,FY2026-27,400000.0,38.0,fee simple
644,8246.0,0.0161603661858702,False,unmatched,TNC SC conserved lands,Buckeye Farms I,Congaree Land Trust,easement,3.0,Goodwill,FY2026-27,12600000.0,737.0,fee simple
644,1490.0,0.0023141700622594,False,unmatched,SCDNR managed land,Wateree Range,SCDNR,fee simple,,Goodwill,FY2026-27,12600000.0,737.0,fee simple
645,8020.0,8.212155343499332e-05,False,unmatched,TNC SC conserved lands,Cooler Dairy Farm,Lowcountry Land Trust,easement,3.0,Hiott Farms,FY2026-27,285000.0,548.0,easement
646,10726.0,0.0004289988497697,False,unmatched,PAD-US,Us-Sc-4-13,Non-Governmental Organization,easement,4.0,Vaught Tract II,FY2026-27,205000.0,303.0,easement
646,2458.0,0.0183625400353829,False,unmatched,TNC SC conserved lands,Hobonny Fields,Lowcountry Land Trust,easement,3.0,Vaught Tract II,FY2026-27,205000.0,303.0,easement
647,,,,unmatched,,,,,,Humbert Woods Nature Preserve,FY2026-27,700000.0,97.0,fee simple
648,,,,unmatched,,,,,,Wentzky Farm,FY2026-27,146000.0,52.0,easement
649,,,,unmatched,,,,,,Bates House,FY2026-27,400000.0,11.0,fee simple
650,,,,unmatched,,,,,,McCoy Farm,FY2026-27,435000.0,1089.0,easement
651,,,,unmatched,,,,,,Bishop Branch Farm,FY2026-27,280000.0,117.0,easement
652,,,,unmatched,,,,,,Peach Shed Grains,FY2026-27,178500.0,43.0,easement
653,12210.0,0.0399711053627858,False,unmatched,PAD-US,Sumter National Forest,Forest Service,fee simple,3.0,Union of Brothers,FY2026-27,115200.0,302.0,easement
653,4279.0,0.020783679317036,False,unmatched,TNC SC conserved lands,"JETER, L. B.",U.S. Forest Service,fee simple,3.0,Union of Brothers,FY2026-27,115200.0,302.0,easement
653,1370.0,0.0228450378252085,False,unmatched,SCDNR managed land,Sumter National Forest,SCDNR,fee simple,,Union of Brothers,FY2026-27,115200.0,302.0,easement
654,,,,unmatched,,,,,,Milky Way Farms,FY2026-27,795000.0,177.0,easement
655,,,,unmatched,,,,,,Redding-Stone Farmstead Tracts,FY2026-27,100000.0,78.0,easement
