property_name,deed_acres,award,net_award_unverified,recipient,transfer_to,region,fair_market_value,match_owner_donation,match_private_local,match_federal,match_notes,property_description,notes,habitat_acres::open water,"habitat_acres::developed, open space","habitat_acres::developed, low","habitat_acres::developed, medium","habitat_acres::developed, high",habitat_acres::barren,habitat_acres::deciduous forest,habitat_acres::evergreen forest,habitat_acres::mixed forest,habitat_acres::shrub/scrub,habitat_acres::herbaceous,habitat_acres::hay/pasture,habitat_acres::cultivated crops,habitat_acres::woody wetlands,habitat_acres::emergent herbaceous wetlands,fiscal_year,fy_start,counties,county_count,deed_type,public_access,is_transfer,cost_per_acre,gis_acres,match_total,total_deal_value,leverage,source,bank_reported_only
Alewine Tract,95.9,477103.0,477103.0,SCDNR,No Transfer,Piedmont,500000.0,,,,,"The Alewine property is 95.9 acres of pristine mountain lands which adjoins scenic Highway 11 with the Jocassee Gorges Wildlife Management Area. In addition to the high natural resources value of this property, it is a key acquisition from a public access standpoint. The current size of Jocassee Gorge is 33,430 acres, of which a significant portion are inaccessible to the public due to a lack of road access. This piece of property has allowed solid public access to 3000 acres of previously inaccessible lands. The Alewine lands have also provided space for a Department of Natural Resources workshed and storage facility, both of which assist DNR in their management of the park. The land is primarily older aged mixed hardwood forest with extensive river frontage. The acquisition of this land ensures protection of headwater seeps and streams of the Oolenoy River as well as providing excellent habitat for game species, fish and birds, resting and feeding areas for migratory species and critical habitat corridors. ",Part of SCDNR's Jocassee Gorges,0.0,1.7791564125355006,0.0,0.0,0.0,0.0,78.95006580626283,0.8895782062677503,22.01706060512682,0.0,0.0,0.0,0.0,0.0,0.0,FY2004-05,2004,Pickens,1,fee simple,full,False,4975.005213764338,103.35063566415516,0.0,477103.0,0.0,SC Conservation Bank grants feature service,False
Alexander Tract,41.394,88825.0,88825.0,SCPRT,No Transfer,Piedmont,125000.0,,,,,"The acquisition of the Alexander Tract represents the final link in the joining together of 16,000 acres of park lands located in North and South Carolina. This land was purchased for inclusion in Kings Mountain State Park located in Cherokee County. The Alexander Tract opened up vast amounts of land to the public for hunting, fishing, canoeing, biking, educational opportunities as well as charitable organizations such as the Make-A-Wish Foundation. The South Carolina Department of Parks, Recreation and Tourism contributed funds along with the Conservation Bank to make the addition of the Alexander Tract a possibility.",Part of SCPRT's Kings Mountain State Park,0.0,3.113523721937126,0.0,0.0,0.0,0.0,36.6951010085447,0.0,0.22239455156693758,0.0,0.0,0.0,0.0,0.0,0.0,FY2005-06,2005,Cherokee,1,fee simple,full,False,2145.8423926172877,40.3776876121057,0.0,88825.0,0.0,SC Conservation Bank grants feature service,False
"Private tract (Sumter County, FY2007-08)",220.8,220000.0,220000.0,Congaree Land Trust,No Transfer,Central,775000.0,,,,,"This tract is a typical small family farm with planted pines. It has a good amount of road frontage, and this property is close to a development tract. It adjoins the Dixie Hall Plantation which was the headquarters for Maj. Gen. P.M.B. Young.",,0.22239455156693758,13.566067645583193,2.6687346188032506,0.0,0.0,0.0,0.0,175.9140902894476,0.0,0.0,1.556761860968563,0.0,4.892680134472626,15.790013161252567,0.0,FY2007-08,2007,Sumter,1,easement,limited,False,996.3768115942029,214.3617254623167,0.0,220000.0,0.0,SC Conservation Bank grants feature service,False
Anderson Property,314.28,350000.0,350000.0,Nation Ford Land Trust,No Transfer,Pee Dee,3145000.0,,,,,"The Anderson Property is currently used for timber production, small scale farming, hunting and recreational purposes. The northern section of the property is the main site for loblolly pine production and there is approximately 180 acres of mixed virgin hardwood on the property. The Anderson Tract boundary follows the centerline of Fishing Creek, the second largest watershed in York County, for 5,160 feet. Fishing Creek provides habitat for the federally endangered Carolina Heelsplitter.  ",,0.0,14.455645851850942,0.22239455156693758,0.0,0.0,0.0,68.7199164341837,74.05738567179021,91.40416069401134,0.0,0.22239455156693758,47.81482858689157,0.0,0.0,0.0,FY2018-19,2018,York,1,easement,limited,False,1113.656611938399,296.50105698488824,0.0,350000.0,0.0,SC Conservation Bank grants feature service,False
Angel Oak,17.0,890000.0,890000.0,Lowcountry Land Trust,No Transfer,Coastal,3560000.0,,,,,"This is one of the rare tracts that offers cultural, historical, and political value. The tract adjoins the Angel Oak and New School playground. It will become a nature park on John's Island where the community can visit one of the world's most iconic trees.",,0.0,1.3343673094016253,0.0,0.0,0.0,0.0,0.0,12.89888399088238,0.0,0.0,0.0,0.0,0.0,3.113523721937126,0.0,FY2013-14,2013,Charleston,1,fee simple,full,False,52352.94117647059,17.002397490070305,0.0,890000.0,0.0,SC Conservation Bank grants feature service,False
Asbury Hills,1892.0,3750000.0,3750000.0,The Nature Conservancy,SC United Methodist Conference,Piedmont,12600000.0,,,,,"This magnificent piece of property is located in the Mountain Bridge Wilderness area of Greenville and Pickens Counties. When the typical visitor to Caesar's Head looks down toward Table Rock, they are seeing the Asbury Hills tract. The land is 98% forested and would have been in immediate danger of development if the Conservation Bank had not secured funds.",,2.6687346188032506,25.57537343019782,3.558312825071001,0.0,0.0,0.44478910313387515,1491.3778628078833,38.919046524214075,271.0989583600969,0.0,3.113523721937126,2.2239455156693757,0.0,3.335918273504064,0.0,FY2006-07,2006,Greenville,1,fee simple,full,True,1982.029598308668,1840.5466622020456,0.0,3750000.0,0.0,SC Conservation Bank grants feature service,False
Asbury Hills Expansion,40.15,40000.0,40000.0,The Nature Conservancy,No Transfer,Piedmont,180000.0,,,,,"Protection of the Asbury Hills Expansion property is significant for providing habitat linkagesAsbury Hills within South Carolina's mountain forests and streams. The property is entirely forested with Southern Blue Ridge forest types of mainly Pine-Oak Heath and Oak-hickory forests. These forests support excellent wildlife habitat for game species such as turkey, deer and black bear. There are rare, non-game species that have been documented on and around the property such as Appalachian cottontail, Woodland jumping mouse, six bat species including Northern Long-eared bat and Rafineque's Big-eared bat, plus neotropical migratory birds such as Swainson's warbler. The property's forested environment filters two streams traversing through the property, which are headwater streams to the S. Saluda River and flow to Lake Saluda, a recreation lake that supplies water to the town of Easley, SC. This property will add and be compatible to the already conserved 1,892 acres held under a conservation easement with TNC. The Camp intends to use the property for passive recreation for their camp and retreat programs. This property was enrolled into the SC DNR Wildlife Management Agreement (WMA) Program, adding to the Asbury Hills property already in WMA.",,0.0,1.1119727578346879,0.0,0.0,0.0,0.0,26.909740739599446,1.3343673094016253,10.230149372079127,0.0,0.0,0.0,0.0,0.0,0.0,FY2016-17,2016,Greenville,1,easement,limited,False,996.2640099626401,39.23964803916775,0.0,40000.0,0.0,SC Conservation Bank grants feature service,False
Ashley River Historic Project,12280.0,6285000.0,6285000.0,Ducks Unlimited,No Transfer,Coastal,31500000.0,,,,,This tract makes up roughly one third of the entire Ashley River Plantation District. The area is an ecologically diverse region containing historical landmarks that are constantly threatened by development in the Charleston and Summerville areas.,,151.22829506551753,173.4677502222113,58.044977958970705,4.447891031338751,0.0,119.64826874301241,0.22239455156693758,2643.159245373053,2.446340067236313,219.94821149970124,154.34181878745466,143.2220912091078,19.793115089457444,3872.778720986651,350.4938132694936,FY2004-05,2004,Dorchester,1,easement,limited,False,511.80781758957653,7945.519146800455,0.0,6285000.0,0.0,SC Conservation Bank grants feature service,True
Avins Tract,431.13,431130.0,431130.0,Congaree Land Trust,No Transfer,Central,2136500.0,,,,,This tract represents the first grant in Clarendon County by the Conservation Bank. The tract is a family farm and also acts as a waterfowl hunting property. This is in the area known as the Santee Waterfowl Corridor and is the first project to go up and down the Upper Santee Swamp. This tract will be used for controlled waterfowl hunting while also aiding in water quality for the area.,,2.891129170370188,3.7807073766379387,0.6671836547008126,0.0,0.0,0.0,0.0,46.25806672592301,0.0,6.671836547008128,0.22239455156693758,0.0,240.63090479542646,110.75248668033491,12.231700336181566,FY2012-13,2012,Clarendon,1,easement,limited,False,1000.0,423.8889212232593,0.0,431130.0,0.0,SC Conservation Bank grants feature service,False
Bailey Mill,1645.52,493500.0,493500.0,Lowcountry Land Trust,No Transfer,Coastal,4850000.0,,,,,"Bailey Mill is a magnificent piece of relatively undeveloped property in Jasper County. The property is currently used for hunting, timber and agricultural activities. It is prominently visible by the public from Bailey Mill Road, having approximately 1,900 feet of scenic road frontage. Bailey Mill lies within the more than 2 millions acres of the South Lowcountry (SoLo) Focus Area featuring diverse ecosystems and a wealth of wildlife. This property contains a diversity of relatively natural habitats including upland pine forest and forested and un-forested wetlands in various stages of succession, and open fields, all of which can support a variety of floral and faunal species. Baily Mill lies within Calfpen Bay and flows into the Great Swamps. It is within the headwaters of the New River and runs into the Port Royal Sound.",,0.0,48.25961769002545,15.122829506551755,0.0,0.0,0.0,0.0,766.1492301481,0.0,139.44138383246988,10.452543923646065,0.0,0.0,582.4513305538095,24.685795223930068,FY2015-16,2015,Jasper,1,easement,none,False,299.9051971413292,1594.917937400389,0.0,493500.0,0.0,SC Conservation Bank grants feature service,False
Barker Assoc.,1457.67,291534.0,291534.0,The Nature Conservancy,No Transfer,Coastal,7055000.0,,,,,"The Barker Association tract represents an ongoing effort by the Bank to help preserve lands along the Savannah River. As part of the Savannah River Preserve program, landowners donate the easements at the cost of $208 an acre. This tract of land is within the Savannah River Watershed and is a key acquisition for water quality protection.",,0.44478910313387515,29.35608080683576,2.001550964102438,0.0,0.0,0.0,0.0,800.6203856409752,1.1119727578346879,46.48046127748995,4.225496479771814,0.0,193.48325986323567,338.26211293331204,0.6671836547008126,FY2007-08,2007,Hampton,1,easement,none,False,200.0,1419.5953083865124,0.0,291534.0,0.0,SC Conservation Bank grants feature service,False
Batten Boggy Tract,315.25,63000.0,63000.0,Ducks Unlimited,No Transfer,Coastal,1513000.0,,,,,"The Batten-Boggy Tract is located in Hampton County approximately 4 miles west of the Town of Garnett and encompasses 315 acres of heavily forested land dominated by upland pine and bottomland hardwood swamp. A total of 112 acres of wetlands occur on the property including bottomland hardwoods, gum ponds, and pine hardwood flats. Uplands consists of 138 acres of planted loblolly pine, 13 acres of hardwood hammock, 11 acres of open wildlife food plot, and 41 acres of cutover/open lands.",,0.0,0.44478910313387515,0.8895782062677503,0.0,0.0,0.0,0.0,193.92804896636954,0.0,10.89733302677994,7.33902020170894,0.0,0.6671836547008126,101.8567046176574,0.0,FY2006-07,2006,Hampton,1,easement,none,False,199.84139571768438,316.08954717797064,0.0,63000.0,0.0,SC Conservation Bank grants feature service,False
"Battery Wilkes Tract (E.H. Boinest, III)",1.8,354000.0,354000.0,SC Battleground Preservation Trust,No Transfer,Coastal,500000.0,,,,,The Battery Wilkes Tract houses an important piece of South Carolina history in Charleston County. The property saves a Civil War fortification listed on the National Register of Historic Places and one of only fifty or fewer remaining fortification sites out of the 183 that once existed in Charleston County. It is located on the Savannah Hwy with the hopes of becoming part of the City of Charleston and a public park.,,0.0,0.6671836547008126,1.556761860968563,0.0,0.0,0.0,0.0,0.0,0.0,0.0,0.0,0.0,0.0,0.0,0.0,FY2012-13,2012,Charleston,1,fee simple,full,False,196666.66666666666,1.7773415665292545,0.0,354000.0,0.0,SC Conservation Bank grants feature service,False
Battle of Hanging Rock - Horton,30.84,157500.0,157500.0,SC Battleground Preservation Trust,No Transfer,Pee Dee,315000.0,0.0,0.0,157500.0,National Park Service (estimated),"The Battle of Handing Rock property, located in Heath Spring, was a portion of the battlefield for the August 6, 1780, Battle of Hanging Rock. This significant Revolutionary War battle was the first in a series of battles as American Patriots attempted to threaten British strongholds in the upcounty of the state. ",,0.0,7.116625650142002,0.22239455156693758,0.0,0.0,0.0,6.004652892307314,3.558312825071001,2.446340067236313,0.0,0.0,8.673387511110565,0.0,0.0,0.0,FY2019-20,2019,Lancaster,1,fee simple,full,False,5107.003891050584,27.625060774723025,157500.0,315000.0,1.0,SC Conservation Bank grants feature service,False
Battle of Parker's Ferry - Liberty Trail,31.0,55180.0,55180.0,SC Battleground Preservation Trust,Colleton Co. or Colleton Co. Historical Society,Coastal,113000.0,2640.0,55180.0,0.0,Local: private donations,"In the summer of 1781, British and Loyalist troops were operating in the countryside outside of Charleston, both foraging for provisions and attempting to suppress the Patriot militia. Militia Colonel William Harden commanded a small force south of the Edisto River and asked for assistance in dealing with the British patrols. On August 10, 1781, Major General Nathanael Greene dispatched Brigadier General Francis Marion to assist Harden. Arriving on August 22, Marion learned that a Loyalist force commanded by William ""Bloody Bill"" Cunningham was at Pon Pon River (present-day Edisto River) to join a much larger force of British regulars, Hessian troops, and other Loyalist militia. Parker's Ferry was a major thoroughfare crossing the river and it was here that Marion planned his ambush. On August 30, Marion placed his troops in the thick woods about forty yards from the causeway leading to Parker's Ferry. Marion sent several dragoons forward to entice the Loyalist troops to follow them into the trap. As shots were fired, British Lt. Colonel Ernst Leopold von Borek ordered Major Thomas Fraser and his dragoons to charge to the scene. Fraser's troops galloped blindly into the ""gauntlet"" that Marion set for them. British causalities were heavy, while Marion only had one man killed and three wounded. This fight was effective in forcing the British cavalry back to Charleston, never to return to the Jacksonborough region. As a result, the dragoons with von Borek were not available to fight at the Battle of Eutaw Springs just eight days later. Marion pulled back to the Santee and joined Greene for this important battle in which he commanded the militia battle line, the front line to engage the British. This project preserves all of the footprint of the core of the Battle of Parker's Ferry. This battle is the quintessential example of the ambush tactics under by Brigadier General Francis Marion during the war. Preserving this battlefield will be a significant addition to the SC Liberty Trail. ",,0.0,0.8895782062677503,0.0,0.0,0.0,0.0,0.0,28.911291703701885,0.0,1.3343673094016253,0.0,0.0,0.0,2.6687346188032506,0.0,FY2020-21,2020,Colleton,1,fee simple,full,True,1780.0,33.42540339652005,57820.0,113000.0,1.0478434215295398,SC Conservation Bank grants feature service,False
Battle of Port Royal (Harris Pillow) - Liberty Trail,6.08,227963.0,227963.0,SC Battleground Preservation Trust,Beaufort County,Coastal,460000.0,4075.0,84802.0,143160.0,"Marine Corps Air Station, Beaufort County (estimated)","In January 1779, British Major William Gardner was ordered to make a naval landing and march infantry companies to occupy Port Royal Island. Learning of the British advance, Patriot General Benjamin Lincoln dispatched Brigadier General William Moultrie to meet this British Threat.  The battle is significant for a number of reasons. If the British were successful in capturing Port Royal, they would have controlled the largest natural deep-water harbor south of New York. Secondly, both Thomas Heyward, Jr. and Edward Rutledge fought in the battle. ",,0.0,0.6671836547008126,0.44478910313387515,0.22239455156693758,0.0,0.0,0.0,3.335918273504064,0.0,0.0,0.0,0.0,0.0,1.1119727578346879,0.0,FY2019-20,2019,Beaufort,1,fee simple,full,True,37493.91447368421,5.799936667944937,232037.0,460000.0,1.017871321223181,SC Conservation Bank grants feature service,False
Battle of Port Royal (Kling) - Liberty Trail,3.73,125000.0,125000.0,SC Battleground Preservation Trust,Beaufort County,Coastal,280000.0,35000.0,41500.0,78500.0,"Marine Corps Air Station, Beaufort County (estimated)","In January 1779, British Major William Gardner was ordered to make a naval landing and march infantry companies to occupy Port Royal Island. Learning of the British advance, Patriot General Benjamin Lincoln dispatched Brigadier General William Moultrie to meet this British Threat.  The battle is significant for a number of reasons. If the British were successful in capturing Port Royal, they would have controlled the largest natural deep-water harbor south of New York. Secondly, both Thomas Heyward, Jr. and Edward Rutledge fought in the battle. ",,0.0,0.6671836547008126,0.0,0.0,0.0,0.0,0.0,1.1119727578346879,0.0,0.0,0.0,0.0,0.0,1.7791564125355006,0.0,FY2019-20,2019,Beaufort,1,fee simple,full,True,33512.06434316354,3.5502916050217928,155000.0,280000.0,1.24,SC Conservation Bank grants feature service,False
Baxley Tract,979.0,794626.0,794626.0,Marion Co SWCD,No Transfer,Pee Dee,6700000.0,,,,,"The Baxley lands represents 979 acres of prime farmland in Marion County. This land has been put into an easement with matching funds from the USDA's Farm and Ranchland Protection Program. Together, these funds will ensure that the farming way of life will continue to exist in the area, despite developmental pressures from nearby Myrtle Beach. Many farms in this area were once Carolina Bays which have long since been drained, resulting in unusual systems of canals and crossdrains. The Conservation Bank was a key partner in helping to maintain this farming community’s way of life.",,0.0,12.231700336181566,1.1119727578346879,0.0,0.0,0.0,0.0,0.0,0.0,0.22239455156693758,0.0,0.0,957.8533335988002,5.337469237606501,0.0,FY2004-05,2004,Marion,1,easement,none,False,811.6710929519918,978.8538411341141,0.0,794626.0,0.0,SC Conservation Bank grants feature service,False
Belfast Plantation - Phase 1,2220.0,2000000.0,2000000.0,SCDNR,No Transfer,Piedmont,15859000.0,,,,,"This tract has 9.9 miles of frontage on Little River and other tributaries. It is largely a timber tract and managed for traditional use. This tract and the future adjoining tract of 16,000 acres are the SCNDR number one priorities statewide, and they will be receiving most of the available Heritage Trust funds for an extended period of time. This tract adjoins a state park and has a historic house on site built in 1865. This tract will become part of the Last Great Places initiative. The Bank does not currently have any grants in Newberry County and very few in Laurens County.",Part of SCDNR's Belfast Wildlife Management Area,2.6687346188032506,116.31235046950835,4.892680134472626,1.7791564125355006,0.44478910313387515,0.44478910313387515,297.5639099965625,3633.259788949059,306.237297507673,48.037223138458515,20.01550964102438,28.911291703701885,3.113523721937126,206.604538405685,0.0,FY2007-08,2007,Laurens; Newberry,2,fee simple,full,False,900.9009009009009,4671.794076494617,0.0,2000000.0,0.0,SC Conservation Bank grants feature service,False
Bell Buoy Tract,1.1677,2000000.0,2000000.0,Town Of Edisto Beach,No Transfer,Coastal,4115000.0,,,,,"The Bell Buoy Tract is a spectacular piece of land on Edisto Beach. It is deepwater property along Big Bay Creek, in the heart of the ACE Basin. Protecting land along this creek is in accordance with the ACE Basin Land Protection and Enhancement Plan. Aside from its significance to the ACE Basin this piece of property is of the utmost importance to the Town of Edisto Beach. This property is the last vestige of a formerly strong local shrimping industry and protection ensures an ample sample of fresh seafood. Rather then being turned into private expensive condos, or a dock for a casino boat, the Bell Buoy land provides public access to deepwater along the creek. The owners of the property were willing to donate $ 1.5 million of the purchase price to the town to express their desire that this land remain open to the public. The South Carolina Conservation Bank's funding was of critical assistance to the Town of Edisto Beach in allowing them to purchase this special piece of land. ",,0.0,0.0,0.0,1.1119727578346879,0.0,0.0,0.0,0.0,0.0,0.0,0.0,0.0,0.0,0.0,0.0,FY2006-07,2006,Colleton,1,fee simple,full,False,1712768.6905883362,1.3079111664487135,0.0,2000000.0,0.0,SC Conservation Bank grants feature service,False
Big Cypress Plantation,1232.94,434000.0,434000.0,Lord Berkeley Conservation Trust,No Transfer,Central,2280343.0,,,,,"The Big Cypress Plantation presents a unique opportunity for the conservation community to protect an ecologically significant forested wetland tract in the Four Hole Swamp Focus Area at bargain sale price. The property is located in Orangeburg Country, near Providence, SC. It consists of approximately 3.5 miles of bottomlands hardwoods associated with the Four Hole Swamp, an internationally-recognized habitat for avian and other wetland-dependent species. The conservation easement will prevent all commercial timber harvests in perpetuity, guaranteeing water quality and the natural integrity of the site in perpetuity.",,0.0,0.8895782062677503,0.0,0.0,0.0,0.0,0.0,29.133686255268824,0.0,1.3343673094016253,0.0,0.0,0.0,1156.4516681480754,0.0,FY2015-16,2015,Orangeburg,1,easement,limited,False,352.00415267571816,1186.6909962236307,0.0,434000.0,0.0,SC Conservation Bank grants feature service,False
Big Rock Access Expansion,1.0,10000.0,10000.0,Naturaland Trust,Naturaland Trust / SCDNR,Piedmont,20000.0,5000.0,5000.0,0.0,Local: Carolina Climbers Coalition,"Big Rock, within the Nine Times Forest in Pickens County, is South Carolina's most important and popular rock-climbing destination. The one acre access expansion will allow additional public access to this site. ",,0.0,0.22239455156693758,0.0,0.0,0.0,0.0,0.44478910313387515,0.0,0.0,0.0,0.0,0.0,0.0,0.0,0.0,FY2019-20,2019,Pickens,1,fee simple,full,True,10000.0,0.9047180199524283,10000.0,20000.0,1.0,SC Conservation Bank grants feature service,False
Big Rock Public Access Tract,5.89,28000.0,28000.0,Naturaland Trust,No Transfer,Piedmont,42000.0,,,,,"The Big Rock Public Access Tract is a unique and important climbing resource for South Carolina, and a significant area in the Southeastern region. Featuring high quality granite, it's a remarkably diverse climbing area. The cliff face provides many opportunities for the technical, roped climber, at any ability level. The boulder field below provides many fun and challenging opportunities for the boulderer. This area provides other great, low-impact recreational opportunities such as hiking and bird watching.",,0.0,1.1119727578346879,0.0,0.0,0.0,0.0,3.335918273504064,0.0,0.44478910313387515,0.0,0.0,0.0,0.0,0.0,0.0,FY2015-16,2015,Pickens,1,fee simple,full,False,4753.820033955858,5.118309221586201,0.0,28000.0,0.0,SC Conservation Bank grants feature service,True
Big Snooks Tract,288.0,48485.0,48485.0,Lowcountry Land Trust,No Transfer,Coastal,900000.0,,,,,"The Big Snooks Tract is in the South Lowcountry Focus Area and consists of mature bottomland hardwood wetland associated with the Savannah River floodplain. The upland area consists of areas of mature mixed pine/hardwood. This property supports a wide variety of wildlife species and serves a vital role to improve water quality by providing for nutrient uptake, sediment deposition, and filtration from runoff draining from upstream lands. ",,8.006203856409751,2.446340067236313,0.22239455156693758,0.0,0.0,0.0,0.0,32.91439363190676,0.0,5.559863789173439,3.113523721937126,0.44478910313387515,4.003101928204876,226.62004804670937,0.0,FY2018-19,2018,Jasper,1,easement,none,False,168.35069444444446,287.224542954913,0.0,48485.0,0.0,SC Conservation Bank grants feature service,False
Bird Point Farm,80.0,120000.0,120000.0,Ducks Unlimited,No Transfer,Piedmont,800000.0,,,,,This is a beautiful small valley farm managed for hunting and game in conjunction with several adjoining landowners. There are several historical rice field terraces compatible with pre-industrial era farming. Historical Indian artifacts are located near the Cherokee Trail. The tract has immediate development demands. It adjoins several other protected properties as well as the largest wetlands area in the region.,,0.0,0.0,0.0,0.0,0.0,0.0,51.59553596352952,0.0,2.891129170370188,0.0,1.3343673094016253,24.908189775497007,0.0,6.894231098575065,0.0,FY2007-08,2007,Anderson,1,easement,limited,False,1500.0,87.31960811942787,0.0,120000.0,0.0,SC Conservation Bank grants feature service,False
Black Creek Plantation,864.0,356400.0,356400.0,Lowcountry Land Trust,No Transfer,Coastal,3110400.0,,,,,"Black Creek Plantation is located in the ACE Basin Focus Area and has approximately 1.6 miles of direct Combahee River frontage with nearly 300 acres of bottomland hardwood wetland and blackwater braided streams associated with the Combahee River floodplain. The upland areas primarily consist of planted loblolly and slash pine stands, several agricultural fields and wildlife food plots. ",,0.0,12.454094887748504,4.447891031338751,0.0,0.0,1.3343673094016253,0.0,356.49846616180093,0.0,8.673387511110565,4.003101928204876,0.0,20.01550964102438,443.2323412729066,0.44478910313387515,FY2018-19,2018,Colleton,1,easement,none,False,412.5,852.6618557602051,0.0,356400.0,0.0,SC Conservation Bank grants feature service,False
Black River Landing (Rocky Point Expansion),19.0,90000.0,90000.0,Open Space Institute,SCPRT,Coastal,100000.0,,,,,"The Black River Landing Tract is comprised of 19 acres of upland pine habitat associated with the Black River watershed which is well-known for its rich wildlife habitat values, supporting the full spectrum of biodiversity from game species to threatened and endangered species. This tract is a critical addition to Rocky Point Community Forest and is the site of one of the historic ricefield plantations along the Black River.",,2.2239455156693757,13.566067645583193,0.6671836547008126,0.0,0.0,0.0,0.0,63.16005264501027,0.0,0.0,0.0,0.0,0.0,37.36228466324551,0.0,FY2018-19,2018,Georgetown,1,fee simple,full,True,4736.8421052631575,117.82300058232917,0.0,90000.0,0.0,SC Conservation Bank grants feature service,False
Black River State Park - Phase I,310.67,784600.0,784600.0,Open Space Institute,SCPRT,Pee Dee,820634.81,0.0,0.0,36034.0,Federal: NAWCA,"The Black River, stretching 150 miles exclusively within SC, is one of the most beautiful and under-utilized rivers in state with the potential to offer residents and visitors a wilderness-quality experience along a coastal-plain river. South Carolina Conservation Bank funding supports the acquisition of the 310-acre Phase I in Williamsburg County as part of a growing network of protected natural areas along the Black River and one of four properties targeted for the first phase of a unique riverine State Park in South Carolina. SC PRT and partners engaged in this project envision a network of State Park and additional public access holdings stretching 70 miles along the Black River which will create a unique experience for visitors, unlike any other park in SCPRT’s system.  ",Part of SCPRT's Black River State Park,0.22239455156693758,2.446340067236313,3.558312825071001,1.7791564125355006,0.0,0.0,0.0,130.10081266665847,0.0,1.1119727578346879,0.22239455156693758,0.0,0.0,177.47085215041616,0.0,FY2019-20,2019,Williamsburg,1,fee simple,full,True,2525.509382946535,317.32963863639293,36034.0,820634.0,0.04592658679581953,SC Conservation Bank grants feature service,False
Black River State Park - Phase II,816.35,435000.0,435000.0,Open Space Institute,SCPRT,Pee Dee,3020500.0,81640.0,703860.0,1800000.0,"Local: Butler Conservation Fund ($100,000), Knobloch Family Foundation ($350,000), George Leoning Foundation ($253,860) Federal: NCWCGP ($1,000,000) & NAWCA ($800,000)","The Black River, stretching 150 miles exclusively within SC, is one of the most beautiful and under-utilized rivers in the state with the potential to offer residents and visitors a wilderness-quality experience along a coastal-plain river. The 816-acre tract is a part of a growing network of protected natural areas along the Black River and a key acquisition for a new State Park in SC. The largely forested context of this coastal-plain river system makes it a unique and superior resource for SC contributing to wildlife habitat, water quality, flood mitigation, scenic, and recreational values of this treasured resource. This area is also known for its rich historical resources and numerous historical sites. ",Part of SCPRT's Black River State Park,1.7791564125355006,18.90353688318969,0.8895782062677503,0.0,0.0,0.0,0.0,245.96837403303294,0.0,2.001550964102438,0.0,0.0,0.6671836547008126,572.6659702848642,0.44478910313387515,FY2021-22,2021,Williamsburg,1,fee simple,full,True,532.8596802841918,844.0349096357533,2585500.0,3020500.0,5.94367816091954,SC Conservation Bank grants feature service,False
Black River State Park - Phase III (RMS South Tract),738.44,450000.0,450000.0,Open Space Institute,SCPRT,Pee Dee,2388409.0,32879.0,970530.0,935000.0,"Local: Butler Conservation Fund ($235,000), Knobloch Foundation ($735,530) Federal: NAWCA","The 738-acre acquisition includes 4.5 river miles of forested frontage on the SC Black Scenic River. This tract is part of a growing network of protected natural areas along the Black River and a key acquisition for a new State Park in South Carolina unline any other in SCPRT's system. Manages for public access, this project will offer access to the river itself as well as education, interpretation, and passive recreation opportunities on the lands along the river including fishing, boating, hiking, biking, camping, birding, nature exploration and education. ",Part of SCPRT's Black River State Park,3.113523721937126,8.673387511110565,0.44478910313387515,0.0,0.0,0.0,0.0,240.1861156922926,0.0,74.27978022335715,2.2239455156693757,0.0,0.0,378.9603158700616,0.0,FY2021-22,2021,Williamsburg,1,fee simple,full,True,609.392773955907,709.475611006039,1938409.0,2388409.0,4.307575555555555,SC Conservation Bank grants feature service,False
Black Swamp Plantation,2031.0,406200.0,406200.0,Ducks Unlimited,No Transfer,Coastal,9546000.0,,,,,"Black Swamp Plantation lies within the floodplain of the Savannah River. This tract is part of the Savannah River Preserve; a voluntary effort by landowners to preserve lands at a low cost of $200 an acre. This particular tract has tremendous water storage capacity, both above and below ground. Preservation of this land will help lesson the severity of downstream flooding.",,10.230149372079127,54.931454237033584,8.006203856409751,0.0,0.0,1.556761860968563,0.0,420.7704915646459,0.0,47.14764493219076,148.11477134358043,0.0,310.018004884311,835.0915411338506,180.5843758723533,FY2007-08,2007,Jasper,1,easement,none,False,200.0,2018.1092972710726,0.0,406200.0,0.0,SC Conservation Bank grants feature service,False
Blackmon Tract,129.71,424661.0,424661.0,Aiken Land Conservancy,SCDNR,Central,721160.0,,,,,"The Blackmon Tract represents the opportunity to add 150 acres to the Aiken Gopher Tortoise Heritage Preserve. The acquisition of this land gives the preserve much needed access to the South Edisto River. The Gopher Tortoise Preserve is home to the rare and state-listed endangered gopher tortoise, which provide shelter to many other species in their 30-foot long burrows which can be up to fifteen feet deep. The preserve is also home to one fifth of the state’s remaining longleaf pine/wiregrass communities. Along with the tortoises visitors can expect to see deer, wild turkey, quail, fox, barred owls, and red - tailed hawks, several varieties of snakes as well as the migrating great crested flycatchers and blue grosbeaks. The Blackmon Tract addition is open to the public for all pedestrian, equestrian and non-motorized vehicular uses.",Part of SCDNR's Aiken Gopher Tortoise Heritage Preserve / Wildlife Management Area,0.0,2.001550964102438,0.0,0.0,0.0,0.0,0.0,11.564516681480752,0.0,14.455645851850942,19.793115089457444,0.0,0.0,84.06514049230239,0.0,FY2006-07,2006,Aiken,1,fee simple,full,True,3273.9264513144703,131.91072759725847,0.0,424661.0,0.0,SC Conservation Bank grants feature service,False
Blue Heron Property (Battle of Camden),294.45,250000.0,250000.0,SC Battleground Preservation Trust,American Battlefield Trust,Pee Dee,1060000.0,,,,,"The Blue Heron Property was in the core of the battlefield for the August 16, 1780, Battle of Camden. Major General Gates assembled his troops so that his most inexperienced men would face the most experienced British Regulars and vice versa. His decision is considered one of the worst tactical decisions made by an American during the war. As the battle wore on, the Patriot numbers dwindled and they would eventually be outnumbered 800 to 2,000. In the midst of the melee, DeKalb attempted to rally his men and was shot 11 times by musket fire. In one hour, the Americans were routed, suffering over 2,000 casualties. That evening, Gates mounted his horse and fled to Charlotte, NV. This, his most humiliating defeat, caused a loss of arms, men, and equipment that haunted the Americans for months. Gates never returned to military served. This property is the site of this last stand of American troops led by DeKalb. ",,0.0,9.340571165811378,3.113523721937126,0.0,0.0,0.0,20.01550964102438,224.61849708260695,20.682693295725194,0.22239455156693758,3.113523721937126,0.0,0.0,14.455645851850942,0.0,FY2018-19,2018,Kershaw,1,fee simple,full,True,849.040584139922,294.7159984058574,0.0,250000.0,0.0,SC Conservation Bank grants feature service,False
Blue Wall Connection - (Blakely & McDiarmid Tracts),136.0,440000.0,440000.0,Naturaland Trust,No Transfer,Piedmont,950000.0,,,,,"This property has a .9 mile stretch of land on scenic Highway 11. It adjoins several other parcels of land that have previously received grants from the Bank. This tract is part of the face headlands of Caesar's Head where it has a significant view shed, and it also adjoins a state park and Mountain Bridge Passage.",,0.0,10.89733302677994,0.22239455156693758,0.0,0.0,0.0,100.0775482051219,0.8895782062677503,22.90663881139457,0.0,0.0,0.0,0.0,0.0,0.0,FY2007-08,2007,Greenville,1,fee simple,full,False,3235.294117647059,133.11555684413273,0.0,440000.0,0.0,SC Conservation Bank grants feature service,True
Blythe- Goodwin House,10.91,114200.0,114200.0,Upstate Forever,No Transfer,Piedmont,641351.0,,,,,"The Blythe-Goodwin House represents an extraordinary opportunity to preserve one of the finest examples of early architecture typical of the foothills region from the later part of the eighteenth century. This house, built in 1790 sits at the intersection of Scenic Highway 11 and US Highway 25. This house was purchased with funds made possible from the SC Conservation Bank, the County of Greenville, SCDOT and the Greenville Chapter of the Cherokee Foothills National Scenic Byway Association. The house is currently on The National Register of Historic Places. The house will be restored and turned into an Upcountry Museum. There is a side building on the property that will likewise be restored and converted into a welcome center for visitors to the area.",,0.0,1.3343673094016253,0.22239455156693758,0.0,0.0,0.0,7.561414753275877,0.0,0.8895782062677503,0.0,0.44478910313387515,0.0,0.0,0.0,0.0,FY2005-06,2005,Greenville,1,easement,full,False,10467.461044912923,10.263438311491218,0.0,114200.0,0.0,SC Conservation Bank grants feature service,False
Boggy Branch Farms,451.05,270630.0,270630.0,Congaree Land Trust,No Transfer,Central,1560000.0,,,,,This is the first of two tracts located in Orangeburg County and will likely act as a lynchpin to promote further Conservation in this area. It sits between Neeses and Springfield in the Edisto Watershed. There are several ponds on the tract as well as historic pre-colonial sites.,,30.24565901310351,14.233251300284005,3.335918273504064,0.0,0.0,1.556761860968563,11.342122129913815,233.95906824841833,28.46650260056801,3.558312825071001,5.115074686039564,1.1119727578346879,52.262719618230335,79.39485490939671,4.003101928204876,FY2013-14,2013,Orangeburg,1,easement,limited,False,600.0,468.6269187996987,0.0,270630.0,0.0,SC Conservation Bank grants feature service,False
"Private tract (Charleston County, FY2014-15)",15.45,352050.0,352050.0,SC Battleground Preservation Trust,No Transfer,Coastal,355000.0,,,,,"The Jack H. Boineau Tract is a historical site on Highway 174 in Adams Run, SC, that consists of 15.45 acres. This tract is listed on the National Register of Historic Places. This property was the first home site in the newly established summer village for St. Paul's Parish in 1830. The property was established as the headquarters for the Third Military District of South Carolina in 1861, and also was home to a Confederate hospital and a substantial ammunition depot during the war.",,0.0,0.44478910313387515,0.22239455156693758,0.0,0.0,0.0,0.0,1.7791564125355006,0.0,0.0,0.0,0.0,0.0,12.009305784614629,0.0,FY2014-15,2014,Charleston,1,fee simple,full,False,22786.40776699029,14.145454559340177,0.0,352050.0,0.0,SC Conservation Bank grants feature service,False
Boone Hall,598.88,2000000.0,2000000.0,Lowcountry Land Trust,Boone Hall,Coastal,38500000.0,23477000.0,5223000.0,0.0,,"Boone Hall Plantation consists of nearly 600 acres in the heart of Mount Pleasant and abuts over 1.5 miles of Boone Hall Creek. The historic property features diverse ecosystems and wildlife habitat, and provides an oasis of natural land in the fast-growing region of Coastal South Carolina. The antebellum-era plantation is listed on the National Register of Historic Places and is open to the public for a variety of tourism, cultural, agricultural, and community events and activities. Boone Hall serves as an anchor greenspace property within the broader Lowcountry landscape.",,4.892680134472626,51.59553596352952,44.03412121025364,6.004652892307314,0.0,0.0,0.0,255.7537343019782,0.22239455156693758,1.556761860968563,1.7791564125355006,59.1569507168054,42.25496479771814,133.65912549172947,32.24720997720595,FY2019-20,2019,Charleston,1,easement,full,True,3339.567192091905,633.3951793879655,28700000.0,30700000.0,14.35,SC Conservation Bank grants feature service,False
Boones Creek Oconee Bell Preserve,40.0,200000.0,200000.0,Naturaland Trust,Naturaland Trust / SCPRT,Piedmont,292000.0,2000.0,90000.0,0.0,"Other: $42,800 KTHEP","Many of the tributaries that feed Lake Keowee are unprotects, contain rare and endangered species, are vulnerable to development, and pose a threat to the Lake Keowee watershed if they were developed in a damaging way. Boones Creek is also a critical habitat for the Oconee Bell, the signature species of the Jocassee and Keowee watersheds. The Boones Creek Oconee Bell Preserve has a population of thousands of flowering individuals and acts as a wildlife corridor for mammals, reptiles, and fishes. ",,0.0,1.1119727578346879,0.6671836547008126,0.0,0.0,0.0,9.785360268945253,12.009305784614629,5.782258340740376,0.0,0.0,8.006203856409751,0.0,0.0,0.0,FY2019-20,2019,Oconee,1,fee simple,full,True,5000.0,38.3705154853218,92000.0,292000.0,0.46,SC Conservation Bank grants feature service,False
Bowers Tract,900.978,180195.0,180195.0,The Nature Conservancy,No Transfer,Coastal,4590000.0,,,,,The Bowers Tract represents a key tract of land for the Savannah River Preserve program. The Savannah River Preserve represents a group of voluntary landowners who wish to place easements on their land for the low cost of $250 an acre. In this case the landowner placed the easement for the cost of $176 an acre. The Bowers tract is within the Savannah River watershed and contains over 135 acres of wetlands. The Conservation Bank contributed a mere 16% of the total value of the conservation easement.,,0.0,34.9159445960092,3.335918273504064,0.0,0.0,0.0,0.0,413.87626046607085,0.0,130.76799632135928,57.155399752702955,0.0,102.52388827235822,173.02296111907742,5.337469237606501,FY2007-08,2007,Hampton,1,easement,none,False,199.99933405699142,922.0257731414601,0.0,180195.0,0.0,SC Conservation Bank grants feature service,False
Boyd Pond,92.34,300000.0,300000.0,Aiken Land Conservancy,No Transfer,Central,2000000.0,,,,,"The Boyd Pond Tract was an opportunity for the Aiken County Open Land Trust to work with several entities to purchase 84 acres. This property is to be preserved in perpetuity as a natural area with full public access for outdoor recreation to include softball/soccer fields, fishing, picnicking, and hiking.",,18.23635322848888,2.6687346188032506,0.44478910313387515,0.0,0.0,0.0,0.0,35.13833914757613,0.0,0.0,0.22239455156693758,0.0,0.0,33.581577286607576,0.22239455156693758,FY2007-08,2007,Aiken,1,fee simple,full,False,3248.862897985705,91.87657719188671,0.0,300000.0,0.0,SC Conservation Bank grants feature service,False
"Private tract (Chester County, FY2014-15)",1000.0,775000.0,775000.0,Nation Ford Land Trust,No Transfer,Pee Dee,4000000.0,,,,,"The Steve Boyd Tract is a property in Chester County consisting of 1,000 acres of prime soil farm land under production in the unique and rare South Carolina Blackjacks. These soil series have high moisture holding capacity due to very slow permeability, and the ability to continue producing during short term droughts. This farm has been in agricultural production by the family for over 120 years. This property is a portion of a larger farm which has been farmed continuously by family members since 1882, and was placed in a conservation easement with Katawba Valley Land Trust.",,8.22859840797669,7.116625650142002,9.11817661424444,0.0,0.0,0.0,68.7199164341837,5.337469237606501,51.15074686039564,17.12438047065419,1.3343673094016253,62.715263541876396,764.5924682871313,26.020162533331696,0.6671836547008126,FY2014-15,2014,Chester,1,easement,limited,False,775.0,1021.9999117215973,0.0,775000.0,0.0,SC Conservation Bank grants feature service,False
Bramblewood Tract,680.04,340000.0,340000.0,Congaree Land Trust,No Transfer,Pee Dee,1765000.0,,,,,"The Bramblewood Tract is managed for forestry and wildlife near the Wateree River with a diversity of habitats and forest areas including loblolly pine stands and hardwood riparian areas. Healthy populations of all major game species in South Carolina, including white-tailed deer and wild turkey. The property boarders the Wateree River and is located in the historic Camden District of Kershaw County. ",,4.892680134472626,7.561414753275877,1.3343673094016253,0.0,0.0,0.0,21.12748239885907,154.34181878745466,50.261168654127886,16.901985919087256,23.129033362961504,45.81327762278914,52.262719618230335,295.784753584027,0.0,FY2018-19,2018,Kershaw,1,easement,limited,False,499.9705899652962,674.3617422041668,0.0,340000.0,0.0,SC Conservation Bank grants feature service,False
Bramlett Bottoms,40.7,100000.0,100000.0,Naturaland Trust,SCDNR,Piedmont,225000.0,80000.0,45000.0,0.0,"Local: Easley Combined Utilities ($30,000) and ReWa ($20,000) ","The Bramlett Bottoms property has historically been farmed in row crop plasticulture and during rain events dumps loads of harmful sediment, pesticides, herbicides and fungicides into the North Saluda River. Recent temperature data gathered by SCDNR fisheries biologists have revealed that bottom releases from the Poinsett Reservoir are cold enough to be able to sustain a breeding population of trout in this section of the river. The goal with this property is to move to a more sustainable farming practice, improve the riparian habitat along the river and work with SCDNR to implement instream restoration structures to create a catch-and-release fishery in this area of northern Greenville County. ",Part of SCDNR's Cedar Mountain Heritage Preserve,0.0,9.11817661424444,0.22239455156693758,0.0,0.0,0.0,4.447891031338751,0.0,0.0,0.0,0.0,21.572271501992944,3.7807073766379387,0.0,0.0,FY2020-21,2020,Greenville,1,fee simple,full,True,2457.002457002457,39.3268211674607,125000.0,225000.0,1.25,SC Conservation Bank grants feature service,True
Bryan Dairy,951.0,212500.0,212500.0,Lowcountry Land Trust,No Transfer,Coastal,8008100.0,,,,,"The Bryan Diary tract is located on Johns Island and has 3,000 feet of frontage along the Kiawah River. The owner of the land has agreed to place an easement on the property for one tenth of the fair market value. This is an excellent opportunity for the Conservation Bank to help preserve rural life on Johns Island.",,25.57537343019782,7.116625650142002,1.3343673094016253,0.0,0.0,4.003101928204876,0.0,75.16935842962489,0.0,1.1119727578346879,13.343673094016255,83.39795683760158,0.6671836547008126,44.70130486495445,631.6005264501026,FY2006-07,2006,Charleston,1,easement,limited,False,223.4490010515247,901.0069209770978,0.0,212500.0,0.0,SC Conservation Bank grants feature service,False
Bugby Tract,906.0,800000.0,800000.0,Lowcountry Land Trust,No Transfer,Coastal,32284000.0,,,,,"Bugby Plantation is located on Wadmalaw Island outside of Charleston.This tract of land has 11,000 feet of frontage along Bohicket Creek. The landowner is donating two-thirds of the value of the conservation easement and Charleston Greenspace is providing matching Conservation Bank funds. Bugby Plantation is and will remain a working farm.",,0.22239455156693758,16.012407712819503,0.22239455156693758,0.0,0.0,0.0,0.0,403.42371654242476,0.0,9.11817661424444,37.584679214812446,0.0,192.81607620853487,294.0055971714915,19.570720537890505,FY2006-07,2006,Charleston,1,easement,limited,False,883.0022075055188,971.8649800421766,0.0,800000.0,0.0,SC Conservation Bank grants feature service,False
Bunched Arrowhead Preserve Tr,64.96,465000.0,465000.0,Naturaland Trust,No Transfer,Piedmont,684600.0,,,,,This tract is located at the convergence of two creeks and is an important botanical tract with rare plants on the property. It will become a public park with hiking trails.,,0.0,2.6687346188032506,0.22239455156693758,0.0,0.0,0.0,36.250311905410825,5.115074686039564,11.342122129913815,0.0,0.0,1.3343673094016253,0.0,6.894231098575065,0.0,FY2013-14,2013,Greenville,1,easement,full,False,7158.251231527094,64.3796166782912,0.0,465000.0,0.0,SC Conservation Bank grants feature service,False
Burbage Farm,117.95,36900.0,36900.0,Lowcountry Land Trust,No Transfer,Coastal,267000.0,,,,,"Burbage Farm is a magnificent parcel of relatively undeveloped property traversed by the braided streams of the Coosawhatchie River and Cowpen Creek in Hampton County. The property is currently used for hunting, timber, and agricultural activities. It is prominently visible by the public from Gray's Highway, having approximately 1,500 feet of scenic road frontage. Burbage Farm contains a diversity of relatively natural habitats including agricultural field, variously aged planted pine stands, mixed upland forest, forested wetlands, scrub-shrub bottomland, and hardwood swamp, all of which can support a variety of floral and faunal species.",,1.556761860968563,2.891129170370188,0.0,0.0,0.0,0.0,0.0,4.225496479771814,0.0,0.22239455156693758,0.22239455156693758,0.0,46.70285582905689,61.603290784041704,0.0,FY2015-16,2015,Hampton,1,easement,none,False,312.8444256040695,117.96614251737445,0.0,36900.0,0.0,SC Conservation Bank grants feature service,False
Burgess Farms Tract,1012.7,275000.0,275000.0,Pee Dee Land Trust,No Transfer,Pee Dee,2585000.0,,,,,The Burgess Farms Tract contains contains a mixture of bottomland hardwoods along Boggy Swamp and a mixture of planted pine flatwood. The forest structure and access to water provides optimal shelter and forage habitat for white-tailed deer. The property borders Boggy Swamp which empties into the Scenic Black River four miles downstream. The property is enrolled in the Safe Harbor Program and a majority of the tract's soils are prime farmland. ,,0.0,15.56761860968563,7.783809304842815,0.0,0.0,0.0,0.22239455156693758,224.39610253104001,4.447891031338751,2.2239455156693757,0.0,0.0,413.20907681137,322.02731066892557,0.22239455156693758,FY2018-19,2018,Williamsburg,1,easement,none,False,271.5512985089365,991.2582117124028,0.0,275000.0,0.0,SC Conservation Bank grants feature service,False
C. McRae Tract,38.1,63750.0,63750.0,Marion Co SWCD,No Transfer,Pee Dee,329000.0,,,,,The McRae property is part of the Conservation Bank’s continuing effort to preserve working farms facing increasing pressure from development. The Dillard Barn which is located on the property is used for curing tobacco and is on the National Register of Historic Places.,,0.0,3.335918273504064,2.2239455156693757,0.0,0.0,0.0,0.0,0.44478910313387515,0.0,0.0,0.0,0.0,30.24565901310351,1.7791564125355006,0.0,FY2005-06,2005,Marion,1,easement,none,False,1673.2283464566929,38.72055925091513,0.0,63750.0,0.0,SC Conservation Bank grants feature service,False
"Private tract (Oconee County, FY2007-08)",114.0,145000.0,145000.0,Oconee County SWCD,No Transfer,Piedmont,1011000.0,,,,,Kenny Cain's land is part of the Conservation Bank's ongoing effort to save small farms in South Carolina. Mr. Cain received matching funds from the Federal Ranch Land Protection Program. Thanks to these organizations this will continue to be a working family farm for future generations.,,0.8895782062677503,2.891129170370188,0.0,0.0,0.0,0.0,1.1119727578346879,0.0,0.6671836547008126,0.0,0.0,106.5269902005631,1.1119727578346879,0.0,0.0,FY2007-08,2007,Oconee,1,easement,limited,False,1271.9298245614036,113.10318348104182,0.0,145000.0,0.0,SC Conservation Bank grants feature service,False
Cane Creek Project,228.68,313000.0,313000.0,Katawba Valley Land Trust,No Transfer,Pee Dee,570000.0,,,,,This tract has 2 miles of frontage on Cane Creek as well as two source creeks to a Fishing Creek. The property has a Heron Rookery on site. The tract will become part of the Greenway Preserve with high public access.,,0.0,0.6671836547008126,0.8895782062677503,0.0,0.0,0.0,59.1569507168054,66.05118181538046,75.83654208432571,5.115074686039564,50.261168654127886,0.44478910313387515,0.0,0.44478910313387515,0.0,FY2012-13,2012,Lancaster,1,fee simple,full,False,1368.7248556935456,257.8722620399493,0.0,313000.0,0.0,SC Conservation Bank grants feature service,False
Cannon Tract,144.28,200000.0,200000.0,Congaree Land Trust,No Transfer,Central,1443000.0,,,,,"The Cannon tract is part of the Cane Savannah Plantation established by Matthew Singleton in 1756 as a gift from the state for his services during the Revolutionary War. Emma Lee and Dale Cannon are committed to preserving this land from the encroaching sprawl of nearby Shaw Air Force Base and Sumter. The land is home to numerous wildlife including quail, turkey, songbirds, foxes, deer and bobcats. There is an active trophy management program for the thriving deer population and a forestry program for the mature hardwoods and pine which could support red-cockaded woodpeckers. This land is open to students for educational purposes.",,0.0,3.7807073766379387,0.8895782062677503,0.22239455156693758,0.0,0.0,0.0,17.569169573788066,0.0,0.44478910313387515,5.559863789173439,18.458747780055816,96.07444627691703,0.22239455156693758,1.1119727578346879,FY2006-07,2006,Sumter,1,easement,limited,False,1386.193512614361,144.1604574438256,0.0,200000.0,0.0,SC Conservation Bank grants feature service,False
Cantey Bay Tract,1881.83,940915.0,940915.0,Congaree Land Trust,No Transfer,Central,7904000.0,,,,,"The Cantey Bay Tracts are managed for agriculture, forestry, and wildlife, within the ""waterfowl corridor"" of Lake Marion. A diversity of habitats and agricultural areas occur here, including many fields that are in food and fiber productions. This property may have been a part of the Native American civilization that inhabited and built the mound at Fort Watson nearby, and part of the history of human travel around the Santee River in historic times. One of the most significant aspects of this property is the fact that it is near some amazing public lands; Santee, Manchester State Forest, Lake Marion, and Congaree National Park. These tracts also have about 10 miles of road viewing and lie within 5 miles of several other conservation easements.",,0.0,77.17090939372733,17.791564125355006,0.0,0.0,0.0,2.2239455156693757,195.929599930472,11.564516681480752,78.72767125469589,0.6671836547008126,0.0,1228.72989740733,282.8858695931446,11.342122129913815,FY2015-16,2015,Clarendon,1,easement,none,False,500.0,1908.4303241563143,0.0,940915.0,0.0,SC Conservation Bank grants feature service,True
Chapman Bridge Oconee Bell Preserve,238.72,550000.0,550000.0,Naturaland Trust,No Transfer,Piedmont,955000.0,99175.0,305825.0,0.0,"Local: $88,000 (OCCB) Private Donors: $13,000 Deficit: raise via other local outlets","The Chapman Bridge Oconee Bell Preseve builds on the McKinney Creek and Boones Creek Oconee Bell Preserves and Devils Fork State Park by protecting critical habitat and forest for the iconic Oconee Bell. The property contains prodigous populations of the plant, which is an umbrella species for myriad native flora and fauna of the Jocassee and Keowee watersheds and a marker of clean water, which feeds into a public drinking supply.  ",,0.0,20.01550964102438,6.004652892307314,0.0,0.0,0.0,120.53784694928017,40.47580838518264,42.69975390085201,0.44478910313387515,0.22239455156693758,0.22239455156693758,0.0,0.0,0.0,FY2019-20,2019,Oconee,1,fee simple,full,False,2303.954423592493,228.8839408360087,405000.0,955000.0,0.7363636363636363,SC Conservation Bank grants feature service,True
Chauga Bluff,696.0,523000.0,523000.0,Upstate Forever,No Transfer,Piedmont,2991000.0,,,,,"Chauga Bluff contains an estimated 2.5 miles of direct frontage on the Chauga River as well as at least nine tributaries to the Chauga River. This property includes headwaters that feed into Lake Hartwell, which provides drinking water to over 14 municipalities and over 190,000 people. There are also several small wetlands on the property and prime farmland soils. A historic cemetery is located on the site, with graves dating to the mid 1800s. While not extensively studied on this site, Native American activity in this general area and on sites such as Chauga Bluff is well documented.",,0.0,34.02636638974145,1.1119727578346879,0.0,0.0,0.0,123.6513706712173,372.06608477148654,101.8567046176574,2.6687346188032506,38.474257421080196,29.800869909969634,0.0,4.003101928204876,0.0,FY2014-15,2014,Oconee,1,easement,none,False,751.4367816091954,711.4222556130408,0.0,523000.0,0.0,SC Conservation Bank grants feature service,False
Chauga Heights Tract,212.69,550000.0,550000.0,Naturaland Trust,Oconee County,Piedmont,765000.0,,,,,"The Chauga Heights Tract will protect and make available 1 mile of frontage on the Chuaga River that connects the network of trails and campgrounds of Chau Ram Park. The Chauga River is a stunning world-class resource; its cold water moves over rapids and shallow shoals, offering opportunities for rafting, kayaking, and fishing. Currently, the Chau Ram Park sees over 40,000 visitors annually and routinely have to turn visitors away due to capacity issues in the summer. This property will expand its trail network and provide additional recreational opportunities along the river. ",,0.0,2.001550964102438,0.0,0.0,0.0,0.0,185.03226690369203,0.6671836547008126,16.012407712819503,0.0,0.0,3.113523721937126,0.0,0.0,0.0,FY2018-19,2018,Oconee,1,fee simple,full,True,2585.9231745733227,207.92445403927903,0.0,550000.0,0.0,SC Conservation Bank grants feature service,False
ChauRam Expansion,89.46,250000.0,250000.0,Upstate Forever,No Transfer,Piedmont,519000.0,,,,,This tract adjoins a very well maintained city park and would be used as an extension on the other side of the paved road. The tract has over one mile of frontage on the important Chauga River and is located on the city water supply. ,,0.0,1.556761860968563,0.22239455156693758,0.0,0.0,0.0,72.72301836238859,15.790013161252567,10.674938475213002,0.22239455156693758,0.22239455156693758,6.227047443874252,0.0,0.0,0.0,FY2007-08,2007,Oconee,1,easement,full,False,2794.5450480661752,107.42822525368112,0.0,250000.0,0.0,SC Conservation Bank grants feature service,False
Chestnut Ridge Ext,304.75,243250.0,243250.0,SCDNR,No Transfer,Piedmont,1275000.0,,,,,"Chestnut Ridge Extension abuts the Chestnut Ridge Heritage Preserve and also connects to the Greenville Watershed and Blue Wall Preserve. The priority habitats/features occurring on this site include: Appalachian oak forest, cove forests, rock outcrops, and cataract bogs. Game species such as bear, deer, turkey, quail, ruffed grouse, spotted skunk and other furbearers abound. Unique finds on the property include 5 Eastern wood rat nets. Cultural resources on the property include arrowheads, flakes, and chert which have been found in an old roadbed. Outstanding views of Squirrel Mountain and Hogback Mountain can be viewed from the subject property, as well as their associated habitat features, which include cataract bogs, rock outcrops, springs and seeps.",Part of SCDNR's Chestnut Ridge Heritage Preserve / Wildlife Management Area,0.0,8.450992959543628,0.0,0.0,0.0,0.0,260.86880898801775,2.001550964102438,8.673387511110565,0.22239455156693758,22.239455156693754,0.0,0.0,0.0,0.0,FY2015-16,2015,Greenville,1,fee simple,full,False,798.1952420016407,302.0589285653778,0.0,243250.0,0.0,SC Conservation Bank grants feature service,False
Chinquapin Greenway,43.0,657128.0,657128.0,Spartanburg Area Conservancy,No Transfer,Piedmont,723500.0,,,,,"The 37 acres purchased with funds from the Conservation Bank were the first phase of a much needed greenway connecting I-85 and downtown Spartanburg. The greenway is an integral part of the Palmetto Trail and provides passive recreation opportunities to the residents of Spartanburg County. The Chinquapin Creek was part of Spartanburg County's first drinking water supply. Spartanburg Regional Healthcare systems provides $10,000 annually to the maintenance of the trail as it integrates beautifully with the Hospice House and Miliken Research Park.",,0.0,3.113523721937126,0.22239455156693758,0.0,0.0,0.0,9.11817661424444,0.0,0.6671836547008126,0.0,0.0,0.22239455156693758,0.0,23.79621701766232,0.0,FY2005-06,2005,Spartanburg,1,fee simple,full,False,15282.046511627907,37.314784899112986,0.0,657128.0,0.0,SC Conservation Bank grants feature service,False
Chisolm Plantation (Ackerman & Lesesne Tracts),5087.0,500000.0,500000.0,Trust for Public Lands,Open Land Trust,Coastal,10284700.0,,,,,This tract is located in northern Beaufort County and is an important piece within the ACE Basin. This property is considered a linch pin for future easements. The tract is near several other properties with Bank grants. It has ten miles of frontage on the Whale Branch River and adjoins a state park while also containing a cattle farm and recreational park. ,,64.4944199544119,24.018611569229257,3.335918273504064,1.3343673094016253,0.0,2.891129170370188,0.0,229.28878266551263,0.0,8.895782062677503,16.679591367520317,69.38710008888452,0.0,239.51893203759175,1916.818639955435,FY2007-08,2007,Beaufort,1,easement,full,True,98.28975820719481,2581.9905385328602,0.0,500000.0,0.0,SC Conservation Bank grants feature service,False
Cleveland-Wilson Farms,867.0,6370000.0,6370000.0,Upstate Forever,No Transfer,Piedmont,9040000.0,,,,,"The Cleveland Property and the Wilson Farms Property combine to form an extraordinary tract of land. This 867 acres is located on what the Cherokee Indians call the “Blue Wall.” It is an area where the Blue Ridge Mountains come to a precipitous end. This magnificent area is one of the wettest places in America containing 50 waterfalls and a habitat for 400 rare and endangered plant and animal species. The acquisition of this property helps ensure this area continues to be protected. The property directly adjoins Jones Gap Park, has 1.5 miles of river frontage along the Middle Saluda and contains the famous view “Pretty Place.” This marvelous piece of property was purchased in three separate phases between 2005 and 2007.",,0.0,22.239455156693754,0.0,0.0,0.0,0.0,594.905425441558,10.674938475213002,155.0090024421555,7.116625650142002,0.6671836547008126,37.584679214812446,0.0,0.0,0.0,FY2004-05,2004,Greenville,1,easement,limited,False,7347.17416378316,828.5510207809397,0.0,6370000.0,0.0,SC Conservation Bank grants feature service,False
Comalander Tracts,391.22,97805.0,97805.0,Congaree Land Trust,No Transfer,Central,822000.0,,,,,"The Comalander family tracts are managed for wildlife, agriculture and forestry with a diversity of habitats, including planted pine stands, pine-hardwood forest, cove hardwood forest, piedmont bottomland hardwood riverine forest, and food plots of cultivated or grass croplands fields. Healthy populations of all major game species in South Carolina, including white-tailed deer, wild turkey, waterfowl, and small game occur here. Also present are species of furbearers such as otter, beaver, mink, skunk, bobcat, raccoon, fox and black bear. The bottom lands along the river and creek areas are attractive to waterfowl species including wood duck and to a lesser extent other species of ducks such as mallards and black duck. Also along the river and creeks there may be wading birds and marsh birds and during dry period on may see wild turkey.",,0.22239455156693758,3.113523721937126,0.22239455156693758,0.0,0.0,0.0,38.69665197264714,219.94821149970124,70.05428374358533,64.04963085127801,3.558312825071001,2.6687346188032506,0.0,72.27822925925472,0.0,FY2015-16,2015,Newberry,1,easement,limited,False,249.99999999999997,474.5614405837954,0.0,97805.0,0.0,SC Conservation Bank grants feature service,False
Combahatchie Family Tract,550.98,165300.0,165300.0,Lowcountry Land Trust,No Transfer,Coastal,1435050.0,,,,,"The Combahatchie Family Tract is a magnificent piece of relatively undeveloped property on the braided streams of the Combahee River, the border of Colleton and Hampton Counties. The property is currently used for hunting, timber and agricultural activities. It is prominently visible by the public from Lowcountry Highway, having approximately 2500 feet of scenic road frontage. This property lies within the ACE Basin Focus Area featuring diverse ecosystems and a wealth of wildlife. Combahatchie is in close proximity to several other protected lands.",,0.0,12.009305784614629,1.7791564125355006,0.0,0.0,0.0,0.0,169.46464829400642,0.0,59.37934526837233,15.345224058118692,1.1119727578346879,1.3343673094016253,288.8905224854519,1.1119727578346879,FY2015-16,2015,Colleton,1,easement,none,False,300.010889687466,551.1741162055708,0.0,165300.0,0.0,SC Conservation Bank grants feature service,False
Congaree Carton LP Tracts,4912.0,1228000.0,1228000.0,Congaree Land Trust,No Transfer,Central,8289999.999999999,,,,,"This tract is located in the Cowassee Basin on the Wateree ""Blue Trail."" The property has 5.8 miles of frontage on the Wateree River and 2.7 miles on Beech Creek. The landowner will allow public boat-in camping in designated areas along the Wateree River ""Blue Trail.""",,103.41346647862598,0.8895782062677503,0.0,0.0,0.0,0.0,0.8895782062677503,0.0,0.0,0.0,0.6671836547008126,0.0,0.0,4858.431373531318,251.75063237377333,FY2012-13,2012,Sumter,1,easement,none,False,250.0,5219.452970849438,0.0,1228000.0,0.0,SC Conservation Bank grants feature service,False
Cope Tract,806.0,141050.0,141050.0,Lowcountry Land Trust,No Transfer,Coastal,891225.0,,,,,"The Cope Tract is a parcel of land primarily comprised of regenerating hardwood forests on the Little Salkehatchie River. The property is currently used for hunting, timber and agricultural activities. It is prominently visible by the public from Shiloh Loop, having approximately 1,900 feet of road frontage. Cope Tract lies within the nearly 1.7 million acres of the Ashepoo, Combahee, and Edisto (ACE) Basin Focus Area and contains a diversity of relatively natural habitats including planted pine stands, upland pine, forested wetlands, open areas, and regenerating wetlands, all of which can support a variety of floral and faunal species. Cope Tract lies within the floodplain of the Little Salkehatchie that flows into the Combahee River, leading into the St. Helena Sound, and is within the Broad - St. Helena Watershed. This tract is also located in close proximity to other protected lands.",,0.0,6.671836547008128,3.7807073766379387,0.44478910313387515,0.0,0.0,0.0,59.60173981993927,0.0,0.8895782062677503,1.1119727578346879,0.0,0.44478910313387515,728.7869454848543,10.674938475213002,FY2015-16,2015,Colleton,1,easement,none,False,175.0,812.8175218681058,0.0,141050.0,0.0,SC Conservation Bank grants feature service,False
Copeland Tract,812.44,162488.0,162488.0,The Nature Conservancy,No Transfer,Coastal,2126000.0,,,,,"This is a forested tract with 96 acres of wetlands that is part of the SOLO Project. It is adjacent to the Hamilton Ridge tract. There are efforts to restore longleaf pines on the tract, and the streams on the property connect to the Savannah river which is important for water quality.",,18.681142331622755,15.122829506551755,2.446340067236313,0.0,0.0,0.0,0.0,330.03351452533536,0.0,50.705957757261764,16.679591367520317,0.0,6.894231098575065,401.19977102675534,0.44478910313387515,FY2012-13,2012,Hampton,1,easement,none,False,200.0,848.3911293387855,0.0,162488.0,0.0,SC Conservation Bank grants feature service,False
Cordova Road Tract,145.84,28800.0,28800.0,Lowcountry Land Trust,No Transfer,Central,1385898.0,,,,,The Cordova Road tract is surrounded by development and is located just West of the City of Orangeburg.,,0.22239455156693758,2.2239455156693757,0.22239455156693758,0.0,0.0,0.0,0.0,5.559863789173439,0.44478910313387515,8.450992959543628,68.94231098575065,0.0,0.0,52.262719618230335,7.33902020170894,FY2013-14,2013,Orangeburg,1,easement,none,False,197.4766867800329,144.02540900485607,0.0,28800.0,0.0,SC Conservation Bank grants feature service,False
Cotton Hall/Mount Repose,2210.0,442000.0,442000.0,The Nature Conservancy,No Transfer,Coastal,10000000.0,,,,,"This tract has 3.85 miles of frontage on the Coosawhatchie River as well as land bordering I-95. The tract has 872 acres of fresh and brackish water, forested woodlands, and several miles of marsh at one point on both sides of the river. ",,4.892680134472626,22.90663881139457,3.335918273504064,0.44478910313387515,0.0,0.0,0.0,240.85329934699337,0.0,17.791564125355006,4.003101928204876,0.44478910313387515,28.911291703701885,1762.699215719547,14.67804040341788,FY2007-08,2007,Jasper,1,easement,none,False,200.0,2103.1337123553417,0.0,442000.0,0.0,SC Conservation Bank grants feature service,False
Cotton Hills Farm,870.0,782500.0,782500.0,Katawba Valley Land Trust,No Transfer,Pee Dee,3939000.0,,,,,"Cotton Hills Farm is one of the top ecotourism destinations in South Carolina. Located along two creeks that flow into the Broad River, Cotton Hills is a working family farm. The farm rests on a ridge whose altitude allows for cooler temperatures in which peaches thrive. The farm also contains the preservation of Blackjack Soils, the last remnants of the prairie that once covered South Carolina. Cotton Hills Farm has many agricultural based educational opportunities. The farm is in the ever-expanding Charlotte metro region and thus was in danger of development before Conservation Bank funds helped secure its future.",,10.674938475213002,12.009305784614629,9.11817661424444,0.0,0.0,0.44478910313387515,149.671533204549,75.83654208432571,73.83499112022326,6.44944199544119,8.673387511110565,168.79746463930562,386.5217306233375,0.0,0.0,FY2006-07,2006,Chester; York,2,easement,full,False,899.4252873563219,903.1958443927815,0.0,782500.0,0.0,SC Conservation Bank grants feature service,False
Crab Orchard Plantation,2819.0,563800.0,563800.0,Ducks Unlimited,No Transfer,Coastal,14000000.0,,,,,Crab Orchard Plantation is part of the Savannah River Conservation Program. The Program is a voluntary effort by landowners to preserve lands along the Savannah River. The Crab Orchard tract has 3.5 miles of frontage along the Savannah River. The tract also has wetlands and bottomland hardwood forests.,,9.11817661424444,52.707508721364206,22.01706060512682,0.0,0.0,0.22239455156693758,0.8895782062677503,1148.6678588432326,5.559863789173439,89.84739883304277,125.87531618688666,1.3343673094016253,18.23635322848888,1374.1759341321072,7.116625650142002,FY2007-08,2007,Hampton,1,easement,none,False,200.0,2857.285996585786,0.0,563800.0,0.0,SC Conservation Bank grants feature service,False
Cragmoor Farms,120.83,1000000.0,1000000.0,Upstate Forever,No Transfer,Piedmont,2885000.0,,,,,"Cragmoor Farms contains significant plant and wildlife habitat associated with mesic deciduous forest, Piedmont bottomland forest, narrow stream valley forest, and cultivated land. The property shares a border of 825 linear feet with Still House Branch, a tributary of the North Tyger River. This land and more surrounding was acquired by Charles Moore beginning with a purchase in 1762. The property is currently leased for fescue hay production, soybeans, feed grains, and wheat in the winter. Spartanburg School District Six is committed to giving children hands-on learning experiences with farming, forestry, environmental protection and conservation, biology, ecology, and history, and then serving the healthy foods they produce in their cafeterias. This property is an ideal location for these programs that are keeping with a national trend to combat such epidemics such as childhood obesity and hunger with a movement toward increase local food in schools.",,0.22239455156693758,6.44944199544119,2.6687346188032506,0.22239455156693758,0.0,0.0,38.919046524214075,2.891129170370188,22.461849708260694,0.0,0.0,45.5908830712222,0.0,0.0,0.0,FY2015-16,2015,Spartanburg,1,easement,limited,False,8276.090374906895,119.743247757451,0.0,1000000.0,0.0,SC Conservation Bank grants feature service,False
Creek Farms,77.7,25000.0,25000.0,Edisto Island Open Land Trust,No Transfer,Coastal,2240000.0,,,,,"The Creek Farms property has 77.7 acres of forested land on Edisto Island. This magnificent piece of land has acres of live oak trees, wetlands and woodlands. The property also has significant frontage along Highway 174. The market value for this land if it was sold and subdivided into the 27 allowable lots would be $3,695,000. The Conservation Bank contributed a small fraction of the easement value.",,0.0,1.1119727578346879,0.0,0.0,0.0,0.0,0.0,43.58933210711976,0.0,0.0,2.6687346188032506,0.0,11.564516681480752,17.12438047065419,0.0,FY2007-08,2007,Charleston,1,easement,none,False,321.75032175032175,76.2002720426852,0.0,25000.0,0.0,SC Conservation Bank grants feature service,False
Crescent- Heritage Tract,1539.19,2000000.0,2000000.0,SCDNR,No Transfer,Pee Dee,7100000.0,,,,,"The Heritage Tract is unique in that it combines significant natural resource values with extensive varieties of cultural and historical values. From a natural resources standpoint, the Heritage Tract is 2,000 acres surrounding the Great Falls of the Catawba River. This land includes 300 acres of bottomland riparian hardwood forests with an average age of 120 years old. The tract also contains 550 acres of gently rolling upland forests. From a historical perspective, the tract was the site of several Revolutionary War battles, a Federal Arsenal established in 1802 by President Thomas Jefferson, several turn of the century hydro-electric dams and the resulting historic town of Great Falls. The Heritage Tract is also significant in that having 2,000 preserved acres so close to urban Charlotte and Rock Hill will provide the residents of these areas with protected lands and recreational opportunities. Among these opportunities are proposed bike trails under the Federal Rails to Trails program.",Part of SCDNR's Catawba River Wildlife Management Area,18.681142331622755,29.800869909969634,7.561414753275877,2.446340067236313,0.22239455156693758,2.2239455156693757,375.8467921481245,752.1383733993829,258.2000743692145,1.556761860968563,6.227047443874252,21.79466605355988,0.0,31.357631770938198,2.891129170370188,FY2004-05,2004,Fairfield; Lancaster,2,fee simple,full,False,1299.3847413249825,1508.204855486472,0.0,2000000.0,0.0,SC Conservation Bank grants feature service,False
Crescent Tract,2721.97,1020750.0,1020750.0,Lowcountry Land Trust,No Transfer,Coastal,7622000.0,,,,,"The Crescent Tract lies within the more than 2 millions acres of the South Lowcountry (SoLo) Focus Area featuring diverse ecosystems and a wealth of wildlife. This tract contains a diversity of relatively natural habitats including upland pine forest and forested wetlands in various stages of succession, and open field, all of which can support a variety of floral and faunal species. Protection of Crescent Tract presents an opportunity to contribute to the protection of the downstream water quality for the benefit of the public.",,0.0,23.79621701766232,8.673387511110565,0.0,0.0,0.0,0.0,392.0815944125109,2.001550964102438,96.07444627691703,17.791564125355006,0.0,0.8895782062677503,2163.4541976431688,33.1367881834737,FY2015-16,2015,Jasper,1,easement,none,False,375.0041330359997,2743.4254747492546,0.0,1020750.0,0.0,SC Conservation Bank grants feature service,False
Crosby Farm,107.2,69550.0,69550.0,Katawba Valley Land Trust,No Transfer,Pee Dee,420830.0,,,,,"The William Crosby Tract will be usedfor agricultural activities on his property to provide educational opportunities for students. The landowner is particularly interested in working with local chapters of the Future Farmers of America, 4-H Clubs and similar youth groups to provide opportunities to visit his farm and gain ""hands-on"" experience in agriculture. This property includes approximately 38 acres of forested lands where mostly natural mixed hardwoods are found and 69 acres of open land. The open area is used for various activities such as hay production and fenced pastures for cattle. A small perennial stream flows through the forested portion about 790 feet.",,0.0,2.446340067236313,0.44478910313387515,0.0,0.0,0.0,33.80397183817451,0.0,1.556761860968563,0.0,0.22239455156693758,64.04963085127801,1.1119727578346879,0.0,0.0,FY2015-16,2015,Chester,1,easement,limited,False,648.7873134328358,103.20806585676186,0.0,69550.0,0.0,SC Conservation Bank grants feature service,False
Crosby Tract,631.0,126200.0,126200.0,The Nature Conservancy,No Transfer,Coastal,742000.0,,,,,"This tract is part of the SOLO program. It has 2.17 miles of frontage on the Little Salkehatchi and Upper Combahee Rivers, and it is part of the ACE Basin. The area is publically used for a paddling trail.",,0.0,0.0,0.0,0.0,0.0,0.0,0.0,7.561414753275877,0.0,1.7791564125355006,5.782258340740376,0.0,8.22859840797669,600.6876837822983,0.8895782062677503,FY2012-13,2012,Colleton,1,easement,none,False,200.0,625.9045425784974,0.0,126200.0,0.0,SC Conservation Bank grants feature service,False
Culbertson Mill,108.78,99000.0,99000.0,Upstate Forever,No Transfer,Piedmont,545000.0,,,,,"Culbertson Mill is an incredible scenic, historic, agricultural and natural resource in Laurens County, SC. This divers and remarkable property has long been enjoyed by the public as a recreational resource. Known as Ekom Beach to locals, generations of family have hunted, fished, and gone swimming there. This property contains approximately 3,290 feet of frontage along the Reedy River, 1,830 feet of frontage on Ekom Beach Road, and 30 acres of prime and important soils. Culbertson Mill's diverse timber stands, river frontage, connectivity to other undeveloped land, and mix of open field and cover make it ideal habitat for a diverse array of wildlife.",,0.0,4.447891031338751,0.44478910313387515,0.0,0.0,0.0,44.70130486495445,0.0,4.892680134472626,0.0,0.0,48.926801344726265,0.0,0.22239455156693758,0.0,FY2015-16,2015,Laurens,1,easement,limited,False,910.0937672366243,103.60408985010716,0.0,99000.0,0.0,SC Conservation Bank grants feature service,False
Cynthia Brown Tract,51.33,135345.0,135345.0,Horry Co SWCD,No Transfer,Coastal,680000.0,,,,,,,0.0,1.1119727578346879,0.8895782062677503,0.0,0.0,0.0,0.0,0.0,0.0,0.0,0.0,0.0,29.800869909969634,14.455645851850942,0.6671836547008126,FY2004-05,2004,Horry,1,easement,none,False,2636.762127410871,46.93446406224569,0.0,135345.0,0.0,SC Conservation Bank grants feature service,False
Cypress Creek II,2909.84,727250.0,727250.0,Lowcountry Land Trust,No Transfer,Coastal,7500000.0,,,,,"The Cypress Creek tracts of land are part of the Savannah River Preserve. This land represents a volunteer effort by landowners along the Savannah River to protect vast amounts of land at the greatly reduced price of $250 an acre. This particular tract consists of pine and hardwood river bottom along the Cypress Creek, a tributary to the Savannah River. This tract borders on Two Sisters Ferry Road, dating back to the 1700's, which served as a strategic route across the Savannah River during the Revolutionary War.",,0.0,6.44944199544119,1.3343673094016253,0.0,0.0,0.0,0.22239455156693758,884.6855261332777,0.0,76.72612029059346,16.901985919087256,7.33902020170894,72.94541291395552,1801.8406567953282,7.116625650142002,FY2006-07,2006,Jasper,1,easement,limited,False,249.927831083496,2874.41426158815,0.0,727250.0,0.0,SC Conservation Bank grants feature service,False
Cypress Creek III,346.0,86500.0,86500.0,Lowcountry Land Trust,No Transfer,Coastal,1730000.0,,,,,"The Cypress Creek tracts of land are part of the Savannah River Preserve. This land represents a volunteer effort by landowners along the Savannah River to protect vast amounts of land at the greatly reduced price of $250 an acre. This particular tract consists of pine and hardwood river bottom along the Cypress Creek, a tributary to the Savannah River. This tract borders on Two Sisters Ferry Road, dating back to the 1700's, which served as a strategic route across the Savannah River during the Revolutionary War.",,3.113523721937126,13.78846219715013,2.891129170370188,0.0,0.0,0.0,0.6671836547008126,139.6637783840368,0.0,55.15384878860052,5.559863789173439,0.44478910313387515,16.45719681595338,92.51613345184602,0.0,FY2006-07,2006,Jasper,1,easement,limited,False,250.0,330.4981646855931,0.0,86500.0,0.0,SC Conservation Bank grants feature service,False
Cypress Swamp,248.8,43575.0,43575.0,Lowcountry Land Trust,No Transfer,Coastal,746000.0,,,,,"Cypress Swamp is within the nearly 1.7 million acres of the Ashepoo, Combahee, and Edisto (ACE) Basin Focus Area featuring diverse ecosystems and a wealth of wildlife. This property contains a diversity of relatively natural habitats including forested and non-forested wetlands, all of which can support a variety of floral and faunal species. Protection of Cypress Swamp presents an opportunity to contribute to the protection of the downstream water quality for the benefit of the public. Bisected by U.S. Interstate I-26, this property has approximately 2,000 feet of scenic frontage along either side of the interstate for the benefit of the public.",,0.0,0.8895782062677503,0.22239455156693758,0.0,0.0,0.0,0.0,0.44478910313387515,0.0,0.0,0.0,0.0,0.22239455156693758,235.29343555781995,0.0,FY2015-16,2015,Dorchester,1,easement,none,False,175.14067524115754,237.29133119923665,0.0,43575.0,0.0,SC Conservation Bank grants feature service,False
"Private tract (Sumter County, FY2007-08)",36.7,90000.0,90000.0,Sumter Co SWCD,No Transfer,Central,498000.0,,,,,"This is an historic property listed on the National Historic Register. The landowner will receive matching funds from the Federal Ranch land Protection Program. The land contains an historical home site and prime farmland. Prior to securing funds from the Conservation Bank, the owner had been approached by several interested parties for subdivision and development of the property.",,0.0,4.003101928204876,0.44478910313387515,0.0,0.0,0.0,0.0,2.446340067236313,3.558312825071001,0.8895782062677503,0.0,22.01706060512682,2.001550964102438,1.1119727578346879,0.0,FY2007-08,2007,Sumter,1,easement,limited,False,2452.3160762942775,36.78322591048772,0.0,90000.0,0.0,SC Conservation Bank grants feature service,False
Dawn Plantation,731.0,313650.0,313650.0,Lowcountry Land Trust,No Transfer,Coastal,4182000.0,731850.0,0.0,0.0,,"Dawn Plantation is located in the ACE Basin Focus Area. It was established in 1791 on the banks of the Ashepoo River as a working plantation, with rice production being one of its primary crops. The property has approximately 2.5 miles of direct Ashepoo River frontage with over 200 acres of various type wetland habitats. The upland areas primarily consist of stands of mixed pine/hardwoods, open fields, planted longleaf and loblolly pine stands, agricultural fields and wildlife food plots. ",,4.670285582905689,12.454094887748504,0.0,0.0,0.0,0.6671836547008126,0.0,278.66037311337277,2.891129170370188,25.352978878630882,7.561414753275877,34.24876094130838,14.67804040341788,318.69139239542153,17.791564125355006,FY2019-20,2019,Colleton,1,easement,none,False,429.06976744186045,716.859422447757,731850.0,1045500.0,2.3333333333333335,SC Conservation Bank grants feature service,False
DDK Management Tract,1865.5,746000.0,746000.0,Congaree Land Trust,No Transfer,Pee Dee,6250000.0,,,,,This tract has 3.5 miles of frontage on Spears Creek and .31 mile on the Wateree River.,,1.556761860968563,53.81948147919889,2.2239455156693757,0.0,0.0,0.22239455156693758,27.132135291166385,683.6408515167661,66.71836547008127,7.33902020170894,24.685795223930068,86.73387511110565,35.360733699143076,823.0822353492359,22.461849708260694,FY2013-14,2013,Kershaw,1,easement,none,False,399.89279013669255,1836.4172902568089,0.0,746000.0,0.0,SC Conservation Bank grants feature service,False
Deer & Duck Tract (RFL Princess Pond),1006.95,500000.0,500000.0,Congaree Land Trust,No Transfer,Central,2316000.0,,,,,This tract borders Lake Marion on Cantey Bay with .33 miles of frontage. It adjoins the Santee National Wildlife Refuge and the landowner has plans to build waterfowl impoundments.,,25.57537343019782,13.343673094016255,2.891129170370188,0.0,0.0,23.79621701766232,0.44478910313387515,482.81857145182147,0.44478910313387515,1.3343673094016253,69.38710008888452,0.0,19.12593143475663,336.9277456239104,35.80552280227695,FY2013-14,2013,Clarendon,1,easement,none,False,496.54898455732655,1013.4428823331901,0.0,500000.0,0.0,SC Conservation Bank grants feature service,False
Deer Park Tract,2177.0,489825.0,489825.0,Lowcountry Land Trust,No Transfer,Coastal,10916300.0,,,,,"Deer Park lies within the more than 2 million acres for the South Lowcountry Focus Area featuring diverse ecosystems and a wealth of wildlife. This tract contains a diversity of relatively natural habitats including upland pine forest and forested wetlands in various stages of succession, and open fields, all of which can support a variety of floral and faunal species. These natural habitats are significant to wildlife habitat functions for migratory songbirds and ground-nesting birds, waterfowl and other avian species, game and non-game mammals of various sizes, as well as for amphibians and reptiles. Protection of Deer Park presents an opportunity to contribute to the protection of the downstream water quality for the benefit of the public.",,0.0,21.572271501992944,0.0,0.0,0.0,0.0,0.0,306.9044811623738,0.0,60.49131802620702,1.3343673094016253,5.337469237606501,0.0,1806.9557314813678,2.446340067236313,FY2014-15,2014,Jasper,1,easement,none,False,225.0,2204.76913020256,0.0,489825.0,0.0,SC Conservation Bank grants feature service,False
DeLoach Farm,1180.0,255825.0,255825.0,Lowcountry Land Trust,No Transfer,Coastal,3351343.0,,,,,"DeLoach Farm is within the more than 2 million acres of the South Lowcountry (SoLo) Focus Area featuring diverse ecosystems and a wealth of wildlife. This tract contains a diversity of relatively natural habitats including variously aged planted and natural pine stands, mixed upland forested and non-forested wetlands, open areas and open groves, all of which can support a variety of floral and faunal species. DeLoach Farm is located on Sanders Branch and House Fork, as well as Coosawhatchie River, which leads into the Broad River and Port Royal Sound, and is within the Broad - St. Helena Watershded. This property is situated on and prominently visible by the public from Hickory Hill Road, having over 2 miles of scenic frontage, as well as Pocotaligo Road, having over 1 mile of scenic frontage along both sides of the road.",,3.335918273504064,17.12438047065419,4.892680134472626,0.0,0.0,0.0,0.0,491.2695644113651,0.44478910313387515,39.808624730481824,87.40105876580645,0.0,4.892680134472626,518.1793051509645,0.8895782062677503,FY2015-16,2015,Hampton,1,easement,none,False,216.80084745762713,1171.487363658946,0.0,255825.0,0.0,SC Conservation Bank grants feature service,False
Dinkins Mill Tracts,652.8,620160.0,620160.0,Congaree Land Trust,No Transfer,Central,2100000.0,,,,,"Located in the high hills of Santee, the Cowassee Basin, and the Wateree rivershed, this tract is home to a confederate burial grounds and a historic Native American location dating back to the Revolutionary War. Mill Pond, a 165 acre lake on the property, was established for colonial commerce in 1732.",,50.261168654127886,13.78846219715013,2.2239455156693757,0.0,0.0,0.0,12.676489439315441,157.0105534062579,1.1119727578346879,11.78691123304769,0.44478910313387515,0.0,25.57537343019782,519.7360670119332,4.225496479771814,FY2013-14,2013,Sumter,1,easement,limited,False,950.0000000000001,808.4439395514637,0.0,620160.0,0.0,SC Conservation Bank grants feature service,False
Dixon Family Tracts,535.0,200625.0,200625.0,Congaree Land Trust,No Transfer,Pee Dee,950500.0,,,,,"The Dixon Family Tracts consists of four different parcels in Williamsburg County that total 535 acres of forested lands, cleared/open lands, and wetlands. These tracts are managed for forestry and wildlife near Black Mingo Creek. There are bottomlands along Black Mingo Creek and Poplar Hill Branch. A diversity of habitats and forest areas occur here, including loblolly pine stands, mixed pine hardwoods, creek and stream bottomland hardwoods and small wildlife food agriculture fields. Several species of major game, birds, amphibians, and reptiles can be found on these tracts throughout the year. These properties may have had Native American camps as a Native American Village was located near all the tracts and became the town called Indiantown. The Dixon family purchased these tracts around 1930, and have been in the family ever since.",,0.0,7.33902020170894,0.6671836547008126,0.0,0.0,0.0,0.0,147.22519313731266,0.0,12.676489439315441,87.17866421423952,0.0,0.22239455156693758,219.28102784500047,83.39795683760158,FY2014-15,2014,Williamsburg,1,easement,limited,False,375.0,557.1775717654559,0.0,200625.0,0.0,SC Conservation Bank grants feature service,False
Donoho Farm,2055.0,800000.0,800000.0,Pee Dee Land Trust,No Transfer,Pee Dee,3049500.0,,,,,"The Donoho Farm is a working family farm totaling in 2,055 acres of agricultural and wooded property, with associated farm and residential structures. This property is located primarily along South Carolina Highway 9, approximately 2.3 miles southeast of Clio, SC, on the Dillon County/Marlboro County Line. The Donoho Farm is a diverse property with creek frontage, cropland, pasture, and woodlands along with a 592 acre Carolina Bay. The landowner donated 50% of the easement value.",,0.0,70.27667829515227,21.572271501992944,0.0,0.0,0.0,0.0,37.139890111678575,0.0,0.0,0.22239455156693758,0.0,1128.874743753775,729.2317345879883,58.71216161367152,FY2006-07,2006,Dillon; Marlboro,2,easement,limited,False,389.29440389294405,2047.768811035274,0.0,800000.0,0.0,SC Conservation Bank grants feature service,False
Douglas B. Sheorn Property,152.69,60800.0,60800.0,Katawba Valley Land Trust,No Transfer,Pee Dee,377000.0,,,,,"The Douglas B. Sheorn property is characterized by stands of planted pine, mixed hardwoods, wildlife openings, and bottomland hardwoods. The property has significant elevation changes, rising sharply from the floodplain of Beaver Creek to hilltops that offer sweeping vistas of the Beaver Creak drainage south and the Stonboro/Liberty Hill are to the northwest. Managed forest lands surround the property and adjacent tract are primarily recreational hunting lands. The primary use of the Sheorn property is for the recreation with the primary activities game management and hunting.",,0.0,1.3343673094016253,0.22239455156693758,0.0,0.0,0.44478910313387515,23.57382246609538,71.6110456045539,8.22859840797669,10.452543923646065,9.785360268945253,5.337469237606501,0.22239455156693758,10.452543923646065,0.0,FY2015-16,2015,Kershaw,1,easement,none,False,398.19241600628726,142.48574337619505,0.0,60800.0,0.0,SC Conservation Bank grants feature service,False
"Private tract (Marlboro County, FY2014-15)",670.0,194300.0,194300.0,Pee Dee Land Trust,No Transfer,Pee Dee,1631675.0,,,,,"The Eddie Drayton Tract is 670 acres in Marlboro County with a large portion being forested land and wetlands. On the property there is also about 28 acres of cleared or open lands, a 24 acre Henegan Lake, 1.1 miles of the Muddy Creek that runs through the property, and 1.25 miles of frontage on the Great Pee Dee River.",,26.46495163646557,4.670285582905689,1.556761860968563,0.0,0.0,0.0,0.0,1.7791564125355006,0.0,2.2239455156693757,0.0,0.0,0.0,616.032907840417,17.12438047065419,FY2014-15,2014,Marlboro,1,easement,limited,False,290.0,669.3912384094053,0.0,194300.0,0.0,SC Conservation Bank grants feature service,False
DuRant Farm Tract,121.24,45000.0,45000.0,Lord Berkeley Conservation Trust,No Transfer,Pee Dee,273000.0,,,,,"The 121-acre DuRant Farm project presents a unique opportunity for the conservation community to protect an ecologically rich and agriculturally significant tract of land at a bargain sail price. The property is located near Hemingway, SC and is an extremely well-managed, productive small farm that provides habitat for numerous game and non-game species alike. It contains a variety of land features, including mature bottomland hardwood forest, productive agricultural fields, pollinator plots and a small pond that attracts migratory waterfowl. Approximately 1/2 miles of Hughes Branch meanders along its southern boundary. As a 3rd generation farm, the landowner's primary goal is to ensure that it remains in productive agricultural, timber and recreational use by putting it under a conservation easement. Once conserved, the owner hoped to establish a ""you pick"" farm that will be seasonally open to the public.",,3.335918273504064,1.3343673094016253,0.44478910313387515,0.0,0.0,0.0,0.0,14.010856748717067,0.0,5.559863789173439,0.0,0.0,15.122829506551755,81.39640587349915,0.0,FY2015-16,2015,Williamsburg,1,easement,limited,False,371.16463213460906,121.27826738370644,0.0,45000.0,0.0,SC Conservation Bank grants feature service,False
Dusty Acres Tract,238.84,238840.0,238840.0,Congaree Land Trust,No Transfer,Central,1632000.0,,,,,The Dusty Acres Tract is located in the Santee Waterfowl Corridor and borders a SCDNR WMA in Clarendon County. The tract is comprised of farmland and has managed waterfowl impoundments.,,3.7807073766379387,6.671836547008128,1.7791564125355006,0.0,0.0,0.0,0.0,75.16935842962489,0.22239455156693758,5.115074686039564,0.8895782062677503,0.0,107.41656840683085,32.24720997720595,0.6671836547008126,FY2012-13,2012,Clarendon,1,easement,limited,False,1000.0,234.1893441758042,0.0,238840.0,0.0,SC Conservation Bank grants feature service,False
E. Hickson Tract,318.0,475000.0,475000.0,Georgetown Co SWCD,No Transfer,Coastal,2209250.0,,,,,"The Edward Hickson Tract is 318 acres of land in Georgetown County between the towns of Georgetown and Hemingway. This land has considerable frontage on Pittman Creek. Aside from the natural beauty of the land, the tract has considerable historical value as well. During the Civil War, Francis Marion used the land to as a base for his horses and troops to use during his many famous raids on the enemies. There was a house on the land that was on The National Register of Historic Places until it was unfortunately destroyed by a fire in 1980.",,6.894231098575065,10.674938475213002,2.2239455156693757,0.0,0.0,0.0,1.3343673094016253,146.7804040341788,0.8895782062677503,20.460298744158255,2.2239455156693757,0.0,44.92369941652139,79.39485490939671,0.6671836547008126,FY2005-06,2005,Georgetown,1,easement,limited,False,1493.7106918238994,317.91841192146114,0.0,475000.0,0.0,SC Conservation Bank grants feature service,False
Edisto Packers Tract,29.8022,325000.0,325000.0,The Nature Conservancy,United States of America,Coastal,825000.0,,,,,"The Edisto Packers Tract is dominated by South Atlantic inland maritime forest and intertidal marsh communities. The tract is adjacent to the ACE Basin and provides a significant linkage between the ACE Basin and the Toogoodoo Creek.The value of this land rests not only its beauty but its magnificent habitat to a variety of species. This land is perhaps most important for its American wintering grounds of many Caribbean and Latin American neotropical migratory birds. Conservation of this land will also assist in the long term conservation of the Bald Eagle, the wood stork and the shortnose sturgeon. The purchase of this land contributes to the already preserved 1,618,767 acres of the ACE Basin.",,0.0,0.44478910313387515,0.22239455156693758,0.0,0.0,0.0,0.0,6.004652892307314,0.0,0.44478910313387515,0.0,0.0,0.0,17.791564125355006,4.447891031338751,FY2006-07,2006,Charleston,1,fee simple,full,True,10905.235183979707,29.80591393911344,0.0,325000.0,0.0,SC Conservation Bank grants feature service,False
Edisto River/Four Hole Swamp,2383.5,1500000.0,1500000.0,Audubon South Carolina,No Transfer,Central,4546000.0,,,,,"This magnificent piece of property is contiguous with the 13,000 acre Francis Beidler Forest. The forest is home to one of the largest remaining stands of bald cypress and tupelo gum trees in the world. This area is currently used by two private hunt clubs that lease the rights to deer and hog hunting to 1,000 people a day during hunting season. When not in hunting season, the property is used for natural history education courses conducted by the Audubon Society. The area also has many trails for hiking and biking. Other land uses include scientific research, environmental education courses taught by surrounding schools, wildlife observation, canoeing as well as hunting and fishing.",,2.6687346188032506,15.790013161252567,3.113523721937126,0.0,0.0,0.0,1.1119727578346879,218.83623874186657,6.894231098575065,327.587174458099,0.6671836547008126,0.0,1.556761860968563,1798.2823439702572,5.115074686039564,FY2005-06,2005,Dorchester; Orangeburg,2,fee simple,full,False,629.3266205160478,2381.8432167696255,0.0,1500000.0,0.0,SC Conservation Bank grants feature service,False
Elliott Tract,2335.93,460780.0,460780.0,The Nature Conservancy,No Transfer,Central,8585000.0,,,,,"This tract is a SOLO Preserve transaction, and the tract consists of two separate pieces of property located close to each other. It contains a Carolina Bay and acts as a long leaf pine community. The Elliott tract adjoins other grants that were previously made by the Bank. ",,12.454094887748504,69.16470553731759,14.455645851850942,0.0,0.0,0.6671836547008126,0.0,1385.0732671588873,0.0,199.04312365240912,254.41936699257658,1.3343673094016253,80.72922221879834,281.7738968353099,40.47580838518264,FY2007-08,2007,Allendale,1,easement,none,False,197.25762330206814,2346.1413535856736,0.0,460780.0,0.0,SC Conservation Bank grants feature service,False
Exley Plantation,5031.78,1257945.0,1257945.0,The Nature Conservancy,No Transfer,Coastal,12826500.0,,,,,The Exley Plantation tract was one of the five largest tracts left unprotected in the SOLO area. This grant ensures the water quality of the Savannah River to remain undisturbed in this area. The tract borders 1.1 miles of the Savannah River and is adjacent to the Beaufort-Jasper Water Authority intake as well as across the river from the Savannah River National Wildlife Refuge and the Webb Wildlife Center.,,7.33902020170894,154.56421333902162,0.44478910313387515,0.0,0.0,0.0,1.1119727578346879,357.83283347120255,1.1119727578346879,7.783809304842815,3.113523721937126,7.561414753275877,1.1119727578346879,4850.647564226475,4.670285582905689,FY2012-13,2012,Jasper,1,easement,none,False,250.0,5397.828062015793,0.0,1257945.0,0.0,SC Conservation Bank grants feature service,False
Fairfield (McCrady) Tract,177.8,44450.0,44450.0,Congaree Land Trust,No Transfer,Pee Dee,409000.0,,,,,"The McCrady/Fairfield Tract is managed for forestry and wildlife near the US Sumter National Forest with a diversity of habitats and forest areas including loblolly pine stands and hardwood ravine areas. Healthy populations of all major game species in SC, including white-tailed deer and wild turkey. This tract is located above the fall line in the lower Piedmont region and rolling hills of Fairfield County which support listed landscapes such as the cove / ravine oak-hickory forest ecosystems and such areas support special communities of flora and fauna. This property offers public viewing opportunities by virtue of having road frontage alone Dave Jenkins Road which adds significantly to the scenic values enjoyed by the public enjoying recreational activities along the road.",,0.0,4.447891031338751,0.8895782062677503,0.0,0.0,0.0,5.337469237606501,133.65912549172947,16.679591367520317,0.0,19.793115089457444,0.0,0.0,0.0,0.0,FY2016-17,2016,Fairfield,1,easement,limited,False,249.99999999999997,181.23091657908867,0.0,44450.0,0.0,SC Conservation Bank grants feature service,False
Fall Creek Chatooga,93.52,47000.0,47000.0,Upstate Forever,No Transfer,Piedmont,514400.0,,,,,"This tract of land is located off of Scenic Highway 11 on the Chatooga Ridge. Fall Creek bisects this property and empties into the Chatooga River which has been rated a Top 10 Whitewater River in the US. There is an old gristmill on the property, dating back to the early 1900's. This piece of property represents a significant inholding in the Sumter National Forest, and upon acquisition became part of the National Forest. The owner was willing to donate 75% of fair market value to the easement. There will be limited public access to the mill site for historic tours.",,0.0,6.44944199544119,0.44478910313387515,0.0,0.0,0.0,19.570720537890505,23.79621701766232,33.581577286607576,0.0,0.0,0.8895782062677503,0.0,1.7791564125355006,0.0,FY2005-06,2005,Oconee,1,easement,limited,False,502.56629597946966,87.44722626703525,0.0,47000.0,0.0,SC Conservation Bank grants feature service,False
FB SC Tracts,4302.32,807894.0,807894.0,Congaree Land Trust,No Transfer,Central,6585000.0,,,,,"This tract in Sumter County has 1.8 miles of frontage on the Wateree River, 2 miles on Beech Creek, and 3.48 miles on the Palmetto Trail. The tract will include a 300' buffer on all creeks, lakes, and roads. The landowner is allowing boat-in camping in designated areas along the Wateree River ""Blue Trail.""",,30.690448116237384,0.0,0.44478910313387515,0.0,0.0,0.0,0.0,0.0,0.0,0.0,0.0,0.0,0.0,4022.4502541911997,132.5471527338948,FY2012-13,2012,Sumter,1,easement,limited,False,187.78101117536588,4187.704810921919,0.0,807894.0,0.0,SC Conservation Bank grants feature service,False
Featherhorn Farms,1205.63,1200000.0,1200000.0,Congaree Land Trust,No Transfer,Central,4523900.0,,,,,"This large tract is located on historic Kings HWY in the Cowassee Basin and Santee Waterfowl Corridor. This is a working farm that contains a Carolina Bay, waterfowl impoundments totaling 200 acres, and timber and agricultural lands. This tract is important for the public access hunting program and the landowner has agreed to provide access to the public through draw hunts.",,12.89888399088238,20.90508784729213,2.891129170370188,0.0,0.0,0.22239455156693758,8.673387511110565,248.19231954870233,8.895782062677503,168.57507008773868,36.91749556011163,0.0,409.650763986299,285.99939331508176,2.001550964102438,FY2013-14,2013,Clarendon,1,easement,limited,False,995.3302422799698,1208.0820005375347,0.0,1200000.0,0.0,SC Conservation Bank grants feature service,False
First Citizens Bank/Back Swamp School Tr,93.085,325000.0,325000.0,Pee Dee Land Trust,Back Swamp School Trust,Pee Dee,465000.0,,,,,"This is one of two grants located in Florence County. Located just off I-95, the tract will become an educational park/nature preserve adjoining the school house built around the 1920s.",,0.0,4.670285582905689,2.446340067236313,0.6671836547008126,0.0,0.0,0.0,84.28753504386934,0.0,0.0,0.0,0.0,0.0,0.0,0.0,FY2013-14,2013,Florence,1,fee simple,full,True,3491.4325616372134,93.24480766184257,0.0,325000.0,0.0,SC Conservation Bank grants feature service,False
Floyd Tract,434.14,400000.0,400000.0,SCDNR,No Transfer,Pee Dee,694500.0,,,,,"This tract of land near Sandhills State Forest represents a key acquisition from a public access standpoint. The Floyd Tract is next to McBee Wildlife Management Area (WMA) and unites three parcels together. The McBee WMA is managed for traditional outdoor recreation opportunities for the public. This area is also significant for longleaf restoration potential and for providing a buffer for Mill Creek, a key tributary to Lynches River. With proper management this area can be a protected habitat for the endangered red cockaded woodpecker.",Part of SCDNR's McBee Wildlife Management Area,14.67804040341788,21.12748239885907,2.446340067236313,0.0,0.0,0.0,0.22239455156693758,264.20472726152184,6.44944199544119,25.57537343019782,51.37314141196258,0.0,3.335918273504064,37.139890111678575,0.22239455156693758,FY2005-06,2005,Chesterfield,1,fee simple,full,False,921.3617727000507,426.98794294194295,0.0,400000.0,0.0,SC Conservation Bank grants feature service,False
For Ducks Tract,193.75,96875.0,96875.0,Congaree Land Trust,No Transfer,Central,952000.0,,,,,"The For Duck Tract is 193.75 acres in Clarendon County that consists of cleared/open lands, forests, and wetlands. This tract is managed for forestry and wildlife, and within the ""waterfowl corridor"" of Lake Marion. A diversity of habitats and forest areas occur here, including mature loblolly pine stands, mixed pine-hardwoods. This property attracts several varieties of major game species, waterfowl species, migratory birds, as well as reptiles and amphibians.",,0.44478910313387515,0.44478910313387515,1.556761860968563,0.0,0.0,0.0,0.0,93.85050076124764,0.6671836547008126,2.001550964102438,0.22239455156693758,0.22239455156693758,43.36693755555282,58.71216161367152,0.0,FY2014-15,2014,Clarendon,1,easement,limited,False,500.0,201.58746607009917,0.0,96875.0,0.0,SC Conservation Bank grants feature service,False
Forrester Tract,38.79,1233000.0,1233000.0,Conestee Foundation,No Transfer,Piedmont,1733000.0,,,,,"The picture above is taken on Lake Conestee of which the uplands and wetlands of the Forrester Property are intimately tied. Along with properties obtained under the Henderson Conestee tract, these lands provide habitat for a wide variety of terrestrial and avian species. These properties also provide a critical migration corridor for many songbirds. The acquisition of this property provides the last road frontage necessary to connect Lake Conestee and the Henderson farm tract.",,0.0,13.78846219715013,4.892680134472626,1.7791564125355006,0.0,0.0,10.674938475213002,0.22239455156693758,0.44478910313387515,0.0,0.0,7.783809304842815,0.0,0.6671836547008126,0.0,FY2005-06,2005,Greenville,1,fee simple,full,False,31786.542923433877,39.92703206104771,0.0,1233000.0,0.0,SC Conservation Bank grants feature service,False
Fort Pemberton,8.48,400000.0,400000.0,City of Charleston,No Transfer,Coastal,6100000.0,,,,,"The Fort Pemberton project contains forested area which is second or third growth forest, regenerating naturally following the Civil War. Much of the wooded area encompasses the earthworks that make up the fort. The Spartina marshlands along the 270 linear feet of frontage on the Stono River amount to approximately 0.25-acres of marsh/riparian zone. The Fort Pemberton site is a unique feature in the history and was placed on the National Register of Historic Places in 1978. ",,0.0,4.225496479771814,0.44478910313387515,0.0,0.0,0.0,0.0,4.003101928204876,0.0,0.0,0.0,0.0,0.0,0.0,0.0,FY2018-19,2018,Charleston,1,fee simple,full,False,47169.811320754714,8.74228265220448,0.0,400000.0,0.0,SC Conservation Bank grants feature service,False
Forty Acre Rock,521.69,375617.0,375617.0,SCDNR,No Transfer,Pee Dee,861000.0,,,,,"Forty Acre Rock is part of the Flat Creek Heritage Preserve. The area has been a popular recreation spot for years, but had become abused and was in desperate need of management before the Conservation Bank came to the rescue. Along with funds from The Nature Conservancy, South Carolina Department of Natural Resources, The Cooperative Endangered Species Conservation Fund and the Conservation Bank this area will be preserved for years to come. Flat Creek is a major tributary into the Lynches River in Lancaster which supports one of the healthiest populations of the Carolina Heelsplitter, a federally endangered species. The acquisition of Forty Acre Rock will increase the buffer along Flat Creek from 1.9 miles to 4.6 miles.",Part of SCDNR's Forty Acre Rock Heritage Preserve and Wildlife Management Area,0.0,11.342122129913815,1.556761860968563,0.22239455156693758,0.0,0.0,246.41316313616682,60.49131802620702,122.98418701651647,0.8895782062677503,3.113523721937126,17.569169573788066,0.0,53.81948147919889,0.0,FY2005-06,2005,Lancaster,1,fee simple,full,False,720.0003833694338,518.4099591987191,0.0,375617.0,0.0,SC Conservation Bank grants feature service,False
Fox Tindal Farm Tract,199.56,99780.0,99780.0,Congaree Land Trust,No Transfer,Central,1402200.0,,,,,"Fox Tindal Farm Tract is 199.56 acres consisting of mostly cleared or open lands with a small portion of forested lands and wetlands in Clarendon County. This tract is managed for forestry and wildlife near the COWSSE Basin area and within the ""waterfowl corridor"" of Lake Marion. A diversity of habitats and forest areas occur here, including loblolly pine stands, mixed pine-hardwoods and agriculture fields. These natural habitats help several species of birds, mammals, reptiles, and amphibians thrive. There are also bottom lands along Big Branch Creek.",,17.12438047065419,10.452543923646065,2.6687346188032506,0.0,0.0,0.0,0.0,14.233251300284005,0.0,0.0,1.556761860968563,0.0,104.7478337880276,49.1491958962932,0.6671836547008126,FY2014-15,2014,Clarendon,1,easement,limited,False,500.0,200.0826159000939,0.0,99780.0,0.0,SC Conservation Bank grants feature service,False
Fred Sosnowski Tract,158.0,125000.0,125000.0,Lowcountry Land Trust,No Transfer,Coastal,4803400.0,,,,,"The Sosnowski property is located on Wadmalaw Island, outside of Charleston. Mr. Sosnowski owns four separate properties representing an historic opportunity to protect deep water property on a sea island where development of the land could bring fair market value in excess of $50,000,000.00.",,1.1119727578346879,1.7791564125355006,0.22239455156693758,0.0,0.0,0.0,0.0,56.04342699486827,0.0,0.44478910313387515,0.0,0.0,27.799318945867196,29.35608080683576,22.90663881139457,FY2006-07,2006,Charleston,1,easement,limited,False,791.1392405063291,141.13446375917877,0.0,125000.0,0.0,SC Conservation Bank grants feature service,False
French Quarter Creek,424.91,166650.0,166650.0,Lowcountry Land Trust,No Transfer,Coastal,1916600.0,,,,,"French Quarter Creek is located on US Highway 41 in Huger, SC, within the Cooper River watershed and within the proclamation boundary of the Francis Marion National Forest. This property contains forested wetlands, which function to improve water quality by providing for nutrient uptake and sediment deposition from runoff draining from upstream lands, and also provides many wildlife habitat components. French Quarter Creek is located in close proximity to other protected properties. The protection of this tract extends the protective network and corridors that these surrounding private protected and public lands provide to diverse populations of plants and animals.",,1.1119727578346879,10.452543923646065,3.335918273504064,0.22239455156693758,0.0,0.6671836547008126,0.0,266.20627822562426,0.0,45.81327762278914,15.122829506551755,0.0,0.0,80.72922221879834,0.8895782062677503,FY2015-16,2015,Berkeley,1,easement,none,False,392.2007013249864,424.8553718169386,0.0,166650.0,0.0,SC Conservation Bank grants feature service,False
Ft. Fairlawn (Corner Investors Tr),80.0,1000000.0,1000000.0,Lord Berkeley Conservation Trust,No Transfer,Coastal,2240000.0,,,,,"This tract is in Moncks Corner and is surrounded by development. It is a historic Revolutionary War site with a British Fort. It adjoins Old Santee Canal Park and has 3,500 feet of frontage on Cedar Creek.",,0.0,10.89733302677994,0.6671836547008126,0.22239455156693758,0.0,0.0,0.0,13.343673094016255,0.6671836547008126,0.44478910313387515,0.0,0.22239455156693758,0.0,55.821032443301334,0.22239455156693758,FY2013-14,2013,Berkeley,1,fee simple,full,False,12500.0,82.87664339574825,0.0,1000000.0,0.0,SC Conservation Bank grants feature service,False
Gap Creek,954.529,1700000.0,1700000.0,The Nature Conservancy,SCDNR,Piedmont,3840000.0,,,,,"The Gap Creek Project encompasses one of the largest properties in single ownership left unprotected in the SC Mountains. This is a keystone project for connecting over 40,000 acres of mountain lands from Table Rock Watershed to the North Saluda Watershed, known as the Mountain Bridge Wilderness Area. Game species associated with these lands include black bear, wild turkey, bobcat, and even Ruffed grouse. The property harbors an extensive forest system and flowing from them is a series of headwater streams of the Saluda River Basin proving multiple cascades and small waterfalls. Water flowing from Gap Creeks lands will end up in the Saluda Lake, a recreational lake which also supplies the drinking water to the town of Easley, South Carolina. Currently a Wildlife Management Agreement with the SCDNR is held on the land so public hunting is available on properties. Once completed, this property is also expected to have full open access for hiking and other passive recreation available.",Part of SCPRT's Mountain Bridge Wilderness Area,0.0,8.22859840797669,0.0,0.0,0.0,0.0,918.0447088683184,1.3343673094016253,21.349876950426005,0.0,0.0,0.0,0.0,0.0,0.0,FY2016-17,2016,Greenville,1,fee simple,full,True,1780.983081708361,949.2109953097448,0.0,1700000.0,0.0,SC Conservation Bank grants feature service,False
"Private tract (Oconee County, FY2007-08)",120.0,112750.0,112750.0,Oconee County SWCD,No Transfer,Piedmont,675000.0,,,,,"This tract is a typical small family farm in the Oconee farm outreach program. It consists of 65% prime soils and adjoins the previously accepted Tokeena Bank grant. The tract is a small farm that includes cattle, timber, and various crops. ",,0.0,4.003101928204876,0.44478910313387515,0.0,0.0,0.0,20.90508784729213,1.1119727578346879,0.6671836547008126,0.0,30.912842667804323,62.04807988717558,0.0,3.7807073766379387,0.0,FY2007-08,2007,Oconee,1,easement,limited,False,939.5833333333334,123.43193439773961,0.0,112750.0,0.0,SC Conservation Bank grants feature service,False
Geddings Tract,124.0,69175.0,69175.0,The Conservation Fund,SCFC,Central,166000.0,,,,,"The Geddings Tract contains wetland forest, open shallow pond, edge areas between agricultural fields and is adjacent to Manchester State Forest.",Part of SCFC's Manchester State Forest,1.556761860968563,1.1119727578346879,0.0,0.0,0.0,0.0,0.0,0.0,0.0,0.22239455156693758,0.0,0.0,25.130584327063943,74.72456932649102,0.0,FY2015-16,2015,Sumter,1,fee simple,full,True,557.8629032258065,102.71610732506795,0.0,69175.0,0.0,SC Conservation Bank grants feature service,False
Gill Creek Preserve,238.77,82500.0,82500.0,Upstate Forever,No Transfer,Piedmont,585000.0,163500.0,5000.0,0.0,Local: Upstate Forever,"Gill Creek Preserve is located just outside the town of Lowndesville in Abbeville County, east of the Rocky River off Hwy 81. This property consists primarily of pine and hardwood forestland with minor frontage on Gill Creek. The property is home to a diverse array of wildlife including white-tailed deer, beaver, turkey, grey and red fox, bobcats, coyotes, hogs, and black bear. Located 1 mile north of the Little River - Savannah Focus Area, an area identified by Upstate Forever as an area that greatly contributes to water quality. The property contributes to the drinking water supply of Abbeville County from the Savannah River and Richard Russel Lake, the sole source utilized as drinking water. One acre of public access is provided adjacent to Old Rocky River Presbyterian Cemetery, which dates back to the 1700's. Access will be available from 7am until 7pm every day of the year. Notification of landowner is required. Contact Upstate Forever for more information. ",,0.0,7.561414753275877,0.0,0.0,0.0,0.0,0.44478910313387515,227.06483714984324,1.556761860968563,0.0,0.22239455156693758,0.0,0.0,0.0,0.0,FY2020-21,2020,Abbeville,1,easement,limited,False,345.5207940696067,236.93051389896252,168500.0,251000.0,2.0424242424242425,SC Conservation Bank grants feature service,False
Glover Plantation,2026.64,405328.0,405328.0,Ducks Unlimited,No Transfer,Coastal,2059000.0,,,,,"This tract is part of the SOLO Project in the lowcountry of South Carolina. The land has diverse timber and 797 acres of ""old rice fields"" which add to its' historical value. Historically, this tract was a timber tract, but it has recently been reclaimed and has some managed waterfowl areas.",,0.22239455156693758,128.76644535725686,8.895782062677503,0.0,0.0,0.8895782062677503,0.0,526.6302981105082,0.0,12.231700336181566,24.241006120796193,2.6687346188032506,2.6687346188032506,1135.1017911976494,179.91719221765248,FY2012-13,2012,Jasper,1,easement,none,False,200.0,2023.0786845777902,0.0,405328.0,0.0,SC Conservation Bank grants feature service,False
Gopher Woods (Burris) Tract,593.76,306000.0,306000.0,Open Land Trust,No Transfer,Coastal,2633792.0,,,,,"The Gopher Wood tract has been excellently managed as a working forest, wildlife habitat, and an outdoor recreational tract. The property is located within the Lower Coosawhatchie River watershed. This land is highly diverse and the uplands are comprised of planted pine, natural pine, mixed pine hardwood, and hardwood forest types. Gopher Wood provides foraging and breeding habitat for many game wildlife species including white-tailed deer, turkey, waterfowl, and bobwhite quail. The landowner installed 15 food plots throughout the property. The duck ponds also attract many different species of duck, but also provide wonderful habitat for other wetland loving birds.",,8.22859840797669,21.79466605355988,3.7807073766379387,0.0,0.0,0.0,0.0,252.1954214769072,0.0,39.58623017891489,44.25651576182057,1.7791564125355006,18.23635322848888,152.1178732717853,28.021713497434135,FY2016-17,2016,Hampton,1,easement,none,False,515.3597413096201,594.7016024796864,0.0,306000.0,0.0,SC Conservation Bank grants feature service,False
Gracefield Properties,573.0,143250.0,143250.0,Lowcountry Land Trust,No Transfer,Coastal,878000.0,,,,,This tract is located in the ACE Basin and adjoins other protected lands. The property has 320 acres of historic rice fields and a 191 acre impoundment on Sandy Dam Creek.,,2.891129170370188,10.89733302677994,0.0,0.0,0.0,0.6671836547008126,0.0,136.77264921366663,0.0,33.35918273504063,14.010856748717067,1.1119727578346879,19.12593143475663,334.03661645354026,27.132135291166385,FY2013-14,2013,Colleton,1,easement,none,False,250.0,577.9202145855552,0.0,143250.0,0.0,SC Conservation Bank grants feature service,False
Grant Meadow Addition,21.01,65000.0,65000.0,Upstate Forever,No Transfer,Piedmont,335000.0,110000.0,10000.0,0.0,Private: donations,"The Grant Meadow Addition is a meadow and forest tract at the base of Table Rock State Park and is one of the most significant properties in the Upstate. It sits along the north side of the Cherokee Foothills Scenic Highway and encompasses the spectacular view of the park's 1000-ft granite monolith from the road. The ""Table Rock"" itself is key to the Upstate's cultural heritage and sense of place. ",,0.0,1.3343673094016253,0.0,0.0,0.0,0.0,3.113523721937126,0.0,0.0,0.0,0.0,16.012407712819503,0.0,0.0,0.0,FY2019-20,2019,Pickens,1,easement,none,False,3093.7648738695857,20.70437270943436,120000.0,185000.0,1.8461538461538463,SC Conservation Bank grants feature service,False
Grant Meadow Tract,36.81,36800.0,36800.0,Upstate Forever,No Transfer,Piedmont,773000.0,,,,,This tract adjoins a state park and is located on the Cherokee Foothills scenic Byway. The tract has a viewshed of Table Rock and a pull off for viewing located directly across from Table Rock. This is an iconic spot in South Carolina that offers a view of the Blue Ridge escarpment and is a breathtaking tourist attraction.,,1.1119727578346879,2.891129170370188,0.0,0.0,0.0,0.0,21.572271501992944,0.0,1.556761860968563,0.0,0.22239455156693758,8.22859840797669,0.0,0.0,0.0,FY2012-13,2012,Pickens,1,easement,limited,False,999.7283346916598,36.030687105426246,0.0,36800.0,0.0,SC Conservation Bank grants feature service,False
Grassy Knob Tract,776.0,803000.0,803000.0,Naturaland Trust,SCDNR,Piedmont,2094000.0,,,,,"The Grassy Knob Tract is the first mountain in the southern viewshed when standing atop the famous Table Rock, one of SC's most popular state parks. This property boasts significant hardwoods, streams, and ideal habitat for deer, black bear, wild turkey, and many species of birds. Table Mountain Pine inhabits the high ridge of the property and in the spring, dozens of rare flowering orchids and plants bloom in the cove forests. This tract also contains the headwaters for North Fork Twelvemile Creek as well as a major tributary to the Oolenoy River. Grassy Knob is an ideal property for recreation such as hiking, hunting, mountain biking and horseback riding.",Part of SCDNR's Grassy Knob Wildlife Management Area,0.0,19.34832598632357,0.22239455156693758,0.0,0.0,0.0,602.244445643267,71.6110456045539,114.53319405697285,1.7791564125355006,0.6671836547008126,0.6671836547008126,0.0,0.0,0.0,FY2015-16,2015,Pickens,1,fee simple,full,True,1034.7938144329896,769.5559323388786,0.0,803000.0,0.0,SC Conservation Bank grants feature service,False
Great Falls Natural Area Project,353.0,547665.0,547665.0,Katawba Valley Land Trust,No Transfer,Pee Dee,672665.0,,,,,"The Great Falls area is considered one of the crown jewels of the Catawba River. It is an undeveloped, pristine area, halfway between urbanized Charlotte and Columbia. Several tracts of land have been purchased and will be managed by the South Carolina Department of Natural Resources for total public access for South Carolinians. A state park is planned which will encompass five islands along the river, created when the Catawba was originally dammed. There will be boundless opportunities for hiking, biking, kayaking and canoeing. The land is also a haven for many species of birds, including osprey, eagles, herons, egrets and vultures. Conservation Bank funds were instrumental in preserving this special place for both man and nature.",,0.8895782062677503,2.446340067236313,2.6687346188032506,0.22239455156693758,0.0,0.44478910313387515,68.27512733104983,15.790013161252567,15.56761860968563,0.44478910313387515,3.113523721937126,12.454094887748504,0.0,0.44478910313387515,0.0,FY2007-08,2007,Chester,1,fee simple,full,False,1551.4589235127478,121.16275192331378,0.0,547665.0,0.0,SC Conservation Bank grants feature service,True
Green Mountain Tract,139.0,135000.0,135000.0,Naturaland Trust,No Transfer,Piedmont,350000.0,,,,,The Green Mountain tract is a public park in Greenville that adjoins the Jones Gap State Park. This tract has 1/3 mile frontage on Oil Camp Creek near Middle Saluda River.,,0.0,0.0,0.0,0.0,0.0,0.0,74.05738567179021,11.78691123304769,46.25806672592301,0.0,0.0,0.0,0.0,0.0,0.0,FY2012-13,2012,Greenville,1,fee simple,full,False,971.2230215827338,132.08034597369542,0.0,135000.0,0.0,SC Conservation Bank grants feature service,False
Greenbrier Farms,123.52,280000.0,280000.0,Upstate Forever,No Transfer,Piedmont,1170000.0,,,,,"Greenbrier Farms is a working farm located in Pickens County near Dacusville, SC. Joyce and John Palmer operate this 300 acre farm supplying herbicide and pesticide free natural meats to local markets. The Palmers have agreed to donate 50% of the value of the easement. The Conservation Bank has an interest in this land as it is a working farm with an economically viable future, but is also at risk of development.",,0.0,7.33902020170894,0.44478910313387515,0.22239455156693758,0.0,0.0,14.010856748717067,0.44478910313387515,3.335918273504064,0.0,0.0,90.95937159087747,0.0,0.0,0.0,FY2005-06,2005,Pickens,1,easement,limited,False,2266.839378238342,117.04323325294149,0.0,280000.0,0.0,SC Conservation Bank grants feature service,False
Greenfield Plantation Corner,1.0,75000.0,75000.0,Georgetown Historical Society,No Transfer,Coastal,95000.0,,,,,"Greenfield Plantation Corner is located in the Plantersville Historic District along the scenic Black River in Georgetown County, one of five principal rivers comprising the world-class Winyah Bay watershed. This property is known for its rich wildlife habitat values supporting the full spectrum of biodiversity from game species to threatened and endangered species. Although this property is only 1.53 acres, it contributes to the intrinsic rural, historical, and ecological values of this protected landscape.",,0.0,0.6671836547008126,0.0,0.0,0.0,0.0,0.0,1.556761860968563,0.0,0.0,0.0,0.0,0.0,0.0,0.0,FY2014-15,2014,Georgetown,1,fee simple,full,False,75000.0,2.5428634033503688,0.0,75000.0,0.0,SC Conservation Bank grants feature service,True
Grey Logs Property,18.9,250000.0,250000.0,The Conservation Fund,SCPRT,Piedmont,250000.0,,,,,"The Grey Logs Property has been a property of highest interest for the South Carolina State Park Service for several years. The property was split into 8 parcels almost a decade ago containing 6 residential lots. State Parks and conservation interests have been hoping to recombine those lots into one property and add that property to Caesar's Head State Park. This property will allow the State Park Service to add a parking lot to the property which in turn accomplishes several conservation goals: Safety - the current parking lot for the hiking trails in the area is limited to less than 20 cars. On busy weekends at Caesar's Head the parking lot fills leading to cars parking on both sides of Highway 276, presenting significant safety concerns for the public and the Park; Habitat Protection - decades ago the current trail heading towards Jones Gap from the current parking lot was placed in an area with many Threatened and Endangered Species. The trail will be re-routed to the new parking lot, preserving the area of T&E species. The old trail would be closed further protecting at least one species that is known in no other place; Better Access - A larger parking area would allow for better access to the entire Mountain Bridge especially for hikers and backpackers. The western side of Jones Gap State Park would especially benefit from having better trail access.",Part of SCPRT's Mountain Bridge Wilderness Area,0.0,2.446340067236313,0.22239455156693758,0.0,0.0,0.0,9.562965717378315,0.0,9.562965717378315,0.0,0.0,0.0,0.0,0.0,0.0,FY2015-16,2015,Greenville,1,fee simple,full,True,13227.51322751323,21.81701622857326,0.0,250000.0,0.0,SC Conservation Bank grants feature service,False
Groton Uplands,13868.0,850000.0,850000.0,The Nature Conservancy,No Transfer,Central,51000000.0,,,,,"The Groton Uplands property supports some of the highest quality pine-savannah forests in the Southeast and associated plant and wildlife species. The 1,600+ acres of wetlands scattered throughout the uplands, coupled with the routine use of prescribed fire, results in a complex matrix of high-quality, intertwining native habitats. These diverse habitats support deer, turkey, and wild quail as well as populations of nongame species. The property is in one of DNR' s quail restoration focus areas. The pine savannah uplands are ranked highly for grassland birds like red-cockaded woodpeckers and Bachman's sparrows. Groton has been identified as containing important amphibian habitat, with the entire property being in the Southern Savannah River Valley Priority Amphibian and Reptile Conservation Area (PARCA). Groton's forests also buffer the adjacent Savannah River, where two imperiled aquatic mussels occur near the property.",,91.62655524557827,175.69169573788068,56.710610649569084,0.22239455156693758,0.0,0.44478910313387515,29.800869909969634,9306.100010318503,62.04807988717558,781.4944542062186,319.1361814985554,56.265821546435205,810.6281404614874,9266.29138558802,18.01395867692194,FY2018-19,2018,Allendale; Hampton,2,easement,none,False,61.292183443899624,20994.21651736799,0.0,850000.0,0.0,SC Conservation Bank grants feature service,False
H.C. Edens Tract,677.22,974000.0,974000.0,Sumter Co SWCD,No Transfer,Central,3386100.0,,,,,"This family farm, commonly known as Pine Hill, has been operated by the Edens family for generations and is currently farmed by Mr. Edens and his three sons. The farm is located in Dalzell, about 7 miles outside of Sumter. The 677.22 acres is primarily planted with corn, beans and peanuts. The home place on the property dates back to the 1700’s and is listed on The National Register of Historic Places. Before acquisition by the Conservation Bank, the property was at risk to development out of the military base in Sumter. The USDA's Farm and Ranch Land Protection Program allocated a grant for 50% of the value of the land. The Edens' allow groups of school children to visit the farm to see not only how a farm works, but also the undisturbed Carolina Bay which is present on the property.",,0.0,13.343673094016255,9.11817661424444,0.0,0.0,0.0,0.0,0.0,0.0,0.22239455156693758,0.0,0.0,664.2925255304425,0.8895782062677503,0.0,FY2005-06,2005,Sumter,1,easement,limited,False,1438.2327751690734,690.5406431726876,0.0,974000.0,0.0,SC Conservation Bank grants feature service,False
Halidon Hill Plantation,248.0,62000.0,62000.0,Lowcountry Land Trust,No Transfer,Coastal,3694600.0,,,,,Halidon Hill Plantation represents an important tract in Berkeley County that is similar to many of the SOLO tracts the Bank currently holds. It adjoins the Francis Marion Forest and other protected areas. 110 acres of this tract are controlled rice fields that benefit from the .3 miles of frontage on the East Cooper River.,,14.900434954984817,9.340571165811378,0.44478910313387515,0.0,0.0,0.6671836547008126,0.0,55.376243340167456,0.0,1.7791564125355006,3.7807073766379387,10.89733302677994,0.0,70.27667829515227,83.39795683760158,FY2012-13,2012,Berkeley,1,easement,none,False,250.0,251.23990929832317,0.0,62000.0,0.0,SC Conservation Bank grants feature service,False
Hamilton Ridge Tract,13280.0,5000000.0,5000000.0,SCDNR,No Transfer,Coastal,26200000.0,,,,,"Hamilton Ridge has been described as the type of property the South Carolina Conservation Bank was designed to protect. Hamilton Ridge is exceptional in size and natural resources as well as location. With 8.5 miles of river frontage along the Savannah River, this tract of land will provide many opportunities for fishing and outdoor recreation. This tract also provides habitat for several threatened or endangered species such as robust redhorses, woodstorks and bald eagles, although no formal study of these species has been conducted. Opportunities for extensive longleaf pine restoration also exist on this property. Before acquisition, this tract of land was in eminent danger of development. Hamilton Ridge is within 30 miles of quickly expanding Hardeeville and within one hour of Savannah, Georgia. International Paper, the former owner, agreed to work with the various conservation groups to ensure the future of this magnificent piece of property would not be subdivided and paved over.",Part of SCDNR's Hamilton Ridge Wildlife Management Area,37.139890111678575,360.50156809000583,126.0977107384536,0.0,0.0,0.0,2.446340067236313,5251.18015159853,3.113523721937126,323.8064670814611,145.44603672477717,0.6671836547008126,7.561414753275877,6745.00435447365,7.33902020170894,FY2005-06,2005,Hampton,1,fee simple,full,False,376.50602409638554,13028.318003161547,0.0,5000000.0,0.0,SC Conservation Bank grants feature service,False
Hanahan Tract,91.0,286000.0,286000.0,SCDNR,No Transfer,Coastal,286000.0,,,,,"The Hanahan Tract totals 91 acres, most of which is tidal (Spartina) marsh. The remaining acreage consists of remnant maritime forest and upland species. A majority of the uplands were logged in 2012, resulting in the natural regeneration of sweetgum, oak, and pine species to a shrub-scrub stage. The property is strategically located in a priority conservation area known as the ACE Basin which is a National Estuarine Research Reserve and benefits innumerable waterfowl, wading birds, herpetofauna, migratory songbirds, and game species.",Part of SCDNR's Bear Island Wildlife Management Area,0.0,0.22239455156693758,0.22239455156693758,0.22239455156693758,0.0,0.0,0.0,0.8895782062677503,0.0,0.0,0.0,0.0,0.0,26.68734618803251,63.604841748144146,FY2015-16,2015,Colleton,1,fee simple,full,False,3142.8571428571427,91.17608763735532,0.0,286000.0,0.0,SC Conservation Bank grants feature service,False
"Hanna Trs (Carol Hanna, Leslie Hanna 1 & 2)",1405.0,281000.0,281000.0,The Nature Conservancy,No Transfer,Coastal,4914000.0,,,,,The Hanna Tracts refer to a collection of a couple of different properties unified into one grant. All properties are located very close to their corresponding properties. The tracts are mostly forested woodlands with 213 acres of hardwood bottom lands. The properties have 2-3 miles of river frontage on the Coosahatchie river.,,0.8895782062677503,37.36228466324551,2.891129170370188,0.0,0.0,0.0,0.0,427.8871172147879,3.335918273504064,57.155399752702955,32.91439363190676,0.0,20.460298744158255,778.1585359327145,4.003101928204876,FY2012-13,2012,Hampton,1,easement,none,False,200.0,1366.435152698704,0.0,281000.0,0.0,SC Conservation Bank grants feature service,False
Harper Family Home Place & Solomons Tract,1544.0,304200.0,304200.0,The Nature Conservancy,No Transfer,Coastal,6845000.0,,,,,The Harper Family Home Place is priority tract within the Savannah River Preserve. The Savannah River Preserve is a voluntary program in which landowners place easements on their property for the low price of $200-$250 an acre. This tract of land has been managed for timber and wildlife and the owners will continue to provide a forest management plan subject to review by The Nature Conservancy.,,0.0,10.452543923646065,0.6671836547008126,0.0,0.0,0.0,0.0,739.4618839600673,0.0,208.60608936978744,155.0090024421555,0.0,100.29994275668884,300.23264461536576,2.001550964102438,FY2007-08,2007,Hampton,1,easement,none,False,197.02072538860102,1517.2771094051063,0.0,304200.0,0.0,SC Conservation Bank grants feature service,False
"Harper Place, Country Club and Moultrie",1384.03,276806.0,276806.0,The Nature Conservancy,No Transfer,Coastal,6495000.0,,,,,"The Harper Place tract of land is part of the Savannah River Preserve Program. This program is made up of voluntary landowners who wish to place easements on their land for the low price of $200-$250 an acre. The lands within the Preserve Program contain valuable wetlands, uplands and forestlands, which represent critical habitat and flood control areas.",,0.0,22.461849708260694,0.6671836547008126,0.0,0.0,0.0,0.0,450.79375602618245,0.0,160.346471679762,183.0307159395896,0.0,295.784753584027,222.17215701537063,3.558312825071001,FY2007-08,2007,Allendale; Hampton,2,easement,none,False,200.0,1339.0232640265683,0.0,276806.0,0.0,SC Conservation Bank grants feature service,False
"Private tract (Allendale County, FY2007-08)",4322.97,866594.0,866594.0,The Nature Conservancy,No Transfer,Central,16495000.0,,,,,"The Andrew R. Harper tract of land is part of the Savannah River Preserve Program. This program is made up of voluntary landowners who wish to place easements on their land for the low price of $200-$250 an acre. The lands within the Preserve Program contain valuable wetlands, uplands and forestlands, which represent critical habitat and flood control areas.",,8.006203856409751,70.27667829515227,23.57382246609538,0.0,0.0,0.44478910313387515,17.12438047065419,1115.086281556625,4.670285582905689,220.61539515440208,551.983276989139,0.0,54.70905968546664,2105.409219684198,33.581577286607576,FY2007-08,2007,Allendale,1,easement,none,False,200.46264489459793,4207.783903522224,0.0,866594.0,0.0,SC Conservation Bank grants feature service,False
"Private tract (Allendale County, FY2007-08)",1047.52,209504.0,209504.0,The Nature Conservancy,No Transfer,Coastal,5063000.0,,,,,"The Stiles Harper tract of land is part of the Savannah River Preserve Program. This program is made up of voluntary landowners who wish to place easements on their land for the low price of $200-$250 an acre. The lands within the Preserve Program contain valuable wetlands, uplands and forestlands, which represent critical habitat and flood control areas.",,0.0,16.234802264386442,1.7791564125355006,0.0,0.0,0.0,0.0,482.81857145182147,0.0,87.6234533173734,110.97488123190185,0.0,103.85825558175985,174.35732842847904,16.012407712819503,FY2007-08,2007,Allendale; Hampton,2,easement,none,False,200.0,994.6414552090495,0.0,209504.0,0.0,SC Conservation Bank grants feature service,False
Harrell Farm Trust Tract,290.848,87254.0,87254.0,Congaree Land Trust,No Transfer,Pee Dee,785300.0,,,,,"The Harrell Farm Trust Tract is managed for wildlife, agriculture and forestry with a diversity of habitats, including pine and hardwood forest types, riverine cove forest types, and large croplands fields. This tract is attractive to a variety of game and nongame species. Nearby are publicly accessible recreation opportunities such as Sumter National Forest, Broad River and Lake Monticello.",,1.7791564125355006,6.894231098575065,0.44478910313387515,0.0,0.0,0.0,60.04652892307315,101.8567046176574,75.39175298119183,0.22239455156693758,0.8895782062677503,46.25806672592301,0.0,0.0,0.0,FY2015-16,2015,Fairfield,1,easement,none,False,299.99862471118934,293.56676154237573,0.0,87254.0,0.0,SC Conservation Bank grants feature service,False
Henderson/Conestee Tract,112.42,675000.0,675000.0,Conestee Foundation,No Transfer,Piedmont,1350000.0,,,,,"The Henderson Tract, an old dairy farm, is combined with other properties to encompass 800 acres along the Reedy River. These tracts are around the Lake Conestee area. A main objective of the Henderson Farms Tract is to use the land as an upstate wildlife recovery center and a native plant arboretum. The Henderson Tract is critical as a refuge for wildlife as well as providing much needed outdoor recreation space for the citizens of upstate South Carolina.",,0.0,6.004652892307314,1.1119727578346879,0.0,0.0,0.0,59.60173981993927,1.1119727578346879,7.116625650142002,0.0,0.0,22.461849708260694,0.0,3.7807073766379387,0.22239455156693758,FY2004-05,2004,Greenville,1,fee simple,full,False,6004.26970289984,101.65736472703874,0.0,675000.0,0.0,SC Conservation Bank grants feature service,False
St. Helena Community Farm (Henry Farms North),87.94,650000.0,325000.0,Open Land Trust,Center for Heirs' Property,Coastal,650000.0,115000.0,50000.0,0.0," $325,000 of SCCB grant is conditional on Beaufort County participation. $100,000 non-forgiveable.","Henry Farms North is located on St. Helena Island, a vital cultural and historic rural area identified on the Beaufort County ""Greenprint"". The property has been in continual agricultural operation for at least three generations. The current plan is to transfer the property to the Center for Heirs' Property Preservation to manage as a demonstration site for sustainable agriculture and forestry practices. ","Reimbursed $325,000",0.0,0.6671836547008126,0.0,0.0,0.0,0.0,0.0,11.78691123304769,0.0,0.0,0.0,70.27667829515227,2.6687346188032506,4.892680134472626,0.44478910313387515,FY2019-20,2019,Beaufort,1,fee simple,full,True,7391.403229474642,88.04989173098897,165000.0,815000.0,0.25384615384615383,SC Conservation Bank grants feature service,False
Hickory Hills,315.0,263500.0,263500.0,Upstate Forever,No Transfer,Piedmont,880000.0,,,,,"Hickory Hills is a 315-acre, immaculately-managed hunting property located just outside the small town of Jonesville, SC. This property has approximately 290 acres of forested land cover, 12,000 feet of streams, 80 acres of wetlands, and a 7-acre fluctuating duck pond. These features benefit water quality and contribute to the wildlife diversity of the property. Hickory Hills part of land once owned by General James Means and his family. Members of the Means family served as soldiers and generals in the Revolutionary War, the War of 1812 and the Civil War. Structures associated with the historical Means House located on an adjacent tract still stand on this property, including slave quarters and barns.",,5.559863789173439,4.225496479771814,0.0,0.0,0.0,0.0,116.08995591794141,14.233251300284005,62.04807988717558,0.0,0.0,28.46650260056801,0.0,87.17866421423952,1.1119727578346879,FY2015-16,2015,Union,1,easement,none,False,836.5079365079365,318.4549511267321,0.0,263500.0,0.0,SC Conservation Bank grants feature service,False
Hickory Top Tract,223.85,223000.0,223000.0,Congaree Land Trust,No Transfer,Central,2103300.0,,,,,"Hickory Hills is a 315-acre, immaculately-managed hunting property located just outside the small town of Jonesville, SC. This property has approximately 290 acres of forested land cover, 12,000 feet of streams, 80 acres of wetlands, and a 7-acre fluctuating duck pond. These features benefit water quality and contribute to the wildlife diversity of the property. Hickory Hills part of land once owned by General James Means and his family. Members of the Means family served as soldiers and generals in the Revolutionary War, the War of 1812 and the Civil War. Structures associated with the historical Means House located on an adjacent tract still stand on this property, including slave quarters and barns.",,4.003101928204876,8.22859840797669,3.113523721937126,0.0,0.0,0.22239455156693758,0.0,41.81017569458426,0.22239455156693758,3.558312825071001,0.6671836547008126,0.0,140.7757511418715,14.010856748717067,5.559863789173439,FY2013-14,2013,Clarendon,1,easement,limited,False,996.2028143846326,222.17494549364463,0.0,223000.0,0.0,SC Conservation Bank grants feature service,False
High Creek Tract (Salley Tr),1704.7,835000.0,835000.0,Congaree Land Trust,No Transfer,Central,4165000.0,,,,,This tract represents the first grant in Calhoun County by the Conservation Bank. The tract has 630 acres of marsh and forested wetlands as well as 2.5 miles on the Congaree River. The tract adjoins the Congaree National Monument across the river and also contains an oxbow lake with a large water bird rookery.,,26.68734618803251,82.95316773446771,1.3343673094016253,0.0,0.0,0.0,2.446340067236313,594.4606363384241,13.566067645583193,112.97643219600428,22.01706060512682,3.113523721937126,91.40416069401134,778.1585359327145,2.446340067236313,FY2012-13,2012,Calhoun,1,easement,none,False,489.8222561154455,1732.3958478011941,0.0,835000.0,0.0,SC Conservation Bank grants feature service,False
Hills Property,575.0,115000.0,115000.0,Lowcountry Land Trust,No Transfer,Central,1227600.0,,,,,This tract is a SOLO project with 240 acres of open land and 335 acres of wetlands. The protection of wetlands remains important to ensure the water quality for the surrounding areas.,,0.0,9.785360268945253,3.113523721937126,0.0,0.0,0.0,0.0,59.824134371506204,0.22239455156693758,5.115074686039564,2.001550964102438,0.0,313.353923157815,182.3635322848888,0.0,FY2013-14,2013,Allendale,1,easement,none,False,200.0,576.1350569147792,0.0,115000.0,0.0,SC Conservation Bank grants feature service,False
Hinson Farm Project,1726.0,558424.0,558424.0,Pee Dee Land Trust,No Transfer,Pee Dee,3940000.0,,,,,This property is a family farm with 4.5 miles on Hagins Prong Creek. A 35 acre Carolina Bay is located on the property as well as portions of two other Bays totaling 75 acres.,,10.452543923646065,54.486665133899706,20.682693295725194,0.0,0.0,0.0,0.0,23.351427914528443,0.6671836547008126,0.44478910313387515,1.1119727578346879,0.0,1059.0428545617567,489.0456188956957,0.22239455156693758,FY2013-14,2013,Marlboro,1,easement,limited,False,323.53650057937426,1660.903459139146,0.0,558424.0,0.0,SC Conservation Bank grants feature service,False
Holcim Cement Tract,57.26,71250.0,71250.0,Audubon South Carolina,No Transfer,Coastal,275000.0,,,,,This tract is located in the Edisto River Corridor and adjoins the Beidler Forest lands. It has 12.3 acres of bottomland swamp and will be used for public outreach activities.,,0.22239455156693758,1.3343673094016253,0.8895782062677503,0.0,0.0,0.0,0.0,28.021713497434135,0.0,9.11817661424444,0.0,0.0,0.0,17.12438047065419,0.0,FY2013-14,2013,Dorchester,1,fee simple,full,False,1244.3241355221796,57.27875769481834,0.0,71250.0,0.0,SC Conservation Bank grants feature service,False
Holly Bluff II,449.56,208649.0,208649.0,Lowcountry Land Trust,No Transfer,Coastal,2034000.0,,,,,"The Holly Bluff II Tract is adjacent to both the Combahee River and Black Creek. The property is professionally managed for timber production, optimal wildlife habitat, and recreational uses including hunting, fishing, and wildlife observation. It has approximately 3,100 linear feet of scenic road frontage prominently visible by the public along the Lowcountry Highway. Holly Bluff II lies within the nearly 1.7 million acres of the Ashepoo, Combahee, and Edisto (ACE) Basin Focus Area featuring diverse ecosystems and a wealth of wildlife. ",,9.562965717378315,16.901985919087256,5.782258340740376,0.0,0.0,5.559863789173439,0.0,43.8117266586867,0.0,12.676489439315441,5.559863789173439,0.0,7.561414753275877,318.4689978438546,30.24565901310351,FY2018-19,2018,Colleton,1,easement,none,False,464.1182489545333,466.8859570021027,0.0,208649.0,0.0,SC Conservation Bank grants feature service,False
Hopewell Church Property,47.76,152930.0,152930.0,SC Battleground Preservation Trust,No Transfer,Pee Dee,225000.0,,,,,"The Hopewell Church Property in the Pageland community contains the battlefield for the Battle of Waxhaws (aka Buford's Massacre). The battle was fought between Continental Army troops from Virginia led by Colonel Abraham Buford and a British Loyalist force led by Lt. Colonel Banastre Tarleton. While the unique and significant history of the property is the overwhelmingly compelling reason for the preservation of the site, there are other important conservation goals of this project. The conservation of this tract preserves important green space on a busy intersections that is rapidly developing in Lancaster County. The public will have year-round unfettered access to the property. The SCBPT intends to establish the property as a public park to interpret the Battle of Waxhaws and allow passive recreational use of the site.",,0.0,4.003101928204876,0.22239455156693758,0.22239455156693758,0.0,0.0,0.44478910313387515,0.0,0.0,0.0,0.0,46.48046127748995,0.0,0.0,0.0,FY2015-16,2015,Lancaster,1,fee simple,full,False,3202.0519262981575,52.19794331758229,0.0,152930.0,0.0,SC Conservation Bank grants feature service,False
Horse Trail Tract,170.59,153500.0,153500.0,The Nature Conservancy,No Transfer,Piedmont,307062.0,,,,,"This is the first grant for the Conservation Bank from Abbeville County. This property is an inholding the Sumter National Forest. This tract is named for being a link in the chain relative to the Long Cane Horse Trail, an immensely popular recreational horse, cycling and hiking trail. Acquisition of this tract gives the public access to previously inaccessible portions of the trail. This tract has 4000' along Long Cane Creek and 2000' along Mountain Creek. The Nature Conservancy was able to convince the current owner not to develop and with assistance from the Conservation Bank, funds were secured to preserve this property forever.",,0.0,1.7791564125355006,0.44478910313387515,0.0,0.0,0.0,26.020162533331696,72.72301836238859,10.230149372079127,0.0,0.0,0.0,0.0,56.710610649569084,0.0,FY2006-07,2006,Abbeville,1,fee simple,full,False,899.8182777419544,168.20604769340719,0.0,153500.0,0.0,SC Conservation Bank grants feature service,False
Indigo Farms,103.0,25000.0,25000.0,Edisto Island Open Land Trust,No Transfer,Coastal,4557000.0,,,,,"Indigo Farms consists of 6 separate parcels for a total of 102 acres. The property contains forested and cleared areas with scattered wetlands areas of less than one acre. There are 2400 feet of frontage along Highway 174 and 175 feet of frontage along Russell Creek. Highway 174 is a South Carolina Scenic Highway that had been recommended for designation as a National Scenic By-Way. This scenic, rural waterfront farm is in one of the few remaining agricultural preservation areas designated for protection by the Charleston County Comprehensive Plan. It is in the only portion of Charleston County within the ACE Basin. It adjoins several other conserved properties in the northern part of Edisto Island.",,1.3343673094016253,4.892680134472626,1.556761860968563,0.0,0.0,0.0,0.0,48.926801344726265,0.0,0.6671836547008126,0.22239455156693758,26.46495163646557,6.44944199544119,11.119727578346877,0.0,FY2007-08,2007,Charleston,1,easement,none,False,242.71844660194174,101.88577020600096,0.0,25000.0,0.0,SC Conservation Bank grants feature service,False
Ingleside,1020.22,255000.0,255000.0,Lowcountry Land Trust,No Transfer,Coastal,3680000.0,,,,,"The City of North Charleston acquired this property to create a large, centrally located, nature-based park that will feature a boardwalk through native wetland forests, the ruins of the Ingleside Plantation house, ancient levees, and centuries-old live oaks. ",,0.0,22.239455156693754,2.6687346188032506,0.0,0.0,0.0,0.0,706.5474903281606,0.0,90.51458248774358,105.63741199429535,0.0,0.0,105.19262289116148,7.116625650142002,FY2015-16,2015,Hampton,1,easement,none,False,249.94609005900688,1040.1798223396538,0.0,255000.0,0.0,SC Conservation Bank grants feature service,False
Ingram Dunes,7.24,500000.0,500000.0,City of North Myrtle Beach,No Transfer,Coastal,2500000.0,,,,,"The Ingram Dunes property contains undeveloped coastal maritime forest with naturally-occurring sand dunes, some in excess of thirty feet tall.  ",,0.0,4.447891031338751,2.446340067236313,0.22239455156693758,0.0,0.0,0.0,0.0,0.0,0.0,0.0,0.0,0.0,0.0,0.0,FY2018-19,2018,Horry,1,fee simple,full,False,69060.77348066297,7.24037499108513,0.0,500000.0,0.0,SC Conservation Bank grants feature service,True
Ingram Properties,197.0,34475.0,34475.0,Lowcountry Land Trust,No Transfer,Coastal,569316.0,,,,,"This is a forested tract that adjoins the Four Hole Swamp tract previously approved by the Conservation Bank. It is a blackwater watershed near the Audubon-Beidler tracts and is classified as an ""important bird area.""",,0.0,1.3343673094016253,0.22239455156693758,0.0,0.0,0.0,0.0,71.6110456045539,0.0,40.92059748831651,30.023264461536574,0.0,0.22239455156693758,43.8117266586867,8.006203856409751,FY2013-14,2013,Dorchester,1,easement,none,False,175.0,195.78826539601067,0.0,34475.0,0.0,SC Conservation Bank grants feature service,False
J.M. Shelley Tract,49.0,33875.0,33875.0,Horry Co SWCD,No Transfer,Coastal,235000.0,,,,,"The Shelley family land is part of the Conservation Bank's commitment to continuous family farming in South Carolina. These four tracts of land are located in the town of Nichols in Horry County near the rapidly growing Myrtle Beach. Before funds were made available to save the farms, this land had been appraised to be subdivided and developed. The Conservation Bank along with the Farm and Ranch Land Protection Program and the National Resource Conservation Service provided funds to ensure this cluster of family farms will continue to thrive into the future.",,0.0,1.1119727578346879,1.1119727578346879,0.0,0.0,0.0,0.0,0.0,0.0,0.0,0.0,0.0,38.919046524214075,7.561414753275877,0.0,FY2005-06,2005,Horry,1,easement,none,False,691.3265306122449,48.82493827535498,0.0,33875.0,0.0,SC Conservation Bank grants feature service,False
Jacob's Grant,171.55,34400.0,34400.0,Lowcountry Land Trust,No Transfer,Central,947736.0,,,,,"Jacob's Grant is 172 acres located on the South Fork Edisto River and lies within the nearly 1.7 million acres of the Ashepoo, Combahee, and Edisto (ACE) Basin Focus Area featuring diverse ecosystems and a wealth of wildlife. This property contains a diversity of relatively natural habitats including forested wetlands, mixed upland forest, planted longleaf pine stands, and open fields, all of which can support a variety of floral and faunal species. These natural habitats are significant to wildlife habitat functions including feeding, nesting, and roosting areas for migratory songbirds and ground-nesting birds, and also including feeding, breeding, and resting areas for native small and large game and non-game mammals as well as areas for amphibians and reptiles.",,0.0,2.2239455156693757,0.0,0.0,0.0,0.0,0.0,40.03101928204876,0.0,3.335918273504064,2.2239455156693757,0.0,4.003101928204876,120.98263605241404,0.0,FY2014-15,2014,Orangeburg,1,easement,limited,False,200.52462838822498,172.2600410785824,0.0,34400.0,0.0,SC Conservation Bank grants feature service,False
Jason Ross Tract,398.0,398000.0,398000.0,Congaree Land Trust,No Transfer,Central,1680000.0,,,,,"This is a Cowassee Basin tract located in the Santee Waterfowl Corridor and is adjacent to Lake Marion and an SCDNR WMA. The property is a working farm and a timber operation that adjoins other protected lands. Youth hunts are held annually on the forty acre impoundment, and the landowner has agreed to work with SCDNR for public draw hunts for waterfowl.",,2.446340067236313,5.337469237606501,3.7807073766379387,0.0,0.0,0.0,0.8895782062677503,112.53164309287041,0.22239455156693758,13.566067645583193,35.360733699143076,0.0,76.28133118745959,121.20503060398097,22.90663881139457,FY2013-14,2013,Clarendon,1,easement,limited,False,1000.0,394.8430257284065,0.0,398000.0,0.0,SC Conservation Bank grants feature service,False
Jimmy Calder Tract,56.5,71500.0,71500.0,Marion Co SWCD,No Transfer,Pee Dee,388000.0,,,,,"Jimmy Calder's land is 56.5 acres of prime farm land in Mullins, South Carolina. The Conservation Bank contributed 25% of the funds to match funds contributed by the United States Department of Agriculture’s funds from the Farm and Ranchland Protection Program. The conservation easement placed on these farmlands will help ensure that community farming does not get paved over by development. This property was in danger of being developed before the Bank stepped in to help.",,0.0,3.335918273504064,0.6671836547008126,0.0,0.0,0.0,0.0,0.0,0.0,0.0,0.0,0.0,48.482012241592386,2.001550964102438,0.0,FY2004-05,2004,Marion,1,easement,none,False,1265.486725663717,54.03163804468832,0.0,71500.0,0.0,SC Conservation Bank grants feature service,False
JM and SL Shelley Tract,21.03,36750.0,36750.0,Horry Co SWCD,No Transfer,Coastal,193500.0,,,,,"The Shelley family land is part of the Conservation Bank's commitment to continuous family farming in South Carolina. These four tracts of land are located in the town of Nichols in Horry County near the rapidly growing Myrtle Beach. Before funds were made available to save the farms, this land had been appraised to be subdivided and developed. The Conservation Bank along with the Farm and Ranch Land Protection Program and the National Resource Conservation Service provided funds to ensure this cluster of family farms will continue to thrive into the future.",,0.0,0.8895782062677503,0.0,0.0,0.0,0.0,0.0,0.0,0.0,0.0,0.0,0.0,17.569169573788066,0.0,0.0,FY2005-06,2005,Horry,1,easement,none,False,1747.5035663338087,18.730283251899394,0.0,36750.0,0.0,SC Conservation Bank grants feature service,False
JM and SL Shelley Tract 27,35.1,22000.0,22000.0,Horry Co SWCD,No Transfer,Coastal,165000.0,,,,,"The Shelley family land is part of the Conservation Bank's commitment to continuous family farming in South Carolina. These four tracts of land are located in the town of Nichols in HorryCounty near the rapidly growing Myrtle Beach.Before funds were made available to save the farms, this land had been appraised to be subdivided and developed. The Conservation Bank along with the Farm and Ranch Land Protection Program and the National Resource Conservation Service provided funds to ensure this cluster of family farms will continue to thrive into the future.",,0.0,0.6671836547008126,0.44478910313387515,0.0,0.0,0.0,0.0,0.6671836547008126,0.0,0.22239455156693758,0.0,0.0,32.69199908033982,1.1119727578346879,0.0,FY2005-06,2005,Horry,1,easement,none,False,626.7806267806268,35.16482436446053,0.0,22000.0,0.0,SC Conservation Bank grants feature service,False
John Shirley Tract,394.0,380000.0,380000.0,Oconee County SWCD,No Transfer,Piedmont,1740000.0,,,,,"This tract is a family farm with prime soils in Oconee County. The property has 1,425 feet of frontage on Beaverdam Creek.",,0.0,13.78846219715013,0.44478910313387515,0.0,0.0,0.0,49.59398499942707,44.47891031338751,30.46805356467045,0.0,0.0,213.0539804011262,23.79621701766232,2.001550964102438,0.0,FY2012-13,2012,Oconee,1,easement,limited,False,964.4670050761422,377.5549086901317,0.0,380000.0,0.0,SC Conservation Bank grants feature service,False
Johnathan Graham,505.34,758010.0,758010.0,Horry Co SWCD,No Transfer,Coastal,4997760.0,,,,,The Johnathan Graham tract is a working family farm that has been in operation for several generations. It is located on US Hwy 501 near the town of Loris and is near the proposed I-73 Corridor.,,0.0,10.674938475213002,6.671836547008128,0.22239455156693758,0.0,0.0,0.0,87.84584786894034,0.0,0.22239455156693758,1.1119727578346879,0.0,239.29653748602482,143.44448576067475,0.8895782062677503,FY2012-13,2012,Dillon; Horry,2,easement,none,False,1500.0,491.94220266164723,0.0,758010.0,0.0,SC Conservation Bank grants feature service,False
"Private tract (Hampton County, FY2012-13)",1653.0,330600.0,330600.0,Lowcountry Land Trust,No Transfer,Coastal,7551000.0,,,,,"A. J. Johns Properties I and II are located on Old Orangeburg Road near Garnett, SC. The property is primarily used for timber production and recreational use.  While providing significant conservation value on its own, the property is located in a neighborhood which presents excellent opportunity to build on landscape-scale conservation.  The property is surrounded by other large undeveloped tracts which link it to a conglomerate of other privately protected and publicly owned lands totaling over 50,000 contiguous acres.  The property contains significant forested wetlands which will be protected as preserves and over 3 miles of primarily forested road frontage which will be protected with a 300-foot setback buffer.  The property will be maintained as a working forest and utilized for agricultural production, recreational use and limited rural residential use, while permanently protecting the significant public benefits it provides.",,0.44478910313387515,66.9407600216482,10.674938475213002,0.0,0.0,0.0,0.0,1146.4439133275632,0.0,85.62190235327095,147.44758768887962,10.452543923646065,46.03567217435607,135.21588735269805,8.450992959543628,FY2012-13,2012,Hampton,1,easement,none,False,200.0,1660.0621581236105,0.0,330600.0,0.0,SC Conservation Bank grants feature service,False
Johnson Creek Camp,10.72,300000.0,300000.0,SCPRT,No Transfer,Coastal,810000.0,,,,,"Between St. Helena and Hunting Islands, lies the tract of land known as Johnson Creek Camp. This land is actually made up of 8 separate islands, all with deep water access. These islands were in grave danger of development as property along the coast of South Carolina is in extremely high demand. The Conservation Bank was able to assist The Trust for Public in the acquisition of these special places. Johnson's Creek Camp will be turned over to South Carolina State Parks to be managed in conjunction with Hunting Island State Park. These magnificent pieces of property will be preserved as a natural resource and for educational purposes.",Part of SCPRT's Hunting Island State Park,0.0,0.0,0.0,0.0,0.0,0.0,0.0,0.0,0.0,0.0,0.0,0.0,0.0,0.0,2.446340067236313,FY2005-06,2005,Beaufort,1,fee simple,full,False,27985.07462686567,2.1324886386779935,0.0,300000.0,0.0,SC Conservation Bank grants feature service,False
"Private tract (Dillon County, FY2007-08)",46.5,85700.0,85700.0,"Horry Conservation Foundation, Inc.",No Transfer,Pee Dee,301000.0,,,,,The Alex Johnson tract is located in Dillon County in an area with encroaching development. This tract is a working family farm near Latta. Preservation of this land represents an ongoing effort by the Conservation Bank to help save small farms in South Carolina.,,0.0,1.3343673094016253,0.0,0.0,0.0,0.0,0.0,71.83344015612083,0.44478910313387515,10.00775482051219,0.0,0.0,18.681142331622755,5.782258340740376,0.0,FY2007-08,2007,Dillon,1,easement,limited,False,1843.010752688172,107.3607462750165,0.0,85700.0,0.0,SC Conservation Bank grants feature service,False
Jones Gap Access Tract,97.26,503626.0,223626.0,Naturaland Trust,SCPRT,Piedmont,593000.0,89374.0,0.0,0.0,SCPRT will apply for a LWCF grant to return funding to the Bank,"The Jones Gap Access tract is a rare gem of the Mountain Bridge Wilderness. The quiet and lush corridor along Gap Creek, bordered by a canopied mountains provides a respite from summer temperatures and leads to an array of unique mountain flora, fauna and vistas that decades ago, inspired the creation of Jones Gap State Park. This property is a natural continuation of the park, the ecoregion and decades of conservation efforts.  ","Reimbursed $280,000",0.0,0.0,0.0,0.0,0.0,0.0,58.934556165238455,9.562965717378315,34.02636638974145,0.0,0.0,0.0,0.0,0.0,0.0,FY2019-20,2019,Greenville,1,fee simple,full,True,5178.141065186099,102.55690553923415,89374.0,593000.0,0.17746105244764965,SC Conservation Bank grants feature service,False
Jones Tract/Mt. Pleasant Tract,982.0,343700.0,343700.0,Pee Dee Land Trust,No Transfer,Coastal,4400000.0,,,,,"This Jones family's land is located along the Black River in the Pee Dee area. This magnificent piece of property fits tightly into a mosaic of protected properties in the immediate vicinity. By contributing to the existing protected lands, preservation of the Jones' tract reduces the threat of fragmentation, which would destroy habitat and reduce the functionality of the river. Non-fragmented lands are especially important for the Threatened Swallow-Tailed Kite, which has been spotted flying overhead. Funds from the Conservation Bank were instrumental in preserving this special place.",,11.78691123304769,130.76799632135928,12.454094887748504,0.0,0.0,0.0,10.674938475213002,1384.4060835041864,1.7791564125355006,791.9469981298647,275.54684939143567,12.89888399088238,145.0012476216433,1711.7708634107184,76.28133118745959,FY2007-08,2007,Georgetown,1,easement,limited,False,350.0,4571.625374022904,0.0,343700.0,0.0,SC Conservation Bank grants feature service,False
JRJ Farms,120.8,40000.0,40000.0,Ducks Unlimited,No Transfer,Central,544000.0,60000.0,0.0,51000.0,Federal: DOD REPI program,"JRJ Farms is ranked as a priority target for the Readiness and Environmental Protection Integration program given its proximity to the Joint-Base Charleston’s North Auxiliary Airfield (NAAF). The easement protects the unique upland pine forests and forested wetlands situated along the North Fork Edisto River (NFER). The protection of this property will serve as a critical wildlife corridor, preserve intact riparian habitat, and remove the threat of encroachment impacts on NAAF. The property consists of 120-acres comprised of mostly mixed pine-hardwood forests, forested wetlands, and wildlife openings along 1.2 miles of the NFER. Protection of this tract will preserve a 45-acre buffer of forested wetlands along the NFER, 68-acres of planted pine and mixed hardwoods, 2-acres of planted wildlife openings.The property is primarily managed for waterfowl, white-tailed deer, and wild turkeys. In addition, the property contains extensive forested wetlands providing habitat for a variety of birds, mammals, reptiles, and amphibians as well as providing scenic views to the public along the NFER. In addition, these wetlands protect water quality for the NFER which provides aquatic habitat for many rare fish including the Lowland Shiner and Blackbanded Sunfish. Protection of JRJ Farms adds to a variety of notable public parks and protected landscapes.",,0.0,7.783809304842815,1.7791564125355006,0.0,0.0,0.0,0.0,12.89888399088238,0.6671836547008126,0.0,0.0,0.0,159.45689347349423,0.22239455156693758,0.0,FY2020-21,2020,Orangeburg,1,easement,none,False,331.12582781456956,183.44717598272965,111000.0,151000.0,2.775,SC Conservation Bank grants feature service,True
Keeowee Toxaway Ext Tract,154.0,420000.0,420000.0,Naturaland Trust,No Transfer,Piedmont,745000.0,,,,,"The 154-acre Keowee Extension tract occupies nearly a mile of frontage along the Cherokee Foothills National Scenic Highway in Pickens County. This property borders Keowee State Park on the western edge and Jocassee Gorge Wilderness Area to the east. Tucked away behind the road, the property is teeming with black bear and whitetail deer, which forage on the Skinned Pine Ridge and down through the watershed until reaching Little Eastatoee Creek. Large boulders and granite outcroppings offer refuge for large mammals and several den sites for black bear have been identified.",,0.0,9.11817661424444,0.0,0.0,0.0,0.0,96.29684082848397,9.785360268945253,30.023264461536574,0.0,0.0,0.0,0.0,0.0,0.0,FY2014-15,2014,Pickens,1,fee simple,full,False,2727.2727272727275,144.49808257777505,0.0,420000.0,0.0,SC Conservation Bank grants feature service,False
Keithfield,304.87,318000.0,318000.0,Upstate Forever,No Transfer,Piedmont,2050000.0,,,,,"Keithfield is a farm and forest located in Spartanburg County in Pauline, SC. The property shares an approximately 1,900 foot border with Croft State Park and approximately 4,200 feet with Pauline Creek Farm, a 241 acre protected property. This property lies in the Tyger River Basin and will help improve water quality in this impaired watershed. Earlier in its history, Keithfield was a site of significant Native American activity, as evidenced by the arrowheads frequently discovered in its fields. Limited public access is permitted on the property, and will continue to be offered to groups such as Boy Scouts, Young Life Leaders, and other church functions.",,12.676489439315441,15.345224058118692,0.6671836547008126,0.0,0.0,0.0,93.18331710654684,62.04807988717558,18.23635322848888,0.0,43.36693755555282,48.70440679315932,0.0,1.3343673094016253,0.8895782062677503,FY2015-16,2015,Spartanburg,1,easement,limited,False,1043.0675369829764,298.41142482972845,0.0,318000.0,0.0,SC Conservation Bank grants feature service,False
Kel-Sam Farms (Carolyn Black Tract),921.0,850000.0,850000.0,The Conservation Fund,SCFC,Central,2577000.0,,,,,The Kel-Sam Farms tract is part of the MAJIC Project through the Department of Defense. This tract is an important buffer to Shaw Air Force Base in Sumter. The tract will be turned over to the Forestry Commission and become public land.,,0.44478910313387515,23.57382246609538,13.343673094016255,0.0,0.0,0.0,0.22239455156693758,470.80926566720683,0.6671836547008126,110.75248668033491,56.710610649569084,0.0,3.7807073766379387,223.95131342790611,11.342122129913815,FY2012-13,2012,Sumter,1,fee simple,full,True,922.9098805646037,922.8069916083646,0.0,850000.0,0.0,SC Conservation Bank grants feature service,False
Kingstree Waterfront Park,2.9,25000.0,25000.0,Town of Kingstree,No Transfer,Pee Dee,195000.0,0.0,170000.0,0.0,"Duke Water Resource, Butler Foundation, Town of Kingstree","The Kingstree Waterfron Park in downtown Kingstree, SC is a picturesque beautiful setting with its cypress trees, hanging moss, and rich black river. The Town of Kingstree is committed to transforming these tracts into a public multi-use riverfront park.  This project is part of the overall plan for the Town of Kingstree’s downtown revitalization and branding masterplan. ",,0.0,0.0,0.44478910313387515,2.001550964102438,1.3343673094016253,0.0,0.0,0.0,0.0,0.0,0.0,0.0,0.0,0.0,0.0,FY2019-20,2019,Williamsburg,1,fee simple,full,False,8620.689655172415,3.8760435089993632,170000.0,195000.0,6.8,SC Conservation Bank grants feature service,True
Knollwood/Longlands Plt Tract (Phase 1 - Lower Santee Tr),2951.4,737850.0,737850.0,Congaree Land Trust,No Transfer,Pee Dee,5572000.0,,,,,"The Knollwood Inc. (Longlands Plantation)Tracts are managed for agriculture, forestry and wildlife, and are mostly within the Santee Focus Area along the Santee River. A diversity of habitats and forest areas occur on these lands, including mature loblolly and longleaf pine stands, mixed pine-hardwoods, wide areas of bottomland hardwoods, and planted agriculture fields. Healthy populations of all major game species in South Carolina, including white-tailed deer, wild turkey, waterfowl, and small game occur here. The bottomland riverine areas are very attractive to a variety of waterfowl species including wood duck, blue-winged and green-winged teal, mallard, gadwall, American widgeon, and black duck along with many other species. Public access along the Santee River. ",,9.785360268945253,39.58623017891489,2.6687346188032506,1.1119727578346879,0.0,0.0,6.671836547008128,352.71775878516297,1.3343673094016253,20.01550964102438,1.3343673094016253,14.010856748717067,6.44944199544119,2466.8003659804713,0.44478910313387515,FY2015-16,2015,Williamsburg,1,easement,limited,False,250.0,2927.148469533172,0.0,737850.0,0.0,SC Conservation Bank grants feature service,False
Knowlton Farms,276.0,161460.0,161460.0,Sumter Co SWCD,No Transfer,Central,879230.72,,,,,"This tract is a family farm in Sumter County. It contains four separate parcels of land from three different owners across two adjoining Counties. This farm has an irrigation system in place, has recently enhanced wildlife growth, and is an important driver for agribusiness in the area.",,0.0,0.44478910313387515,0.0,0.0,0.0,0.0,0.0,9.11817661424444,0.6671836547008126,0.0,0.0,0.0,171.46619925810887,86.73387511110565,0.0,FY2013-14,2013,Clarendon; Sumter,2,easement,limited,False,585.0,269.0469525763844,0.0,161460.0,0.0,SC Conservation Bank grants feature service,False
"Knowlton Farms, Forest Field Farms & Thomas DuRant",575.4,316470.0,316470.0,Sumter Co SWCD,No Transfer,Central,1667512.0,,,,,"This tract is a family farm in Sumter County. It contains four separate parcels of land from three different owners across two adjoining Counties. This farm has an irrigation system in place, has recently enhanced wildlife growth, and is an important driver for agribusiness in the area.",,0.0,2.446340067236313,1.1119727578346879,0.0,0.0,0.0,0.22239455156693758,86.51148055953871,0.22239455156693758,4.003101928204876,0.0,0.0,388.9680706905738,112.08685398973654,0.0,FY2012-13,2012,Clarendon; Sumter,2,easement,limited,False,550.0,596.8783756797064,0.0,316470.0,0.0,SC Conservation Bank grants feature service,False
Kyle Daniel Tract,188.4,320000.0,320000.0,Georgetown Co SWCD,No Transfer,Coastal,560000.0,,,,,"Mr. Daniel's river front property along the Great Pee Dee River is commonly known as the Griswold Tract. It was once owned by Ed Griswold who ran a store where steamboats brought in goods from the north in exchange for turpentine and pine lumber. In the early 1900’s the land was purchased by Mr. Daniel's grandfather, who was the mail carrier for the small rural community. At the time of acquisition by the Conservation Bank, the developmental pressures on this land were tremendous, as water front property in Georgetown County was highly desirable. Mr. Daniel wished to place an easement on the property to ensure future generations would be able to enjoy the beauty of the outdoors.",,0.44478910313387515,4.225496479771814,1.3343673094016253,0.0,0.0,0.0,0.0,74.94696387805796,0.0,16.901985919087256,4.003101928204876,0.0,11.564516681480752,51.59553596352952,0.0,FY2004-05,2004,Georgetown,1,easement,limited,False,1698.5138004246285,165.73887863984484,0.0,320000.0,0.0,SC Conservation Bank grants feature service,False
Lacie Shelley Tract,64.0,84375.0,84375.0,Horry Co SWCD,No Transfer,Coastal,500000.0,,,,,"The Shelley family land is part of the Conservation Bank's commitment to continuous family farming in South Carolina. These four tracts of land are located in the town of Nichols in Horry County near the rapidly growing Myrtle Beach. Before funds were made available to save the farms, this land had been appraised to be subdivided and developed. The Conservation Bank along with the Farm and Ranch Land Protection Program and the National Resource Conservation Service provided funds to ensure this cluster of family farms will continue to thrive into the future.",,0.0,6.894231098575065,2.2239455156693757,0.0,0.0,0.0,0.0,1.556761860968563,0.0,0.22239455156693758,0.44478910313387515,0.0,53.37469237606502,28.46650260056801,0.0,FY2005-06,2005,Horry,1,easement,none,False,1318.359375,92.20926512732669,0.0,84375.0,0.0,SC Conservation Bank grants feature service,False
Lake Conestee Nature Park,81.7,99800.0,99800.0,Conestee Foundation,No Transfer,Piedmont,647000.0,,,,,"This city of Greenville donated an adjoining 69 acres to this tract of land to be added to the Lake Conestee Nature Park. The Lake Conestee Nature Park is a public access park and green space complex along the Reedy River, complete with hiking and biking trails, boardwalks, canoeing, kayaking, group activity areas, and educational resources.",,0.0,1.3343673094016253,0.0,0.0,0.0,0.0,34.69355004444226,6.671836547008128,14.900434954984817,0.0,0.0,0.0,0.0,27.57692439430026,0.0,FY2006-07,2006,Greenville,1,fee simple,full,False,1221.5422276621787,85.62228493005935,0.0,99800.0,0.0,SC Conservation Bank grants feature service,False
Lake Jemiki,129.16,154950.0,154950.0,Upstate Forever,No Transfer,Piedmont,1337000.0,,,,,Lake Jemiki is a biological hot spot with diverse habitat and species populations. There are three streams flowing into the lake and the creek that flows out is the source of Walhalla's drinking water. Over three fourths of the property borders the Sumter National Forest. The landowners were willing to donate 75% of the easement value in order to insure the protection of this property.,,11.342122129913815,3.335918273504064,0.44478910313387515,0.0,0.0,0.0,94.7400789675154,0.8895782062677503,7.33902020170894,0.0,1.1119727578346879,4.892680134472626,0.0,0.0,0.22239455156693758,FY2006-07,2006,Oconee,1,easement,limited,False,1199.674821926293,127.0220867777809,0.0,154950.0,0.0,SC Conservation Bank grants feature service,False
Landco Project (Stevens Tract),557.0,555000.0,555000.0,Audubon South Carolina,SCDNR,Coastal,3000000.0,,,,,"Protection of this large and wonderfully position property contributes greatly to the Francis Beidler Forest and protection of the Edisto River at the confluence of the Four Holes swamp. Composed largely of mature bottomland hardwood forest and mature mixed pine/hardwood upland and loblolly forest, this property will add protection to 2.8 miles of frontage along the Edisto River. In doing so, it will provide important storm water run-off mitigation to the nearby developable areas. The tract provides potential habitat to several wildlife species of concern, particularly spotted turtle and Swainson's Warbler. The dense thickets which occur along the property's edge, developed where sun light was able to penetrate from the cleared sand mining part of the tract, has created potentially great Swainson's habitat. Management in Beidler Forest focuses on expanding and improving habitat for migratory bird, which enhances habitat for a variety of other plant and animal communities.",,107.63896295839778,6.671836547008128,0.22239455156693758,0.0,0.0,53.152297824498085,0.0,68.0527327794829,0.0,0.0,5.337469237606501,0.0,0.0,248.19231954870233,43.14454300398589,FY2016-17,2016,Dorchester,1,fee simple,full,True,996.4093357271095,531.9797722976017,0.0,555000.0,0.0,SC Conservation Bank grants feature service,False
Landsford Addition Tract,385.35,400000.0,400000.0,SCDNR,No Transfer,Pee Dee,2312000.0,1312000.0,600000.0,0.0,"Local: SCDNR ($350,000), Duke Energy ($200,000), Catawba-Wateree HEP ($50,000)","The property leverages previous state, federal, and local conservation investments along the Catawba-Wateree River corridor by adding to the Landsford Canal Wildlife Management Area (WMA) which it abuts. Landsford Canal WMA subsequently abuts the historically significant Landsford Canal State Park at the river. Other conservation lands in the corridor include Katawba Valley Land Trust properties to the north and south as well as Catawba River WMA and Liberty Hill WMA to the south. Historic site management of the Landsford Addition tract consisted of silviculture in the uplands. The property will provide additional recreational hunting and fishing opportunities as well as a place for wildlife watching, hiking, and educational research (especially bats and herpetofauna). There is 12,000 years of human occupation on the property and likely colonial and antebellum occupation too. The Landsford Addition will benefit communities of plants and animals of conservation concern known or suspected on site. They include the Federally At-Risk plant species Georgia Aster and the Federally Endangered Carolina Heelsplitter, a freshwater mussel species known from waterways within the tract’s creek systems and river. Bottomlands and their associated uplands along river corridors are known for their importance to migratory bird species and are often a hotspot for biodiversity across a range of taxa. The tract and its surrounds should support at least 50 State Wildlife Action Plan (SWAP) species of conservation concern and acreage under management, furthering efforts by the Southeast Conservation Adaption Strategy to reach a “10% or greater improvement in the health, function, and connectivity of Southeastern ecosystems by 2060.”",Part of SCDNR's Landsford Canal Forest Legacy Area,0.0,5.559863789173439,0.0,0.0,0.0,0.0,52.92990327293114,267.095856431892,163.68238995326604,0.0,3.7807073766379387,0.0,0.0,2.2239455156693757,0.0,FY2020-21,2020,Chester,1,fee simple,full,False,1038.0173867912288,494.93209293373695,1912000.0,2312000.0,4.78,SC Conservation Bank grants feature service,False
Langley Pond Tract,96.0,648800.0,648800.0,Aiken Land Conservancy,No Transfer,Central,1123200.0,,,,,"Langley Pond is 96 acres of good natural resources that currently adjoins an Aiken County Park that the County would like to expand. Aiken County contributed $100,000 in order to proceed with significant plans for developing this park into tourism and local area use, including: swimming, canoeing, gift shops, etc. Several streams transverse the property feeding Langley Pond and this tract has frontage on US #1.",,0.0,2.6687346188032506,2.891129170370188,1.556761860968563,0.0,0.0,9.11817661424444,19.34832598632357,21.572271501992944,0.0,0.0,0.22239455156693758,0.0,8.006203856409751,0.0,FY2006-07,2006,Aiken,1,fee simple,full,False,6758.333333333333,64.26706909507253,0.0,648800.0,0.0,SC Conservation Bank grants feature service,False
Lawton Boggy Tract,295.0,59000.0,59000.0,Ducks Unlimited,No Transfer,Coastal,1475000.0,,,,,"The Lawton Boggy tract is key acquisition to the Savannah River Preserve. The Savannah River Preserve program is an all-volunteer program started by concerned landowners who wish to see the areas along the Savannah River protected from encroaching development. This tract has 16 acres of bottomland along Boggy Branch, a Savannah River tributary. This area, which borders the Webb Center, is known for harboring tremendous biodiversity for birds.",,0.0,14.455645851850942,2.2239455156693757,0.0,0.0,0.0,0.0,191.48170889913325,0.0,1.7791564125355006,0.22239455156693758,0.0,0.0,83.84274594073545,0.0,FY2006-07,2006,Hampton,1,easement,none,False,200.0,293.46544369327376,0.0,59000.0,0.0,SC Conservation Bank grants feature service,False
Lawton Tract,1073.58,268000.0,268000.0,The Nature Conservancy,No Transfer,Coastal,5153000.0,,,,,"The Lawton Tract is part of the Savannah River Preserve Conservation Program. This ""Program"" was founded by concerned citizens of the Lowcountry who see development of similar lands and wish to maintain the beauty and wildness of their lands. These owners elect to sell conservation easements on their land for a flat rate of $250 an acre, well below market value. The Lawton Tract is adjacent to the Webb Wildlife Center and contains over 700 acres of forested wetlands. The acquisition of this easement will contribute to landscape connectivity and the linkage of critical wildlife habitat.",,0.0,3.335918273504064,0.0,0.0,0.0,0.0,0.0,168.13028098460478,0.0,0.6671836547008126,38.029468317946325,1.7791564125355006,1.556761860968563,874.6777713127655,1.7791564125355006,FY2006-07,2006,Jasper,1,easement,limited,False,249.63207213249132,1091.2186653531544,0.0,268000.0,0.0,SC Conservation Bank grants feature service,False
Legacy Farms,367.37,165316.5,165316.5,Lowcountry Land Trust,No Transfer,Coastal,1050000.0,,,,,"The Legacy Farms Tract is a beautiful piece of undeveloped property located near the town of Luray in Hampton County. Located within the South Lowcountry (SoLo) focus area, this property is a classic example of a very well managed working timberland and recreational tract containing healthy stands of young longleaf pine plantation, mature loblolly pine quail woods, areas of variously aged planted loblolly pine, mixed upland hardwoods, bottomland hardwoods, and a large active agricultural field. The property contains frontage on both Black Creek and an unnamed tributary associated with Black Creek, both of which are part of the wetland system that make up the headwaters of the Coosawhatchie River, which flows into the Port Royal Sound, an extremely sensitive coastal embayment with unique ecological characteristics associated with highly productive estuarine habitat and recognized as one of the most pristine estuaries on the east coast. ",,0.0,0.44478910313387515,0.0,0.0,0.0,0.0,0.0,151.67308416865143,0.22239455156693758,5.115074686039564,0.0,0.0,55.821032443301334,146.11322037947798,0.0,FY2018-19,2018,Hampton,1,easement,limited,False,450.0,359.759884278214,0.0,165316.5,0.0,SC Conservation Bank grants feature service,False
Lemon Island,162.24,500000.0,500000.0,Trust for Public Lands,Beaufort County,Coastal,4000000.0,,,,,"The Lemon Island Tract is 162.24 acres including marsh lands. It consists of a peninsula extended southeastward off of South Carolina Highway 170 and fronts the marshes of the Broad River on its southwest, east and northeast boundaries. This site has limited access to tidal water at a small hummuck in the southeastern point. Lemon Island includes five hummocks or marsh islands ranging from 0.092 to 2.4 acres. These islands are currently inaccessible from the mainland property but are located in high marsh and may have potential for causeway or light bridge access. Two of the islands have tidal creek access.",,15.56761860968563,0.0,1.556761860968563,0.6671836547008126,0.0,8.006203856409751,0.0,19.34832598632357,0.0,0.8895782062677503,0.0,0.0,0.0,1.7791564125355006,114.53319405697285,FY2006-07,2006,Beaufort,1,fee simple,full,True,3081.8540433925045,162.8687516708019,0.0,500000.0,0.0,SC Conservation Bank grants feature service,False
Lewis (Firefly) Tract,121.5,185800.0,185800.0,Upstate Forever,No Transfer,Piedmont,656000.0,,,,,"The most famous residents of this property are the fireflies Phausis reticulata. These fireflies appear in for two to four weeks in the late spring and emit a continuous light, rather then the blinking light of the common firefly. Locals refer to these flies as ""ghost"" or ""fairy"" flies because they emit a blue light.This fireflies have been documented in Annals of the Entomology Society of America. Aside from the most famous residents, the land is also home to black bear, turkey, deer, bobcat, songbirds, amphibians and reptiles. Mr. Dan Lewis, the owner of the property was married to the former South Carolina poet laureate, Bennie Lee Sinclair. The poet laureate referenced the fireflies in her most famous poem ""The Dying. The Donor. The Phoenix."" Mr. Lewis donated 50% of the value of the easement.",,0.0,0.0,0.0,0.0,0.0,0.0,85.17711325013708,10.230149372079127,28.46650260056801,0.44478910313387515,0.0,0.6671836547008126,0.0,0.0,0.0,FY2006-07,2006,Greenville,1,easement,limited,False,1529.2181069958847,124.74157495436548,0.0,185800.0,0.0,SC Conservation Bank grants feature service,False
Liberty Hill Ph II,1829.59,1500000.0,1500000.0,SCDNR,No Transfer,Pee Dee,6600000.0,,,,,"The Liberty Hill Phase II Tract, with a total of 1,829.59 acres, is part of a purchase that created Liberty Hill WMA in Lancaster and Kershaw Counties. This tract has hardwood coves, mixed pine-hardwood slopes, loblolly pine ridgetops, and open meadows that provide habitat for game animals and an estimated 71 other terrestrial vertebrate and invertebrate priority species, as well as countless plants. Unique granitic boulders dot the landscape, giving the region the nickname, ""the Devil's backbone."" The tract as a whole is the last large block of unprotected lakefront (14 miles) in the region, 8 of which is included in this purchase. There are also unique scenic views including granitic rock outcrops along the shoreline, sandy beaches, high bluffs, and hidden coves.",Part of SCDNR's Liberty Hill Wildlife Management Area,6.671836547008128,7.561414753275877,0.0,0.0,0.0,0.44478910313387515,376.9587649059592,835.5363302369844,250.63865961593862,0.0,11.342122129913815,1.7791564125355006,0.0,24.463400672363132,0.0,FY2014-15,2014,Kershaw; Lancaster,2,fee simple,full,False,819.8558146907232,1517.7056528021533,0.0,1500000.0,0.0,SC Conservation Bank grants feature service,False
Liberty Hill Tract,937.0,1500000.0,1500000.0,The Conservation Fund,SCDNR,Pee Dee,11100000.0,,,,,This is phase 1 of the Liberty Hill proposal. The property has 14 total miles of waterfront on Lake Wateree and the land area resides in both Lancaster and Kershaw Counties. The property will eventually be turned over to SCDNR and has excellent potential to become a public park and WMA.,Part of SCDNR's Liberty Hill Wildlife Management Area,5.559863789173439,15.345224058118692,0.0,0.0,0.0,0.44478910313387515,753.9175298119184,696.9845246107824,476.14673490481334,0.0,2.891129170370188,0.0,0.0,4.892680134472626,0.0,FY2012-13,2012,Kershaw; Lancaster,2,fee simple,full,True,1600.8537886872998,1956.8681435477554,0.0,1500000.0,0.0,SC Conservation Bank grants feature service,False
Little Junkyard Bay,569.27,227708.0,227708.0,Congaree Land Trust,No Transfer,Central,1023000.0,,,,,This tract is comprised almost entirely of a Carolina Bay and borders 521 near Manning.,,0.22239455156693758,18.23635322848888,9.340571165811378,0.0,0.0,0.44478910313387515,0.0,23.79621701766232,0.0,2.001550964102438,1.7791564125355006,0.44478910313387515,46.70285582905689,503.2788701959797,4.670285582905689,FY2013-14,2013,Clarendon,1,easement,none,False,400.0,610.7794969939049,0.0,227708.0,0.0,SC Conservation Bank grants feature service,False
LOCURA Tract,241.0,60250.0,60250.0,Congaree Land Trust,No Transfer,Pee Dee,578400.0,,,,,"LOCURA Tract is managed for forestry and wildlife near the US Sumter National Forest with a diversity of habitats and forest areas including loblolly pine stands and hardwood ravine areas. The hardwood area along the tributaries that feed into McClures Creek and the pond area are all very attractive to a variety of waterfowl species including wood ducks, egrets, herons and birds of prey. There is public viewing opportunities by virtue of having road frontage along Dave Jenkins Road which adds significantly to the scenic values enjoyed by the public enjoying recreational activities along the road. As this tract is located in the rolling hills of Fairfield County and according to Walter Edgar's book South Carolina History it was most likely a favorite hunting and camping spot for native peoples prior to European contact.",,1.3343673094016253,2.891129170370188,0.44478910313387515,0.0,0.0,0.22239455156693758,34.02636638974145,155.6761860968563,20.682693295725194,19.12593143475663,8.22859840797669,0.22239455156693758,0.0,0.0,0.0,FY2016-17,2016,Fairfield,1,easement,limited,False,250.0,243.41910031159483,0.0,60250.0,0.0,SC Conservation Bank grants feature service,False
Lombard Tract,117.89,55000.0,55000.0,Upstate Forever,No Transfer,Piedmont,1430000.0,,,,,"This tract is located on SC Hwy 107 near Oconee State Park. This property adjoins a national forest and houses a historical cemetery on site. The tract has a good viewshed of the surrounding area, and the bottomlands of this property are prime soils located on East Village Creek.",,0.0,2.446340067236313,0.0,0.0,0.0,0.0,46.25806672592301,8.895782062677503,66.9407600216482,0.0,0.0,28.68889715213495,0.0,0.0,0.0,FY2012-13,2012,Oconee,1,easement,none,False,466.5366019170413,152.73965091935332,0.0,55000.0,0.0,SC Conservation Bank grants feature service,False
Lyle Property,165.89,143300.0,143300.0,Oconee County SWCD,No Transfer,Piedmont,750000.0,252700.0,54000.0,0.0,,The Lyle Property preserves 165.89 acres of forest and open land in close proximity to Sumter National Forest. The property is composed of gently rolling foothills leading to the mountainous elevations of the national forest. Six flowing streams contribute over eight thousand feet of fresh water tributary and the southwestern border of the property is the center of Ramsey Creek encompassing nine hundred fifty feet. ,,0.0,7.116625650142002,3.335918273504064,0.0,0.0,0.0,47.59243403532464,21.79466605355988,8.006203856409751,52.48511416979727,10.00775482051219,15.122829506551755,0.0,0.0,0.0,FY2019-20,2019,Oconee,1,easement,none,False,863.8254264874315,166.22762599941888,306700.0,450000.0,2.14026517794836,SC Conservation Bank grants feature service,True
Macdonald & Sons Farm,181.6,169000.0,169000.0,Sumter Co SWCD,No Transfer,Central,613000.0,,,,,This tract is located 5 miles East of Sumter and is a typical small family working farm. There is an interior piece of this property totaling 59.6 acres which is already a WRP existing easement.  ,,0.0,11.342122129913815,0.44478910313387515,0.0,0.0,0.0,1.1119727578346879,32.469604528772884,2.446340067236313,0.44478910313387515,0.0,0.0,165.6839409173685,22.90663881139457,0.22239455156693758,FY2007-08,2007,Sumter,1,easement,none,False,930.6167400881058,237.62017893497617,0.0,169000.0,0.0,SC Conservation Bank grants feature service,False
Marhaygue Tract,2418.41,1209205.0,1209205.0,Congaree Land Trust,No Transfer,Central,7740500.0,,,,,"The Marhaygue Farm Tract is managed for forestry and wildlife, within the ""waterfowl corridor"" of Lake Marion. A diversity of habitats and forest areas occur here that sustain healthy populations of all major game species in South Carolina. This land may also provide stop-over and resting habitats for the millions of migratory birds that pass through the Southeast in spring and fall migration. There is public access to approximately 375 acres of this property that allows access to trails connecting with the Santee Wildlife Refuge, research activities conducted within and around the Carolina Bay as well as a public landing road that traverses this property.",,3.113523721937126,78.50527670312896,4.225496479771814,0.0,0.0,7.561414753275877,0.22239455156693758,1572.9966632329495,1.1119727578346879,70.4990728467192,54.26427058233277,2.6687346188032506,44.70130486495445,525.7407199042403,34.471155492875326,FY2015-16,2015,Clarendon,1,easement,limited,False,500.00000000000006,2399.0733689362255,0.0,1209205.0,0.0,SC Conservation Bank grants feature service,False
Mariwill Timber Plantation,1189.5,297100.0,297100.0,Congaree Land Trust,No Transfer,Pee Dee,3951000.0,712625.0,0.0,0.0,,The Mariwill Timber Plantation is managed for forestry and wildlife near the US Sumter National Forest with a diversity of habitats and forest areas including loblolly pine stands and hardwood ravine areas.  ,,0.0,6.671836547008128,1.7791564125355006,0.0,0.0,0.0,99.63275910198803,887.5766553036478,47.3700394837577,47.3700394837577,12.454094887748504,1.556761860968563,0.0,10.89733302677994,0.0,FY2019-20,2019,Fairfield,1,easement,none,False,249.76881042454812,1115.6180365670077,712625.0,1009725.0,2.3986031639178726,SC Conservation Bank grants feature service,False
Marsh Furniture Tract,8347.0,2000000.0,2000000.0,SCDNR,No Transfer,Pee Dee,9850000.0,,,,,"This magnificent tract of land contains over 8 miles of river frontage along the Great Pee Dee River. The area contains numerous Native American artifacts as well as habitat diversity for many animals including the bald eagle and the wood stork. The area also contains a forty acre lake which the public will have full access to. The entire area will be managed as a working forest and remain open to the public. If the property had not been purchased, a private developer would have subdivided the land and all public access would have been lost. This particular tract of land is located within the Upper Pee Dee and Lynches River Focus area, an international flagship project by the Atlantic Coast Joint Venture of the North American Waterfowl Management Plan. The owner of the land had every intention of selling before funds from the Conservation Bank were secured to ensure this property would not be lost.",Part of SCDNR's Marsh Wildlife Management Area,26.020162533331696,160.5688662313289,7.783809304842815,3.335918273504064,0.0,3.113523721937126,0.44478910313387515,1145.1095460181616,2.446340067236313,156.788158854691,68.27512733104983,0.6671836547008126,10.00775482051219,6950.4969201215,2.6687346188032506,FY2004-05,2004,Marion,1,fee simple,full,False,239.60704444710674,8545.678860695716,0.0,2000000.0,0.0,SC Conservation Bank grants feature service,False
Mays - Epworth Conservation Area (Adams),1332.29,225000.0,225000.0,Upper Savannah Land Trust,No Transfer,Piedmont,2520000.0,765000.0,0.0,0.0,,"This project represents a unique opportunity to connect existing conservation easements, protecting 1,332 additional acres to create a contiguous privately-owned conservation area covering 5,500 acres across headwater streams of Cuffeytown Creek. This ""Mays - Epworth Conservation Area"" is named for the historic Epworth crossroads and Epworth Camp Meeting site, and to honor a landscape significant in the early life and learning of Dr. Benjamin Mays, a champion of non-violent protest, mentor to Dr. Martin Luther King Jr, theologian, writer, and university president. The Mays-Epworth Conservation Area (Adams) features a mosaic of open field, pine timberland, and hardwood bottoms and will bridge a 1-mile gap between existing easements near Epworth and along Cuffeytown Creek. Federally-protected lands (Sumter National Forest and Ninety Six National Historic Site) and several additional easements are close by. One of South Carolina's rarest trees, the Oglethorpe Oak, was documented here in the 1980s and may yet exist in the deeper woods of the project area, where Iredell Clay soils represent unique habitats. The properties are drained by headwater streams of Cuffeytown Creek, important for the Carolina Heelsplitter's downstream habitat and downstream water quality as well. ",,0.0,30.912842667804323,8.673387511110565,0.0,0.0,0.0,28.68889715213495,698.9860755748848,37.80707376637938,20.90508784729213,493.04872082390057,2.001550964102438,0.0,4.003101928204876,0.22239455156693758,FY2020-21,2020,Greenwood,1,easement,none,False,168.88215028259614,1324.8492314474759,765000.0,990000.0,3.4,SC Conservation Bank grants feature service,True
"McCall, Arthur Jr. Tract",160.491,700000.0,700000.0,Friends of Paris Mt State Park,SCPRT,Piedmont,1280000.0,,,,,"The Arthur McCall Jr. Tract is an additional 160 acres of land that will be added to Paris Mountain State Park in Greenville County. This property includes 60 acres of forested lands with hardwoods along property lines and creek buffers and 100 acres of cleared or open lands where pine was recently cut. There are 2 small perennial creeks that flow into the lake and one small perennial creek flowing into the State Park. The purchase of this property represents a once-in-a-generation opportunity to preserve a large parcel adjacent to the Paris Mountain State Park that is geologically significant, biologically vital, and an important recreational resource for the 11 county Upstate Region. This property is also home to over 73 species of flora, over 20 species of vertebrates, and countless species of insects.",Part of SCPRT's Paris Mountain State Park,0.0,0.0,0.0,0.0,0.0,0.0,157.0105534062579,0.6671836547008126,0.8895782062677503,0.0,0.0,0.0,0.0,0.0,0.0,FY2014-15,2014,Greenville,1,fee simple,full,True,4361.615293069393,159.86673949114584,0.0,700000.0,0.0,SC Conservation Bank grants feature service,False
McCorkle Tract,28.75,410000.0,410000.0,Spartanburg Area Conservancy,No Transfer,Piedmont,960000.0,,,,,"The McCorkle property adjoins a nature preserve operated by Spartanburg Area Conservancy. The addition of this piece of property protects an extra 1.5 miles of frontage on Lawson's Fork Creek. This creek is a major water source for residents of Spartanburg. If funds from the Conservation Bank had not been secured, this property would have been lost to development. This place is an outdoor enthusiasts dream. Runners utilize the 3 ½ miles of trails throughout the park while naturalists enjoy the 450 feet of boardwalk which extend over wetlands.",,0.0,3.113523721937126,0.0,0.0,0.0,0.0,4.892680134472626,8.006203856409751,1.7791564125355006,0.0,0.0,1.1119727578346879,0.0,8.450992959543628,0.0,FY2005-06,2005,Spartanburg,1,fee simple,full,False,14260.869565217392,27.541980794496077,0.0,410000.0,0.0,SC Conservation Bank grants feature service,False
McDowell Creek Tract,1877.96,2000000.0,2000000.0,SCDNR,No Transfer,Pee Dee,11000000.0,,,,,"This impressive tract of land has over 3 miles of frontage on the Catawba River. This land will become part of the Heritage Preserve and will managed for total public use. This is an opportunity to preserve a rare expanse of undeveloped riverfront with development encroaching from both Columbia and Charlotte. The area is home to several bald eagle nests. There are also archeological and historical reasons for protecting this land. On nearby, Mount Dearborn Island, there rests the stone foundations of one of the nation's first arsenals built during the Revolutionary War.",Part of SCDNR's Liberty Hill Wildlife Management Area,6.44944199544119,4.447891031338751,0.0,0.0,0.0,0.22239455156693758,794.8381273002349,774.8226176592104,321.36012701422476,0.44478910313387515,0.44478910313387515,3.335918273504064,0.0,32.24720997720595,0.0,FY2007-08,2007,Lancaster,1,fee simple,full,False,1064.985409699887,1939.895894451227,0.0,2000000.0,0.0,SC Conservation Bank grants feature service,False
McKinney Creek Oconee Bell Preserve,195.6,450000.0,450000.0,Naturaland Trust,Naturaland Trust / SCPRT,Piedmont,580000.0,29950.0,120050.0,0.0,"Other: $62,050 KTHEP, $58,000 Oconee County Conservation Bank ","The McKinney Creek Oconee Bell Preserve builds on Boones Creek Oconee Bell Preserve, located just north of Scenic Highway 11, next to Devil's Fork State Park, Sumter National Forest, Lake Jocassee and Lake Keowee. McKinney Creek is a critical habitat for the Oconee Bell, the signature species of the Jocassee and Keowee watersheds. ",,0.0,42.032570246151195,14.233251300284005,1.3343673094016253,1.556761860968563,0.22239455156693758,71.16625650142002,102.74628282392516,185.69945055839287,0.6671836547008126,27.799318945867196,0.0,0.0,1.556761860968563,0.0,FY2019-20,2019,Oconee,1,fee simple,full,True,2300.6134969325153,447.8688679163977,150000.0,600000.0,0.3333333333333333,SC Conservation Bank grants feature service,True
McLeod Tract,375.0,500000.0,500000.0,Trust for Public Lands,Open Land Trust,Coastal,18750000.0,,,,,"The McLeod Tract is an 375 acre tract located off Seabrook Road and U.S. Highway 21 with frontage at the Whale Branch River on Port Royal Island, Beaufort County, South Carolina. This property consists of former farmland, timber tracts, and woods of varying density.",,0.44478910313387515,5.559863789173439,0.0,0.0,0.0,0.22239455156693758,0.0,225.5080752888747,0.0,12.454094887748504,2.6687346188032506,13.566067645583193,6.44944199544119,104.52543923646067,18.458747780055816,FY2006-07,2006,Beaufort,1,easement,limited,True,1333.3333333333333,390.5512794485927,0.0,500000.0,0.0,SC Conservation Bank grants feature service,False
Merchants Bank Bldg.,0.12,100000.0,100000.0,Eastover-Lower Richland Business Asso,Town of Eastover,Central,85000.0,,,,,"The Merchant Bank Building is an historic building located in Eastover. The building is on the historic register and has been a doctor's office, a library, a hardware store and the Merchant's Bank. The Conservation Bank’s funds will enable the Bank to be restored to its original condition and to be used as a welcome center.",,0.0,0.0,0.0,0.12,0.0,0.0,0.0,0.0,0.0,0.0,0.0,0.0,0.0,0.0,0.0,FY2006-07,2006,Richland,1,fee simple,full,True,833333.3333333334,0.1188320910739722,0.0,100000.0,0.0,SC Conservation Bank grants feature service,False
Meyer Lake,974.0,1000000.0,1000000.0,Lowcountry Land Trust,SCDNR,Coastal,3500000.0,100000.0,2400000.0,0.0,"Local: SCRCWF ($185,000) & Coastal Community Foundation ($600,000) OSI Loan: $1,620,000","The 974 acre Meyer Lake tract is located in Jasper County and contains the southernmost unprotected Savannah River floodplain bottomland hardwood forest in South Carolina. The tract has approximately 3.5 miles of Savannah River frontage and directly abuts a significant complex of permanently conserved lands totaling 54,331 acres, including the 31,551 acre Savannah National Wildlife Refuge and a 22,780 acre unbroken corridor of multiple privately and publicly preserved lands extending from the privately protected ~5,031 acre Exley Tract to the publicly accessible South Carolina Department of Natural Resources' (SCDNR) Tillman Sand Ridge Heritage Preserve which is located just under 20 river miles upstream. ",,20.01550964102438,10.452543923646065,0.6671836547008126,0.22239455156693758,0.0,0.0,0.0,98.96557544728721,1.7791564125355006,5.115074686039564,2.446340067236313,0.0,0.0,864.2252273891194,1.1119727578346879,FY2020-21,2020,Jasper,1,fee simple,full,True,1026.694045174538,1004.4680349433945,2500000.0,3500000.0,2.5,SC Conservation Bank grants feature service,False
Michael Walden Tract,231.0,53700.0,53700.0,Upper Savannah Land Trust,No Transfer,Piedmont,485000.0,,,,,"Located on Little Cowhead Creek, this tract is mostly forested with a small pond on site.",,0.8895782062677503,0.22239455156693758,0.0,0.0,0.0,0.0,7.561414753275877,75.16935842962489,21.349876950426005,118.09150688204384,4.892680134472626,0.22239455156693758,0.0,2.446340067236313,0.0,FY2013-14,2013,Greenwood,1,easement,limited,False,232.46753246753246,229.36687473097035,0.0,53700.0,0.0,SC Conservation Bank grants feature service,False
Middleton Place,4497.0,2000000.0,2000000.0,The Conservation Fund,No Transfer,Coastal,13810000.0,,,,,"This tract of land is a part of a continuing effort to preserve land along the Ashley River Historic District outside of Charleston. The Ashley River Historic District is a 13-mile corridor bound by the Ashley River and Ashley River Road. Along this stretch of land are remnants of civil war battles, post civil war African American settlements and Native American habitation. This land is under intense pressure from development. The Conservation Bank's funds were essential to the preservation of this property.",,13.121278542449318,3.113523721937126,0.0,0.0,0.0,0.44478910313387515,0.0,877.1241113800019,11.119727578346877,4.670285582905689,36.02791735384388,0.0,0.0,2737.8993243405685,6.671836547008128,FY2006-07,2006,Dorchester,1,easement,limited,False,444.74093840338,3692.4226512404102,0.0,2000000.0,0.0,SC Conservation Bank grants feature service,False
Middleton Place/Edmondston-Alston Family Trust,1274.0,820000.0,820000.0,The Conservation Fund,Ducks Unlimited,Coastal,6370000.0,,,,,"This tract is the second phase of the Middleton proposal. The tract lies within the Ashley River Historic District. The Bank already has significant investment in this area, and the completion of this grant finalized the acquisition of over 5,000 acres in Dorchester County.",,136.1054655589658,44.47891031338751,14.67804040341788,0.0,0.0,22.461849708260694,0.0,1045.4767869161735,0.0,23.129033362961504,196.81917813673974,6.44944199544119,0.0,549.9817260250367,22.461849708260694,FY2007-08,2007,Dorchester,1,easement,limited,True,643.6420722135008,2063.6282569187074,0.0,820000.0,0.0,SC Conservation Bank grants feature service,False
Mike and Tina Comalander Tracts,267.13,66783.0,66783.0,Congaree Land Trust,No Transfer,Pee Dee,376500.0,,,,,"The Mike and Tina Comalander Tract is manages for wildlife, agriculture and forestry with a diversity of habitats, including planted pin stands, pine hardwood forest, cove hardwood forest, piedmont bottomland hardwood riverine forest, and food plots of cultivated or grass cropland fields. Healthy populations of all major game species in South Carolina, including white-tailed deer, wild turkey, waterfowl, and small game occur here. Also present are species of furbearers such as otter, beaver, bobcat, mink, skunk, raccoon, fox and black bear. The bottom lands along Storm Creek and other small intermittent streams that feed Storm Creek may be home to wood ducks and to a lesser extent wading birds such as herons and egrets. During the dry periods along those streams one may see or hear quail, turkey, whip-poor-will and chuck-wills-widow.",,0.0,2.6687346188032506,0.22239455156693758,0.0,0.0,0.0,107.86135750996472,113.86601040227204,50.9283523088287,0.0,0.22239455156693758,4.003101928204876,0.0,0.0,0.0,FY2015-16,2015,Fairfield,1,easement,none,False,250.00187174783812,279.4015893344024,0.0,66783.0,0.0,SC Conservation Bank grants feature service,False
Mill Shoals Community Forest,713.15,1650000.0,1156650.0,Naturaland Trust,SCDNR,Piedmont,2280000.0,630000.0,0.0,493350.0,"Federal Funds: $525,000 (not yet received)","The Mill Shoals Community Forest protects critical wildlife corridors, water resources, the viewshed of Nine Times Preserve and will provide a recreation asset through the Wildlife Management Area program. ","Reimbursed $493,350",0.0,4.892680134472626,0.22239455156693758,0.0,0.0,0.0,350.2714187179267,242.85485031109582,96.29684082848397,60.49131802620702,0.22239455156693758,49.1491958962932,0.0,0.0,0.0,FY2019-20,2019,Pickens,1,fee simple,full,True,2313.6787492112458,805.0958924806276,1123350.0,2773350.0,0.6808181818181818,SC Conservation Bank grants feature service,False
"Private tract (York County, FY2015-16)",53.023,79500.0,79500.0,Nation Ford Land Trust,No Transfer,Pee Dee,1210000.0,,,,,"In 1890, Miss Eloise Miller's grandfather, an emancipated slave, began acquiring land whicheventually became a 200 acre farm. Miss Miller, who will be 95 years old in December, lives in the same house on the farm that she was born in. She describer the livestock, pecan grove, fruit orchard, and extensive agricultural fields that produces most of the food that the family lived on year round.",,0.0,2.001550964102438,0.44478910313387515,0.0,0.0,0.0,22.01706060512682,0.22239455156693758,7.116625650142002,0.0,0.0,21.349876950426005,0.0,0.0,0.0,FY2015-16,2015,York,1,easement,limited,False,1499.349338966109,52.79501590600664,0.0,79500.0,0.0,SC Conservation Bank grants feature service,False
Millgrove Plantation,444.6,165000.0,165000.0,Lowcountry Land Trust,No Transfer,Coastal,4263000.0,761000.0,0.0,141000.0,Federal: NAWCA,"Millgrove Plantation is a +/- 440-acre property in Georgetown County located within the Winyah Bay Focus Area. This property is directly adjacent to the Black River, one of South Carolina's ten designated scenic rivers. The property has approximately 1,600 feet of direct Black River frontage creating scenic views for the public and clean water for downstream users. Millgrove Plantation is bisected by three roads, Rose Hill, Dunbar, and Benton Williams Roads, containing 13,600 feet of forested frontage. The tract is adjacent to Rocky Point Community Forest that is a publicly accessible park owned by the Winyah Rivers Alliance. The property is also just upstream from Ducks Unlimited 348 acre Winea Plantation. The property contains a diversity of habitat including 84 acres of forested and 24 acres of emergent wetlands. The upland areas primarily consist of planted loblolly pine and fields managed for the benefit of wildlife. The protection of Millgrove Plantation will secure the property from development as the demands for rural retreats and riverfront getaway destinations expand. Its protection would further increase the number of protected lands along the scenic Black River, supporting efforts by the conservation community to maintain its iconic beauty and conservation value.",,10.452543923646065,19.34832598632357,2.2239455156693757,0.44478910313387515,0.0,2.446340067236313,0.0,175.2469066347468,0.0,42.92214845241895,23.129033362961504,1.1119727578346879,34.9159445960092,125.65292163531973,2.001550964102438,FY2020-21,2020,Georgetown,1,easement,none,False,371.1201079622132,440.4068893220088,902000.0,1067000.0,5.466666666666667,SC Conservation Bank grants feature service,False
MillRho (Oak Grove 2),1164.64,291000.0,291000.0,The Nature Conservancy,No Transfer,Central,3200000.0,,,,,"The MillRho Investments, LLC property is comprised of upland pine plantations, bottomland hardwoods, isolated wetlands, mixes hardwood forests, open meadows, and sand ridges. Although the property is managed impressively for wildlife by itself, when placed in the larger landscape of protected farms and forests, the wildlife habitat value in impressive. This property has been occupied for centuries by Native Americans and settlers. The two cemeteries on the property are in relatively good condition, with markers dating back to the 1800s. In addition, the Orangeburg Stagecoach road runs through the property, which used to be a significant thoroughfare in the region.  ",,0.0,22.68424425982763,4.447891031338751,0.0,0.0,0.0,0.0,678.7481713822934,0.0,87.40105876580645,94.96247351908234,0.22239455156693758,22.68424425982763,249.74908140967088,4.447891031338751,FY2016-17,2016,Allendale,1,easement,none,False,249.86261849155102,1165.0548392423439,0.0,291000.0,0.0,SC Conservation Bank grants feature service,False
Millwood Farms,443.46,184450.0,184450.0,Congaree Land Trust,No Transfer,Central,2016500.0,,,,,This property is located on US #178 near the Edisto River and Limestone Creek. It is a Kings Grant property and an operational family farm with an old mill site dating back to 1790.,,7.783809304842815,2.891129170370188,0.22239455156693758,0.0,0.0,0.0,0.0,41.142992039883445,0.0,4.670285582905689,0.0,0.0,209.05087847292134,100.29994275668884,0.6671836547008126,FY2013-14,2013,Orangeburg,1,easement,limited,False,415.9337933522753,367.2070703044441,0.0,184450.0,0.0,SC Conservation Bank grants feature service,False
Millwood Farms LLP 2 (Culler Family),522.16,221918.0,221918.0,Congaree Land Trust,No Transfer,Central,1827500.0,,,,,"The Culler family tracts are managed for agriculture, silviculture and wildlife on the North Fork Edisto River near Highway 178. A diversity of habitats and forest areas occur here, including loblolly and longleaf pine stands, mixed pine-hardwoods, riverine hardwoods and a 50 acre pond all of which support healthy populations of a variety of animal species. This property has floodplain bottomland hardwoods and oxbow lakes. Millwood Farms LLP drains to Limestone Creek, which has an old mill site and dam forming the 50 acre pond. The spillway drains back into Limestone Creek which then flows into the North Fork Edisto River. The fields have been terraced and the property has a vegetative buffer along the creek, pond, and river.",,2.2239455156693757,3.558312825071001,0.6671836547008126,0.0,0.0,0.0,0.0,22.239455156693754,0.22239455156693758,0.22239455156693758,0.0,0.0,333.59182735040633,156.12097519999017,2.2239455156693757,FY2014-15,2014,Orangeburg,1,easement,limited,False,425.0,521.9418597766768,0.0,221918.0,0.0,SC Conservation Bank grants feature service,False
Moore Property,56.62,30557.0,30557.0,Oconee County SWCD,No Transfer,Piedmont,290000.0,26943.0,10000.0,67500.0,"Local: Oconee Co CB ($10,000) Federal: NRCS ($67,500)","The 56-acre tract is located 6.2 miles southwest of the city of Seneca, South Carolina, and 6.7 miles east of the city of Westminster South Carolina. All of Oconee County continues to see the effect of rural development. The location of this parcel between two growing municipalities gives concern about the ability to keep it from the pressures of development. This property fronts SC Hwy. 24 and is located between the SC Scenic Hwy 11 corridor and Interstate 85 corridor. This is a family farm acquired from the owners' parents. It has been kept open and houses a small cattle operation. The property has two flowing streams that comprises 1324 linear feet of flow on the property. It has approximately 50 acres of pasture and 8.6 acres of forest and two bordering sides of the property are wildlife plantings, creating habitat between adjacent lands. ",,0.0,2.2239455156693757,0.0,0.0,0.0,0.0,2.001550964102438,0.6671836547008126,0.44478910313387515,0.0,0.22239455156693758,48.25961769002545,7.783809304842815,0.0,0.0,FY2020-21,2020,Oconee,1,easement,none,False,539.6856234546098,60.548596216319766,104443.0,135000.0,3.4179729685505778,SC Conservation Bank grants feature service,True
Morris Ford Tract,4.45,60000.0,60000.0,SC Battleground Preservation Trust,No Transfer,Central,60000.0,,,,,"The Morris Ford Tract has historically been an important crossing over the Salkehatchie River. The property is of unique archaeological significance since its military history spans the eighty-five between two wars. The conservation of this tract preserves important green space along the Salkehatchie River. This heavily wooded property is an excellent habitat for significant populations of forest inhabiting mammals, reptiles, amphibians, and invertebrates.",,0.0,0.44478910313387515,0.44478910313387515,0.0,0.0,0.0,0.0,0.22239455156693758,0.0,0.0,0.0,0.0,0.44478910313387515,3.558312825071001,0.0,FY2015-16,2015,Barnwell,1,fee simple,full,False,13483.14606741573,4.666928875191212,0.0,60000.0,0.0,SC Conservation Bank grants feature service,False
Morris Island Tract,117.7,1500000.0,1500000.0,Trust for Public Lands,City of Charleston,Coastal,5000000.0,,,,,"Perhaps no property better illustrates South Carolina's desire to preserve historical places more than the Morris Island Lighthouse. The first lighthouse was erected in 1762 to be replaced by a taller version several years later. In 1862 South Carolinians destroyed the lighthouse to prevent soldiers from using it as a lookout. In 1876, the current lighthouse was illuminated to be decommissioned and replaced by the Sullivan's Island Lighthouse (pictured in the background) in 1962. After being perilously close to development, the Morris Island Lighthouse has begun its long road to preservation this past spring. Funds from the Conservation Bank were crucial to the success of saving Morris Island. Morris Island is in the only lighthouse in the country to have an elevator.",,25.79776798176476,0.0,0.0,0.0,0.0,8.895782062677503,0.0,0.0,0.0,0.0,0.0,0.0,0.0,21.12748239885907,42.477359349285074,FY2005-06,2005,Charleston,1,fee simple,full,True,12744.265080713678,98.73668902903006,0.0,1500000.0,0.0,SC Conservation Bank grants feature service,False
Morrow Creek Timbers,429.92,150000.0,150000.0,Upstate Forever,No Transfer,Piedmont,1010000.0,302000.0,10000.0,0.0,Local: Upstate Forever,"Morrow Creek Timbers is nestled in the idyllic countryside of Abbeville County, just east of the Generostee Creek. The property consists primarily of hardwoods and features a spectacular array of wildlife. The property is home to wildlife such as white-tailed deer, beaver, turkey, grey and red fox, bobcats, coyotes, hogs, black bear, and two unique coveys of quail. The 6-acre pond and 30 acres of forested wetlands provide habitat for Wood Ducks, Black Ducks, Merganser, Mallards, Teal, Woodcocks, and Canada Geese. One acre of public access is provided adjacent to Old Rocky River Presbyterian Cemetery, which dates back to the 1700's. Access will be available from 7am until 7pm every day of the year. Notification of landowner is required. Contact Upstate Forever for more information. ",,2.001550964102438,10.674938475213002,0.0,0.0,0.0,0.22239455156693758,35.360733699143076,181.02916497548716,12.454094887748504,138.77420017776905,36.250311905410825,0.0,0.0,10.89733302677994,0.6671836547008126,FY2020-21,2020,Abbeville,1,easement,limited,False,348.9021213248976,428.45195482210636,312000.0,462000.0,2.08,SC Conservation Bank grants feature service,False
Mtn. Bridge Passage,175.0,1550000.0,1550000.0,Naturaland Trust,SCPRT,Piedmont,1750000.0,,,,,"This parcel of land is 175 acres of naturally significant and diverse land located directly on Scenic Highway 11 at the base of the Blue Ridge Mountains. This was the location of Camp Spearhead for years until the camp moved and the land was in critical danger of development. This camp was special because it provided handicapped access to many paths and natural features. Located along the Saluda River, this area has excellent habitat for wildlife. Future uses for this land could include park facility center or nature center as the infrastructure is already in place. The area provides a perfect spot to watch annual raptor migrations as 8,000-10,000 hawks are counted each year during migration season.",,4.225496479771814,11.78691123304769,4.003101928204876,0.22239455156693758,0.0,0.0,62.04807988717558,12.454094887748504,82.28598407976689,0.0,0.44478910313387515,0.8895782062677503,0.0,0.0,0.0,FY2005-06,2005,Greenville,1,fee simple,full,True,8857.142857142857,177.51105926668583,0.0,1550000.0,0.0,SC Conservation Bank grants feature service,False
Murray Tract,392.29,78400.0,78400.0,The Conservation Fund,SCDNR,Central,917000.0,,,,,This private tract is located in the Cowassee Basin in the Whitemarsh Swamp. The area is all uplands and is part of the Midlands Area Joint Consortium Project which aligns compatible uses with neighboring military bases.,,0.0,9.562965717378315,0.22239455156693758,0.0,0.0,0.0,0.0,45.14609396808832,0.0,162.34802264386443,169.9094373971403,0.0,0.44478910313387515,5.337469237606501,0.0,FY2012-13,2012,Richland,1,easement,full,True,199.8521501950088,392.5220190162445,0.0,78400.0,0.0,SC Conservation Bank grants feature service,False
Murray Tract Phase III,1095.48,219096.0,219096.0,The Conservation Fund,No Transfer,Central,2330000.0,,,,,This is a large tract that fronts Colonel's creek and is located in Richland County and the Cowassee Basin. This tract adjoins other protected lands and is an addition to the previous two Murray tract phases.,,0.0,47.81482858689157,7.33902020170894,0.0,0.0,16.45719681595338,0.0,441.4531848603711,0.22239455156693758,191.2593143475663,388.5232815874399,0.0,0.0,73.83499112022326,0.0,FY2013-14,2013,Richland,1,easement,limited,False,200.0,1168.7425244629733,0.0,219096.0,0.0,SC Conservation Bank grants feature service,False
Myrtle Grove Plt - Marvin Tracts BC,357.83,134186.0,134186.0,Ducks Unlimited,No Transfer,Coastal,7882438.0,,,,,"The protection of Myrtle Grove Plantation - Marvin Tracts B&C is extremely important in that it completes the protection of all 2,073.21 acres of the landowner's property in the ACE Basin. It is also important to wildlife because it serves as a keystone piece in creating a connective corridor of protected lands spanning from the Combahee River to north of White Hall Road and the rail line. Protection of this tract will benefit numerous wildlife species. The land use on this property consists of 357.83 acres of wetland impoundments or historic rice fields. At present, the historic rice fields are minimally managed for waterfowl. The general public will benefit from the protection of Myrtle Grove Plantation since it is within close proximity to ACE Basin National Wildlife Refuge and is also visible along the 0.25 mile frontage on White Hall Road.",,0.0,1.556761860968563,0.22239455156693758,0.0,0.0,0.0,0.0,0.0,0.0,0.0,0.0,0.0,0.0,334.03661645354026,0.0,FY2015-16,2015,Colleton,1,easement,limited,False,374.99930134421373,336.2966058217904,0.0,134186.0,0.0,SC Conservation Bank grants feature service,False
Myrtle Grove Plt Tract,1715.38,643268.0,643268.0,Ducks Unlimited,No Transfer,Coastal,17594500.0,,,,,"Myrtle Grove Plantation is located on SC State Highway 119 and the Combahee River in the ACE Basin. The property is situated on and accessed from White Hall Road having scenic road frontage, and is situated on and prominently visible by the public from the Combahee River. The property is in a relatively natural state containing approximately 1,767 acres of undeveloped land with a main residence, conservatory, equestrian barn, garages with 2nd floor apartments and other related improvements.",,18.458747780055816,25.352978878630882,2.2239455156693757,0.44478910313387515,0.0,0.0,0.0,457.24319802162364,0.44478910313387515,1.3343673094016253,2.2239455156693757,19.34832598632357,0.8895782062677503,384.9649687623689,854.2174725686071,FY2014-15,2014,Colleton,1,easement,limited,False,375.00029148060486,1779.2958257224552,0.0,643268.0,0.0,SC Conservation Bank grants feature service,False
Neil McPhail Tract,117.0,232187.0,232187.0,Oconee County SWCD,No Transfer,Piedmont,560000.0,,,,,"This tract is located near the Tokeena Crossroads Project in Oconee County. This is a family farm including row crops, chicken houses and cattle. This tract sits between two developed areas.",,0.0,3.7807073766379387,0.0,0.0,0.0,0.0,15.56761860968563,0.0,2.2239455156693757,0.0,0.0,82.95316773446771,4.892680134472626,12.89888399088238,0.0,FY2012-13,2012,Oconee,1,easement,limited,False,1984.5042735042734,121.61596251000877,0.0,232187.0,0.0,SC Conservation Bank grants feature service,False
Ness Bay Tr,300.0,120000.0,120000.0,Congaree Land Trust,No Transfer,Central,343000.0,,,,,This is the first tract the SC Conservation Bank has funded in Bamberg County. It contains portions of three separate Carolina Bays totaling 15 acres. ,,0.0,0.22239455156693758,0.0,0.0,0.0,0.0,0.0,110.53009212876798,0.8895782062677503,10.230149372079127,53.37469237606502,0.0,28.021713497434135,100.0775482051219,0.22239455156693758,FY2013-14,2013,Bamberg,1,easement,none,False,400.0,303.0875844256792,0.0,120000.0,0.0,SC Conservation Bank grants feature service,False
Nine  Times Tract A,560.0,1500000.0,1500000.0,The Nature Conservancy,SCDNR,Piedmont,2750000.0,,,,,"This tract is located in the area between scenic HWY #11 and SC #178. The area is extremely diverse containing multiple rare and threatened flora and fauna species.  The  tract is currently under DNR management and is open to the public for hunting and fishing. The property has 9,900 feet of frontage on Nine Times Creek. ",Leased as a SCDNR Wildlife Management Area,0.0,10.230149372079127,1.3343673094016253,0.0,0.0,3.7807073766379387,479.0378640751835,18.90353688318969,23.351427914528443,1.1119727578346879,4.892680134472626,2.891129170370188,0.0,0.0,0.0,FY2007-08,2007,Pickens,1,fee simple,full,True,2678.5714285714284,545.1467759169681,0.0,1500000.0,0.0,SC Conservation Bank grants feature service,False
Nine Times B&C,1648.0,1500000.0,1500000.0,Upstate Forever,Naturaland Trust,Piedmont,11250000.0,,,,,"This tract is located near scenic highway 11 in Pickens County. It is a very diverse tract that is home to various threatened species of flora and fauna. A property such as this with dense forests and beautiful views is in constant threat of development. It has 9,900 feet of frontage on Nine Times Creek, and adjoins to the previously approved Nine Times Tract A. This is an outstanding property for hunting and fishing, and it is currently under DNR management.",Leased as a SCDNR Wildlife Management Area,0.0,21.79466605355988,1.556761860968563,0.44478910313387515,0.0,4.892680134472626,1287.4420590210016,33.1367881834737,166.3511245720693,34.02636638974145,66.05118181538046,13.343673094016255,0.0,0.0,0.0,FY2012-13,2012,Pickens,1,fee simple,full,True,910.1941747572815,1627.3878912782402,0.0,1500000.0,0.0,SC Conservation Bank grants feature service,False
North Enoree Watershed Tract,34.47,100000.0,100000.0,Naturaland Trust,No Transfer,Piedmont,262000.0,,,,,"The North Enoree Wetland Tract contains 34 acres of bottomland hardwood forest and Piedmont Seep habitat intersperses with braided streams that flow into the North Enoree River. The property is almost entirely a wetland that is fueled by tributaries of the North Enoree and the Piedmont seeps that drain into the River. It is located directly off Tigerville Road, a major thoroughfare in Travelers Rest. With general public access, this property will facilitate easy access for universities, hikers and other forms of passive recreation. This tract's boundaries fall within close proximity to four established preserves.",,0.0,4.447891031338751,0.44478910313387515,0.0,0.0,0.0,15.790013161252567,1.1119727578346879,3.335918273504064,0.0,0.22239455156693758,0.22239455156693758,0.0,9.340571165811378,0.0,FY2016-17,2016,Greenville,1,fee simple,full,False,2901.073397156948,33.87208065603237,0.0,100000.0,0.0,SC Conservation Bank grants feature service,False
Nowacki Tract/Wadakoe Mt.,50.0,120000.0,120000.0,The Nature Conservancy,No Transfer,Piedmont,465000.0,,,,,"Nowacki Tract is located in the 2500-acre Eastatoe Valley, a unique cove framed by the surrounding mountains of Jocassee Gorges. This tract is partially located on Wadakoe Mountain, one of the most botanically diverse mountains in the Southern Blue Ridge. There are significant habitat linkages for many game species, such as black bear, white tailed dear and turkey. The area is bounded on the north by the Eastatoe Creek, a drainage in the Savannah River Basin.",,0.0,0.8895782062677503,0.0,0.0,0.0,0.0,50.48356320569482,0.0,0.0,0.0,0.0,0.0,0.0,0.0,0.0,FY2007-08,2007,Pickens,1,easement,full,False,2400.0,51.415847784480135,0.0,120000.0,0.0,SC Conservation Bank grants feature service,False
Oak Grove,209.0,177000.0,177000.0,The Nature Conservancy,No Transfer,Coastal,8539500.0,,,,,This magnificent piece of property is located on Wadmalaw Island outside of Charleston. This deep-water property is in a highly desirable location for development. The Charleston Greenbelt Commission paid half of the requested easement compensation.,,4.892680134472626,6.894231098575065,0.0,0.0,0.0,0.0,0.0,65.1616036091127,0.0,4.003101928204876,0.0,0.0,75.16935842962489,20.460298744158255,20.460298744158255,FY2006-07,2006,Charleston,1,easement,limited,False,846.88995215311,196.89286384876436,0.0,177000.0,0.0,SC Conservation Bank grants feature service,False
Oakland Club,11166.17,3581730.0,3581730.0,Lord Berkeley Conservation Trust,No Transfer,Coastal,24057500.0,,,,,"The Oakland Club Property presents a unique opportunity for the conservation community to protect an ecologically and culturally significant tract in the Santee River Focus Area. This property has frontage on approximately 10 miles of the high bluff of the Santee River Swamp, and contains thousands of acres of pine savannah, mature bottomland hardwood forest, and unique wetlands. Due to the landowners managing the property as an upland game hunting preserve and implementing a regular burn program on the pine savannah, they have developed some of the best habitat in the region for Bobwhite Quail and other upland game species. From a cultural standpoint, the property surrounds the burial ground of the Revolutionary War hero General Francis Marion's gravesite, which is open to the general public.",,4.892680134472626,271.98853656636464,62.27047443874252,0.22239455156693758,0.22239455156693758,0.0,292.67122986208983,3893.016625179242,88.73542607520808,1768.9262631634213,198.15354544614138,29.35608080683576,138.32941107463517,4058.0333824419095,29.35608080683576,FY2015-16,2015,Berkeley,1,easement,none,False,320.76620721339543,10880.094567102533,0.0,3581730.0,0.0,SC Conservation Bank grants feature service,False
Oaks Plantation,204.26,290000.0,290000.0,Open Space Institute,Drayton Hall Preservation Trust,Coastal,1627700.0,327700.0,10000.0,1000000.0,Local: Dorchester Trust Foundation Federal: NCWCGP,"The Oaks Plantation permanently protects approximately 204 acres of maritime forest, mixed pine-hardwood forest, freshwater forested wetlands, and brackish marsh. This property provides important ecosystem services such as reducing storm surge impacts to downstream uplands; minimizing erosion and subsidence; supporting essential habitat for fisheries as well as threatened, endangered, and protected species; and providing research and recreational opportunities. The project considerably adds to the preservation and ecological integrity of the Ashley Scenic River, Ashley River Road Scenic Highway, and Ashley River Historic District (ARHD).",,0.0,3.335918273504064,0.0,0.0,0.0,0.0,0.0,67.16315457321515,0.0,0.0,0.0,0.0,0.0,36.47270645697776,85.62190235327095,FY2021-22,2021,Charleston,1,fee simple,full,True,1419.7591305199257,194.36956220707535,1337700.0,1627700.0,4.612758620689656,SC Conservation Bank grants feature service,False
Oconee Town Village,53.68,134000.0,134000.0,Naturaland Trust,SCDNR,Piedmont,134000.0,,,,,"Oconee Town Village site will protect one of the most significant archaeological, historical, and cultural assets of South Carolina's upstate. The property will connect with Sumter National Forest via the 210-acre Oconee Station, thus enlarging the protected landscape and providing an important extension for wildlife habitat. This area is known for its black bear, fox, bobcat, turkey, and pheasant. This property contains view of the stunning Tamassee Knob within Sumter National Forest. The land will be donated to SCPRT for inclusion in Oconee Station Historic Site which will allow visitors the chance to access Oconee Town through a network of trails once established by the Park.",Part of SCPRT's Oconee Station State Historic Site,0.0,0.0,0.0,0.0,0.0,0.0,2.446340067236313,47.3700394837577,5.337469237606501,0.0,0.0,0.0,0.0,0.0,0.0,FY2016-17,2016,Oconee,1,fee simple,full,True,2496.274217585693,53.31128247947277,0.0,134000.0,0.0,SC Conservation Bank grants feature service,False
Old Santee Canal,564.94,270000.0,270000.0,Lord Berkeley Conservation Trust,No Transfer,Coastal,2450000.0,465000.0,0.0,0.0,,"The Old Santee Canal (OSC) property is situated on the Santee River with 1.9 miles of scenic river frontage. Its high bluffs overlook the Santee and provide stunning views both from the river and land side. In terms of historical sites, locks 1 and 2 of the Old Santee Canal as well as the canal itself are located on the property. Lock 1 is located adjacent to the Santee River, and lock 2 is in the interior of the property. Thomas Walter's gravesite is also located within the property. The OSC property is mostly forested with a mixture of native hardwood species as well as pine stands in various age classes. Approximately 211 acres of the property are classified as forested wetlands according to National Wetlands Inventory data. The property is accessible from SC Highway 45 and is situated within a corridor of protected properties along the Santee River",,2.446340067236313,1.7791564125355006,0.44478910313387515,0.0,0.0,0.0,0.6671836547008126,86.28908600797178,3.335918273504064,3.558312825071001,104.08065013332678,0.0,0.0,368.5077719464156,45.36848851965526,FY2020-21,2020,Berkeley,1,easement,limited,False,477.9268594895033,616.9418665488977,465000.0,735000.0,1.7222222222222223,SC Conservation Bank grants feature service,False
Paradise Shrimp Farms,504.5,100000.0,100000.0,Edisto Island Open Land Trust,No Transfer,Coastal,4350000.0,,,,,This tract is located within the ACE Basin between SC #174 and the Intracoastal Waterway. It adjoins several other tracts previously funded by the bank and is in a high-development area.,,5.782258340740376,3.7807073766379387,12.89888399088238,0.6671836547008126,0.0,30.023264461536574,0.0,25.352978878630882,0.0,8.22859840797669,2.001550964102438,13.343673094016255,64.04963085127801,129.43362901195766,211.71961309172457,FY2007-08,2007,Charleston,1,easement,none,False,198.21605550049554,506.70659095618845,0.0,100000.0,0.0,SC Conservation Bank grants feature service,False
Paris Mountain Expansion Tract,33.431,160000.0,160000.0,Naturaland Trust,SCPRT,Piedmont,274000.0,,,,,"The Paris Mountain Expansion Tract will add another 33 acres the Paris Mountain State Park to prevent further fragmentation of the park and allow the forest-dwelling wildlife to continue ranging beneath a mature hardwood canopy. The property contains the headwaters to a mountain creek that feeds into the larger Buckhorn Creek. On the northern edge of this tract is an intact ridgeline that shares its border with another property and enjoys expansive views during the winter. For the State Park's 250,000 annual visitors, this property is an asset and one that could potentially result in a mile-long loop trail to connect into the park. This is an ideal property to help further protect the park from development and secure its ecological integrity for the wildlife that roams its forests.",Part of SCPRT's McGee Paris Mountain Extension,0.0,0.0,0.0,0.0,0.0,0.0,24.241006120796193,4.670285582905689,5.115074686039564,0.0,0.0,0.0,0.0,0.0,0.0,FY2015-16,2015,Greenville,1,fee simple,full,True,4785.9770871346955,33.42744072940313,0.0,160000.0,0.0,SC Conservation Bank grants feature service,False
Paris Mountain Gospel,23.35,20000.0,20000.0,Naturaland Trust,SCPRT,Piedmont,98000.0,,,,,The Paris Mountain Gospel Tract overlooks Furman University and the Swamp Rabbit Trail. The plan for this property is to create a trail system that will connect to the back half of Paris Mountain State Park and the Swamp Rabbit Trail. ,,0.0,0.44478910313387515,0.22239455156693758,0.0,0.0,0.0,1.1119727578346879,0.0,0.0,0.0,0.0,0.0,0.0,0.0,0.0,FY2018-19,2018,Greenville,1,fee simple,full,True,856.5310492505353,2.1308291323889326,0.0,20000.0,0.0,SC Conservation Bank grants feature service,True
Patriots Plantation II,1867.5,653625.0,653625.0,Ducks Unlimited,No Transfer,Pee Dee,7280000.0,,,,,"Patriots Plantation II contains 1,867.5 acres including 515 acres of forested lands, 39.5 acres of cleared/open lands, and 1,313 acres of wetlands. This property also has 1.2 miles of frontage on the Great Pee Dee River and 3.4 miles of frontage on Clarks Creek. Patriots Plantation was selected to protect freshwater wetland habitat on the South Carolina Coastal Plain. This property's wetland habitat plays an important role for many species of migratory waterfowl by providing some of the most extensive, intact wetlands in the southeastern United States.",,32.69199908033982,7.783809304842815,1.3343673094016253,1.3343673094016253,0.22239455156693758,0.44478910313387515,0.0,358.9448062290372,0.0,8.895782062677503,3.335918273504064,0.22239455156693758,76.05893663589265,1308.7919359714276,44.70130486495445,FY2014-15,2014,Williamsburg,1,easement,limited,False,350.0,1844.053745760175,0.0,653625.0,0.0,SC Conservation Bank grants feature service,False
Paul Sanders Tract,164.89,420000.0,420000.0,Trust for Public Lands,Open Land Trust,Coastal,2336000.0,,,,,"St. Helena Island is one the few remaining regions in Beaufort County that still retains it agricultural heritage and a prominent Gullah culture. The Sanders family has been farming for years as the soil here is among the finest in the state. The family farm is located near the PennCenter which is historically significant as the first school to be opened for newly freed slaves along the South Carolina coast after the Civil War. The Conservation Bank contributed funds along with the USDA's Farm and Ranch Land Protection Program and Beaufort County's Rural and Critical Lands Program to ensure the continuation of this farming community. Without assistance, this prime farmland would have been turned into prime real estate land.",,1.7791564125355006,2.6687346188032506,0.8895782062677503,0.0,0.0,0.0,0.0,23.79621701766232,0.0,0.0,0.44478910313387515,0.0,78.50527670312896,38.474257421080196,0.0,FY2006-07,2006,Beaufort,1,easement,none,True,2547.1526472193586,145.8705171031113,0.0,420000.0,0.0,SC Conservation Bank grants feature service,False
Pecan Alley Farms Tract,89.57,44795.0,44795.0,Congaree Land Trust,No Transfer,Central,638000.0,,,,,"The Pecan Alley Farms Tracts are managed for wildlife, agriculture and forestry just outside of the 315,000 acre COWASEE Basin Focus Area, but within the ""waterfowl corridor"" of Lake Marion. The mixed hardwood/pine low areas and duck impoundments are very attractive to a variety of waterfowl species. These tracts are located north of Lake Marion and near the Hickory Top WMA. Small groups are allowed for bird counts and educational opportunities for scientific, archeological, and biological research as well as habitat managements. Landowners will also host youth waterfowl hunts in connection with the SCWA, a nearby landowner and conservation easement holder.",,0.0,0.0,1.3343673094016253,0.0,0.0,0.8895782062677503,0.0,6.894231098575065,0.0,0.0,0.22239455156693758,0.0,39.58623017891489,31.802420874072073,8.450992959543628,FY2015-16,2015,Clarendon,1,easement,limited,False,500.11164452383616,90.39815408564112,0.0,44795.0,0.0,SC Conservation Bank grants feature service,False
Peeples Waldburg Tract,589.0,117800.0,117800.0,Lowcountry Land Trust,No Transfer,Coastal,1584873.0,,,,,"Peeples Waldburg Tract is 589 acres in Hampton County that lies within the more than 2 million acres of the South Lowcountry Focus Area featuring diverse ecosystems and a wealth of wildlife. This tract contains a diversity of relatively natural habitats including upland pine and forest and forested wetlands in various stages of succession, and open fields, all of which can support a variety of floral and faunal species. The forested wetlands on the Peeples Waldburg Tract function to improve water quality by providing for nutrient uptake and sediment deposition from runoff draining from upstream lands, and also provide many wildlife habitat components such as breeding grounds, nesting sites, and other critical habitat for a variety of wildlife species.",,0.0,12.009305784614629,0.44478910313387515,0.0,0.0,0.0,0.0,277.770794907105,0.0,1.7791564125355006,30.912842667804323,0.0,46.03567217435607,206.604538405685,6.894231098575065,FY2014-15,2014,Hampton,1,easement,limited,False,200.0,582.2428917382491,0.0,117800.0,0.0,SC Conservation Bank grants feature service,False
Perry Dam Tract,289.0,86700.0,86700.0,Lowcountry Land Trust,No Transfer,Coastal,723000.0,,,,,"The Perry Dam Tract is a magnificent piece of undeveloped property traversed by Chessey Creek in Colleton County. The property is currently used for hunting, timber, recreational and agricultural activities. It is prominently visible by the public from Round O Highway, having approximately 2,250 feet of scenic road frontage. This property lies within the ACE Basin Focus Area featuring diverse ecosystems and a wealth of wildlife. Perry Dam contains a diversity of relatively natural habitats including forested wetlands, emergent wetlands, mixed upland forest, and agricultural fields.",,0.0,3.558312825071001,0.0,0.0,0.0,0.0,0.0,9.340571165811378,0.0,0.44478910313387515,0.0,0.0,91.1817661424444,182.3635322848888,0.0,FY2015-16,2015,Colleton,1,easement,none,False,300.0,287.45506652879186,0.0,86700.0,0.0,SC Conservation Bank grants feature service,False
Persimmon Ridge Headwaters Tract,16.26,125000.0,125000.0,Naturaland Trust,SCDNR,Piedmont,130000.0,,,,,"The Persimmon Ridge Headwaters Tract will be added to the decades-long effort of protecting key parcels along the Mountain Bridge Wilderness. This property is directly adjacent to both the Eva Chandler Heritage Preserve and Caesars Head State Park. Located on the edge of a pond, the property contains bass, bream and trout. The property is highly accessible from Persimmon Ridge road where thousands of visitors travel each year to hike and visit the natural wonders between the Ashmore Heritage Preserve and Eva Chandler Heritage Trust Preserve. The property will be open to public for fishing and hiking.",Leased as a SCDNR Wildlife Management Area,0.0,2.6687346188032506,0.0,0.0,0.0,0.0,6.004652892307314,0.0,7.561414753275877,0.0,0.0,0.0,0.0,0.0,0.0,FY2016-17,2016,Greenville,1,fee simple,full,True,7687.5768757687565,16.247354020377248,0.0,125000.0,0.0,SC Conservation Bank grants feature service,False
Pettigrew Tract (Murray Tract),1044.7,300000.0,300000.0,Pee Dee Land Trust,No Transfer,Pee Dee,2300000.0,,,,,"The Pettigrew Tract boasts a mixture of bottomland hardwoods and cypress-tupelo swamp with some planted pine forest. The variety of forest structure and access to water provides optimal shelter and forage habitat for white-tailed deer. This property includes 1.1 miles along Herring Creek and 3,000 feet along the largest oxbow lake on the Great Pee Dee River. Although public access is not explicitly provided on the subject property, it does adjoin and front on Lowther's Lake, a public lake that has a public boat ramp which is managed by SCDNR. Recreationists use the lake for paddling and fishing activities. Lowther's Lake has approximately 5 miles of navigable water and the Pettigrew Tract fronts on the lake for over a half a mile.",,0.0,1.7791564125355006,0.22239455156693758,0.22239455156693758,0.0,0.0,0.0,50.705957757261764,0.44478910313387515,8.006203856409751,28.911291703701885,0.0,43.36693755555282,704.7683339156251,178.138035805117,FY2015-16,2015,Darlington,1,easement,none,False,287.1637790753326,1017.8010767641953,0.0,300000.0,0.0,SC Conservation Bank grants feature service,False
Pin Branch Plantation,105.0,21000.0,21000.0,Lowcountry Land Trust,No Transfer,Central,1001395.0,,,,,Pin Branch Plantation adjoins Four Hole Swamp and is near Beidler Forest. It is primarily forested and has 15 acres of forested wetlands.,,0.0,2.2239455156693757,0.0,0.0,0.0,0.0,0.0,24.463400672363132,0.0,8.673387511110565,51.15074686039564,0.0,0.0,24.018611569229257,1.1119727578346879,FY2013-14,2013,Orangeburg,1,easement,none,False,200.0,112.02353101271494,0.0,21000.0,0.0,SC Conservation Bank grants feature service,False
Pine Hill/Swamp Solomons,718.0,99800.0,99800.0,The Nature Conservancy,No Transfer,Coastal,2485000.0,,,,,"Pine Hill Swamp is part of a network of properties that comprise the Savannah River floodplain. This property contributes significantly to landscape connectivity and linkage of wildlife habitat. Located within the Savannah River watershed, Pine Hill Swamp has working agricultural fields.",,0.0,8.006203856409751,0.22239455156693758,0.0,0.0,0.0,0.0,234.18146279998524,5.559863789173439,12.676489439315441,53.37469237606502,0.0,130.10081266665847,92.29373890027908,0.0,FY2007-08,2007,Hampton,1,easement,none,False,138.99721448467966,534.8055353241151,0.0,99800.0,0.0,SC Conservation Bank grants feature service,False
Pinewood Farms,270.38,175747.0,175747.0,Congaree Land Trust,No Transfer,Central,4244000.0,,,,,This tract is in the Cowassee Basin near the Rimini areaas well as near Lake Marion and Sparkleberry swamp.,,10.00775482051219,8.22859840797669,0.8895782062677503,0.0,0.0,0.0,4.447891031338751,53.597086927631956,1.7791564125355006,0.44478910313387515,0.0,0.0,113.42122129913817,77.17090939372733,0.0,FY2013-14,2013,Sumter,1,easement,limited,False,650.0,270.50192551846385,0.0,175747.0,0.0,SC Conservation Bank grants feature service,False
Piney Mountain,40.79,130000.0,130000.0,Naturaland Trust,SCPRT,Piedmont,215000.0,5000.0,80000.0,0.0,Local: Naturaland Trust to cover SCPRT,"The unspoiled view of Table Rock State Park surrounded by foothills and mature hardwood canopy is one of the most iconic landscapes in South Carolina. North of Table Rock is Greenville County and the Greenville Watershed. The Piney Mountain property sits adjacent to the Watershed and one parcel away from the State Park. The headwaters of Weaver Creek begin on the 40 acres and flow southward before converging with the Oolenoy River. This property will help further protect this famous viewshed, a mature hardwood forest, headwater streams and expand recreational opportunities. By protecting Piney Mountain, one more scenic peak will remain undisturbed and we will strengthen the protection of South Carolina’s most iconic mountain and State Park.",,0.0,0.0,0.0,0.0,0.0,0.0,43.8117266586867,0.0,0.22239455156693758,0.0,0.0,0.0,0.0,0.0,0.0,FY2021-22,2021,Pickens,1,fee simple,full,True,3187.055650894827,44.81205808114392,85000.0,215000.0,0.6538461538461539,SC Conservation Bank grants feature service,False
Pinnacle Partners Tracts,137.32,34330.0,34330.0,Congaree Land Trust,No Transfer,Pee Dee,549500.0,,,,,"Pinnacle Partners Tracts are managed for forestry and wildlife on the banks of the Sandy and Broad Rivers in the middle of the US Sumter National Forest with a diversity of habitats and forest areas including loblolly pine stands and hardwood hillside and riparian areas. There are healthy populations of all major game species in South Carolina on these tracts. The hardwood areas along the rivers and the impoundment are very attractive to a variety of species including many migrating duck species, wood ducks, egrets, herons and birds of prey.",,4.225496479771814,0.22239455156693758,0.0,0.0,0.0,0.0,4.670285582905689,35.360733699143076,3.558312825071001,6.004652892307314,64.71681450597883,8.450992959543628,0.0,2.2239455156693757,0.0,FY2018-19,2018,Fairfield,1,easement,limited,False,250.0,128.05055052991048,0.0,34330.0,0.0,SC Conservation Bank grants feature service,False
Plum Creek Timberlands Tr,35.83,70000.0,70000.0,Audubon South Carolina,No Transfer,Coastal,151400.0,,,,,The Plum Creek Timberlands Tract is 35 acres in Dorchester County that borders Four Hole Swamp. This is a portion of a 701 acre parcel located at US Highway 15/I-26 interchange that is currently unprotected and vulnerable to industrial/commercial and/or residential development. This tract contains loblolly pine plantations for ages 7-10 and 18-20 years as well as an acre of isolated wetlands that creates important wildlife habitats.,,0.0,3.113523721937126,0.22239455156693758,0.0,0.0,0.0,0.0,18.23635322848888,0.0,0.0,8.895782062677503,0.0,0.0,5.337469237606501,0.0,FY2014-15,2014,Dorchester,1,fee simple,full,False,1953.6701088473346,35.847658045876024,0.0,70000.0,0.0,SC Conservation Bank grants feature service,False
Pollard Tract (Milbury),10398.0,2374312.0,2374312.0,The Nature Conservancy,No Transfer,Central,30700000.0,,,,,"The Pollard property, also known as Milbury Plantation, is located in Allendale County approximately 6 miles from the Town of Allendale and encompasses 10,398 acres of heavily forested land dominated by upland pine and bottomland hardwood swamp associated with the Savannah River. A total of 4,000 acres of wetlands occur on the property including ponds. The property has approximately 10 miles of frontage on the Savannah River.",,62.49286899030946,150.78350596238366,20.90508784729213,0.0,0.0,0.44478910313387515,0.0,2738.788902546836,2.2239455156693757,181.91874318175493,221.2825788091029,0.6671836547008126,191.92649800226712,5784.482286256046,36.91749556011163,FY2006-07,2006,Allendale,1,easement,limited,False,228.34314291209847,9396.782021024736,0.0,2374312.0,0.0,SC Conservation Bank grants feature service,False
Powell Properties,364.6,392142.0,392142.0,Oconee County SWCD,No Transfer,Piedmont,1995000.0,,,,,This tract is a family farm with 364.6 acres of pasturelands in Oconee County.,,0.6671836547008126,8.895782062677503,1.1119727578346879,0.6671836547008126,0.0,0.0,8.450992959543628,0.0,8.006203856409751,0.0,0.0,332.2574600410047,0.0,0.0,0.0,FY2014-15,2014,Oconee,1,easement,limited,False,1075.5403181568843,359.8513429408975,0.0,392142.0,0.0,SC Conservation Bank grants feature service,False
"Private tract (Oconee County, FY2012-13)",75.0,84375.0,84375.0,Oconee County SWCD,No Transfer,Piedmont,340000.0,,,,,This tract is a family farm with 75 acres of pasturelands in Oconee County.,,0.44478910313387515,2.891129170370188,0.22239455156693758,0.0,0.0,0.0,10.89733302677994,0.0,0.6671836547008126,0.0,0.0,48.70440679315932,0.0,0.0,0.0,FY2012-13,2012,Oconee,1,easement,limited,False,1125.0,64.2128478188334,0.0,84375.0,0.0,SC Conservation Bank grants feature service,False
Powers Farm,207.65,165110.0,165110.0,Sumter Co SWCD,No Transfer,Central,508742.0,,,,,"This tract is an operating family farm. Their will be moderate public access on the property through schools, churches, youth hunts, Make a Wish foundation, and other various organizations. This tract is irrigated with highly productive soils and produces over two-hundred bushels of corn annually. This property is close to a residential area.",,0.0,7.116625650142002,0.6671836547008126,0.0,0.0,0.0,0.0,23.57382246609538,0.0,0.0,2.891129170370188,0.0,112.08685398973654,36.91749556011163,0.0,FY2012-13,2012,Sumter,1,easement,limited,False,795.1360462316397,207.47251664942195,0.0,165110.0,0.0,SC Conservation Bank grants feature service,False
Ramey Tract,128.324,141156.0,141156.0,Oconee County SWCD,No Transfer,Piedmont,802000.0,,,,,"This is the first tract submitted by Oconee SWCD that is primarilyforested land instead of farmland. It adjoins Lake Hartwell and has 2,600 feet of water frontage.",,0.0,6.227047443874252,0.0,0.0,0.0,0.0,98.52078634415334,6.894231098575065,9.340571165811378,2.2239455156693757,0.0,11.78691123304769,0.0,0.0,0.0,FY2013-14,2013,Oconee,1,easement,limited,False,1099.9968828901842,134.4082834914972,0.0,141156.0,0.0,SC Conservation Bank grants feature service,False
Ramsay Farms,130.0,130000.0,130000.0,Upstate Forever,No Transfer,Piedmont,875000.0,,,,,This tract is a working family farm located on the Tugaloo River at the headwaters of Lake Hartwell. The property has a good viewshed of the river and lake as well as moderate public access.,,0.0,8.22859840797669,1.7791564125355006,0.0,0.0,0.0,61.38089623247477,14.67804040341788,14.900434954984817,0.0,0.0,10.230149372079127,0.0,0.0,0.0,FY2012-13,2012,Oconee,1,easement,none,False,1000.0,112.15222971176739,0.0,130000.0,0.0,SC Conservation Bank grants feature service,False
Rhodes-Kinsey Tract,1041.6,208320.0,208320.0,Ducks Unlimited,No Transfer,Coastal,3130000.0,,,,,This tract is located in the ACE Basin in the Edisto River Basin's Horse Run Branch. The tract is also a part of the SOLO Project. The property has a large amount of growing timber.,,0.44478910313387515,22.90663881139457,0.0,0.0,0.0,0.0,0.0,681.1945114495298,0.0,110.97488123190185,49.59398499942707,0.22239455156693758,0.44478910313387515,163.68238995326604,1.3343673094016253,FY2012-13,2012,Colleton,1,easement,none,False,200.00000000000003,1028.631856397041,0.0,208320.0,0.0,SC Conservation Bank grants feature service,False
Rhodes and IP/Milbury,1006.7,328600.0,328600.0,Lowcountry Land Trust,No Transfer,Central,3053700.0,,,,,"This tract is in the SOLO region and has 472 acres of forested wetlands with 3,540 feet of frontage on the Savannah River.",,1.3343673094016253,19.570720537890505,4.892680134472626,0.22239455156693758,0.0,0.0,0.0,799.7308074347075,0.0,70.72146739828615,59.1569507168054,0.0,6.894231098575065,820.8582898335666,85.39950780170402,FY2013-14,2013,Allendale,1,easement,none,False,326.413032681037,1867.3089688362531,0.0,328600.0,0.0,SC Conservation Bank grants feature service,False
River Oaks Plantation,1005.18,975000.0,975000.0,Ducks Unlimited,SCDNR,Coastal,2510000.0,368000.0,0.0,1167000.0,"Federal: $167,000 NAWCA, $1,000,000 National Coastal Wetlands Grant",River Oaks Plantation is in Horry County on the Waccamaw River in proximity to protected lands. The plan for the property is to be owned by the SCDNR to steward the property's habitats and provide a beautiful access area for the public to enjoy the extensive lowlands of forested wetlands and the Waccamaw River. A network of streams allows species to move in between habitats increasing resiliency and access to climate refugia. The watershed flows through these intact natural riparian buffer and is filtered through a network of rivers and streams improving water quality. ,Part of SCDNR's Waccamaw River Heritage Preserve and Wildlife Management Area,3.7807073766379387,45.5908830712222,9.11817661424444,0.22239455156693758,0.0,0.0,0.0,164.34957360796687,0.0,10.00775482051219,3.113523721937126,0.44478910313387515,8.006203856409751,735.0139929287286,0.44478910313387515,FY2020-21,2020,Horry,1,fee simple,full,True,969.9755267713246,980.3851563009443,1535000.0,2510000.0,1.5743589743589743,SC Conservation Bank grants feature service,False
Riverbend Shoals Tract,580.0,290000.0,290000.0,Upstate Forever,No Transfer,Piedmont,3040000.0,,,,,This tract has more river frontage than any other private tract associated with the Bank. The tract has over two miles of frontage on the Saluda River and over 2 miles of frontage on Mountain Creek. It has multiple tributary creeks and is significant to the watershed of this area.,,13.566067645583193,17.12438047065419,0.0,0.0,0.0,0.0,117.42432322734304,337.81732383017817,37.584679214812446,28.24410804900107,4.003101928204876,5.559863789173439,0.0,2.2239455156693757,0.0,FY2012-13,2012,Greenville,1,easement,limited,False,500.0,563.4189665957169,0.0,290000.0,0.0,SC Conservation Bank grants feature service,False
"Private tract (Sumter County, FY2007-08)",148.0,111000.0,111000.0,Sumter Co SWCD,No Transfer,Central,962000.0,,,,,"These two tracts of land are working family farms in Sumter County. The landowners have received matching funds from the Federal Ranch Land Protection Program, however, without funds from the Conservation Bank, these matching funds would be lost. This working family farm sits in an area where development would have been imminent if not for the Conservation Bank's assistance.",,0.0,9.11817661424444,0.8895782062677503,0.0,0.0,0.0,0.0,1.7791564125355006,0.0,0.22239455156693758,0.0,0.0,125.65292163531973,14.900434954984817,0.0,FY2007-08,2007,Sumter,1,easement,limited,False,750.0,152.88966864593988,0.0,111000.0,0.0,SC Conservation Bank grants feature service,False
"Private tract (Sumter County, FY2007-08)",61.6,53900.0,53900.0,Sumter Co SWCD,No Transfer,Central,400400.0,,,,,"These two tracts of land are working family farms in Sumter County. The landowners have received matching funds from the Federal Ranch Land Protection Program, however, without funds from the Conservation Bank, these matching funds would be lost. This working family farm sits in an area where development would have been imminent if not for the Conservation Bank's assistance.",,0.0,1.1119727578346879,0.22239455156693758,0.0,0.0,0.0,0.0,0.0,0.0,0.0,0.0,0.0,48.482012241592386,10.230149372079127,0.0,FY2007-08,2007,Sumter,1,easement,limited,False,875.0,59.793914401582214,0.0,53900.0,0.0,SC Conservation Bank grants feature service,False
Riverside Farms,2120.0,1200000.0,1200000.0,Pee Dee Land Trust,No Transfer,Pee Dee,6569000.0,,,,,"Riverside Farms contains a mixture of bottomland hardwoods along the Lynches River and pine flatwood forest that is managed specifically for wildlife habitat. The variety of forest structure and access to water provides optimal shelter and forage habitat for white-tailed deer. The property is used for row crop productions as well as timber production. A significant area of hardwoods along the Lynches River will be restricted from being harvested which will maintain the overstory and promote mature and older growh forest that is ideal for forest inhabiting bird species. With frontage on a scenic section of Lynches River for 1.3 miles, there is a small beach area in which paddlers or boaters occasionally use as a stopping place for a quick break.",,0.44478910313387515,82.28598407976689,18.23635322848888,0.8895782062677503,0.0,0.0,0.0,209.94045667918908,2.446340067236313,30.46805356467045,20.90508784729213,0.0,1224.949190030692,515.0657814290274,1.556761860968563,FY2016-17,2016,Lee,1,easement,limited,False,566.0377358490566,2110.638515194597,0.0,1200000.0,0.0,SC Conservation Bank grants feature service,False
Robert Battle Tract,65.3,55250.0,55250.0,Horry Co SWCD,No Transfer,Coastal,355000.0,,,,,"The Battle brother's property is 65.3 acres of prime farm land located in Nichols, South Carolina. A conservation easement was placed on the property to ensure the land's continuing use as farmland. This land is an active farm used for growing soybeans and tobacco. There is a substantial threat from encroaching development from Myrtle Beach and Grand Strand area residents who are moving westward in search of land. This farmland will be protected for generations to come. This was made possible by matching funds from the United States Department of Agriculture's Farm and Ranch Land Protection Program. The Robert Battle Tract is clustered with similar tracts of land also preserved to ensure a continuous farming community.",,2.001550964102438,0.0,0.0,0.0,0.0,0.0,0.0,4.225496479771814,0.0,14.010856748717067,0.22239455156693758,0.0,20.682693295725194,24.685795223930068,0.0,FY2005-06,2005,Horry,1,easement,none,False,846.0949464012251,65.79783673001886,0.0,55250.0,0.0,SC Conservation Bank grants feature service,False
Rocky Fork Farm,130.91,136500.0,136500.0,Upstate Forever,No Transfer,Piedmont,1439000.0,,,,,Rocky Fork and Chattooga Valley Farms were offered together by one owner. The Chattooga Valley Farm offers breathtaking mountain views while the Rocky Fork Farm offers diverse wildlife and water resources for the city of Westminster. The Chattooga Valley Farm will operate as a sustainable agri-tourism business. Groucho Marx once owned the apple orchard. This site is also the darkest place in Oconee County and is used by the Clemson Area Amateur Astronomers Club. There will continue to be public access for the astronomers club as well as many walking trails and u-pick farms.,,0.0,4.003101928204876,0.44478910313387515,0.0,0.0,0.0,86.95626966267258,0.6671836547008126,10.89733302677994,0.0,0.0,30.46805356467045,0.0,0.0,0.0,FY2006-07,2006,Oconee,1,easement,limited,False,1042.7010923535254,133.36178302853375,0.0,136500.0,0.0,SC Conservation Bank grants feature service,False
Rocky Point Landing Tr,467.75,1109670.0,1109670.0,Winyah Rivers Foundation,No Transfer,Coastal,3180000.0,,,,,This is a historical tract in Georgetown with a boat landing located on the property and an adjoining public park. The tract has 1.2 miles of river frontage on Black River and 0.58 miles on Choppee Creek. It has 121 acres of wetlands and also has a high bluff on the river.,,2.001550964102438,2.001550964102438,0.6671836547008126,0.0,0.0,0.22239455156693758,0.0,200.37749096181074,0.0,40.03101928204876,1.1119727578346879,0.0,0.0,116.75713957264223,0.0,FY2013-14,2013,Georgetown,1,fee simple,full,False,2372.357028327098,364.4161408547784,0.0,1109670.0,0.0,SC Conservation Bank grants feature service,False
Rocky River Nature Park,128.46,75000.0,75000.0,Upstate Forever,No Transfer,Piedmont,428000.0,,,,,"Rocky River Nature Park provides a healthy and diverse network of wildlife habitats at the edge of urban development. A wide variety of native species make this a valuable bird sanctuary for the public to enjoy. This property contains pristine wetlands, Bottomland Hardwoods and mixed age Hardwood Forest. Detailed studies of the site are underway by biology students at Anderson University. The Rocky River is the primary stream flowing through the City of Anderson and having a series of wetlands this large in the Upstate is unique. These bottomlands and wetlands function to buffer water flow through this developing urban area. While hunting with firearms will not be permitted, fishing, paddling, bird watching, and educational opportunities are a cornerstone intention for the creation of this Nature Park.",,2.6687346188032506,9.340571165811378,5.559863789173439,0.8895782062677503,0.0,0.0,64.04963085127801,5.559863789173439,7.561414753275877,0.0,0.0,3.113523721937126,0.0,78.06048759999508,1.7791564125355006,FY2012-13,2012,Anderson,1,easement,full,False,583.8393274170948,178.92717674775926,0.0,75000.0,0.0,SC Conservation Bank grants feature service,False
Rocky Shoals Spider Lily Preserve,12.93,100000.0,100000.0,Naturaland Trust,SCPRT,Piedmont,100000.0,,,,,"Rocky Shoals Spider Lily Preserve is wrapped around by Stephens Creek, providing rare habitat for a spectacular population of Rocky Shoals Spider Lilies. The SC Native Plant Society has been working for years with the owners to protect this property. This is the largest unprotected population of this rare species in the State. The property is forests and river shoreline. The river itself is rocky and also habitat for a vigorous population of native mussels. There is an old grist mill on the site, which has been partially converted as a primitive weekend retreat, and a canal that fed water to the old turbine. The Society and Naturaland Trust will make the site available to general public access for activities consistent with the well being of the plant population and the location of the site adjacent to a major roadway. (plant viewing, fishing, canoeing, hiking on site, bird watching, etc.)",,0.0,0.0,0.0,0.0,0.0,0.0,2.446340067236313,6.227047443874252,2.2239455156693757,0.0,0.0,0.0,0.0,0.0,0.0,FY2015-16,2015,McCormick,1,fee simple,full,True,7733.952049497293,10.756118122710726,0.0,100000.0,0.0,SC Conservation Bank grants feature service,False
Rogers Family Farm,496.5,99539.0,99539.0,Pee Dee Land Trust,No Transfer,Pee Dee,812000.0,166461.0,0.0,0.0,,"The Rogers Family Farm is mostly forested between planted pines managed for timber production as well as small stream hardwoods along Cottingham Creek. The fields are used by a local farmer for row crop production. The tract contains a significant natural area containing relatively natural habitat of fish, wildlife, or plants, associated with small stream hardwoods along the creek. ",,1.7791564125355006,11.564516681480752,2.891129170370188,0.0,0.0,0.0,0.22239455156693758,56.93300520113602,0.44478910313387515,18.01395867692194,0.8895782062677503,0.0,156.3433697515571,200.1550964102438,17.569169573788066,FY2019-20,2019,Marlboro,1,easement,none,False,200.48136958710978,470.47628359959015,166461.0,266000.0,1.6723193923989592,SC Conservation Bank grants feature service,False
Rose Hill Farm Phase 1,336.0,750000.0,750000.0,Upstate Forever,No Transfer,Piedmont,6170000.0,,,,,"This tract is a mountain property located at a high elevation with a scenic viewshed. It contains hardwood ridges, open pastures, and seven streams. The property diverse habitat including various rare plants and game. The tract adjoins the National Forest and Oconee Station State Park. A small access to Lee Falls is located on the forest side of the tract.",,0.0,0.22239455156693758,0.0,0.0,0.0,0.0,257.75528526608065,4.003101928204876,6.671836547008128,0.44478910313387515,25.79776798176476,32.69199908033982,0.0,0.0,0.0,FY2007-08,2007,Oconee,1,easement,limited,False,2232.1428571428573,327.6803135986708,0.0,750000.0,0.0,SC Conservation Bank grants feature service,False
Rosemont Plantation Expansion,123.82,350000.0,350000.0,Rosemont Preservation Society,No Transfer,Piedmont,480000.0,90972.0,39028.0,0.0,Local: private donations,"The Rosemont Plantation Expansion adds 123.82 acres to the Rosemont Plantation site that contains the original plantation house. Rosemont Plantation was the ancestral home of Ann Pamela Cunningham, the founder of the Mount Vernon Ladies Association and the singular person responsible for saving and restoring Mount Vernon, the home of George Washington. The plantation house at Rosemont was built in 1787 and burned in 1930. ",,0.0,4.670285582905689,0.22239455156693758,0.0,0.0,0.0,27.35452984273332,87.6234533173734,12.009305784614629,0.0,0.22239455156693758,0.0,0.0,0.0,0.0,FY2019-20,2019,Laurens,1,fee simple,full,False,2826.683895978033,132.81356883599778,130000.0,480000.0,0.37142857142857144,SC Conservation Bank grants feature service,True
Rosemont Preservation Society,4.5,45000.0,45000.0,Rosemont Preservation Society,No Transfer,Piedmont,90000.0,,,,,"This tract is a historic property acting as a botanical garden and urban park. The gardens hold many rare plants and along with the home on the site, will be fully restored and open for educational use as well as to the public. This was the birthplace of Ann Pamela Cunningham in 1816 who became the first person to accomplish public preservation by obtaining and preserving Mt. Vernon in 1858. Rosemont is currently on the National Historic register.",,0.0,0.0,0.0,0.0,0.0,0.0,1.3343673094016253,0.0,2.891129170370188,0.0,0.0,0.0,0.0,0.0,0.0,FY2007-08,2007,Laurens,1,fee simple,full,False,10000.0,4.0142211491761195,0.0,45000.0,0.0,SC Conservation Bank grants feature service,False
Roxbury Park Phase II,55.88,141000.0,141000.0,Town of Meggett,No Transfer,Coastal,931000.0,0.0,790000.0,0.0,,"Roxbury Park Phase II expands the original park located on the corner of Highway 174 and Little Britton Road, abutting Toogoodoo Creek. The property helps to preserve and enhance a biodiverse environment with over 1,000 identified species of flora and fauna.  ",,1.3343673094016253,1.1119727578346879,0.0,0.0,0.0,0.0,0.0,10.00775482051219,0.22239455156693758,0.0,0.0,30.46805356467045,0.8895782062677503,3.113523721937126,7.33902020170894,FY2019-20,2019,Charleston,1,fee simple,full,False,2523.2641374373657,55.86629965842188,790000.0,931000.0,5.602836879432624,SC Conservation Bank grants feature service,False
Royal Tract,1774.0,310450.0,310450.0,Lowcountry Land Trust,No Transfer,Coastal,3616470.0,,,,,"The Royal Tract is comprised of forested wetlands in various stages of succession and can support a variety of floral and faunal species, and provides many wildlife habitat components. This tract is located on the Salkehatchie River and Little Salkehatchie River. The protection of this property presents an opportunity to contribute to the protection of the downstream water quality for the benefit of the public. The Royal Tract is also located in close proximity to other protected lands.",,0.0,0.0,0.0,0.0,0.0,0.0,0.0,0.0,0.0,0.0,0.0,0.0,0.0,1768.0366849571537,0.0,FY2015-16,2015,Colleton,1,easement,none,False,175.0,1770.895991878066,0.0,310450.0,0.0,SC Conservation Bank grants feature service,False
S. Tyger River Blueways Tract,52.85,140000.0,140000.0,Spartanburg Area Conservancy,No Transfer,Piedmont,1216000.0,785000.0,0.0,0.0,,"The S. Tyger River Blueways Tract features a scenic vista sweeping down from the town of Duncan to the S. Tyger River and a large pasture area. The property is an agricultural tract with 3,100 feet of river frontage. The public will have access to paddling and passive recreation on the S. Tyger River. ",,0.0,4.892680134472626,0.44478910313387515,0.0,0.0,0.0,9.785360268945253,0.0,6.671836547008128,0.0,0.0,43.58933210711976,0.0,3.7807073766379387,0.0,FY2019-20,2019,Spartanburg,1,easement,none,False,2649.006622516556,68.96835714191927,785000.0,925000.0,5.607142857142857,SC Conservation Bank grants feature service,False
Salt Landing,572.0,217000.0,217000.0,The Nature Conservancy,No Transfer,Coastal,7998000.0,,,,,"This magnificent tract of land consists of several barrier islands within the designated ""ACE Basin"" project area. The tract has 2,650 feet of frontage along the Edisto River and is in close proximity to the Ernest B. Hollings/ACE Basin National Wildlife Refuge. There are 223 acres of tidal marsh and scrub islands with the rest of the property consisting of uplands with maritime forests and agricultural fields.",,4.670285582905689,2.6687346188032506,0.22239455156693758,0.0,0.0,8.895782062677503,0.0,87.6234533173734,0.0,5.115074686039564,7.561414753275877,0.0,174.8021175316129,52.04032506666339,220.1706060512682,FY2007-08,2007,Charleston,1,easement,none,False,379.3706293706294,563.1468504475357,0.0,217000.0,0.0,SC Conservation Bank grants feature service,False
Salt Point Timber Tract,1032.0,400000.0,400000.0,Trust for Public Lands,Trust for Public Lands,Coastal,1060800.0,,,,,"The Salt Point Timber tract has extensive wetlands and historic rice fields. This land is close to the West Branch of the Cooper River adjoining Mepkin Abbey and other protected rice field tracts. This land is included in the Cooper River Focus Area, Cooper River Special Area Management Plan and the Berkeley Cooperative Greenspace Initiative. Conservation Bank funds will go towards helping to restore the wetlands on this magnificent piece of property.",,62.04807988717558,23.79621701766232,2.6687346188032506,0.0,0.0,2.6687346188032506,0.0,224.61849708260695,2.001550964102438,2.2239455156693757,30.24565901310351,0.8895782062677503,8.22859840797669,537.3052365857212,114.53319405697285,FY2007-08,2007,Berkeley,1,easement,limited,True,387.5968992248062,1012.8378636080189,0.0,400000.0,0.0,SC Conservation Bank grants feature service,False
Saluda Rivers Connector (Phase 1),181.0,500000.0,500000.0,Naturaland Trust,SCDNR,Piedmont,2550000.0,,,,,"The Saluda River Connector (Phase I) project bridges a major habitat corridor that builds on a 40-year legacy. In the spring, tens of thousands of blue ghost fireflies illuminate the woods, a marker of healthy ground and canopy cover in this region. The hills and mountains on the property are bifurcated by springs and tributaries of the Middle Saluda River. As the streams lead towards the river, beautiful stands of bottomland hardwood anchor the floodplain allowing habitat for turkey, deer, beaver, bear, reptiles and numerous aquatic species. ",Part of SCDNR's Tall Pines Wildlife Management Area; Phase I and Phase II have the same property boundary. Equal grants were given at two different times for half the total acreage (362 acres).,0.0,16.012407712819503,0.6671836547008126,0.0,0.0,0.0,143.66688031224166,569.5524465629271,55.59863789173439,7.116625650142002,15.56761860968563,14.900434954984817,7.33902020170894,0.0,0.0,FY2018-19,2018,Greenville,1,fee simple,full,True,2762.4309392265195,831.8000828756535,0.0,500000.0,0.0,SC Conservation Bank grants feature service,False
Saluda Rivers Connector (Phase II),181.0,500000.0,0.0,Naturaland Trust,SCDNR,Piedmont,2550000.0,212500.0,0.0,1920000.0,Federal: Forest Legacy - will reimburse SCCB with leftover funds after covering acquisition costs. Anticipated date: spring 2021. ,"The Saluda Rivers Connector (Phase II) tract is a 181-acre portion of an 850-acre project in Greenville County. This project will bridge a major habitat corridor that builds on a 40-year legacy. The property borders Firefly Forest, home to blue ghost fireflies, and a nearly 1,800-acre forest block known as Tall Pines. Joining other tracts surrounding this project makes the South Saluda the most publicly accessible trout stream in South Carolina.  ","Part of SCDNR's Tall Pines Wildlife Management Area; Phase I and Phase II have the same property boundary. Equal grants were given at two different times for half the total acreage (362 acres). Reimbursed $500,000",0.0,16.012407712819503,0.6671836547008126,0.0,0.0,0.0,143.66688031224166,569.5524465629271,55.59863789173439,7.116625650142002,15.56761860968563,14.900434954984817,7.33902020170894,0.0,0.0,FY2019-20,2019,Greenville,1,fee simple,full,True,2762.4309392265195,831.80211635043,2132500.0,2632500.0,4.265,SC Conservation Bank grants feature service,False
Saluda Rivers Gorge,225.5,569988.0,569988.0,Naturaland Trust,SCDNR,Piedmont,1305000.0,485011.66,250000.0,0.0,Local: Easley Combined Utilities,"The Saluda Rivers Gorge property is situated approximately 7 miles upstream of the Saluda Lake between the North and South Saluda Rivers. The property is mixed mature forest on relatively steep land with a small patch of planted pine. The rivers tumble over boulders, forming rapids and a gorgeous blueway in a gorge-like setting, ideal for paddlers, anglers and water-based recreation. ",,0.44478910313387515,0.22239455156693758,0.0,0.0,0.0,0.0,218.61384419029963,19.12593143475663,21.572271501992944,0.0,0.0,0.0,0.0,0.44478910313387515,0.0,FY2019-20,2019,Greenville,1,fee simple,full,True,2527.662971175166,260.44835417486115,735011.6599999999,1304999.66,1.28952128816747,SC Conservation Bank grants feature service,False
Samworth Farms - McTeer Tract,39.23,180000.0,180000.0,Georgetown County,No Transfer,Coastal,319000.0,119000.0,20000.0,0.0,Local: Georgetown County,"The Samworth Farms - McTeer Tract will provide public access as a passive recreation park with hiking, biking, bird watching, picnicking, and nature photography. The property will be incorporated into the management of Samworth WMA. ",,0.0,0.6671836547008126,0.6671836547008126,0.0,0.0,0.0,0.0,24.685795223930068,0.0,0.0,0.0,0.0,0.0,12.231700336181566,0.0,FY2019-20,2019,Georgetown,1,fee simple,full,False,4588.325261279633,38.815061556736495,139000.0,319000.0,0.7722222222222223,SC Conservation Bank grants feature service,False
Sanctuary Timberlands Tracts,352.99,88248.0,88248.0,Congaree Land Trust,No Transfer,Pee Dee,971000.0,262038.0,0.0,0.0,,The Sanctuary Timberlands Tracts are managed for forestry and wildlife along the Little River with forest areas containing loblolly pine stands and hardwood ravine areas. The hardwood areas along the tributaries that feed into the Wateree Swamp and the pond area are very attractive to a variety of species. ,,0.6671836547008126,8.22859840797669,0.8895782062677503,0.0,0.0,0.0,3.558312825071001,283.5530532478454,3.113523721937126,0.6671836547008126,10.00775482051219,0.8895782062677503,0.0,41.142992039883445,0.0,FY2019-20,2019,Fairfield,1,easement,none,False,250.00141647072155,352.99334700465533,262038.0,350286.0,2.96933641555616,SC Conservation Bank grants feature service,False
Sand Creek Farm,217.1,100000.0,100000.0,The Nature Conservancy,No Transfer,Coastal,7140000.0,,,,,"The Sand Creek Farm tract is a missing piece in a network of protected lands and natural habitats on Edisto Island. Located off of Scenic Highway 174, in the ACE Basin, the land has significant frontage on both Russell and Sand Creeks. The land consists of working pastures and spartina marshlands.",,6.44944199544119,4.225496479771814,0.8895782062677503,0.0,0.0,0.0,0.0,29.800869909969634,0.0,0.0,0.22239455156693758,63.16005264501027,0.0,27.132135291166385,81.61880042506608,FY2007-08,2007,Charleston,1,easement,none,False,460.61722708429295,213.14670663256513,0.0,100000.0,0.0,SC Conservation Bank grants feature service,False
Sanders Farm Tract,418.0,83600.0,83600.0,Ducks Unlimited,No Transfer,Central,1338592.0,,,,,"The Sanders Farm tract is situated in the Atlantic Coast Joint Venture South Lowcountry Focus Area. The property is also located on the Salkahatchie River, a braided stream waterway flowing into the ACE Basin. The property possesses approximately 3500 feet on the Salkahatchie Rive and makes up a significant portion of the landscape in this ACJV focus area. In terms of ""habitat type"" much of the uplands on the property would be categorized as longleaf pine ridges and mixed pine hardwoods while a few of the upland areas are presently management for timber production in loblolly pine. Wetlands on the property are located mostly in the floodplain of the river and in the form of bottomland hardwoods. These areas provide excellent habitat for wood ducks and various other species of wildlife.",,0.0,6.44944199544119,0.6671836547008126,0.0,0.0,0.0,4.225496479771814,202.82383102904706,1.1119727578346879,26.020162533331696,1.1119727578346879,0.0,69.38710008888452,134.3263091464303,0.0,FY2012-13,2012,Barnwell,1,easement,none,False,200.0,446.64866793921647,0.0,83600.0,0.0,SC Conservation Bank grants feature service,False
Sandy Run Forest,237.3,155000.0,155000.0,Upstate Forever,No Transfer,Piedmont,710000.0,270000.0,0.0,0.0,,"The Sandy Run Forest is a pastoral site located outside of Jonesville, South Carolina. The property contains idyllic tributaries maneuvering amongst the terrain into the Pacolet River. Sandy Run Forest is home to over 30 acres of shrub and forested wetlands adjacent to the undammed Sandy Run Creek.  ",,0.0,1.556761860968563,0.22239455156693758,0.0,0.0,0.0,73.61259656865633,107.86135750996472,67.38554912478209,0.22239455156693758,0.0,2.6687346188032506,0.0,3.7807073766379387,0.0,FY2019-20,2019,Union,1,easement,none,False,653.181626632954,256.08620184229943,270000.0,425000.0,1.7419354838709677,SC Conservation Bank grants feature service,False
Santee Bottomlands Preserve,2276.64,1014000.0,1014000.0,Lord Berkeley Conservation Trust,No Transfer,Coastal,6150000.0,,,,,"The Santee Bottomlands Preserve Property is located in Berkeley County, near St. Stephen, SC. The property has frontage on approximately 7 miles of the Santee River, 3 miles of the Rediversion Canal, and contains over 2,250 acres of mature bottomlands hardwood forest. This property hosts critical habitat for numerous wildlife species. The conservation easement will prevent all commercial timber harvests, all subdivision, and commercial and industrial uses in perpetuity, and it will limit impervious surfaces to 0.5% of the entire property. These restrictions will help permanently guarantee water quality, critical wildlife habitat, and the natural integrity of the Santee River Focus Area.",,12.009305784614629,10.89733302677994,2.6687346188032506,0.0,0.0,0.0,0.0,0.0,0.0,0.0,0.0,0.6671836547008126,0.0,2303.3403705787723,11.342122129913815,FY2015-16,2015,Berkeley,1,easement,limited,False,445.39321104786,2340.413500387341,0.0,1014000.0,0.0,SC Conservation Bank grants feature service,False
Santee River Tract,8517.0,2167750.0,2167750.0,Ducks Unlimited,Lowcountry Land Trust,Central,14905486.0,,,,,"This large tract has 3,017 acres of forested wetlands and over 8 miles of frontage on the Santee River. Just southeast of Lake Marion, this tract has WMA land and USWF land in the Santee Basin Focus area. There will be four campsites along the Santee River for public use.",,9.11817661424444,173.4677502222113,2.6687346188032506,0.0,0.0,0.0,2.446340067236313,527.5198763167758,0.8895782062677503,180.5843758723533,99.41036455042108,10.230149372079127,56.48821609800214,7065.697297833173,599.7981055760306,FY2013-14,2013,Clarendon; Williamsburg,2,easement,limited,True,254.52037102266056,8737.056905215673,0.0,2167750.0,0.0,SC Conservation Bank grants feature service,False
Scotswood,3590.2,359290.0,359290.0,Lord Berkeley Conservation Trust,No Transfer,Pee Dee,8491000.0,,,,,"Scotswood protects an ecologically significant tract in the Santee River Focus Area. The property consists almost entirely of longleaf pine savannah, forested wetlands and food plots, which provide critical habitat for numerous wildlife species, including: (a) game species, (b) priority fauna species, and (c) threatened and endangered species. Scotswood provides one of the best intact blocks of habitat in SC for wild quail populations and lends itself as a model for studying the recovery of the species.  ",,0.0,199.93270185867686,6.227047443874252,0.0,0.0,0.0,5.559863789173439,1474.475876888796,0.0,542.8651003748946,44.70130486495445,0.44478910313387515,440.1188175509694,890.467784474018,7.33902020170894,FY2018-19,2018,Williamsburg,1,easement,limited,False,100.07520472397081,3619.155148232873,0.0,359290.0,0.0,SC Conservation Bank grants feature service,False
Scottland Road Tract,95.0,60000.0,60000.0,Pee Dee Land Trust,Dillon County,Pee Dee,242000.0,0.0,0.0,182000.0,Federal: NAWCA,"The Scottland Road Tract has 0.55 miles of frontage on Little Pee Dee River. There is significant natural area containing relatively natural habitat of fish, wildlife or plants, associated with mixed-pine hardwoods and bottomland hardwoods. ",,0.0,3.335918273504064,0.0,0.0,0.0,0.0,0.44478910313387515,18.90353688318969,0.0,0.0,0.0,0.0,0.0,152.7850569264861,0.0,FY2019-20,2019,Dillon,1,fee simple,full,True,631.578947368421,176.54982896124602,182000.0,242000.0,3.033333333333333,SC Conservation Bank grants feature service,False
SCWA Tract,390.0,390000.0,390000.0,Congaree Land Trust,No Transfer,Central,1014000.0,,,,,This tract is located on Old River Road in the Cowassee Basin where it should act as a lynchpin tract in the Santee Waterfowl Corridor. The owners are dedicated to educating young hunters on outdoor ethics and safety through the summer camp which involves over 300 youth on the 195 acre impoundment. They have agreed to enter into an MOU for public draw hunts. This tract is critical for the growth of waterfowl and an economic boost in the area.,,43.14454300398589,4.670285582905689,19.34832598632357,0.22239455156693758,0.0,9.11817661424444,0.0,39.58623017891489,0.22239455156693758,4.003101928204876,8.673387511110565,0.0,155.6761860968563,62.715263541876396,14.900434954984817,FY2013-14,2013,Clarendon,1,easement,limited,False,1000.0,362.9185583552184,0.0,390000.0,0.0,SC Conservation Bank grants feature service,False
Segars Mill Pond Tract,533.88,2443389.0,2443389.0,Black Creek Land Trust,No Transfer,Pee Dee,5430000.0,,,,,"On the Segars Mill property, there is one large pond and eight smaller ponds present. Beaver Dam Creek feeds into the large pond which is home to trophy sized largemouth bass. The land is also home to a great number of white-tailed deer, wild turkey, quail, woodcocks, great blue herons and screech and barred owls. This property is special because there is a largely undisturbed Carolina Bay present.",,8.22859840797669,23.351427914528443,15.790013161252567,0.44478910313387515,0.0,0.44478910313387515,1.1119727578346879,197.04157268830667,6.671836547008128,35.80552280227695,11.342122129913815,0.0,128.76644535725686,469.9196874609391,0.8895782062677503,FY2006-07,2006,Darlington,1,easement,limited,False,4576.663295122499,898.4626717216671,0.0,2443389.0,0.0,SC Conservation Bank grants feature service,False
Seven Oaks Tract,106.2,525000.0,525000.0,Lowcountry Land Trust,No Transfer,Coastal,3000000.0,,,,,"Seven Oaks is a magnificent piece of rural property at the entrance to Johns Island just over the Paul Gelegotis (Stono River) Bridge in Charleston County. The property is currently used for hunting, timber and agricultural activities. It is prominently visible by the public from River Road, having approximately 1,050 feet of scenic frontage. Seven Oaks lies within the more than 800,000 acres of the Cooper, Ashley, Wando, and Sea Islands (CAWS) Basin Focus Area which has suffered a noticeable loss in recent years. This property provides significant public benefits including the protection of adjacent Lowcountry wetlands, as designated by the Charleston County Comprehensive Greenbelt Plan as an are of land targeted for conservation in order to enhance water quality, fish and wildlife productivity, and to prevent disturbance to areas that provide critical floodwater storage and filtration. Seven Oaks contains a diversity of relatively natural habitats including agricultural fields, cleared areas, upland forest, and forested/emergent/estuarine/marine wetlands, all of which support a variety of floral and faunal species.",,0.0,1.1119727578346879,0.0,0.0,0.0,0.0,0.0,39.808624730481824,0.0,0.0,0.0,0.22239455156693758,0.0,62.04807988717558,3.558312825071001,FY2015-16,2015,Charleston,1,easement,none,False,4943.502824858757,106.28606664412985,0.0,525000.0,0.0,SC Conservation Bank grants feature service,False
Shinco Chauga Tract,402.0,402000.0,402000.0,Upstate Forever,No Transfer,Piedmont,1958000.0,,,,,"This tract is an important part of the Chauga River watershed, and it is located very close to ChauRam Park. The tract has a 100 feet buffer on all creeks as well as 1.5 miles of frontage on the Chauga River with public access allowed for educational purposes, church groups and scout troops with permission from the landowner. The tract has good timber management and a diverse wildlife habitat.",,1.1119727578346879,5.115074686039564,0.0,0.0,0.0,0.0,64.27202540284496,182.80832138802268,78.50527670312896,64.71681450597883,0.44478910313387515,3.558312825071001,0.0,0.0,0.0,FY2012-13,2012,Oconee,1,easement,none,False,1000.0,402.2240690310228,0.0,402000.0,0.0,SC Conservation Bank grants feature service,False
Silver Bluff Audubon Center and Sanctuary,3250.43,812608.0,812608.0,Lowcountry Land Trust,No Transfer,Central,9630000.0,,,,,"The Silver Bluff Audubon Center and Sanctuary is located in Aiken County, SC, approximately 5 miles northwest of Jackson. It is situated in the Savannah River valley in the upper Coastal Plain. Silver Bluff lies within the more than 2 millions acres of the South Lowcountry (SoLo) Focus Area featuring diverse ecosystems and a wealth of wildlife. Silver Bluff is situated on and prominently visible by the public from Savannah River, having approximately 2.7 miles of scenic river frontage. This property maintains 2.75 miles of hiking trails, public access for viewing wildlife at Wood Stork foraging pond, and nearly 20 miles of horse trails that provide ""behind the scenes"" looks at the property during several organized equestrian events throughout the year. Organized tours also provide access to the site of George Galphin's 18th century trading post within 175 acres that are listed on the National Register of Historic Places.",,46.48046127748995,62.93765809344333,5.337469237606501,0.0,0.0,0.0,1.3343673094016253,1661.7320893081576,6.671836547008128,111.64206488660267,125.43052708375279,0.0,85.62190235327095,1180.6926742688715,23.351427914528443,FY2015-16,2015,Aiken,1,easement,full,False,250.00015382580153,3315.9674168176452,0.0,812608.0,0.0,SC Conservation Bank grants feature service,False
Simkins River Farm,2617.0,523600.0,523600.0,Lowcountry Land Trust,No Transfer,Central,8763300.0,,,,,,,2.001550964102438,24.241006120796193,0.22239455156693758,0.0,0.0,0.0,93.18331710654684,79.17246035782978,20.23790419259132,0.8895782062677503,2.001550964102438,59.1569507168054,223.28412977320534,2036.4669086984472,28.911291703701885,FY2013-14,2013,Aiken,1,easement,none,False,200.07642338555598,2571.902249429462,0.0,523600.0,0.0,SC Conservation Bank grants feature service,False
"Private tract (Sumter County, FY2012-13)",405.5,364500.0,364500.0,Congaree Land Trust,No Transfer,Central,1094200.0,,,,,"This tract is located on part of the ""High Hills of the Santee"" overlooking the upper Santee Swamp, the Palmetto Trail, and neighboring forests. The property contains farm land and wetlands. The tract is part of the Cowassee Basin and is next to Manchester State Forest and the Palmetto Trail.",,6.004652892307314,0.0,0.0,0.0,0.0,0.0,1.1119727578346879,106.08220109742922,4.225496479771814,8.450992959543628,0.22239455156693758,1.1119727578346879,58.71216161367152,216.38989867463025,0.6671836547008126,FY2012-13,2012,Sumter,1,easement,none,False,898.8902589395808,402.9038525547312,0.0,364500.0,0.0,SC Conservation Bank grants feature service,False
Slater Duck Ponds,335.62,1678670.0,1678670.0,Open Space Institute,SCDNR,Coastal,1817000.0,138330.0,0.0,0.0,,"The 336-acre Slater Duck Ponds Tract is the second acquisition in the Southern Coastal Biodiversity Project (SCBP), a multi partner effort focused on the South Lowcountry Focus Area (SOLO). The protection of the property will add to and complement the 3,527-acre Slater Tract (“Slater”), the first SCBP acquisition. The property is a hotspot for biodiversity, with more than 68 Species of Greatest Conservation Need in the immediate area as identified in South Carolina’s State Wildlife Action Plan. Of these, 35 are identified by SEAFWA as Regional Species of Greatest Conservation Need. Protection of the property will conserve the function and value of approximately 206 acres of total wetlands and 105 acres of managed wildlife impoundments. The property will provide meaningful public recreational opportunities for hikers, hunters, bird watchers, and wildlife enthusiasts as well as be open for university research.",Part of SCDNR's Coosawhatchie Heritage Preserve/Wildlife Management Area,0.0,4.003101928204876,0.0,0.0,0.0,0.22239455156693758,0.0,56.93300520113602,0.0,5.782258340740376,3.113523721937126,0.8895782062677503,27.799318945867196,184.36508324899125,57.82258340740377,FY2021-22,2021,Jasper,1,fee simple,full,True,5001.698349323639,340.71944043106816,138330.0,1817000.0,0.08240452262803291,SC Conservation Bank grants feature service,False
Smith Ford Farm,446.32,321472.0,321472.0,Nation Ford Land Trust,No Transfer,Pee Dee,1785000.0,405000.0,78528.0,0.0,"Local: York County Forever ($43,837) & NFLT ($34,691)","This 446-acre historic site is the centerpiece of the SCDNR Scenic Broad River Plan and forms the foundation of NFLT’s Broad River focus area. The Broad River presents an undeveloped riverfront of Piedmont forests and pasturelands. The riparian forest is home to diverse native plant and animal life. Eagles, ospreys, and other birds frequent the river corridor. The high River bluffs have natural beech trees with a natural understory, supporting plant species not normally found this far north. The creation of the Broad Scenic River Plan with SCDNR focused on Smith Ford Farm as an example of the significance of the 15-mile segment of the Broad River between Cherokee and York counties. Smith Ford and the area surrounding the river are rich with historical features: from the original Smith's Ford to Native American fishing weir traps in the River. The Farmhouse was constructed in 1790, is included in the YC Survey of Historic Architecture in 1992, and is National Register Eligible. Smith Ford is actually a crossroad of American history as it was used by troops during the American Revolutionary and Civil Wars. The site has 1.6 miles of riverfront along the Broad River, particularly the Smith Ford which was used by the Cherokee and Catawba Indians, and by retreating Confederate troopers detailed to Jefferson Davis during his flight after the fall of Richmond. It served as the District Post Office and a ferry operated of the property.",,2.001550964102438,16.45719681595338,0.6671836547008126,0.0,0.0,0.0,66.71836547008127,126.76489439315442,18.90353688318969,14.900434954984817,22.239455156693754,80.28443311566446,0.0,2.001550964102438,0.0,FY2020-21,2020,York,1,easement,limited,False,720.2724502599032,351.5615071170484,483528.0,805000.0,1.5041061118853274,SC Conservation Bank grants feature service,False
Sosnowski Property,178.0,150000.0,150000.0,Lowcountry Land Trust,No Transfer,Coastal,5785000.0,,,,,"The Sosnowski property is located on Wadmalaw Island, outside of Charleston. Mr. Sosnowski owns four separate properties representing an historic opportunity to protect deep water property on a sea island where development of the land could bring fair market value in excess of $50,000,000.00.",,1.7791564125355006,5.782258340740376,0.0,0.0,0.0,0.0,0.0,136.32786011053275,0.0,0.0,17.34677502222113,0.0,0.22239455156693758,17.569169573788066,2.001550964102438,FY2006-07,2006,Charleston,1,easement,limited,False,842.6966292134831,180.80679323237845,0.0,150000.0,0.0,SC Conservation Bank grants feature service,False
South Fenwick Island Tract,400.94,500000.0,500000.0,SCDNR,No Transfer,Coastal,778000.0,,,,,"The South Fenwick Island Tract is strategically located in a priority conservation area known as the ACE Basin which is a National Estuarine Research Reserve (NERR) and benefits innumerable waterfowl, wading birds, herpetofauna, migratory songbirds, and game species. The property is one of the last unprotected sea islands in the ACE Basin Focus Area. It is in the USFWS Lower Coastal Focus Area, NFWF (Forestland Stewards) Carolina Lowcountry Forests priority area, and is part of an Audubon Globally Important Bird Area. Priority habitats on the island include Spartina marsh, maritime forest, and shrub/scrub communities. Several ponds are also present throughout the island. This sea island is in the heart of the National Park Service's Gullah-Geechee Cultural Heritage Corridor and was once owned by a former slave. The island was known for its sea island cotton and indigo production.",Part of SCDNR's South Fenwick Island,7.783809304842815,0.44478910313387515,0.0,0.0,0.0,0.0,0.0,127.20968349628829,0.0,8.22859840797669,31.357631770938198,13.121278542449318,5.115074686039564,104.97022833959454,92.73852800341297,FY2015-16,2015,Colleton,1,fee simple,full,False,1247.0693869406894,390.9577852882436,0.0,500000.0,0.0,SC Conservation Bank grants feature service,False
South Saluda Trout Fishing (Jones Tree Farm),27.45,97000.0,97000.0,Naturaland Trust,No Transfer,Piedmont,192000.0,,,,,This tract is a continuation of other lands protected along Scenic Hwy #11 and provides general public access. It is located on the South Saluda River where there is an excellent trout habitat and a great view of the Blue Ridge Mountains.,,0.0,1.7791564125355006,0.44478910313387515,0.0,0.0,0.0,6.894231098575065,0.22239455156693758,3.7807073766379387,0.0,0.0,12.89888399088238,0.0,2.891129170370188,0.0,FY2013-14,2013,Greenville; Pickens,2,fee simple,full,False,3533.697632058288,28.85261222449843,0.0,97000.0,0.0,SC Conservation Bank grants feature service,False
Southern Property,108.0,21600.0,21600.0,Lowcountry Land Trust,No Transfer,Coastal,345824.0,,,,,"The Southern property tract is near Estill and the headwaters of Warren Lake public fish lake. It has 2,500 feet of frontage on Black Creek which is near the Coosawhatchie river.",,0.0,0.0,0.0,0.0,0.0,0.0,0.0,27.35452984273332,0.0,26.46495163646557,0.0,0.0,0.22239455156693758,57.155399752702955,0.0,FY2013-14,2013,Hampton,1,easement,none,False,200.0,112.3685502887306,0.0,21600.0,0.0,SC Conservation Bank grants feature service,False
Spring Grove Tract,638.0,478000.0,478000.0,Ducks Unlimited,No Transfer,Coastal,3318000.0,,,,,"The Spring Grove Tract is 638 acres in Charleston County along the north side of US Highway 17 in Adams run possessing 0.74 miles of highway frontage. The 638 total acres consists of 487.9 acres of forested lands, 41 acres of cleared/open lands, and 109.1 acres of wetlands. The northern edge of this property shares a common boundary with a private property under conservation easement known as the Ravenel Tract. The property is managed as a working forest to enhance wildlife habitat values and produce a variety of forest products through rotational harvests. The tract is also utilized for a variety of traditional outdoor pursuits such as hunting and general outdoor enjoyment.",,0.22239455156693758,15.790013161252567,1.556761860968563,0.0,0.0,0.0,0.0,473.47800028601006,0.0,0.0,2.6687346188032506,0.0,0.0,140.10856748717066,0.0,FY2014-15,2014,Charleston,1,easement,full,False,749.2163009404388,637.0435537215177,0.0,478000.0,0.0,SC Conservation Bank grants feature service,False
Spring Park,20.44,300000.0,300000.0,Upstate Forever,Travelers Rest Historical Society,Piedmont,2460000.0,2153000.0,7000.0,0.0,Local: Upstate Forever,"The Spring Park and Spring Park Inn project seeks to create a destination park in the renovated city center directly adjacent to the Swamp Rabbit Trail, which hosts thousands of bikers, walkers, and hikers every week. The 20-acre tract formerly known as Spring Park on Main Street in the heart of downtown Travelers Rest is still undeveloped open space, currently leased to a golf driving range. Adjoining the Park is a two-story house constructed circa 1820, which is the residence of Nell Gibson, an 88-year-old lifetime resident of Travelers Rest. Originally built as a private residence, the house transitioned to use as an inn by 1852 and continued housing travelers until 1941 as The Spring Park Inn. For almost 100 years, travelers on their way to and from North Carolina stayed at the Inn. In 1889 Robert Anderson, owner of the Inn, conveyed one and a half acres in front of the Inn for construction of a railroad platform and the Inn became a stopping place on the Swamp Rabbit Railroad, which is now the Swamp Rabbit Trail. The Spring Park Inn is on both the federal and South Carolina Registers of Historic Places. ",,0.0,4.003101928204876,1.7791564125355006,0.44478910313387515,0.0,0.0,7.116625650142002,0.0,0.0,0.0,0.0,9.340571165811378,0.0,0.0,0.0,FY2020-21,2020,Greenville,1,fee simple,full,True,14677.103718199607,20.513887561535867,2160000.0,2460000.0,7.2,SC Conservation Bank grants feature service,False
Stateline Blue Ridge Tract,28.21,135000.0,135000.0,Naturaland Trust,No Transfer,Piedmont,250000.0,,,,,"The Stateline Blue Ridge Tract is a short drive from the rapidly expanding downtown of Landrum. Winding through the mountain landscape towards the border of North Carolina, you pass Lake Lanier, a vibrant mountain lake community, the trailhead for the Palmetto Trail, and the Blue Wall preserve. This property overlooks the foothills with Hogback Mountain just to the west and the Chestnut Ridge Heritage Trust Preserve directly south. This tract builds upon the decades of work by many organizations and adds 28 acres of mature hardwood forest, mountain springs, and ephemeral creeks. This project protects the viewshed of the South Carolina border; adds significant acreage to existing preserves for public recreation and wildlife; protect a headwaters tributary to Vaughn Creek; and collaborates with a North Carolinian land trust to double the impact acreage of the Stateline Blue Ridge Tract. ",,0.0,6.671836547008128,0.0,0.0,0.0,0.0,40.03101928204876,0.0,0.0,0.0,0.0,0.0,0.0,0.0,0.0,FY2018-19,2018,Greenville,1,fee simple,full,False,4785.537043601559,46.9357628308299,0.0,135000.0,0.0,SC Conservation Bank grants feature service,False
Still Branch Plantation,52.0,10400.0,10400.0,Lowcountry Land Trust,No Transfer,Coastal,173000.0,,,,,"Still Branch Plantation is 52 acres of forested lands and cleared/open lands that lies within the more than 2 million acres of the South Lowcountry Focus Area featuring diverse ecosystems and a wealth of wildlife. This plantation contains a diversity of relatively natural habitats including forested wetlands, mixed upland forest, planted longleaf pine stands, and open fields, all of which can support a variety of floral and faunal species. These natural habitats are significant to wildlife habitat functions for migratory songbirds, ground-nesting birds, small and large game and non-game mammals, as well as for amphibians and reptiles.",,0.0,4.892680134472626,0.44478910313387515,0.0,0.0,0.0,0.0,4.892680134472626,0.0,6.004652892307314,25.79776798176476,0.8895782062677503,2.6687346188032506,10.89733302677994,0.22239455156693758,FY2014-15,2014,Jasper,1,easement,none,False,200.0,56.18838827027106,0.0,10400.0,0.0,SC Conservation Bank grants feature service,False
Stuck 2020 Property,2700.0,347554.0,347554.0,Nation Ford Land Trust,No Transfer,Pee Dee,27000000.0,19163336.0,129110.0,0.0,Local: York County Forever,The Stuck 2020 Property is managed for timber and agriculture and will continue to be a bedrock of the community in the future. The property's topography is rolling hills within a pastoral setting forming the southern entrance into York. Turkey Creek and McClures Branch flow through the property. This tract was the location for the movie The Patriot. ,,0.0,21.572271501992944,0.22239455156693758,0.0,0.0,0.0,491.491958962932,1357.718737316154,260.6464144364508,96.07444627691703,87.84584786894034,1.3343673094016253,0.0,2.6687346188032506,0.0,FY2019-20,2019,York,1,easement,none,False,128.7237037037037,2323.0014719601286,19292446.0,19640000.0,55.509204325083296,SC Conservation Bank grants feature service,False
Stumphouse Mountain,439.6,1227150.0,1227150.0,Upstate Forever,SCDNR,Piedmont,2418000.0,,,,,"The Stumphouse Mountain property is 439.6 acres of forests, waters and wildlife habitat in the mountains of the Upstate. Along with two contiguous parcels, which are currently under contracts with conservation partners, Stumphouse Mountain will be an unparalled public setting in the Upstate. This park will include connectivity to Stumphouse Tunnel, 3 watershed lakes, Isaquenna Falls, a Rail line path, and will adjoin the Sumter National Forest.",Part of SCDNR's Stumphouse Mountain Heritage Preserve/Wildlife Management Area,5.782258340740376,0.22239455156693758,0.0,0.0,0.0,0.0,140.33096203873762,239.29653748602482,56.710610649569084,0.0,0.44478910313387515,0.0,0.0,0.22239455156693758,0.0,FY2006-07,2006,Oconee,1,fee simple,full,True,2791.5150136487714,443.4951363158497,0.0,1227150.0,0.0,SC Conservation Bank grants feature service,False
Stumphouse Mountain Expansion,791.8,898527.0,898527.0,SCDNR and TNC,SCDNR,Piedmont,1900400.0,80.0,1001793.0,0.0,"Local: $900,000 (DNR Heritage Trust) Other: $101,793 (private donations)","The Stumphouse Mountain Expansion expands SCDNR's Stumphouse Mountain Heritage Preserve. Its size and connectivity to 46,000 acres of publicly protected land will enhance the forest and freshwater resilience of the area while almost tripling the size of the Preserve, a popular recreation destination in Oconee County makes this project a high priority for protection among Upstate conservation partners. The property harbors intact mixed hardwood and pine forests including Oak-Hickory forests, Pine-Oak forests and remnants of the unique Table Mountain Pine/Pitch Pine community. These forests provide habitat for game and non-game species. ",Part of SCDNR's Stumphouse Mountain Heritage Preserve and Wildlife Management Area,0.0,0.22239455156693758,0.0,0.0,0.0,0.0,599.1309219213298,26.68734618803251,147.00279858574575,0.0,0.0,0.22239455156693758,0.0,0.0,0.0,FY2019-20,2019,Oconee,1,fee simple,full,True,1134.7903510987624,773.2494434050573,1001873.0,1900400.0,1.1150171335975436,SC Conservation Bank grants feature service,False
Sumter Wateree Tract,3749.0,937250.0,937250.0,Congaree Land Trust,No Transfer,Central,7029375.0,,,,,"This tract is part of the Cowassee Basin and includes a 300' buffer on all creeks, lakes and roads. The property has 5.6 miles of frontage on Wateree River and 3.8 miles on Beech Creek. The landowner is allowing boat-in only camping in designated areas along the Wateree River ""Blue Trail.""",,78.50527670312896,0.0,0.0,0.0,0.0,0.0,0.22239455156693758,0.0,0.0,0.0,0.6671836547008126,0.0,0.0,3829.189388879531,22.239455156693754,FY2012-13,2012,Sumter,1,easement,limited,False,250.0,3935.960175349502,0.0,937250.0,0.0,SC Conservation Bank grants feature service,False
Swamp Rabbit Trail Ext. (North Saluda River Tract),49.2,140000.0,140000.0,Naturaland Trust,No Transfer,Piedmont,270000.0,,,,,This tract borders .55 of the North Saluda River and .3 miles of Old Railroad Creek. The property is used as a vegetable farm and has 70% prime soils. The tract will add to an existing 30 mile stretch of the Swamp Rabbit Trail and will connect the trail to County and City Parks.,,0.0,0.44478910313387515,0.22239455156693758,0.0,0.0,0.0,2.446340067236313,0.0,0.0,0.0,0.0,22.01706060512682,22.01706060512682,0.0,0.0,FY2012-13,2012,Greenville,1,fee simple,full,False,2845.528455284553,48.4798163812677,0.0,140000.0,0.0,SC Conservation Bank grants feature service,False
Tall Pines Tract,1757.0,3000000.0,3000000.0,The Conservation Fund,SCDNR,Piedmont,5620000.0,,,,,"The Tall Pines property contains mountain bog habitats that potentially contain bog turtles, a federally threatened animal. This property contains almost a mile of frontage on the South Saluda River and over 8 miles of streams scatters over the 1,700 acres of forest. Two dams on the property breached decades ago and have since led to the formation of wetlands including a mountain bog. Alkaline glazed pottery, chert and arrowheads have been found on the property. Tall Pines contains a mix of forest types and ages across the property as well as agricultural fields that SCDNR anticipates using as game fields.",Part of SCDNR's Tall Pines WMA,15.122829506551755,28.021713497434135,0.44478910313387515,0.0,0.0,0.0,1262.3114746939377,122.76179246494954,271.32135291166384,0.0,0.8895782062677503,42.92214845241895,0.22239455156693758,0.0,0.0,FY2015-16,2015,Greenville,1,fee simple,full,True,1707.455890722823,1741.8689605465165,0.0,3000000.0,0.0,SC Conservation Bank grants feature service,False
Ten Oaks Timberlands Tract,104.52,31356.0,31356.0,Congaree Land Trust,No Transfer,Pee Dee,230000.0,,,,,,,0.8895782062677503,9.11817661424444,2.001550964102438,0.0,0.0,0.0,17.569169573788066,98.07599724101946,23.57382246609538,0.44478910313387515,0.0,0.8895782062677503,0.0,0.0,0.0,FY2015-16,2015,Fairfield,1,easement,none,False,300.0,152.96191112873282,0.0,31356.0,0.0,SC Conservation Bank grants feature service,False
Terry Andrews,1539.0,761805.0,761805.0,The Conservation Fund,No Transfer,Coastal,3633100.0,,,,,"The Terry Andrews Tract contains approximately 1,539 acres and is located on SC Highway 402 in Berkeley County, SC. Of the 1,539 acres, 1,410 are upland pine/pine hardwood and 129 are in wetlands. Two kinds of wetlands were identified. The largest are drains associated with the West Branch of the Cooper River and contain a mix of pond pine, loblolly pine, and various species of hardwood. These larger areas are considered jurisdictional wetlands by the USACE. There are also a number of gum ponds that contain a black gum over story. These areas tend to hold more standing water for longer periods than the drains, but typically non-jurisdictional by the USACE. Many of these wetland areas drain onto the adjacent Mepkin Plantation and preserving the water quality of this tract would also reinforce and expand the protection that has already been secured along the West Branch of the Cooper River.",,0.0,21.572271501992944,2.001550964102438,0.0,0.0,0.0,0.22239455156693758,808.8489840489519,0.22239455156693758,6.894231098575065,12.009305784614629,0.0,14.900434954984817,719.6687688706099,0.22239455156693758,FY2007-08,2007,Berkeley,1,easement,limited,False,495.0,1587.4944258711255,0.0,761805.0,0.0,SC Conservation Bank grants feature service,False
The Furman Face Property (Phase II),65.0,450000.0,450000.0,Naturaland Trust,SCDNR,Piedmont,780000.0,,,,,"The Furman Face Property would expand the Paris Mountain State Park footprint by 4% and would enable additional year round access to many recreational activities such as hiking, biking, birding, camping, wildlife viewing, while also providing additional buffer from future development. The parcel is a forested slope rising from tree top level at the base to within 200ft of the summit. This property is visible from over 10 miles away.",,0.0,0.6671836547008126,0.0,0.0,0.0,0.0,58.26737251053765,0.0,0.0,0.0,0.0,0.0,0.0,0.0,0.0,FY2016-17,2016,Greenville,1,fee simple,full,True,6923.076923076923,57.9421149315828,0.0,450000.0,0.0,SC Conservation Bank grants feature service,False
Thompson J. Bradford Property/Timberhaven,878.0,215000.0,215000.0,Upper Savannah Land Trust,No Transfer,Piedmont,1950000.0,,,,,"Thompson J. Bradford's land adjoins Little Stevens Creek, part of the Turkey Creek Watershed. This land is contiguous with the Sumter National Forest and preservation will help prevent fragmentation of wildlife habitat corridors. The land will be managed under forest management policies.",,13.343673094016255,30.46805356467045,0.22239455156693758,0.0,0.0,0.0,39.14144107578101,438.56205569000093,46.03567217435607,85.8442969048379,90.06979338460971,134.5487036979972,0.0,0.0,0.0,FY2007-08,2007,Edgefield; Saluda,2,easement,limited,False,244.874715261959,878.1314199212514,0.0,215000.0,0.0,SC Conservation Bank grants feature service,False
Thornhill Farms Tract,98.2,163400.0,163400.0,East Cooper Land Trust,Lowcountry Land Trust,Coastal,1340000.0,,,,,"The Thornhill Farms Tract is 93.96 acres of farmland in Charleston County. This farm is located between Highway 17N, River Road, and Bellefield Road in McClellanville, SC. On this property there are support structures, a residence, cow and sheep pastures, and fields. Historical research shows the land to be undeveloped or cattle grazing land since the 1950s.",,6.671836547008128,8.006203856409751,1.556761860968563,0.0,0.0,0.22239455156693758,0.0,20.01550964102438,0.0,4.447891031338751,1.3343673094016253,47.14764493219076,1.7791564125355006,1.556761860968563,0.0,FY2014-15,2014,Charleston,1,fee simple,full,True,1663.9511201629327,92.39618861109868,0.0,163400.0,0.0,SC Conservation Bank grants feature service,False
Ti Ti Plantation,1853.0,231625.0,231625.0,The Nature Conservancy,No Transfer,Coastal,3238000.0,,,,,"Located in the ACE Basin, this large tract adjoins Bear Island Refuge WMA. The tract sits next to the Ashepoo River and is the location of Snuggedy Swamp. There is a historic old railroad bed on the tract and geologic peat deposits. The majority of the 1,853 acres is wetlands, but it has a small amount of highlands.",,5.559863789173439,0.0,0.0,0.0,0.0,0.0,0.0,0.0,0.0,0.0,0.0,0.0,0.0,1542.528609668279,304.68053564670447,FY2013-14,2013,Colleton,1,easement,none,False,125.0,1854.08876151828,0.0,231625.0,0.0,SC Conservation Bank grants feature service,False
Tibwin Tract,900.17,500000.0,500000.0,The Nature Conservancy,United States of America,Coastal,8551615.0,,,,,"The Tibwin tract, located along Highway 17, is adjacent to the Francis Marion National Forest. This land is less than a mile from Cape Romain National Wildlife Refuge and will serve as a wildlife corridor joining the National Forest and the Refuge. This tract of land was under intense pressure for development before the Conservation Bank funds helped secure its preservation. The development would have allowed for 36 separate lots which would have fragmented the National Forest and severely degraded its unique ecological features.",,0.0,11.342122129913815,0.0,0.0,0.0,0.0,0.0,716.5552451486728,0.0,0.22239455156693758,0.0,0.0,0.0,157.90013161252566,0.0,FY2006-07,2006,Charleston,1,fee simple,full,True,555.4506371018808,888.5974409859307,0.0,500000.0,0.0,SC Conservation Bank grants feature service,False
Timberhaven (Thompson II),516.64,132500.0,132500.0,Upper Savannah Land Trust,No Transfer,Central,1420000.0,,,,,"Timberhaven is one of the state's most ecologically diverse and sensitive watersheds. It offers the opportunity for protection of native wildlife such as white-tailed deer, wild turkey, waterfowl and bobwhite quail through the use of control burns, diversified habitats, and connecting lines to neighboring habitats. This tract follows many of the practices used on the adjacent Sumter National Forest lands, such as controlling non-native grasses and invasive plant species so that native species may grow, opening canopies in pine plantations, and committing long, linear openings to wildlife habitat. With extensive streams, protection is offered for threatened or endangered aquatic species such as the Carolina Heelsplitter and Websters Salamander.",,0.0,6.227047443874252,0.0,0.0,0.0,0.0,1.3343673094016253,367.84058829171477,8.006203856409751,24.908189775497007,102.30149372079129,0.0,0.0,0.6671836547008126,0.0,FY2016-17,2016,Edgefield; Saluda,2,easement,limited,False,256.4648497986993,512.5219016246406,0.0,132500.0,0.0,SC Conservation Bank grants feature service,False
Tokeena Crossroads,1107.87,2695745.0,2695745.0,Oconee County SWCD,No Transfer,Piedmont,4754223.0,,,,,"This parcel of land is unique because it represents six different landowners and ten different parcels of land. It represents a true farming community in the Southern Piedmont of Oconee County. Development of this tract of land was imminent before funds were secured from the Conservation Bank and the Natural Resources Conservation Service. Together, these funds ensured the largest tract of farming land left in the county would continue to be used as farming land.",,3.558312825071001,63.604841748144146,6.671836547008128,10.89733302677994,3.558312825071001,0.0,132.5471527338948,25.57537343019782,32.69199908033982,0.8895782062677503,6.44944199544119,705.6579121218929,115.86756136637447,3.558312825071001,0.0,FY2006-07,2006,Oconee,1,easement,limited,False,2433.2683437587443,1113.7661506185275,0.0,2695745.0,0.0,SC Conservation Bank grants feature service,False
Tom's Branch,575.0,155250.0,155250.0,Lowcountry Land Trust,No Transfer,Coastal,1609250.0,,,,,"Tom's Branch is a magnificent piece of relatively undeveloped property in Jasper County. The property is currently used for hunting, timber, and agricultural activities. It is prominently visible by the public from state road S-27-87, having approximately 0.6 miles of scenic road frontage and from state road S-27-207, having approximately 0.7 miles of scenic road frontage. Tom's Branch lies within South Lowcountry (SoLo) Focus Area and contains a diversity of relatively natural habitats including upland pine forest and forested and un-forested wetlands in various stages of succession, and open fields, all of which can support a variety of floral and faunal species. This property lies just along the floodplain of the Coosawhatchie River which leads into the Broad River and the Port Royal Sound, all of which are within the Brad - St. Helena Watershed. As a working forest, Tom's Branch contains a complex system of upland and wetland habitats. These forests maintain and enhance water quality by storing storm water, recharging ground water, and dissipating pulse flows to downstream sources.",,0.0,11.564516681480752,1.556761860968563,0.0,0.0,0.0,0.0,290.89207344955435,0.0,82.06358952819996,27.799318945867196,0.0,18.681142331622755,152.1178732717853,0.0,FY2015-16,2015,Jasper,1,easement,none,False,270.0,585.4229376039303,0.0,155250.0,0.0,SC Conservation Bank grants feature service,False
Toole Tract,349.39,250000.0,250000.0,Aiken Land Conservancy,No Transfer,Central,1100000.0,,,,,"This tract is located between Salley and Perry. The area has the potential to be developed for equestrian purposes. It borders both sides of Highway #39. The tract has a large pond and upland wetlands, which is part of Dean Swamp, located on site.",,2.001550964102438,12.009305784614629,2.6687346188032506,0.0,0.0,0.0,0.6671836547008126,50.9283523088287,1.3343673094016253,40.47580838518264,18.01395867692194,0.0,149.2267441014151,86.95626966267258,1.3343673094016253,FY2007-08,2007,Aiken,1,easement,none,False,715.5327857122413,364.6732042464167,0.0,250000.0,0.0,SC Conservation Bank grants feature service,False
Top of South Carolina Tract,66.5,550000.0,550000.0,Naturaland Trust,SCPRT,Piedmont,1160000.0,,,,,"The Top of South Carolina Tract will be added to the decades-long effort of protecting key parcels along the Mountain Bridge Wilderness. This property contains the northern extension of the State of South Carolina, with the North Carolina border and the continental divide being its property lines. This parcel also contains the absolute headwaters of Matthews Creek, which is impaired by a small farm pond but which could be restored to its natural state, with great benefits to the Creek. The parcel is an intact mountain forest, providing critical habitat for wildlife. Species documented on the property include black bear, red fox, skunk, deer, wild turkey, woodcock, and dozens of migratory songbirds. This property is highly accessible from Happy Acres road on the North Carolina side of the Blue Ridge and from the Watson Cooper Heritage Preserve in South Carolina. The stunning million dollar views at the top of this property offer some of the best in the state. The Top of SC Tract will be open to the public for hiking, bird watching, and other forms of passive recreation.",,0.0,0.8895782062677503,0.44478910313387515,0.0,0.0,0.0,12.231700336181566,1.556761860968563,51.37314141196258,0.0,0.0,3.335918273504064,0.0,0.0,0.0,FY2015-16,2015,Greenville,1,fee simple,full,True,8270.676691729323,69.48403570854295,0.0,550000.0,0.0,SC Conservation Bank grants feature service,False
Townes/S. Saluda,585.61,965000.0,965000.0,Upstate Forever,No Transfer,Piedmont,3340000.0,,,,,"George Townes was an avid naturalist and wanted future generations to be able to enjoy the land as he did when he was growing up. As such, he donated 50% of the value of this magnificent tract of land which includes 1.6 miles of river frontage along the South Saluda. This land is within 3 miles of the Mountain Bridge Wilderness Area, a significant habitat for local and migrating wildlife. There will be limited public access to the land for ongoing scientific studies. Several research papers on the property have already been published. The Conservation Bank's Funds helped to enhance air and water quality in the area and allow for continued and sustainable timber harvests.",,0.0,20.90508784729213,0.0,0.0,0.0,0.0,513.7314141196258,2.446340067236313,35.58312825071001,0.0,0.0,4.003101928204876,16.45719681595338,0.0,0.0,FY2005-06,2005,Greenville; Pickens,2,easement,full,False,1647.854374071481,546.509626909281,0.0,965000.0,0.0,SC Conservation Bank grants feature service,False
Van Watts Tract,724.67,362338.0,362338.0,Congaree Land Trust,No Transfer,Central,1450000.0,,,,,This tract is located in the Cowassee Basin and adds protected acreage in a County where the Bank has limited activity. This is an upland farm and timber tract. It adjoins Goodwill Plantation and borders US 76/378.,,7.783809304842815,19.34832598632357,6.227047443874252,0.22239455156693758,0.0,0.0,35.360733699143076,601.5772619885662,51.59553596352952,3.7807073766379387,2.446340067236313,1.7791564125355006,0.22239455156693758,42.477359349285074,0.0,FY2013-14,2013,Richland,1,easement,none,False,500.0041398153643,772.0500249625818,0.0,362338.0,0.0,SC Conservation Bank grants feature service,False
Velma Johnson Tract,34.0,179400.0,179400.0,Horry Co SWCD,No Transfer,Coastal,938400.0,,,,,Velma Johnson's property is part of a community of farmers in Horry County. Through funds from the Conservation Bank and the United State Department of Agriculture's Farm and Ranch Land Protection Program these farmers will be able to conserve their way of life despite heavy development pressures from nearby Myrtle Beach.,,0.0,0.8895782062677503,0.22239455156693758,0.0,0.0,0.0,0.0,0.22239455156693758,0.0,0.0,0.0,0.0,16.45719681595338,6.671836547008128,0.0,FY2004-05,2004,Horry,1,easement,none,False,5276.470588235294,24.29815054828734,0.0,179400.0,0.0,SC Conservation Bank grants feature service,False
Wallace Farm,347.67,100000.0,100000.0,Pee Dee Land Trust,No Transfer,Pee Dee,820000.0,,,,,"Wallace Farm has been in the Wallace family for generations and the initial primary use was agricultural production. The agricultural fields were converted to timber production approximately 15 years ago. Timber production is currently the primary objective. The timber being managed is loblolly pine which accounts for approximately 70% of the property. The conservation easement will permit only agricultural, timber, and recreational uses in the future. Wildlife habitat enhancements along with maintaining a healthy forest are the main two secondary objectives. Particular wildlife species of interest are white-tailed deer, bob white quail, and wild turkey. Hunting and fishing are primary recreational uses for the property.",,1.556761860968563,7.561414753275877,1.3343673094016253,0.22239455156693758,0.0,0.0,1.7791564125355006,245.96837403303294,3.558312825071001,6.227047443874252,1.1119727578346879,0.0,4.447891031338751,71.6110456045539,0.22239455156693758,FY2016-17,2016,Marlboro,1,easement,none,False,287.6290735467541,345.5206185329886,0.0,100000.0,0.0,SC Conservation Bank grants feature service,False
"Private tract (Oconee County, FY2007-08)",80.7,71250.0,71250.0,Oconee County SWCD,No Transfer,Piedmont,940000.0,,,,,This is a small family farm tract and is part of the Oconee Farm Outreach Program. 90% of the farmland on this tract contains prime soils.,,0.0,1.3343673094016253,0.44478910313387515,0.0,0.0,0.0,11.342122129913815,0.0,1.7791564125355006,0.0,0.0,67.83033822791596,0.0,0.0,0.0,FY2007-08,2007,Oconee,1,easement,none,False,882.899628252788,83.49888821261506,0.0,71250.0,0.0,SC Conservation Bank grants feature service,False
Wambaw Tract,100.01,250000.0,250000.0,"The Village Museum, McClellanville",St. James Santee Brick Church,Coastal,700000.0,,,,,"The Wambaw tract is adjacent to the historical St. James Santee Church. This church celebrated its 300th anniversary in 2006. The property has been sold to the Village Museum with an easement held in perpetuity by The Nature Conservancy. The Village Museum manages the land which serves as an outdoor classroom for one of South Carolina's most significant architectural treasures. The land is located in the corridor between the ever expanding cities of Mt. Pleasant and Georgetown. Before funds were secured from the Conservation Bank, the nearby Town of Mt. Pleasant had entered into discussions to extend sewer and water so the land could be subdivided. Instead, this historical property will remain intact and will be appreciated and enjoyed for years and generations to come.",,0.0,4.670285582905689,0.0,0.0,0.0,0.0,0.0,33.35918273504063,0.0,0.0,0.0,0.0,0.0,62.04807988717558,0.0,FY2006-07,2006,Charleston,1,fee simple,full,True,2499.7500249975,100.02820813904657,0.0,250000.0,0.0,SC Conservation Bank grants feature service,False
Waterloo Tract,406.0,289450.0,289450.0,Upstate Forever,No Transfer,Piedmont,1135000.0,,,,,"The Waterloo tract is the first opportunity to conserve land in Laurens County. Located immediately upstream from Lake Greenwood, which supplies the drinking water to Greenwood, this land has 2,220 feet of Saluda River frontage. The land would be easily accessible to groups such as the Boy Scouts and Indian Guides. When the easement was placed on the land, the owners surrendered all future rights to the vermiculite mining. This type of mining would have severe detrimental effects on the Saluda River. The Conservation Bank helped ensure the future of the Saluda River.",,7.33902020170894,4.447891031338751,0.6671836547008126,0.0,0.0,0.0,156.12097519999017,94.7400789675154,56.265821546435205,0.0,52.707508721364206,19.12593143475663,0.0,17.569169573788066,2.446340067236313,FY2006-07,2006,Laurens,1,easement,limited,False,712.9310344827586,411.7919043595654,0.0,289450.0,0.0,SC Conservation Bank grants feature service,False
Westervelt Timber,12418.0,2483600.0,2483600.0,The Nature Conservancy,No Transfer,Central,21731010.0,,,,,"Westervelt Timber is a property consisting of 12,418 acres of forested, cleared, and wetlands, along with 1.7 miles along a tributary of the Coosawhatchie River. This property is located in Allendale County with a small portion in Hampton County. The Westervelt property is comprised of upland pine plantations, bottomland hardwoods, Carolina Bay depressional wetlands, mesic mixed pine hardwood forests, and xeric sand ridges. The property is managed as a commercial timber venture by the Westervelt Company. The Westervelt property supports large numbers of deer and turkey as well as populations of nongame species. The scattered depressional wetlands provide breeding habitat for amphibians as well as foraging areas for wading bird.",,0.0,275.32445483986874,69.16470553731759,0.0,0.0,0.8895782062677503,0.0,5852.090229932395,0.44478910313387515,1129.9867165116098,1258.5307673172997,0.0,5.782258340740376,3697.3094198003373,156.788158854691,FY2014-15,2014,Allendale; Hampton,2,easement,none,False,200.0,14586.666413322459,0.0,2483600.0,0.0,SC Conservation Bank grants feature service,False
Whaley Property,94.2,200000.0,200000.0,Naturaland Trust,No Transfer,Piedmont,800000.0,,,,,This magnificent tract of land is located off of Scenic Highway 11 and is a strategic tract connecting several other tracts funded with assistance from the Conservation Bank. Adjoining lands are the Blakely South Saluda tract and the Mountain Bridge Passage. The Whaley Property contains the headwaters of Wildcat Wayside Falls. The Heritage Trust will contribute funds for the preservation of this land as well.,Part of SCDNR's Ashmore Heritage Preserve and Wildlife Management Area,0.0,1.556761860968563,0.0,0.0,0.0,0.0,64.4944199544119,0.0,24.241006120796193,0.0,0.6671836547008126,1.556761860968563,0.0,0.0,0.0,FY2007-08,2007,Greenville,1,fee simple,full,False,2123.1422505307855,93.30186452330918,0.0,200000.0,0.0,SC Conservation Bank grants feature service,False
White Plains Tract,121.58,275000.0,275000.0,SCDNR,No Transfer,Piedmont,605000.0,0.0,330000.0,0.0,Local: SCDNR,"The White Plains property is adjacent to the SCDOT mitigation tract titled the Belfast Extension Tract, which connects to the Belfast Wildlife Management Area. The White Plains tract further promotes connectivity of habitats and will serve as the future main entranceway for the Belfast Extension Tract being acquired via donation from the SCDOT. The White Plains tract is comprised of prime soil agricultural lands which will provide excellent opportunities for quail, turkey, dove, and deer management, and public hunting opportunities. South Carolina State Wildlife Action Plan (SC SWAP) species of concern known from the immediate area include the Federally At-Risk Tri-colored Bat and Newberry Burrowing Crayfish as well as six other State Wildlife Action Plan priority freshwater fish species plus the Big Brown Bat. The tract is within the NBCI Restoration Focus Area for Bobwhite Quail, a high-priority SWAP species. Habitat enhancements for this species are planned in the future, along with expansion of pollinator habitat. Grasslands and shrub/scrub ecological communities are priorities in the SC SWAP. Archeological and historical features may be present on-site as those adjacent to the tract are from the 19th Century and Late Woodland Period.",Part of SCDNR's Belfast Wildlife Management Area,0.0,7.561414753275877,0.44478910313387515,0.0,0.0,0.0,10.230149372079127,0.0,1.1119727578346879,0.0,0.0,98.52078634415334,0.6671836547008126,0.0,0.0,FY2020-21,2020,Laurens,1,fee simple,full,False,2261.885178483303,118.96963683979617,330000.0,605000.0,1.2,SC Conservation Bank grants feature service,False
Wild Turkey Creek Tract,329.92,74232.0,74232.0,Congaree Land Trust,No Transfer,Central,495000.0,99018.0,0.0,0.0,,"The Wild Turkey Creek Tract is managed for wildlife, agriculture, and timber near the town of Barnwell. A diversity of habitats and forest age classes occur here, including rivering hardwoods, mixed pine-hardwood, pine stands, agriculture food plots/fields and an intact Carolina Bay. Healthy populations of all major game species in South Carolina occur here. Early Native South Carolina Indians used this area as a travel corridor and used the abundant natural resources in the area to sustain a living. The area is near Revolutionary and Civil War sites and may have been used by those forces.",,0.0,0.0,0.0,0.0,0.0,0.0,2.001550964102438,80.95161677036528,2.891129170370188,24.908189775497007,1.7791564125355006,0.0,121.20503060398097,92.29373890027908,0.0,FY2019-20,2019,Barnwell,1,easement,none,False,225.0,324.05509816122293,99018.0,173250.0,1.3338991270611058,SC Conservation Bank grants feature service,False
Williamson Farm Tract,63.4,63000.0,63000.0,Congaree Land Trust,No Transfer,Central,600600.0,,,,,The Williamson Farm tract is located in the Santee Waterfowl Corridor and is close to the Cowassee Basin Boundary. It adjoins the popular Lake Marion as well as an SCDNR WMA property and borders the Palmetto Trail.,,2.001550964102438,1.556761860968563,3.558312825071001,0.0,0.0,0.44478910313387515,0.0,12.231700336181566,0.0,0.0,0.22239455156693758,0.0,30.46805356467045,12.676489439315441,0.0,FY2012-13,2012,Clarendon,1,easement,limited,False,993.6908517350158,62.6866418740322,0.0,63000.0,0.0,SC Conservation Bank grants feature service,False
Willow Lake (Bamberg Tract),1373.12,278000.0,278000.0,Lowcountry Land Trust,No Transfer,Central,3090000.0,649000.0,0.0,0.0,,"The Willow Lake tract is located within the ACE Basin Focus Area, directly adjacent to the Edisto River. The property has approximately 340 feet of direct Edisto River frontage and contains 349 acres of forested wetlands and blackwater braided streams. The upland areas primarily consists of planted loblolly. ",,0.0,37.36228466324551,8.006203856409751,0.0,0.0,0.0,0.0,707.6594630859953,0.0,145.0012476216433,2.2239455156693757,0.0,1.7791564125355006,458.7999598825922,0.0,FY2019-20,2019,Bamberg,1,easement,none,False,202.45863435096715,1361.6306775725795,649000.0,927000.0,2.3345323741007196,SC Conservation Bank grants feature service,False
Willow Oaks Tract,195.06,195000.0,195000.0,Congaree Land Trust,No Transfer,Central,1360000.0,,,,,The Willow Oaks Tract is located inside the Santee Waterfowl Corridor and near the Cowassee Basin Boundary. This area is very significant for its natural resources and aquatic habitat near Lake Marion and Dingle Pond.,,0.0,8.22859840797669,2.2239455156693757,0.0,0.0,0.0,0.44478910313387515,71.16625650142002,2.446340067236313,7.561414753275877,2.2239455156693757,1.1119727578346879,25.352978878630882,68.0527327794829,0.22239455156693758,FY2012-13,2012,Clarendon,1,easement,limited,False,999.6924023377422,189.77648486904923,0.0,195000.0,0.0,SC Conservation Bank grants feature service,False
Willtown (Knox) - ACE Basin,2101.27,250000.0,250000.0,The Nature Conservancy,No Transfer,Coastal,10900000.0,2033531.0,516469.0,0.0,Local: Charleston Greenbelt,"Willtown (Knox) has been a high conservation priority of the ACE Basin Task Force for decades. Its protection will fill a gap in a largely protected landscape and create a continuous 26-mile corridor of private and public lands. It shares a southern boundary with the ACE Basin National Wildlife Refuge for 1.3 miles. The property lies approximately one-half mile from the Edisto River and within the St. Helena Estuary watershed. The ACE Basin, a public-private collaborative conservation effort with over 30 years of history, contains over 16 publicly accessible sites which are enhanced by the surrounding privately conserved lands. With its well-managed longleaf pine forests and bottomland hardwood forests, Willtown has abundant game and non-game wildlife species. At over 2,000 acres it is one of the largest remaining tracts of unprotected land in Charleston County, and its prime agricultural soils support a diverse and productive forest. It has one of the largest stands of mature longleaf pine in the ACE Basin. Longleaf pine, a native forest type historic to the Southeast region, has greatly diminished its range, and preservation of properties that can sustain this forest type is critical for the survival of the many species which depend on this habitat. In addition to its conservation values, the property is significant in its history. Willtown Plantation was the site of the New Willtown Presbyterian Church (c. 1750s) which branched off from the nearby Willtown Bluff community. On the property is a historic cemetery that dates to the origin of the church as well as the foundation of the old parsonage house.  ",,0.0,24.018611569229257,2.891129170370188,0.0,0.0,0.0,0.0,1381.292559782249,2.891129170370188,37.80707376637938,5.337469237606501,0.0,4.892680134472626,617.5896697013857,1.7791564125355006,FY2020-21,2020,Charleston,1,easement,none,False,118.97566709656542,2079.1929150434926,2550000.0,2800000.0,10.2,SC Conservation Bank grants feature service,False
Wilson and Willson,81.9,100000.0,100000.0,The Conservation Fund,SCFC,Central,180000.0,,,,,"The Wilson and Willson property includes pine forest, bottomland hardwoods, creeks, wetlands and fills a gap in Manchester State Forest. The purchase would also expand property protected by the MAJIC group including the conservation easements on the McLaurin properties and the Mine Hills properties in addition to adding to Manchester Forest. This property contains a short stretch of the Cane Savannah Creek as well as a 22 year old pin plantation that has recently been thinned. This tract can provide recreation in the form of hiking, biking, bird watching and hunting.",Part of SCFC's Manchester State Forest,0.0,0.0,0.0,0.0,0.0,0.0,0.0,49.371590447860136,0.0,0.6671836547008126,0.0,0.0,0.0,31.580026322505134,0.22239455156693758,FY2015-16,2015,Sumter,1,fee simple,full,True,1221.001221001221,82.15245342356111,0.0,100000.0,0.0,SC Conservation Bank grants feature service,False
Winborn a/s/a Lawton Plantation,1314.0,262800.0,262800.0,Lowcountry Land Trust,No Transfer,Coastal,6000000.0,,,,,"This magnificent piece of property is located in the Mountain Bridge Wilderness area of Greenville and Pickens Counties. When the typical visitor to Caesar's Head looks down toward Table Rock, they are seeing the Asbury Hills tract. The land is 98% forested and would have been in immediate danger of development if the Conservation Bank had not secured funds.",,0.0,27.35452984273332,4.670285582905689,0.0,0.0,0.0,0.0,320.470548807957,0.0,42.032570246151195,128.9888399088238,0.0,414.0986550176377,366.7286155338801,7.116625650142002,FY2007-08,2007,Hampton,1,easement,none,False,200.0,1316.3523533354796,0.0,262800.0,0.0,SC Conservation Bank grants feature service,False
Woodbury Tract,25668.0,5000000.0,5000000.0,SCDNR,No Transfer,Pee Dee,39800000.0,,,,,"This tract, exceptional in size and natural resources, is situated between the Great Pee Dee and Little Pee Dee Rivers. There are 38 miles of river frontage and the entire tract is open to the public. The purchase of this land was a collaborative effort from the Conservation Bank, Department of Natural Resources (DNR), The Nature Conservancy, and The Conservation Fund with DNR holding the final title to the land. The Great Pee Dee River has been designated a State Scenic River and the area is dominated by hardwood floodplain forests. There are at least a dozen Carolina Bays on the property. DNR will manage the area as a Wildlife Management Area for hunting, fishing and bird watching. The protection of this land enhances the recovery efforts of the Robust Redhorse. The preservation of the floodplains on this site will also aide in flood control, sediment filtration and preserve the drinking water supply for nearby Myrtle Beach. The Woodbury Tract is the type of land the Conservation Bank envisioned protecting when it was first set up.",Part of SCDNR's Woodbury Wildlife Management Area,257.9776798176476,322.91688887519337,27.799318945867196,0.0,0.0,0.6671836547008126,0.22239455156693758,3621.6952722675783,0.22239455156693758,199.71030730710993,217.279476880898,0.44478910313387515,294.67278082619225,20764.534490701826,17.791564125355006,FY2005-06,2005,Marion,1,fee simple,full,False,194.79507558048934,25929.56775255517,0.0,5000000.0,0.0,SC Conservation Bank grants feature service,False
Yem Tract,435.0,108750.0,108750.0,Lowcountry Land Trust,No Transfer,Coastal,1023750.0,,,,,"The Yem Tract is a magnificent piece of undeveloped property transversed by braided streams at the headwaters of the Coosawhatchie River in Hampton County. The property is current used for hunting and timber activities. It is prominently visible by the public from Gray's Highway, having approximately 3,900 feet of scenic frontage, as well as Pocotaligo Road, having about 6,500 feet of scenic frontage. This tract contains a diversity of relatively natural habitats including variously aged planted pine stands, mixed upland forest, forested wetlands, and scrub-shrub bottomland, all of which can support a variety of floral and faunal species. This property also presents an opportunity to contribute to the protection of the downstream water quality for the benefit of the public.",,0.0,9.11817661424444,0.22239455156693758,0.0,0.0,0.0,0.0,19.793115089457444,0.0,12.676489439315441,16.679591367520317,0.0,0.0,372.2884793230535,0.0,FY2015-16,2015,Hampton,1,easement,none,False,250.0,429.73475021778745,0.0,108750.0,0.0,SC Conservation Bank grants feature service,False
Altamont Ridge,9.56,90000.0,90000.0,Naturaland Trust,SCPRT,Piedmont,235000.0,85000.0,60000.0,0.0,,"Paris Mountain offers an iconic view to everyone riding along the Swamp Rabbit Trail, sitting on Furman’s campus or driving down the Poinsett Highway. Altamont Ridge immediately adjoins the previously protected 58-acre Furman Face project. The property contains impressive mature trees and along popular game trails on the property are ample signs of bear, turkey and deer.  The goal for projects in this area is to maintain as much green space as possible, to not only protect the viewshed of greater Greenville but to also service the thousands of people who come to Paris Mountain State Park each month and those who will eventually come as the region continues to grow.",Part of SCPRT's Altamont Ridge,0.0,0.22239455156693758,0.0,0.0,0.0,0.0,8.006203856409751,0.6671836547008126,0.6671836547008126,0.0,0.0,0.0,0.0,0.0,0.0,FY2021-22,2021,Greenville,1,fee simple,full,True,9414.225941422594,9.495370891831953,145000.0,235000.0,1.6111111111111112,SC Conservation Bank grants feature service,False
Calico Vineyard,112.54,225000.0,225000.0,Upstate Forever,No Transfer,Piedmont,1385000.0,555000.0,25000.0,0.0,Local: Greenville Women Giving,"Calico Vineyard is nestled in the Blue Ridge Mountains near Travelers Rest, SC. The property is a family-owned vineyard where the owners grow vine-ripened black Spanish grapes, blackberries, blueberries, and a variety of muscadines. Although the property is a working farm, a significant forest canopy exists. In addition, nearly 4,000 feet of tributary stream frontage on McKinney Creek traverses the property on the north and western portions of the property.",,0.22239455156693758,9.785360268945253,0.6671836547008126,0.22239455156693758,0.0,0.0,61.38089623247477,11.119727578346877,13.343673094016255,1.1119727578346879,0.0,15.122829506551755,0.0,0.0,0.0,FY2021-22,2021,Greenville,1,easement,none,False,1999.2891416385285,112.67115385223705,580000.0,805000.0,2.577777777777778,SC Conservation Bank grants feature service,False
Combahee Scott,209.0,79620.0,79620.0,Open Land Trust,No Transfer,Coastal,773800.0,185780.0,0.0,0.0,,"Located along I-95 and accessed from Highway 21 (Lowcountry Highway) in Colleton County, the 209-acre Combahee Scott easement is a small but critical link to the larger conservation community of over 12,000 protected acres from Sniders Crossroads to ACE Basin National Wildlife Refuge Combahee Unit. Combahee Scott reflects the Conservation Bank’s priority to protect South Carolina waterways and the property ranks high and medium priority in the Bank’s priority map.",,0.0,1.556761860968563,0.0,0.0,0.0,0.0,0.0,8.450992959543628,0.0,0.0,22.239455156693754,0.0,0.0,170.57662105184113,3.558312825071001,FY2021-22,2021,Colleton,1,easement,none,False,380.9569377990431,207.02895509972544,185780.0,265400.0,2.3333333333333335,SC Conservation Bank grants feature service,False
Gobblers Roost,1020.08,393506.0,393506.0,Upstate Forever,No Transfer,Piedmont,3100000.0,706494.0,20000.0,0.0,"Local: $10,000 UF & $10,000 Upstate Land Conservation Fund","Gobblers Roost is a 1,020-acre timber and hunting land that spans multiple generations - manifested in the family's corner store on the property that historically contained home goods, hardware, a post office, and a bank. Canoe or kayak access to the Bush River is available for the public (please contact Upstate Forever for more information).",,3.558312825071001,29.5784753584027,14.67804040341788,0.0,0.0,0.0,235.071041006253,539.5291821013905,32.24720997720595,86.06669145640484,3.7807073766379387,53.37469237606502,0.44478910313387515,13.343673094016255,0.22239455156693758,FY2021-22,2021,Laurens; Newberry,2,easement,limited,False,385.7599403968316,1010.9405640435357,726494.0,1120000.0,1.8462081899640665,SC Conservation Bank grants feature service,False
Graham Family Tract,20.7,242000.0,242000.0,Spartanburg Area Conservancy,No Transfer,Piedmont,523000.0,48000.0,233000.0,0.0,"Local: Milliken ($120,000) & Spartanburg Regional Healthcare System ($113,000)","In conjunction with Spartanburg Regional Health System and its Hospice House, which neighbors previously protected property, Spartanburg Area Conservancy created the Upper Chinquapin Greenway. The Greenway preserve includes 1.5 miles of trails, accessible to the public and employees, residents, and visitors at the Hospice House, and connects to the state-wide 500-mile-long Palmetto Trail. The Greenway is home to over a dozen varieties of native ferns, the spotted salamander, and the rare and endangered dwarf flowered heartleaf. The Graham Family Tract, which has been owned by the family for generations, will be added to the Greenway. The property will provide expanded recreation and educational opportunities, conserve a vital and historic waterway, protect the diverse and beautiful wildlife habitat in a rapidly developing area of Spartanburg County, and ensure that Spartanburg's most utilized entryway remains natural, green, and beautiful. ",,0.0,6.671836547008128,0.0,0.0,0.0,0.0,3.558312825071001,0.6671836547008126,6.44944199544119,0.0,0.0,1.1119727578346879,0.0,2.446340067236313,0.0,FY2021-22,2021,Spartanburg,1,fee simple,full,False,11690.821256038647,20.64075402576797,281000.0,523000.0,1.1611570247933884,SC Conservation Bank grants feature service,False
Green Creek on Scenic 11,16.22,90000.0,90000.0,Naturaland Trust,SCDNR,Piedmont,185000.0,15000.0,80000.0,0.0,Local: Naturaland Trust to cover SCDNR,"The Green Creek property is a 16-acre wooded wedge between Highway 11 and Oak Grove Road, adjacent to the Chestnut Ridge Heritage Preserve and over 200 acres that Naturaland Trust continues to own and manage. The property protects over a third of a mile on Highway 11 and contains the headwaters for Green Creek, a major tributary to the South Pacolet River. The property contains plant species of interest to SCDNR’s biologists and is an important thoroughfare for wildlife as indicated by well-worn game trails and tracks seen throughout the forest. Equally important, protecting this tract could lead to more conservation along this corridor, which is growing in popularity for estate-type lots and views of the mountains.",Part of SCDNR's Chestnut Ridge Heritage Preserve / Wildlife Management Area,0.0,2.891129170370188,0.44478910313387515,0.0,0.0,0.0,6.004652892307314,0.44478910313387515,2.6687346188032506,0.0,0.0,0.0,0.0,0.0,0.0,FY2021-22,2021,Greenville,1,fee simple,full,True,5548.705302096178,12.511000617232622,95000.0,185000.0,1.0555555555555556,SC Conservation Bank grants feature service,False
River Falls,170.97,650000.0,650000.0,Naturaland Trust,SCPRT,Piedmont,1320000.0,255627.0,414373.0,0.0,"Local: Greenville Trust ($100,000), Easley Combined Utilities ($75,000), Naturaland Trust to cover SCPRT ($239,373)","One of the most scenic drives in South Carolina is River Falls Road, which ascends the foothills following the Middle Saluda River, passing small farms with unrivaled views of the Blue Ridge until reaching Jones Gap State Park. For many who visit the State Park, this is the route they take after departing Scenic Highway 11. Naturaland Trust has been steadfast over the years to add to Jones Gap State Park because it’s one of the most popular parks in South Carolina and encompasses one of the most biologically diverse areas of the upcountry. By broadening the park’s boundaries and offering diverse ways to access the ridgelines, waterfalls and river, we can expand public access to include more people, spread across a larger area.River Falls is approximately 150 acres and adjoins other protected property, which connects to Jones Gap. The property contains a striking and mature hardwood forest, headwater streams, bottomland, and 750ft of frontage on the Middle Saluda—all of the facets that inspired and led to the protection of Jones Gap State Park. Additionally, the property contains a mile of frontage on River Falls Road.",,0.0,6.44944199544119,1.1119727578346879,0.0,0.0,0.0,81.17401132193221,4.670285582905689,67.60794367634902,0.44478910313387515,3.558312825071001,6.004652892307314,0.44478910313387515,0.0,0.0,FY2021-22,2021,Greenville,1,fee simple,full,True,3801.8365795168743,171.25180588530878,670000.0,1320000.0,1.0307692307692307,SC Conservation Bank grants feature service,False
Wall Farm,97.23,29169.0,29169.0,Lord Berkeley Conservation Trust,No Transfer,Pee Dee,218800.0,47431.0,0.0,0.0,,"The 97-acre Wall Farm project presents a unique opportunity for the conservation community to protect an ecologically rich and agriculturally significant tract of land at a bargain sale price. The property is located in Williamsburg and Florence Counties, near Hemingway, SC. It is an extremely well-managed, productive small farm that provides habitat for numerous game and non-game species alike. It contains a variety of land features, including non-riverine forested wetlands, forested uplands, and productive agricultural fields.",,0.0,1.7791564125355006,0.0,0.0,0.0,0.0,0.0,17.791564125355006,0.0,0.0,0.0,0.0,41.81017569458426,32.024815425639005,0.0,FY2021-22,2021,Florence; Williamsburg,2,easement,none,False,300.0,93.75673389002179,47431.0,76600.0,1.6260756282354554,SC Conservation Bank grants feature service,False
Whetstone Hill,38.12,34500.0,34500.0,Upstate Forever,No Transfer,Piedmont,235000.0,84001.0,11499.0,0.0,Local: Oconee Co CB,"The 38-acre parcel in the Whetstone community of Oconee County, an area of conservation priority due to its proximity to the Chattooga Wild & Scenic River and the Sumter National Forest. The property consists primarily of cleared, open pasture but includes nearly 1/2-mile of stream frontage along Whetstone Creek, a major tributary of the Chattooga River, plus an additional 1,400' of an unnamed tributary along Conley Road. According to the US Fish and Wildlife Service, several species would benefit from the protection of natural resources on the property, including several migratory bird species of conservation concern. ",,0.0,2.001550964102438,0.0,0.0,0.0,0.0,0.22239455156693758,1.7791564125355006,0.44478910313387515,0.0,0.0,33.581577286607576,0.0,0.0,0.0,FY2021-22,2021,Oconee,1,easement,none,False,905.0367261280169,38.090665665180005,95500.0,130000.0,2.7681159420289854,SC Conservation Bank grants feature service,False
Battle of Hobkirk's Hill - Liberty Trail (Noskwith),5.12,148500.0,148500.0,SC Battleground Preservation Trust,City of Camden or Kershaw County,Pee Dee,297000.0,,,,,"Major General Lord Charles Cornwallis retreated towards Wilmington, North Carolina to resupply after the March 15, 1781, battle at Guilford Courthouse. Beyond pursuit of him, Southern Department Commander Major General Nathanael Greene ""determined to carry the war immediately into South Carolina. The British control of the interior of South Carolina depended on their major depots at Georgetown, Camden, Ninety Six, and Augusta, Georgia, and numerous intermittent posts. Greene began his march on April 7 and arrived on April 20. Green's well-chosen camp was established on the crest of Hobkirk's Hill. The subject property was the Patriot right-flank occupied by a Virginia Continental regiment commanded by Lt. Colonel Richard Campbell. In the ensuing battle, the Patriots lost 21 killed, 113 wounded, 47 captured, and 89 missing. British casualties were 3 9 killed, 210 wounded, and 12 missing. ""The conflict was short and seemed once to promise us advantage, but we were obliged to retire ... with no material loss. We are now within five miles of Camden and shall closely invest it in a day or two again,"" Greene wrote to Francis Marion on April 26. The battle was a technical win for the British. It was, however, a strategic win for Greene. After the Battle of Hobkirk's Hill, the British chose to abandon their post at Camden. The  Noskwith Property would be the first part of the battlefield at Hobkirk's Hill to be preserved. In addition to being part of the Revolutionary War battlefield, this subject property was the site of the Kirkwood Hotel, a famous Camden resort from 1903 to 1943. ",,0.0,5.115074686039564,0.22239455156693758,0.0,0.0,0.0,0.0,0.0,0.0,0.0,0.0,0.0,0.0,0.0,0.0,FY2021-22,2021,Kershaw,1,fee simple,full,True,29003.90625,5.240736457451673,0.0,148500.0,0.0,SC Conservation Bank grants feature service,False
Historic Crawford Mill Property,40.09,250000.0,250000.0,The Foothills Farmstead,No Transfer,Piedmont,600000.0,300000.0,50000.0,0.0,"Oconee County CB: $29,000; Upstate Land Conservation Fund: $20,000; Upstate Forever: $1,000","The Historic Crawford Mill property protects and enhances historical aspects such as petroglyphs, a former grist mill site, and the fact that this farm has been in the same family for over 200 years. The property contains 4 waterfalls, an open field, and wooded areas all with great views. Public access will be allowed for recreation and education of the community park. This includes hiking trails and education of grist mills, petroglyphs, and the project's history through the use of a visitor's center. The petroglyphs were documents by the South Carolina Institute of Archaeology and Anthropology in a book, Discovering South Carolina's Rock Art, by Tommy Charles. They were uncovered, documented, and recovered for protection. ",,0.0,6.894231098575065,0.22239455156693758,0.0,0.0,0.0,20.90508784729213,0.0,0.0,0.0,1.7791564125355006,4.670285582905689,0.0,0.0,0.0,FY2021-22,2021,Oconee,1,fee simple,full,False,6235.969069593414,34.87166193391129,350000.0,600000.0,1.4,SC Conservation Bank grants feature service,True
YLASI Property,315.42,150000.0,150000.0,Pee Dee Land Trust,No Transfer,Pee Dee,1175000.0,520000.0,0.0,0.0,,"The YLASI tract has an exceptional variety of wildlife habitats, some managed and some left in a more natural state. This property is located within an area of the Pee Dee near the Fall Line and provides a diverse assemblage of habitats from both the Piedmont and Coastal Plain regions. The variety of habitats for wildlife including fields, forested wetlands, moist hardwood slopes, duck ponds, and regularly burned open pine woods have the potential to support many rare and high priority state and federal species. Bottomland hardwoods and swamps are classic examples of the Great Pee Dee floodplain, the protection of which benefits wildlife habitat and water quality within an important river system to the Pee Dee Region and state. The ecological functions provided by the site’s wetlands will likewise be preserved which include floodwater mitigation, groundwater recharge, pollutant filtration, and suspended sediment trapping. Traditional land uses, farming, hunting, and silviculture, will also be sustained.",,0.0,14.233251300284005,0.44478910313387515,0.0,0.0,0.0,4.003101928204876,54.041876030765835,20.01550964102438,17.12438047065419,0.22239455156693758,19.34832598632357,41.142992039883445,124.09615977435116,8.673387511110565,FY2021-22,2021,Chesterfield,1,easement,none,False,475.5564009891573,306.1317104025303,520000.0,670000.0,3.466666666666667,SC Conservation Bank grants feature service,False
Mays-Epworth Conservation Area (Turner),216.25,86500.0,86500.0,Upper Savannah Land Trust,No Transfer,Piedmont,635000.0,284500.0,0.0,0.0,,"The ""Mays-Epworth Conservation Area"" is named for the historic Epworth crossroads and Epworth Camp Meeting site, and to honor a landscape significant in the early life and learning of Dr. Bejamin Mays, a champion of non-violent protest, mentor to Dr. Martin Luther King Jr, theologian, writer, and university president. The Turner property along with other protected properties in the area conserves an over 1,500-acre mosaic of open field, pine timberland, and hardwood bottoms. The properties are drained by headwater streams of Cuffeytown Creek, important for the Carolina Heelsplitter's downstream habitat and water quality. ",,0.0,1.556761860968563,0.6671836547008126,0.0,0.0,0.0,2.001550964102438,116.75713957264223,8.450992959543628,0.0,2.6687346188032506,85.39950780170402,0.0,0.0,0.0,FY2021-22,2021,Greenwood,1,easement,none,False,400.0,217.62271440254247,284500.0,371000.0,3.2890173410404624,SC Conservation Bank grants feature service,False
Watson Farm,701.74,235000.0,235000.0,Pee Dee Land Trust,No Transfer,Pee Dee,2807000.0,50150.0,310650.0,141200.0,Local: TNC; Federal: NAWCA (DU),"Watson Farm is used for forestry, agriculture, residential, and recreational uses. The majority of the property is forested with planted and natural stands of loblolly and longleaf pine as well as significant bottomland hardwoods along Black River and Birch Creek. The property has an exceptional variety of wildlife habitats, some managed and some left in a more natural state. The pine flatwoods and longleaf pine stands are well managed for timber production (by a local forester) and wildlife habitat while the bottomland hardwoods and cypress-tupelo swamp are left un-cut for the benefit of wildlife. Such bottomland hardwoods and swamps are classic examples of the Black River floodplain, the protection of which benefits wildlife habitat and water quality within an important river system to the Pee Dee Region and the state.",,5.337469237606501,29.35608080683576,6.004652892307314,4.003101928204876,0.0,0.0,10.00775482051219,176.13648484101455,10.674938475213002,0.8895782062677503,17.791564125355006,312.24195039998034,109.41811937093328,369.1749556011163,13.121278542449318,FY2021-22,2021,Williamsburg,1,easement,none,False,334.8818650782341,705.2923723699049,502000.0,737000.0,2.1361702127659576,SC Conservation Bank grants feature service,False
Woodsend Park and Open Space,86.32,1000000.0,1000000.0,Nation Ford Land Trust,York County,Pee Dee,4300000.0,0.0,3300000.0,0.0,York County,"The Woodsend property is a local scenic landmark with a historic house overlooking ponds and rolling hills. The vision for the property is a greenway with trails, equestrian activity with an existing horse barn and special events in the restored homestead. This property protects water quality as Crowders Creek is nearby as well as the habitat for song birds and small mammals.  ",,0.8895782062677503,3.335918273504064,0.44478910313387515,0.0,0.0,0.0,7.116625650142002,0.44478910313387515,10.230149372079127,0.0,0.0,72.72301836238859,0.0,0.0,0.0,FY2021-22,2021,York,1,fee simple,full,True,11584.800741427249,94.9488087991707,3300000.0,4300000.0,3.3,SC Conservation Bank grants feature service,False
Good Hope Landing Tract,148.0,170000.0,170000.0,SCDNR,No Transfer,Coastal,765000.0,473000.0,122000.0,0.0,Local: SCDNR,"The Good Hope Landing Tract ensures that the functions and values of the mature floodplain continue to provide habitat, flood control, water quality protection, and public access benefits. The property will be incorporated into the Edisto River Wildlife Management Area (WMA), which is currently 1,375 acres and is a portion of a larger Forest Legacy easement that surrounds it (5,752 acres total including the WMA). The property sits adjacent to Good Hope Landing, one of the most used access points on the Edisto River Canoe and Kayak Trail. ",Part of SCDNR's Edisto River Wildlife Management Area,1.556761860968563,0.8895782062677503,0.0,0.0,0.0,0.0,0.0,6.227047443874252,0.0,0.6671836547008126,0.0,0.0,0.0,142.99969665754088,0.0,FY2021-22,2021,Colleton,1,fee simple,full,False,1148.6486486486488,152.26694333476524,595000.0,765000.0,3.5,SC Conservation Bank grants feature service,False
Core Bunched Arrowhead Preserve,16.72,40000.0,40000.0,Naturaland Trust,SCDNR,Piedmont,93632.0,18392.0,35240.0,0.0,Local: SCDNR,"The Core Bunched Arrowhead Preserve expands protections for the federally endangered Bunched Arrowhead and builds on decades of conservation work by SCDNR, USFWS, Naturaland Trust and the local residents of Travelers Rest. The property protects the floodplain and Piedmont seepage forest along the Enoree River and connects a vital watershed. ",,0.0,1.1119727578346879,0.0,0.0,0.0,0.0,2.446340067236313,0.0,0.22239455156693758,0.0,0.0,0.0,0.0,13.121278542449318,0.0,FY2019-20,2019,Greenville,1,fee simple,full,True,2392.3444976076557,16.80815968584465,53632.0,93632.0,1.3408,SC Conservation Bank grants feature service,False
Bobwhite Hills,773.99,850000.0,850000.0,Pheasants Forever & Quail Forever,SCDNR,Central,1625000.0,161000.0,650000.0,0.0,Quail Forever's Build A Wildlife Area Program,"Bobwhite Hills is a longleaf pine savannah in Sumter and Lee Counties in the heart of the National Bobwhite Quail Initiative’s Central Region high-priority area. Rare plants and animals associated with this unique sandhill ecological community benefit from its protection in perpetuity as a Wildlife Management Area under the South Carolina Department of Natural Resources (SCDNR). Taxa experts have determined that due to proximity to known populations and the habitat present, 43 Species of Greatest Conservation Need (SGCN) outlined in the South Carolina State Wildlife Action Plan (SWAP) should be present. The longleaf savannah habitat is also listed in the SWAP as a priority habitat type. The property abuts a leased WMA and is in the focus area of the Longleaf Initiative, and National Bobwhite Conservation Initiative, between two Partners in Amphibian and Reptile Conservation Areas (sandhills). Archeological and historical artifacts are likely due to the presence of similar items on adjacent tracts. The acquisition of Bobwhite Hills will add to a growing network of conservation lands in the region and hopefully become a new major hub in the South Atlantic Landscape Conservation Cooperative Blueprint.",,0.0,15.122829506551755,1.3343673094016253,0.0,0.0,0.0,101.63431006609046,303.56856288886974,5.782258340740376,158.5673152672265,14.455645851850942,7.116625650142002,51.59553596352952,96.96402448318477,0.44478910313387515,FY2021-22,2021,Lee; Sumter,2,fee simple,full,True,1098.2054031705836,756.864607379051,811000.0,1661000.0,0.9541176470588235,SC Conservation Bank grants feature service,False
Liberty Trail - Battle of Hobkirk's Hill (Conder Property),1.72,75000.0,75000.0,SC Battleground Preservation Trust,City of Camden or Kershaw County,Pee Dee,160000.0,,,,,"Major General Lord Charles Cornwallis retreated towards Wilmington, North Carolina to resupply after the March 15, 1781, battle at Guilford Courthouse. Beyond pursuit of him, Southern Department Commander Major General Nathanael Greene ""determined to carry the war immediately into South Carolina. The British control of the interior of South Carolina depended on their major depots at Georgetown, Camden, Ninety Six, and Augusta, Georgia, and numerous intermittent posts. Greene began his march on April 7 and arrived on April 20. Green's well-chosen camp was established on the crest of Hobkirk's Hill. The subject property was the Patriot right-flank occupied by a Virginia Continental regiment commanded by Lt. Colonel Richard Campbell.  In the ensuing battle, the Patriots lost 21 killed, 113 wounded, 47 captured, and 89 missing. British casualties were 39 killed, 210 wounded, and 12 missing. ""The conflict was short and seemed once to promise us advantage, but we were obliged to retire... with no material loss. We are now within five miles of Camden and shall closely invest it in a day or two again,"" Greene wrote to Francis Marion on April 26. The battle was a technical win for the British. It was, however, a strategic win for Greene. After the Battle of Hobkirk's Hill, the British chose to abandon their post at Camden.  The 1.72-acre Conder Property in Camden would be the second part of the battlefield at Hobkirk Hill to be preserved. In 2007, the National Park Service in its Report to Congress on the Historic Preservation of Revolutionary War and War of 1812 Sites in the United States ranked the Hobkirk's Hill battlefield as a high priority battlefield needing protection, making the subject property eligible for a matching Federal grant.  This property would become part of the South Carolina Liberty Trail, The South Carolina Liberty Trail is a partnership between the SC Battleground Trust and the American Battlefield Trust in Washington, DC. The ambition is to create a driving tour network of seventy Revolutionary War battlefields throughout the State and connect to smaller and related historic and cultural sites through an innovative APP now in development. ",,0.0,1.556761860968563,0.0,0.0,0.0,0.0,0.0,0.0,0.0,0.0,0.0,0.0,0.0,0.0,0.0,FY2021-22,2021,Kershaw,1,fee simple,full,True,43604.651162790695,1.6137876804529958,0.0,75000.0,0.0,SC Conservation Bank grants feature service,False
Piedmont Manufacturing Company YWCA,0.7,76500.0,76500.0,Piedmont Historical Preservation Society,No Transfer,Piedmont,153000.0,,,,,"Piedmont Manufacturing Company, a “Pioneer” textile mill in the Upstate, first produced sheeting in 1876. By 1895, four mills on both sides of the Saluda River were sending cloth to China. By 1900, when Greenville mills began to open, President Beattie needed to attract operatives thus building a YMCA and brick mercantile in 1905. In 1908 he erected a YWCA for the benefit of women. The Union Church had housed three congregations and a school prior to 1900. Beattie moved the structure to Main Street, turned it sideways, and remodeled it for a two-story YWCA. Two employees led home economics classes and events until JP Stevens purchased the mill and village on the late 1940s. The building was moved again when Highway 86 was built in 1948 and was sold in 1954 to a mill family.
This family is ready to pass it back to the community for the museum which needs expanded square footage for proper display and storage. The Society is working to enlarge the collections of mill-related documents and artifacts. One area of current work is digitizing the documents and putting the catalog online. Another goal is to serve student groups and educators as they delve into local history topics.  This project is extremely important for the upcoming restoration of downtown Piedmont which begins in March 2022, including the 1905 Mercantile Building, the 1920s Dime Store, and the 1876 Superintendent’s House. Housing is planned for the mill site along the river including a new footbridge returning Piedmont to the walking town it once was. Two mill warehouses have already been restored, The Saluda River Grill and Venue 88. Saluda River Ramblers, a kayaking business, leads river tours, and Anderson County has purchased land to open a kayak park. Central Rivers Power, owners of the 1889 dam and production station, supports water-related activities. ",,0.0,0.44478910313387515,0.44478910313387515,0.0,0.0,0.0,0.0,0.0,0.0,0.0,0.0,0.0,0.0,0.0,0.0,FY2021-22,2021,Greenville,1,fee simple,full,False,109285.71428571429,0.7161613318602582,0.0,76500.0,0.0,SC Conservation Bank grants feature service,True
River Swamp Tract,1017.5,345000.0,345000.0,Open Land Trust,No Transfer,Coastal,4180000.0,0.0,805000.0,0.0,,"Located along I-95 and Highway 21 / Lowcountry Highway in Colleton County, the River Swamp easement property is the missing link within over 12,000 acres of privately protected land and 15 miles of protected Combahee River frontage between the confluence of the Little Salkehatchie and Salkehatchie Rivers and the ACE Basin National Wildlife Refuge Combahee Unit. Protecting the River Swamp property protects over two miles (11,000 feet) along the Combahee River and providing a forested buffer to the largest interstate in the area. River Swamp reflects the Conservation Bank’s priority to protect South Carolina waterways. This property reflects high ecological and private working lands value and when protected will provide public benefit to Colleton County, the Lowcountry region, and South Carolina.",,0.8895782062677503,11.564516681480752,0.0,0.0,0.0,0.0,0.0,306.0149029561061,0.0,0.0,107.86135750996472,0.44478910313387515,0.0,565.9941337378561,14.455645851850942,FY2021-22,2021,Colleton,1,easement,none,False,339.0663390663391,1007.2858357819889,805000.0,1150000.0,2.3333333333333335,SC Conservation Bank grants feature service,False
Santee Island (Santee Delta WMA Addition),1862.0,850000.0,850000.0,SCDNR,No Transfer,Coastal,3210000.0,1210000.0,150000.0,1000000.0,Local: SCDNR Alligator Tag Revenue; Federal: Coastal,"Santee Island is entirely wetland with 99% being nationally declining wetland types. South Carolina Natural Heritage Program tracked priority ecological communities include bottomland hardwoods and cypress-tupelo swamp. Santee Island is so named for its location between the mainstem of two rivers and two side branches, making it a true island. The tract is heavily forested except for ~100 acres in historic rice fields with thick, early successional vegetation. Depressional wetlands can be found within one of these old fields. These rice fields have been proposed for addition to the Georgetown County Rice Culture National Register of Historic Places nomination. The forested wetlands and openings are utilized by no less than 117 priority species, 12 of which have some sort of federal designation, and 47 are also of regional conservation concern. Parcel analysis by the South Atlantic Landscape Conservation Cooperative Blueprint rank 96% of Santee as “highest priority” in overall regional priority considering connectivity, reptile and amphibian abundance, habitat for forested wetland birds, aquatic resource value, and significance for climate change resilience as the property is a prime candidate for Spartina marsh migration.",Part of SCDNR's Santee Island,21.349876950426005,0.0,0.0,0.0,0.0,0.0,0.0,0.0,0.0,0.0,0.0,0.0,0.0,1847.6539344181174,94.07289531281458,FY2021-22,2021,Georgetown,1,fee simple,full,False,456.4983888292159,1964.1988617990821,2360000.0,3210000.0,2.776470588235294,SC Conservation Bank grants feature service,False
Toner Tract,336.27,84068.0,84068.0,Lord Berkeley Conservation Trust,No Transfer,Central,824000.0,0.0,302932.0,0.0,,"The Toner tract project presents a unique opportunity to protect an agriculturally significant tract of land located in Clarendon County near Summerton, SC. The property is an extremely well-managed, naturally diverse family farm that provides habitat for numerous game and non-game species alike. A variety of land features are contained within the Property, including non-riverine forested wetlands, forested uplands, and productive agricultural fields.The Property is located in an area with a long and rich history of farming. The owner plans to continue to oversee proper farming practices, as well as productive timber management. The Property contains a high percentage of prime soils that produce high quality vegetables and other crops. In addition to farming, other conservation values include diverse timber stands, relatively natural habitat suitable for hunting, and forested wetlands. Pine buffers have been planted along utility easements and segments the agricultural field, in order to maintain edge habitat for wildlife and as part of the Conservation Reserve Program. The Property has been used for hunting for several years and sustained bountiful populations of game species. The timber is professionally managed for harvest, predominantly mixed hardwood with some piney areas, and consists of several different age classes.",,0.0,9.11817661424444,3.7807073766379387,0.0,0.0,0.0,0.0,73.83499112022326,0.0,2.001550964102438,0.0,0.0,155.23139699372243,90.51458248774358,0.0,FY2021-22,2021,Clarendon,1,easement,none,False,250.00148690040743,336.823312500614,302932.0,387000.0,3.603416282057382,SC Conservation Bank grants feature service,False
Cedar Mountain,141.0,500000.0,500000.0,Naturaland Trust,SCDNR,Piedmont,920000.0,20000.0,400000.0,0.0,"Local: Greenville Co HNRT ($150,000) & Naturaland Trust credit until SCDNR purchase ($250,000)","Cedar Mountain is a stunning Blue Ridge gem, an archetype for what we look for in land conservation. The property has 0.4 miles of frontage on Old Highway 25, which is the start of a popular biking route for riders heading into North Carolina. Looking up from the road, the property is characterized by an undulating ridgeline that summits at 1,765 feet called Cedar Mountain. On the interior, mature trees, headwater streams, boulders, rock walls and a 3-acre granitic bald accentuate the property. Ecologically, Cedar Mountain is significant. SCDNR’s biologists made a cursory trip to visit and document the flora and fauna found on the tract. To their surprise they found two new records for rare plant species and the 3rd known record of a milk snake in South Carolina. Judging by tracks found on the property there is ample bear, bobcat and deer, which likely use the land as a corridor to link into the Watershed. During the winter there is also a large wild turkey roost and, in the mornings, the turkeys fly from the mountain down to the Bramlett Bottoms to forage and mate. ",Part of SCDNR's Cedar Mountain Heritage Preserve,0.0,5.337469237606501,0.6671836547008126,0.22239455156693758,0.0,0.0,120.98263605241404,0.0,6.894231098575065,0.0,0.0,3.7807073766379387,0.0,0.0,0.0,FY2021-22,2021,Greenville,1,fee simple,full,True,3546.099290780142,155.69556523969547,420000.0,920000.0,0.84,SC Conservation Bank grants feature service,False
Tyger River Confluence,200.78,157500.0,157500.0,Upstate Forever,Tyger River Foundation,Piedmont,968000.0,13000.0,355500.0,0.0,"Local: Upstate Forever ($10,000) & Upstate Land Conservation Fund ($3,000)","The Tyger River Confluence at Nesbitt Shoals is located at the convergence of the North and South Tyger Rivers in Spartanburg County. Its location, geology, and history make this a unique opportunity to conserve a part of Spartanburg County’s natural beauty while simultaneously offering outstanding recreational access for the public and the protection of local water quality. The property consists of 4 parcels, the largest of which boasts 2 miles of river frontage on the North and South Tyger. The tract is covered in regenerating woodlands with a mature oak/hickory ridgetop overlooking early succession pine/cedar forests and bottomlands. Old roadbeds serve as excellent hiking trails to explore the property. River access is ample with a Class 4 rapid, nicknamed Sting ‘em Dog, accessible from the property.",,3.335918273504064,2.446340067236313,0.44478910313387515,0.6671836547008126,0.0,0.0,87.40105876580645,12.009305784614629,71.83344015612083,0.22239455156693758,0.6671836547008126,10.674938475213002,0.0,7.561414753275877,0.8895782062677503,FY2021-22,2021,Spartanburg,1,easement,full,True,784.4406813427632,197.7214286659759,368500.0,526000.0,2.33968253968254,SC Conservation Bank grants feature service,False
North Fork Edisto Tract,36.71,49950.0,49950.0,Congaree Land Trust,No Transfer,Central,165000.0,24300.0,0.0,0.0,,"The North Fork Edisto Tract features a variety of habitat types including fields, a pond, a seep, and a riparian hardwood forest, all supporting abundant and healthy wildlife populations.  The Property supports excellent populations of both game and nongame wildlife including white-tailed deer, gray squirrels, rabbits, wild turkey, mourning dove, ducks and various avian, reptile, amphibian, and aquatic species. This Property will also protect water quality along approximately 2,024 Feet of the North Fork Edisto River. The Edisto River flows through the ACE Basin supplying surface water to cities and towns toward the Atlantic Ocean.",,0.44478910313387515,0.0,0.0,0.0,0.0,0.0,0.22239455156693758,2.446340067236313,0.6671836547008126,0.0,0.44478910313387515,16.234802264386442,0.44478910313387515,16.45719681595338,0.0,FY2021-22,2021,Lexington,1,easement,none,False,1360.664669027513,37.10270440193188,24300.0,74250.0,0.4864864864864865,SC Conservation Bank grants feature service,False
Berkeley Orchard,4.41,162500.0,162500.0,City of Clemson,No Transfer,Piedmont,385000.0,60000.0,162500.0,0.0,Local: City of Clemson,"The City of Clemson spearheaded the Berkeley Orchard project to secure this linchpin in the Green Crescent Trail, a multi-modal network of pathways with connection points to surrounding municipalities, Clemson University, and the Clemson Experimental Forest, and create a passive park featuring an orchard of native fruiting trees, pollinators, and meadows.",,0.0,2.891129170370188,0.22239455156693758,0.0,0.0,0.0,0.8895782062677503,0.0,0.22239455156693758,0.0,0.0,0.44478910313387515,0.0,0.0,0.0,FY2022-23,2022,Pickens,1,fee simple,full,False,36848.07256235828,4.36877005447994,222500.0,385000.0,1.3692307692307693,SC Conservation Bank grants feature service,False
Fishing Creek Tract,110.48,125000.0,125000.0,Nation Ford Land Trust,No Transfer,Pee Dee,1080000.0,370000.0,0.0,0.0,,"The Fishing Creek Tract consists of bottomland hardwoods and unique geological formations along 3,000 feet on Fishing Creek . Importantly, the owners recently discovered a 200-year-old burial site of 144 enslaved individuals and are working with archaeologists and historians to preserve and interpret the site.",,0.0,1.1119727578346879,0.6671836547008126,0.0,0.0,0.0,79.61724946096365,6.004652892307314,1.556761860968563,0.0,2.446340067236313,15.56761860968563,0.0,0.0,0.0,FY2022-23,2022,York,1,easement,limited,False,1131.4265025343952,107.51131181543343,370000.0,495000.0,2.96,SC Conservation Bank grants feature service,False
Soapstone Church,6.45,20000.0,20000.0,Upstate Forever,No Transfer,Piedmont,135000.0,15000.0,10000.0,0.0,Local: Upstate Land Conservation Fund,"Nearly 150 years ago, once enslaved African Americans established Soapstone Church in the shadows of Table Rock and the Blue Ridge Escarpment in Pickens County and named it after the large soapstone boulder and outcropping on the property. An historic schoolhouse and burial grounds bear witness to the property’s central role in this rural Piedmont community.  Under Mabel Owens Clarke’s leadership, the natural and historic integrity of the church and its grounds will be sustained in perpetuity.",,0.0,2.891129170370188,0.44478910313387515,0.22239455156693758,0.0,0.0,2.446340067236313,0.0,0.0,0.0,0.6671836547008126,0.8895782062677503,0.0,0.0,0.0,FY2022-23,2022,Pickens,1,easement,limited,False,3100.7751937984494,7.267946548368002,25000.0,45000.0,1.25,SC Conservation Bank grants feature service,False
ACE Basin: St. Helena Estuary (Cummings) Ti Ti 2,1742.0,215000.0,215000.0,The Nature Conservancy,No Transfer,Coastal,4355000.0,1119500.0,220500.0,0.0,Local: TNC,This property is situated in the heart of the Ashepoo-Combahee-Edisto (ACE) Rivers Basin next to the Bear Island Wildlife Management Area.  Its protection buffers this important waterfowl sanctuary and safeguards water quality and wildlife habitat in the broader coastal plain.,,68.0527327794829,0.0,0.0,0.0,0.0,0.0,0.0,1.1119727578346879,0.0,0.8895782062677503,0.44478910313387515,0.0,0.0,85.39950780170402,1577.889343367422,FY2022-23,2022,Colleton,1,easement,none,False,123.42135476463835,1735.3887723820394,1340000.0,1555000.0,6.232558139534884,SC Conservation Bank grants feature service,False
Historic Glendale Mill,16.49,785000.0,785000.0,Spartanburg Area Conservancy,No Transfer,Piedmont,1570000.0,70000.0,715000.0,0.0,"Wofford College: $250,000 Balmer Foundation: $150,000 Spartanburg County: $120,000 Upstate Land Cons. Fund: $80,000 Raised Private Donations: $115,000","The Historic Glendale Mill property contains the ruins of this historic textile mill and fronts on 2,000 feet of Lawson's Fork Creek.  Its acquisition expands the adjoining Glendale Shoals Preserve and buffers Wofford College’s Environmental Center, while offering a passive recreational park and trail access in the heart of Spartanburg.",,0.0,2.2239455156693757,1.7791564125355006,2.001550964102438,0.8895782062677503,0.0,7.33902020170894,0.0,0.6671836547008126,0.0,0.0,0.6671836547008126,0.0,0.22239455156693758,0.0,FY2022-23,2022,Spartanburg,1,fee simple,full,False,47604.60885385083,15.817774711502057,785000.0,1570000.0,1.0,SC Conservation Bank grants feature service,False
Oakville / Burden Creek,90.16,500000.0,500000.0,Lowcountry Land Trust,No Transfer,Coastal,4868000.0,3868000.0,500000.0,0.0,Charleston Co Greenbelt Program,"This Johns Island property fronts on 2,700 feet of marsh along the Stono River, and its protection compliments efforts to support the Gullah Geechee heritage corridor, enhance water quality, and maintain wildlife habitat on Charleston Metropolitan’s urban edge.",,0.0,0.0,0.0,0.0,0.0,0.0,0.0,65.82878726381352,0.22239455156693758,0.44478910313387515,0.0,2.891129170370188,0.22239455156693758,22.68424425982763,2.001550964102438,FY2022-23,2022,Charleston,1,easement,limited,False,5545.69653948536,94.1158309777241,4368000.0,4868000.0,8.736,SC Conservation Bank grants feature service,False
Hazelwood Farm,178.1,78050.0,78050.0,Katawba Valley Land Trust,No Transfer,Pee Dee,680000.0,236950.0,0.0,0.0,,"Hazelwood Farms, a fourth-generation farm south of Charlotte, consists of agricultural fields, mixed pine and hardwood uplands, and bottomland hardwoods. Its protection helps maintain the rural character and open space of this agricultural community.",,0.22239455156693758,0.0,0.0,0.0,0.0,0.0,13.78846219715013,22.90663881139457,7.783809304842815,112.08685398973654,0.6671836547008126,26.242557084898635,0.0,0.44478910313387515,0.0,FY2022-23,2022,Chester,1,easement,none,False,438.2369455362156,184.20829574902686,236950.0,315000.0,3.0358744394618835,SC Conservation Bank grants feature service,True
Newton Farm,563.47,250000.0,250000.0,Pee Dee Land Trust,No Transfer,Pee Dee,1890000.0,370000.0,0.0,0.0,,"The conservation easement on Newton Farm helps consolidate the patchwork of protected agricultural lands and small family farms in this corner of the state and secures water quality buffers on 1.6 miles of Reedy Creek, a tributary of the Little Pee Dee River.",,0.0,9.785360268945253,4.447891031338751,0.0,0.0,0.0,0.0,20.01550964102438,0.0,0.44478910313387515,1.556761860968563,0.0,275.54684939143567,197.93115089457442,62.04807988717558,FY2022-23,2022,Marlboro,1,easement,none,False,443.6793440644577,578.1973212894095,370000.0,620000.0,1.48,SC Conservation Bank grants feature service,False
"Black River (Camel, LLC) Park Ranger Tract",162.93,1200000.0,1200000.0,The Nature Conservancy,SCPRT,Coastal,1865000.0,65000.0,600000.0,0.0,"TNC: $350,000 Butler Conservation: $50,000 Boeing Foundation: $100,000 Darla Moore Foundation: $100,000",The Park Ranger Tract fronts on over 2 miles of the Black River and is a crucial piece of the emerging State Park centering on access to the river. The project will expand nature-based economic opportunities in the surrounding rural communities and preserve the scenic vistas along the river.,Part of SCPRT's Black River State Park,5.782258340740376,1.556761860968563,0.22239455156693758,0.0,0.0,0.0,0.0,22.01706060512682,0.0,19.570720537890505,0.0,0.0,0.0,132.32475818232783,0.0,FY2022-23,2022,Georgetown,1,fee simple,full,True,7365.126127784938,181.0096871467231,665000.0,1865000.0,0.5541666666666667,SC Conservation Bank grants feature service,False
Carter Property,46.0,110000.0,110000.0,Nation Ford Land Trust,No Transfer,Pee Dee,920000.0,465000.0,0.0,0.0,,"The Carter Property, a farm dating to the early 1800s, consists of old-growth along Burgis Creek near the outskirts of Rock Hill.  Its protection safeguards water quality for the creek, which flows into the Catawba River, and secures family-owned farmland in a rapidly growing area of our state.",,0.0,2.001550964102438,0.44478910313387515,0.22239455156693758,0.0,0.0,5.782258340740376,2.6687346188032506,17.12438047065419,0.0,0.0,14.455645851850942,0.0,0.0,0.0,FY2022-23,2022,York,1,easement,none,False,2391.304347826087,42.67522733457015,465000.0,575000.0,4.2272727272727275,SC Conservation Bank grants feature service,False
Shiloh Ridge at Paris Mountain,149.88,750000.0,750000.0,Naturaland Trust,SCPRT,Piedmont,2400000.0,400000.0,1250000.0,0.0,"Naturaland Trust credit DNR: $800,000 Greenville Trust: $400,000 Community Foundation: $50,000","Stunning ridge lines, mountains, streams, and mature forests make up this property.  Its acquisition will expand Paris Mountain State Park, one of the state's most popular and urban parks, by approximately 10% and will add new access points into the larger park.",Part of SCPRT's Paris Mountain,0.0,0.0,0.0,0.0,0.0,0.0,139.88617293560375,3.113523721937126,5.337469237606501,0.0,0.0,0.0,0.0,0.0,0.0,FY2022-23,2022,Greenville,1,fee simple,full,True,5004.003202562049,148.5688641156294,1650000.0,2400000.0,2.2,SC Conservation Bank grants feature service,False
Waites Island,259.25,4000000.0,500000.0,Open Space Institute,SCDNR,Coastal,7070000.0,3070000.0,3500000.0,0.0,SCOR: $2.5; Private: 1M,"Waites Island is one of the last remaining undeveloped, yet still largely unprotected, barrier islands of this size along the Eastern Seaboard.  As such, it has remained a conservation priority for decades.  This project will result in the northernmost section of the island being protected and acquired by the State for public use.","Reimbursed $3,500,000",28.68889715213495,0.0,0.0,0.0,0.0,111.8644594381696,0.0,3.558312825071001,0.0,0.0,0.0,0.0,0.0,8.22859840797669,106.74938475213004,FY2022-23,2022,Horry,1,fee simple,full,True,15429.122468659594,258.6462718213888,6570000.0,10570000.0,1.6425,SC Conservation Bank grants feature service,False
Curryton Academy Park,0.37,27565.0,27565.0,Edgefield County Historical Society,No Transfer,Piedmont,28000.0,435.0,0.0,0.0,,"This project protects a parcel upon which the Curryton Academy once stood and where a magnificent Magnolia tree, believed to be the third largest in South Carolina, now stands.",,0.0,0.0,0.0,0.0,0.0,0.0,0.0,0.0,0.0,0.0,0.0,0.44478910313387515,0.0,0.0,0.0,FY2022-23,2022,Edgefield,1,fee simple,full,False,74500.0,0.3725161950732791,435.0,28000.0,0.015780881552693634,SC Conservation Bank grants feature service,True
Black River State Park: Sims Reach (Colonial Properties),143.22,300000.0,300000.0,SCPRT and TNC,SCPRT,Pee Dee,443000.0,4070.0,138930.0,0.0,"Darla Moore Foundation: $100,000; Butler Conservation: $38,930","The Sims Reach property expands the Black River State Park, where it will provide canoe and kayak access to the river.  Its acquisition will protect scenic vistas and water quality on over one mile of the Black River.  ",Part of SCPRT's Black River State Park,1.1119727578346879,8.673387511110565,0.22239455156693758,0.0,0.0,0.0,0.0,13.343673094016255,0.22239455156693758,2.446340067236313,0.0,0.0,0.0,113.86601040227204,0.0,FY2022-23,2022,Williamsburg,1,fee simple,full,True,2094.679514034353,140.24477100312612,143000.0,443000.0,0.4766666666666667,SC Conservation Bank grants feature service,False
Great Santee Swamp,2114.95,649000.0,649000.0,Open Space Institute,SCFC,Coastal,4710267.0,1816267.0,0.0,2245000.0,"NAWCA: $1,245,000 NCWCGP: $1,000,000","Great Santee Swamp fronts on 2.75 miles along the Santee River and forms a critical link in the regional patchwork of protected properties called the ""Santee River Wilderness Corridor.”  SC State Forestry Commission will manage it as an expansion of the Wee Tee State Forest complex and it will be included in DNR’s Wildlife Management Area program for public recreation.",Part of SCFC's Great Santee Swamp,18.01395867692194,7.561414753275877,0.22239455156693758,0.0,0.0,0.22239455156693758,0.0,76.94851484216039,0.0,7.783809304842815,6.44944199544119,0.22239455156693758,0.0,1992.8775765913274,5.115074686039564,FY2022-23,2022,Georgetown,1,fee simple,full,True,306.8630464077165,2116.879608561901,4061267.0,4710267.0,6.257730354391371,SC Conservation Bank grants feature service,False
Santee River - Dawhoo and Wadmacon Creek Tract,1742.55,645000.0,645000.0,The Nature Conservancy,SCFC,Coastal,3689733.0,1344733.0,0.0,1700000.0,"NAWCA: $700,000 NCWCGP: $1,000,000","This tract fronts on over two miles of the Santee River and expands the Wee Tee State Forest complex, where it will afford public hunting and recreational opportunities.  The property includes a large block of forested floodplain on Wadmacon Creek and Dawhoo Lake, which provide wildlife habitat and help sustain water quality in the Santee River.  ",Part of SCFC's Dawhoo Lake-Wadmacon,16.234802264386442,0.0,0.0,0.0,0.0,0.0,0.0,11.119727578346877,0.44478910313387515,3.558312825071001,0.22239455156693758,0.0,0.0,1617.4755735463368,0.44478910313387515,FY2022-23,2022,Georgetown,1,fee simple,full,True,370.14719807179137,1652.4238689972422,3044733.0,3689733.0,4.720516279069767,SC Conservation Bank grants feature service,False
Blackwell Farm,50.28,137500.0,137500.0,Upstate Forever,No Transfer,Piedmont,825000.0,163415.0,19085.23,275000.0,"Local: Greenville Women Giving
Federal: Natural Resources Conservation Service","McKinney Creek, a tributary of the Tyger River, forms the southern boundary of this farm, in the bucolic countryside of northern Greenville County. The property contains a spring-fed freshwater pond, meadows, and mixed hardwood pine forests, all of which support diverse native wildlife habitat and help maintain the rural character and agricultural economy in this rapidly urbanizing area of northern Greenville County.",,0.0,1.3343673094016253,0.0,0.0,0.0,0.0,13.78846219715013,4.670285582905689,2.6687346188032506,0.0,0.0,27.799318945867196,0.0,0.0,0.0,FY2022-23,2022,Greenville,1,easement,none,False,2734.6857597454255,49.59297767751446,457500.23,595000.23,3.3272744,SC Conservation Bank grants feature service,False
Eastatoe Headwaters,26.61,45000.0,45000.0,Upstate Forever,No Transfer,Piedmont,280000.0,109000.0,0.0,0.0,,"This property is situated at the northern end of the Eastatoe Valley, an historic farming community that adjoins the Jocassee Gorges Wilderness Area. Its protections will help secure dramatic vistas of the mountains, water quality in the Eastatoe River, and the rural character of the agricultural area.",,0.0,3.113523721937126,0.0,0.0,0.0,0.0,8.895782062677503,0.0,7.116625650142002,0.0,0.0,6.227047443874252,0.0,0.0,0.0,FY2022-23,2022,Pickens,1,easement,none,False,1691.0935738444193,24.79468235573146,109000.0,154000.0,2.422222222222222,SC Conservation Bank grants feature service,False
Plantersville Cultural Center,10.0,60000.0,60000.0,Open Space Institute,The Village Group,Coastal,80000.0,0.0,20000.0,0.0,"Donnelley Foundation: $20,000",The Plantersville Cultural Center will create a passive park in this historic community while also allowing the local community an opportunity to interpret the Gullah-Geechee history associated with the rice plantations along the coast.,,0.0,1.1119727578346879,0.44478910313387515,0.0,0.0,0.0,0.0,0.44478910313387515,0.0,6.004652892307314,0.6671836547008126,0.0,0.0,1.7791564125355006,0.22239455156693758,FY2022-23,2022,Georgetown,1,fee simple,full,True,6000.0,10.564973033041298,20000.0,80000.0,0.3333333333333333,SC Conservation Bank grants feature service,False
Eureka Preserve,601.46,350000.0,350000.0,Aiken Land Conservancy,No Transfer,Central,3070000.0,1335000.0,0.0,0.0,,"The conservation easement on the Eureka Preserve supports water quality in Shaws Creek, the primary source of drinking water for the City of Aiken, as well as wildlife habitat and sustainably managed forestland.",,0.0,6.004652892307314,2.001550964102438,0.0,0.0,0.0,3.335918273504064,206.82693295725196,20.90508784729213,217.94666053559882,90.51458248774358,2.2239455156693757,6.004652892307314,45.36848851965526,0.0,FY2022-23,2022,Aiken,1,easement,none,False,581.9173344860839,601.3764886884683,1335000.0,1685000.0,3.8142857142857145,SC Conservation Bank grants feature service,False
Little Eastatoee on Scenic Hwy 11,234.72,400000.0,400000.0,Naturaland Trust,SCDNR,Piedmont,1220000.0,220000.0,600000.0,0.0,"Keowee Toxaway Habitat Enhancement Program ($300,000); Naturaland Trust for DNR ($300,000)","The Little Eastatoee tract protects the forested foothills in Pickens County, 1.6 miles of frontage on Scenic Highway 11, and a mile along Little Eastatoee Creek.  The property expands the wildlife corridor between Nine Times Forest and Jocassee Gorges, and will be used as a Wildlife Management Area.",Leased as a SCDNR Wildlife Management Area,0.0,18.23635322848888,0.44478910313387515,0.0,0.0,0.0,67.38554912478209,50.9283523088287,80.06203856409752,0.0,6.894231098575065,8.895782062677503,0.0,0.0,0.0,FY2022-23,2022,Pickens,1,fee simple,full,True,1704.1581458759374,233.88819421501097,820000.0,1220000.0,2.05,SC Conservation Bank grants feature service,False
Limerick Plantation,233.99,266535.0,266535.0,Lord Berkeley Conservation Trust,No Transfer,Coastal,2100000.0,483465.0,0.0,0.0,,"This historic property fronts on one mile of the East Branch of the Cooper River north of the rapidly expanding Town of Mount Pleasant and contains archeologically significant artifacts, including centuries-old burial grounds, a colonial-era wharf on Huger Creek, and historic rice fields, all of which will remain undisturbed.",,1.556761860968563,7.116625650142002,0.8895782062677503,0.0,0.0,0.0,0.0,54.486665133899706,0.0,6.004652892307314,0.0,5.782258340740376,0.6671836547008126,140.55335659030453,7.33902020170894,FY2022-23,2022,Berkeley,1,easement,none,False,1139.0871404760887,223.82621891134357,483465.0,750000.0,1.8138893578704485,SC Conservation Bank grants feature service,False
Gourdin Tracts,342.75,130757.0,130757.0,Lord Berkeley Conservation Trust,No Transfer,Coastal,1720000.0,212243.0,0.0,0.0,,"Protection of the Gourdin Tracts permanently conserves the rural context of the historic Pineville community, and prime agricultural soils and productive timberland in one of the state’s most rapidly developing counties.",,0.0,12.454094887748504,4.447891031338751,0.0,0.0,0.22239455156693758,0.0,100.7447318598227,0.0,7.561414753275877,0.8895782062677503,1.3343673094016253,118.53629598517773,111.8644594381696,0.0,FY2022-23,2022,Berkeley,1,easement,none,False,381.49380014587894,358.08135233061256,212243.0,343000.0,1.623186521562899,SC Conservation Bank grants feature service,False
Congaree Creek Heritage Preserve Addition,575.81,7000000.0,1234000.0,Open Space Institute,SCDNR,Central,7790000.0,90000.0,0.0,0.0,"SCDNR Reimbursement: $5,766,000 pending","This project expands Congaree Creek Heritage Preserve into one of the largest unfragmented public preserves inside the Columbia Metropolitan Area, where it will offer public access via an integrated trail network.  Its acquisition supports water quality in the Congaree River and wildlife habitat in a rapidly urbanizing area. The property is also archeologically significant, with artifacts dating back 12,000 years.","Part of SCDNR's Congaree Creek Heritage Preserve; Reimbursed $5,766,000",0.0,21.12748239885907,9.11817661424444,0.8895782062677503,0.0,0.0,28.911291703701885,186.5890287646606,21.572271501992944,2.001550964102438,0.0,0.0,0.0,313.353923157815,0.0,FY2022-23,2022,Lexington,1,fee simple,full,True,12156.7878293187,584.3188007404352,90000.0,7090000.0,0.012857142857142857,SC Conservation Bank grants feature service,False
Woodcock Woods,31.64,300000.0,300000.0,Naturaland Trust,SCDNR,Piedmont,690000.0,90000.0,300000.0,0.0,"Greenville Trust: $50,000 ULCF: $100,000 Broad River Mitigation Fund:$100,000 Naturaland Trust credit DNR: $90,000",The Woodcock Woods project builds on a decades-long conservation effort to save the federally endangered Bunched Arrowhead plants and secure suitable habitat for their repopulation.  SCDNR will add the property to its Heritage Preserve program.,Part of SCDNR's Bunched Arrowhead Heritage Preserve,0.0,0.0,0.6671836547008126,0.0,0.0,0.0,13.343673094016255,3.7807073766379387,3.335918273504064,0.0,0.0,3.7807073766379387,0.0,7.116625650142002,0.0,FY2022-23,2022,Greenville,1,fee simple,full,True,9481.668773704172,32.14012829561108,390000.0,690000.0,1.3,SC Conservation Bank grants feature service,False
River Road,27.03,160000.0,160000.0,Naturaland Trust,SCDNR,Piedmont,515000.0,115000.0,240000.0,0.0,"Easley Combined Utilities: $195,000 ULCF: $45,000",River Road secures over 0.5 miles of frontage on the North Saluda River and will provide public access for trout fishing.,,0.0,0.8895782062677503,0.44478910313387515,0.0,0.0,0.0,22.461849708260694,0.0,0.0,0.0,0.22239455156693758,4.670285582905689,0.0,0.0,0.0,FY2022-23,2022,Greenville,1,fee simple,full,True,5919.348871624121,28.47247681715317,355000.0,515000.0,2.21875,SC Conservation Bank grants feature service,False
Salters Property,626.0,385000.0,385000.0,Pee Dee Land Trust,No Transfer,Pee Dee,1860000.0,508800.0,0.0,136200.0,NAWCA,"This centuries-old farm is situated on over 8,600 feet of the Black River, where it provides wildlife habitat and scenic vistas along the emerging new State Park.",,0.0,19.793115089457444,0.6671836547008126,0.0,0.0,0.0,0.0,127.20968349628829,2.001550964102438,34.471155492875326,39.14144107578101,0.0,2.2239455156693757,378.9603158700616,4.003101928204876,FY2022-23,2022,Williamsburg,1,easement,none,False,615.0159744408945,609.1098295891107,645000.0,1030000.0,1.6753246753246753,SC Conservation Bank grants feature service,False
Saluda Dam Acres,69.59,275000.0,275000.0,Upstate Forever,No Transfer,Piedmont,2090000.0,1095000.0,90000.0,0.0,Greenville Co HNRT,Saluda Dam Acres is located less than five miles from the City of Greenville and secures a wildlife oasis in the Saluda River Focus Area within the rapidly urbanizing metropolitan area.,,0.8895782062677503,7.116625650142002,3.113523721937126,0.0,0.0,0.0,46.03567217435607,8.450992959543628,4.003101928204876,0.0,0.0,2.6687346188032506,0.0,0.0,0.0,FY2022-23,2022,Greenville,1,easement,none,False,3951.7172007472336,71.57353002962547,1185000.0,1460000.0,4.3090909090909095,SC Conservation Bank grants feature service,False
Bishop Branch Pastures,64.73,145800.0,145800.0,Upstate Forever,No Transfer,Piedmont,680000.0,154700.0,20000.0,165500.0,"NRCS: $165,500; Upstate Land Conservation Trust: $20,000",The Bishop Branch Pastures tract consists of scenic agricultural land south of Pendleton along the Three & Twenty Creek Watershed.  Its protection helps maintain the rural character of this historic farming community and protects the drinking water for Anderson and Pickens counties.,,0.0,0.8895782062677503,0.22239455156693758,0.0,0.0,0.0,2.6687346188032506,3.7807073766379387,0.8895782062677503,12.89888399088238,20.23790419259132,19.793115089457444,0.0,3.113523721937126,0.0,FY2022-23,2022,Anderson,1,easement,none,False,2252.4331839950564,64.35370482514212,340200.0,486000.0,2.3333333333333335,SC Conservation Bank grants feature service,False
Independence Farm,498.22,650000.0,650000.0,Open Space Institute,Florence County,Pee Dee,1380000.0,80000.0,650000.0,0.0,Lynches River Conservation Fund,"Independence Farm fronts on 1.5 meandering miles of the Scenic Lynches River, a designated State Scenic River and a National Recreation Trail. The property will be managed by Florence County as a new park with interior trails, boardwalks along the river, and access to the Lynches River.",,0.6671836547008126,19.12593143475663,2.891129170370188,0.0,0.0,0.0,0.0,6.227047443874252,0.22239455156693758,22.239455156693754,12.231700336181566,0.0,24.908189775497007,397.6414582016843,2.2239455156693757,FY2022-23,2022,Florence,1,fee simple,full,True,1304.644534542973,490.0102734223945,730000.0,1380000.0,1.123076923076923,SC Conservation Bank grants feature service,False
Botany Bay Heritage Preserve Addition,180.17,1200000.0,1200000.0,Open Space Institute,SCDNR,Coastal,3200000.0,0.0,2000000.0,0.0,Charleston Co Greenbelt Program,"SCDNR's 4,100-acre Botany Bay Heritage Preserve and Wildlife Management Area on Edisto Island remains one of the most heavily visited public preserves in the state, which will expand by 180 acres with this project.  Importantly, it will secure the dramatic entrance to the historic coastal property, perhaps the most photographed vista in the state.",Part of SCDNR's Botany Bay Plantation Heritage Preserve/ Wildlife Management Area,0.0,3.113523721937126,1.7791564125355006,0.0,0.0,0.0,0.0,96.5192353800509,0.0,0.0,0.0,0.0,0.0,75.39175298119183,3.335918273504064,FY2022-23,2022,Charleston,1,fee simple,full,True,6660.376311261587,179.68394204020854,2000000.0,3200000.0,1.6666666666666667,SC Conservation Bank grants feature service,False
Slater Tract,3507.45,1000000.0,1000000.0,SCDNR,No Transfer,Coastal,19140000.0,1640000.0,7043000.0,9457000.0,"Forest Legacy: $9,457,000 DNR Heritage Trust: $6,043,000 DNR Timber Revenue: $475,000 DNR Deer License Revenue: $475,000","The Slater Tract is a keystone property in the Southern Coastal Biodiversity Project and helps tie the ACE Basin to the South Lowcountry Focus Area.  Two rivers - the Coosawhatchie and Tulifiny – intersect at the property and provide over 15 miles of important wetland habitat.  The tract will be enrolled in the Wildlife Management Area (WMA) and Heritage Trust (HT) Programs, which will provide public access to hunting, fishing, hiking, wildlife watching, and research.",Part of SCDNR's Coosawhatchie Heritage Preserve/Wildlife Management Area,0.0,34.9159445960092,3.558312825071001,0.0,0.0,0.0,0.0,553.9848279532415,0.0,293.7832026199245,18.90353688318969,0.44478910313387515,51.59553596352952,2512.6136436032602,0.0,FY2022-23,2022,Jasper,1,fee simple,full,False,285.10741421830676,3472.0580520082667,18140000.0,19140000.0,18.14,SC Conservation Bank grants feature service,False
Triple Oak Farm,91.79,150000.0,150000.0,Upstate Forever,No Transfer,Piedmont,1147000.0,650000.0,26000.0,0.0,"ULCF: $20,000; Upstate Forever: $6,000","Six miles north of Inman, SC, fronting on 1,750 feet of Lake Bowen, sits Triple Oak Farm, a registered South Carolina Century Farm.  The historic farmhouse and barns have survived through the years and, together with the rolling farmland and mature forests, will be preserved for posterity.",,0.0,4.892680134472626,0.0,0.0,0.0,0.0,26.68734618803251,30.690448116237384,6.671836547008128,0.22239455156693758,0.22239455156693758,21.12748239885907,0.0,0.0,0.0,FY2022-23,2022,Spartanburg,1,easement,none,False,1634.1649417147837,91.27033939124883,676000.0,826000.0,4.506666666666667,SC Conservation Bank grants feature service,False
Jenkins House,9.23,280000.0,280000.0,Pendleton Historic Foundation,No Transfer,Piedmont,476000.0,37809.0,158191.0,0.0,"Upstate Forever: $10,000; Pendleton Historic Foundation: $148,191",The Jenkins House was constructed in Pendleton in 1835 and is one of the earliest examples of late Federal architecture in the area.  Acquiring this property will result in the restoration of this home and multiple historic outbuildings as well as the a large block of land that will be used as a public park within town limits.,,0.0,5.782258340740376,0.44478910313387515,0.0,0.0,0.0,0.44478910313387515,0.0,1.7791564125355006,0.0,0.0,1.1119727578346879,0.0,0.0,0.0,FY2022-23,2022,Anderson,1,fee simple,full,False,30335.861321776814,9.32199463477156,196000.0,476000.0,0.7,SC Conservation Bank grants feature service,False
Black River SP - RMS North,535.25,1250000.0,1250000.0,Open Space Institute,SCPRT,Pee Dee,1913779.0,0.0,663779.0,0.0,Knobloch,"The 535-acre ""RMS-North"" project expands the Black River State Park at its upper reaches near Kingstree.  Its 2.1 miles of forested riparian buffer on the Black River will protect the scenic vistas for future park users and aid water quality in this important riverine corridor.",Part of SCPRT's Black River State Park,0.6671836547008126,0.0,0.0,0.0,0.0,0.0,0.0,70.4990728467192,0.0,27.35452984273332,0.22239455156693758,0.0,0.0,423.6616207350161,0.0,FY2022-23,2022,Williamsburg,1,fee simple,full,True,2335.3573096683795,522.3353653153646,663779.0,1913779.0,0.5310232,SC Conservation Bank grants feature service,False
Cotton Hall,232.0,3000000.0,1500000.0,Open Space Institute,Beaufort County,Coastal,3020000.0,20000.0,0.0,0.0,,"Cotton Hall will establish a new county park in the Port Royal Sound Focus Area and will offer new passive recreation opportunities, including fishing and trail access.  It also protects scenic vistas on Hwy 17 and helps consolidate the conservation corridor associated with the ACE Basin focus area.","Cotton Hall is comprised of a fee simple section and an easement section which exists to the east of the fee simple boundary shown on this map. Reimbursabled $1,500,000",17.791564125355006,4.225496479771814,0.22239455156693758,0.44478910313387515,0.0,0.0,0.0,11.342122129913815,0.0,4.892680134472626,0.0,59.1569507168054,27.57692439430026,100.96712641138964,4.670285582905689,FY2022-23,2022,Beaufort,1,fee simple,full,True,12931.034482758621,231.5313756835997,20000.0,3020000.0,0.006666666666666667,SC Conservation Bank grants feature service,False
Bradham Tract - SC Liberty Trail,4.29,124000.0,124000.0,SC Battleground Preservation Trust,No Transfer,Central,248000.0,0.0,124000.0,0.0,SC Liberty Trail Funds,"This tract lies within the core of the Revolutionary War Battle of Eutaw Springs and will be incorporated into the South Carolina Liberty Trail, where it will be interpreted for historical and educational purposes.",,0.0,1.3343673094016253,0.44478910313387515,0.22239455156693758,0.0,0.0,0.0,1.3343673094016253,0.6671836547008126,0.0,0.0,0.0,0.0,0.0,0.0,FY2022-23,2022,Orangeburg,1,fee simple,full,False,28904.428904428903,4.068325211987982,124000.0,248000.0,1.0,SC Conservation Bank grants feature service,False
Hammonds Store Battlefield,30.0,80000.0,80000.0,SC Battleground Preservation Trust,No Transfer,Piedmont,160000.0,0.0,80000.0,0.0,SC Liberty Trail Funds,"On December 30, 1780, Patriot dragoons and mounted militia led by Lt. Colonel William Washington attacked and routed Loyalist troops attacking Patriot families in the backcountry villages of Winnsborough and Ninety-Six. This significant battle was a precursor to the Battle of Cowpens, which occurred 18 days later.  This site encompasses the entirety of the Revolutionary War Hammonds Store Battlefield and will be incorporated into the South Carolina Liberty Trail, where it will be utilized for public education and historic interpretation.",,0.0,0.6671836547008126,0.6671836547008126,0.0,0.0,0.0,1.556761860968563,14.233251300284005,5.782258340740376,0.22239455156693758,0.22239455156693758,0.0,0.0,3.7807073766379387,0.0,FY2022-23,2022,Laurens,1,fee simple,full,False,2666.6666666666665,27.171187920415402,80000.0,160000.0,1.0,SC Conservation Bank grants feature service,False
Cooler Dairy Farm,654.0,250000.0,250000.0,Lowcountry Land Trust,No Transfer,Coastal,3370000.0,,,,,"The Cooler Dairy Farm is located in the ACE Basin Focus Area approximately five miles northeast of the City of Walterboro. The property contains a mix of upland pine woods, agricultural fields, and freshwater wetlands, including 4,305 feet of frontage along Fuller Swamp Creek.  The wetlands, Fuller Swamp Creek, and its associated tributaries drain into Horseshoe Creek Watershed and form the headwaters of the Ashepoo River, recognized as one of the most pristine estuaries on the eastern seaboard. This project builds upon years of land protection efforts in Colleton County and the ACE Basin.",,0.0,16.679591367520317,0.0,0.0,0.0,0.0,0.0,65.60639271224659,0.0,33.80397183817451,8.895782062677503,1.1119727578346879,197.93115089457442,334.4814055566741,0.0,FY2022-23,2022,Colleton,1,easement,none,False,382.262996941896,658.830031898583,0.0,250000.0,0.0,SC Conservation Bank grants feature service,False
Halfway Swamp Creek,288.37,175000.0,175000.0,Upper Savannah Land Trust,No Transfer,Central,1095000.0,370000.0,0.0,0.0,,"This tract consists of unique pine and hardwood forestland, with one mile of frontage on Halfway Swamp Creek, a tributary of the Saluda River.  Protection of this tract adds to a growing complex of protected land near Sumter National Forest and the Ninety-Six National Historic Site.",,0.22239455156693758,6.004652892307314,2.6687346188032506,0.0,0.0,0.0,42.25496479771814,153.67463513275388,38.25186286951326,16.901985919087256,1.556761860968563,0.6671836547008126,0.0,18.90353688318969,0.0,FY2022-23,2022,Saluda,1,easement,none,False,606.8592433332177,281.6212368950282,370000.0,545000.0,2.1142857142857143,SC Conservation Bank grants feature service,False
Willowbend,348.53,300000.0,300000.0,SCDNR,No Transfer,Coastal,1110000.0,200000.0,610000.0,0.0,SCDNR Heritage Trust Funds,This tract fronts on 1.8 miles on the Waccamaw River and consolidates a critical link in the Waccamaw River Heritage Preserve.,Part of SCDNR's Waccamaw River Heritage Preserve and Wildlife Management Area,4.003101928204876,0.0,0.0,0.0,0.0,0.0,0.0,6.671836547008128,0.0,8.673387511110565,1.1119727578346879,0.0,0.0,337.37253472704424,1.1119727578346879,FY2022-23,2022,Horry,1,fee simple,full,False,860.758040914699,358.50348694966203,810000.0,1110000.0,2.7,SC Conservation Bank grants feature service,False
Buckfield,2064.52,850000.0,850000.0,Open Land Trust,No Transfer,Coastal,7362000.0,1582000.0,145000.0,0.0,"TNC: $45,000
ceres: $100,000","The Buckfield property buffers over 2 miles along I-95 and 2.5 miles along the Coosawatchie Heritage Trust Preserve and Wildlife Management Area.  Its protection helps secure the braoder ecological functionality of the new public wildlife preserve, water quality in the Tulifinny River, and  wildlife habitat in the ACE Basin Focus Area.",,0.0,29.35608080683576,5.782258340740376,0.6671836547008126,0.0,0.0,0.0,916.9327361104837,0.0,95.18486807064927,97.18641903475171,58.48976706210458,52.262719618230335,682.3064842073645,60.04652892307315,FY2022-23,2022,Hampton,1,easement,none,False,411.7179780287912,1999.529982760818,1727000.0,2577000.0,2.031764705882353,SC Conservation Bank grants feature service,False
Lee State Park - KDR/OSI (match with LF),137.29,173000.0,173000.0,Congaree Land Trust,SCPRT,Pee Dee,346000.0,3143.0,169858.0,0.0,Lynches River Conservation Fund,The project expands Lee State Park in Bishopville with 137 acres of floodplain forest and upland pine along the state-designated Scenic Lynches River. The property provides a scenic buffer along the river and a new access point to the State park.,Part of SCPRT's Lee State Park,0.0,5.782258340740376,1.3343673094016253,0.0,0.0,0.0,1.1119727578346879,32.469604528772884,0.0,17.791564125355006,0.0,0.0,12.231700336181566,66.49597091851433,0.0,FY2022-23,2022,Lee,1,fee simple,full,True,1260.1063442348313,136.07245666611587,173001.0,346001.0,1.0000057803468207,SC Conservation Bank grants feature service,False
Fort Motte Cliffs,400.0,400000.0,400000.0,Ducks Unlimited,No Transfer,Central,1910000.0,490000.0,0.0,0.0,,"Fort Motte Cliffs is located just outside the historic town of Fort Motte in Calhoun County, SC, near  the confluence of the Congaree and Wateree Rivers.  The property fronts on over a mile of the Congaree River, where it provides dramatic views of the adjacent 27,000-acre Congaree National Park.  The property will remain privately owned during the life of the current owner and will then convey to Audubon Society, who will manage it as a bird sanctuary.",,6.44944199544119,6.894231098575065,0.0,0.0,0.0,0.0,1.3343673094016253,86.06669145640484,13.566067645583193,0.0,0.0,0.0,0.0,266.87346188032507,0.0,FY2022-23,2022,Calhoun,1,easement,limited,False,1000.0,382.157870278915,490000.0,890000.0,1.225,SC Conservation Bank grants feature service,False
Gilstrap Mountain (Scenic Hwy 11),166.18,500000.0,500000.0,Naturaland Trust,SCDNR,Piedmont,830000.0,65572.0,264428.0,0.0,Naturaland Trust (credit until DNR closing),"The Gilstrap Mountain tract includes a trout stream, mountain forests, and 0.5 miles of frontage along Highway 11, the federally designated Scenic Cherokee Foothills  Highway.  Its protection will expand adjoining wildlife preserves and offer opportunities for public passive recreation.","Leased as a SCDNR Wildlife Management Area; $237,500 was awarded to this property in September 2022, and an additional $262,500 was awarded in March 2023.",0.0,5.782258340740376,0.0,0.0,0.0,0.0,89.84739883304277,16.679591367520317,48.482012241592386,0.0,0.0,6.227047443874252,0.0,0.0,0.0,FY2022-23,2022,Pickens,1,fee simple,full,True,3008.785654110001,166.64224485185466,330000.0,830000.0,0.66,SC Conservation Bank grants feature service,False
Poinsett Bridge Expansion Tracts - Southern Blue Ridge Escarpment (Boy Scouts of America),287.6,700000.0,700000.0,The Nature Conservancy,SCDNR,Piedmont,1640000.0,140000.0,800000.0,0.0,"TNC: $700,000; Greenville HNRT: $100,000","Situated adjacent to the Poinsett Bridge Heritage Preserve, this property harbors diverse Southern Blue Ridge forests that provide rich habitat for a broad array of species. The property also contains a half-mile of headwater streams feeding into the Saluda River Basin. Once incorporated into the Preserve, the property will be accessible to the public and provide recreational opportunity to local residents and visitors alike.",Part of SCDNR's Poinsett Bridge Heritage Preserve,0.0,5.337469237606501,0.0,0.0,0.0,0.0,269.76459105069523,9.11817661424444,1.556761860968563,0.6671836547008126,0.0,0.0,0.0,0.0,0.0,FY2023-24,2023,Greenville,1,fee simple,full,True,2433.936022253129,286.895827836419,940000.0,1640000.0,1.3428571428571427,SC Conservation Bank grants feature service,False
White Branch on Scenic 11,159.0,350000.0,350000.0,Naturaland Trust,SCDNR,Piedmont,680000.0,4250.0,325750.0,0.0,Naturaland Trust (credit until DNR closing),"This tract secures important vistas along the Scenic Highway 11, buffers over 4,000 linear feet along Little Eastatoe, and connects the Nine Times Forest with the Jocassee Gorges Wilderness Area.  SCDNR will manage the property within the Jocassee Gorges Wilderness Area for public recreation.",Part of SCDNR's Jocassee Gorges,0.0,0.44478910313387515,0.0,0.0,0.0,0.0,57.600188855836834,48.482012241592386,52.262719618230335,5.337469237606501,1.1119727578346879,3.335918273504064,0.0,0.0,0.0,FY2022-23,2022,Pickens,1,fee simple,full,True,2201.2578616352203,167.4580454775023,330000.0,680000.0,0.9428571428571428,SC Conservation Bank grants feature service,False
Nine Times Cove,4.15,20000.0,20000.0,Naturaland Trust,Naturaland Trust / SCDNR,Piedmont,55000.0,35000.0,0.0,0.0,Naturaland Trust (credit until DNR closing),"This tract consists of mature hardwood forest and buffers the entrance to the adjoining 2,000-acres Nine Times Preserve in Pickens County.",Leased as a SCDNR Wildlife Management Area,0.0,0.8895782062677503,0.0,0.0,0.0,0.0,1.556761860968563,0.44478910313387515,0.6671836547008126,0.0,0.0,0.0,0.0,0.0,0.0,FY2023-24,2023,Pickens,1,fee simple,full,True,4819.277108433735,3.8038736726890443,35000.0,55000.0,1.75,SC Conservation Bank grants feature service,False
Cedar Mountain Expansion,24.17,160000.0,160000.0,Naturaland Trust,SCDNR,Piedmont,250000.0,20000.0,70000.0,0.0,"Easley Combined Utilities: $50,000 Naturaland Trust (credit until DNR closing): $20,000","The Cedar Mountain Expansion tract fronts on Old Highway 25 and runs up to a beautiful ridgeline that overlooks the North Saluda River and the Greenville watershed, where it protects the stunning South Carolina Mountain Bridge Wilderness.",Part of SCDNR's Cedar Mountain Heritage Preserve,0.0,0.6671836547008126,0.0,0.0,0.0,0.0,18.23635322848888,0.0,5.115074686039564,0.0,0.0,0.0,0.0,0.0,0.0,FY2022-23,2022,Greenville,1,fee simple,full,True,6619.7765825403385,23.79897457251976,90000.0,250000.0,0.5625,SC Conservation Bank grants feature service,False
Daus - Knights Hill,1010.27,500000.0,500000.0,Katawba Valley Land Trust,No Transfer,Pee Dee,3740000.0,840000.0,0.0,0.0,,"The Daus-Knights Hill tract is located in northern Kershaw County about 5 miles north of the Battle of Camden site.  The property fronts on 3 miles of Flat Rock Creek and its tributaries. Its protection will secure water quality and wildlife habitat, and will allow for the continuation of sustainable forestry within this “wood basket” of South Carolina.",,5.337469237606501,4.225496479771814,0.0,0.0,0.0,0.0,125.43052708375279,450.12657237148164,88.73542607520808,159.01210437036036,130.3232072182254,0.0,0.0,18.458747780055816,0.0,FY2022-23,2022,Kershaw,1,easement,none,False,494.91720035238103,981.8521599873067,840000.0,1340000.0,1.68,SC Conservation Bank grants feature service,False
Ingleside Park,445.8,1000000.0,1000000.0,Open Space Institute,City of North Charleston,Coastal,33288000.0,27288000.0,4000000.0,1000000.0,$1M National Coastal Wetlands; $3M Charleston County; $1 City of N. Charleston,"The City of North Charleston acquired this property to create a large, centrally located, nature-based park that will feature a boardwalk through native wetland forests, the ruins of the Ingleside Plantation house, ancient levees, and centuries-old live oaks. ",,0.22239455156693758,11.342122129913815,5.782258340740376,2.6687346188032506,0.0,0.0,0.0,30.690448116237384,0.6671836547008126,0.0,0.44478910313387515,14.455645851850942,0.0,378.9603158700616,1.1119727578346879,FY2023-24,2023,Charleston,1,fee simple,full,True,2243.1583669807087,447.6709634071804,32288000.0,33288000.0,32.288,SC Conservation Bank grants feature service,False
"Barberry Woods Fee Simple Project (Johns Island, SC)",6.12,100000.0,100000.0,City of Charleston,No Transfer,Coastal,406000.0,29800.0,276200.0,0.0,City of Charleston,The Barberry Woods project is part of City of Charleston plan to restore a creek and watershed in an almost 25-acre urban growth area into a meandering creek and wetland floodplain system that will be open to the public as a passive ecological park.  The project is inspired by the Dutch Dialogues to use nature-based solutions woven with community benefit of protection and connectivity.,,0.0,0.8895782062677503,0.0,0.0,0.0,0.0,0.0,0.8895782062677503,0.0,0.0,0.0,0.0,0.0,6.44944199544119,0.0,FY2023-24,2023,Charleston,1,fee simple,full,False,16339.86928104575,8.347279927658315,306000.0,406000.0,3.06,SC Conservation Bank grants feature service,False
Bowers Farm,488.33,500000.0,500000.0,Open Land Trust,No Transfer,Coastal,5590000.0,991500.0,0.0,1723500.0,"US Dept of Navy: $1,550,000","Bowers Farm, with its mile of uninterrupted river frontage on the Wimbee River in Beaufort County, is the last remaining unprotected property on Whitsell Road. Protecting Bowers Farm would protect an entire conservation corridor which would benefit the water quality in the Wimbee River and larger St Helena Sound. Bowers farm also lies directly north of the main runway at Marine Corps Air Station Beaufort (MCAS-Beaufort) and is a critical priority for the US Department of the Navy.",,0.22239455156693758,6.671836547008128,0.0,0.0,0.0,0.0,0.0,163.904784504833,0.0,4.225496479771814,1.3343673094016253,9.11817661424444,0.8895782062677503,278.88276766493976,8.006203856409751,FY2023-24,2023,Beaufort,1,easement,none,False,1023.8977740462393,474.47842635193,2715000.0,3215000.0,5.43,SC Conservation Bank grants feature service,False
"Savannah River and Uplands (Pauline Place, LLC) Lowlands",1218.3,300000.0,300000.0,The Nature Conservancy,No Transfer,Coastal,3280000.0,745000.0,50000.0,0.0,"International Paper: $50,000","This property links together existing protected forested lands associated with the South Lowcountry (SOLO) Focus Area along the Savannah River.  Its protection supports sustainable forestry practices on working timberlands, wildlife habitat, and water quality.   ",,0.0,18.01395867692194,5.337469237606501,0.0,0.0,0.0,0.0,354.2745206461316,0.0,144.3340639669425,88.29063697207421,0.0,318.0242087407207,275.7692439430026,8.895782062677503,FY2023-24,2023,Hampton,1,easement,none,False,246.2447672986949,1213.84181636595,795000.0,1095000.0,2.65,SC Conservation Bank grants feature service,False
Twin Ponds,91.69,156000.0,156000.0,Upstate Forever,No Transfer,Piedmont,850000.0,339000.0,25000.0,0.0,ULCF,"This wildlife preserve buffers both Cowpens National Battlefield and Big Horse Creek, a tributary of the Broad River.  The conservation easement will also protect important farmland, reduce traffic on the Cherokee Foothills Scenic Hwy 11 corridor, and secure vistas along public highways.  ",,4.003101928204876,3.335918273504064,0.22239455156693758,0.0,0.0,0.0,48.037223138458515,2.446340067236313,7.116625650142002,0.0,1.1119727578346879,22.90663881139457,0.0,4.003101928204876,0.22239455156693758,FY2023-24,2023,Cherokee,1,easement,none,False,1701.385101974043,93.75549353252616,364000.0,520000.0,2.3333333333333335,SC Conservation Bank grants feature service,False
Paris Mountain Forest Haven,19.96,375000.0,375000.0,Naturaland Trust,SCPRT,Piedmont,1180000.0,680000.0,125000.0,0.0,"Naturaland Trust loan until PRT closing: $125,000",The acquisition of this property expands Paris Mountain State Park westward and provides a unique opportunity to create new trails around the park. Urban Forests like this are becoming increasingly important as both sanctuaries for wildlife species and public amenities for communities. ,Part of SCPRT's Paris Mountain,0.0,0.44478910313387515,0.22239455156693758,0.0,0.0,0.0,18.681142331622755,0.0,0.0,0.0,0.0,0.0,0.0,0.0,0.0,FY2023-24,2023,Greenville,1,fee simple,full,True,18787.5751503006,18.795364164500267,805000.0,1180000.0,2.1466666666666665,SC Conservation Bank grants feature service,False
SC Liberty Trail - Camden Gaol Site,0.87,123500.0,123500.0,SC Battleground Preservation Trust,No Transfer,Pee Dee,247000.0,0.0,0.0,123500.0,Liberty Trail funds,"The South Carolina Commons House of Assembly built the first “Gaol,” or jail, in historic Camden on this site in 1771. Legend holds that future president Andrew Jackson and his brother watched the Revolutionary War Battle of Hobkirk Hill from the cell while they were imprisoned here. The British burned the wooden jailhouse when they evacuated. The property will become part of the South Carolina Liberty Trail, a driving tour network of seventy Revolutionary War battlefields throughout the State.",,0.0,0.0,0.22239455156693758,0.6671836547008126,0.0,0.0,0.0,0.0,0.0,0.0,0.0,0.0,0.0,0.0,0.0,FY2023-24,2023,Kershaw,1,fee simple,full,False,141954.02298850575,0.8531325974310837,123500.0,247000.0,1.0,SC Conservation Bank grants feature service,False
Dalzell Bay,61.1,80000.0,80000.0,Naturaland Trust,No Transfer,Central,145000.0,7000.0,8000.0,50000.0,"REPI: $50,000
Private Fundraising: $8,000","Carolina Bays are one of the most unique habitats in South Carolina and, unfortunately, most heavily converted to non-natural uses. Of the thousands once existing across South Carolina’s Atlantic Coastal Plain, fewer than 10% still function.  Dalzell Bay is one of the most intact examples of Carolina Bays remaining in our state.  With this acquisition, both the Bay and an upland buffer of Longleaf Pine will be protected and made available for educational and research purposes. ",,0.0,0.8895782062677503,0.0,0.0,0.0,0.22239455156693758,0.0,14.010856748717067,0.8895782062677503,29.133686255268824,1.1119727578346879,0.0,0.8895782062677503,11.119727578346877,0.0,FY2023-24,2023,Sumter,1,fee simple,full,False,1309.328968903437,60.42131460257157,65000.0,145000.0,0.8125,SC Conservation Bank grants feature service,False
Andrews Black River Park,1806.43,5800000.0,700000.0,Open Space Institute,SCPRT,Coastal,7225000.0,812173.5,1312827.5,4400000.0,"Knobloch: $612,827; NOAA-CELCP: $4.4M; SCOR: $700,000",The Andrews Tract folds into the initiative to establish a new State Park along the Black River and increase ecotourism and recreational opportunities for the local communities of Kingstree and Andrews.  Protecting this undisturbed ecosystem also contributes to flood resilience and secures important wildlife habitat for rare flora and fauna species.  ,"Part of SCPRT's Black River State Park; Reimbursed $5,100,000",2.446340067236313,90.73697703931052,9.340571165811378,0.6671836547008126,0.0,15.790013161252567,0.0,672.965913041553,0.0,177.24845759884926,77.61569849686121,0.0,0.0,753.4727407087845,2.6687346188032506,FY2023-24,2023,Georgetown,1,fee simple,full,True,3210.7527000769473,1799.6104376381973,6525001.0,12325001.0,1.125000172413793,SC Conservation Bank grants feature service,False
Saluda Bluffs,1090.0,9000000.0,0.0,Naturaland Trust,SCDNR,Piedmont,9945000.0,445000.0,9500000.0,0.0,"Easley Combined Utilities: $500,000; SCOR: $2M; SCDNR: $9M","Saluda Bluffs gets its name from the high hills that overlook the South Saluda River near Table Rock State Park.  Its incorporation into the DNR WMA program will help sustain water quality for downstream communities, create public hunting and recreational opportunities, and secure scenic vistas along Scenic Highway 11.  ","Part of Future SCDNR Property; Reimbursed $9,000,000",0.0,12.676489439315441,0.22239455156693758,0.0,0.0,0.0,356.9432552649348,8.22859840797669,53.597086927631956,387.63370338117215,250.19387051280475,0.0,0.0,0.0,0.0,FY2023-24,2023,Pickens,1,fee simple,full,True,8256.880733944954,1072.4176666722478,9945000.0,18945000.0,1.105,SC Conservation Bank grants feature service,False
Hazelwood Farm 2,373.43,215000.0,215000.0,SC Farm Bureau Land Trust,No Transfer,Pee Dee,1310000.0,295000.0,0.0,0.0,,"Hazelwood Farm is a fourth-generation farm in Chester County that consists of agricultural fields, mixed pine and hardwood uplands, and bottomland hardwoods.  Its protection helps maintain the rural character and open space of this agricultural community. ",,0.0,17.791564125355006,0.6671836547008126,0.22239455156693758,0.0,0.0,24.241006120796193,18.01395867692194,13.78846219715013,106.74938475213004,2.446340067236313,234.62625190311914,0.22239455156693758,0.8895782062677503,0.0,FY2023-24,2023,Chester,1,easement,none,False,575.7437806282302,418.4563288782763,295000.0,510000.0,1.372093023255814,SC Conservation Bank grants feature service,False
Betsy Kerrison Nature Trail Phase 3,3.0,145000.0,145000.0,Conservancy of the Sea Islands,No Transfer,Coastal,650000.0,0.0,505000.0,0.0,"Charleston Co Greenbelt: $340,000; Kiawah Island Conservancy: $165,000","These grants will allow Kiawah Conservancy to create a public nature trail network on southern Johns Island near the entrance to Kiawah and Seabrook Islands.  Safeguarding these marsh front properties also supports the protection of water quality and wildlife habitat, and creates new opportunities for outdoor recreation and education.",,0.0,0.22239455156693758,1.1119727578346879,0.0,0.0,0.0,0.0,1.1119727578346879,0.0,0.0,0.44478910313387515,0.0,0.22239455156693758,0.0,0.0,FY2023-24,2023,Charleston,1,fee simple,full,False,48333.333333333336,2.9969355134904823,505000.0,650000.0,3.4827586206896552,SC Conservation Bank grants feature service,False
Logger Court,23.4,290000.0,290000.0,Naturaland Trust,SCDNR Leased WMA,Piedmont,295000.0,5000.0,0.0,0.0,,"Logger Court expands the Nine Times Forest in Pickens County, protects stunning views along Scenic Highway 11, and opens a new access point for public recreation. ",Leased as a SCDNR Wildlife Management Area,0.0,0.0,0.0,0.0,0.0,0.0,24.241006120796193,0.0,0.0,0.0,0.0,0.0,0.0,0.0,0.0,FY2023-24,2023,Pickens,1,fee simple,full,True,12393.162393162394,23.72117033377723,5000.0,295000.0,0.017241379310344827,SC Conservation Bank grants feature service,False
George Aull Expansion Clemson Forest,82.47,1200000.0,800000.0,Naturaland Trust,Clemson Experimental Forest,Piedmont,2640000.0,1440000.0,400000.0,0.0,,"The George Aull Natural Area is named in honor of the late Clemson professor, economist, founder, and visionary of the Clemson Land Use Project, now known as the Clemson Experimental Forest.  The acquisition of this property helps protect one of the most intact remnant Piedmont old-growth forests in the Upstate of South Carolina and provides additional opportunities for public education, recreation, and ecological research.  ","Reimbursed $400,000",0.44478910313387515,0.0,0.0,0.0,0.0,0.0,3.7807073766379387,59.60173981993927,11.119727578346877,0.6671836547008126,6.004652892307314,0.0,0.0,3.7807073766379387,0.0,FY2023-24,2023,Anderson,1,fee simple,full,True,14550.745725718443,85.74634921648081,1840000.0,3040000.0,1.5333333333333334,SC Conservation Bank grants feature service,False
Santee Delta Plantation,108.86,75000.0,75000.0,Lowcountry Land Trust,No Transfer,Coastal,1100000.0,125000.0,0.0,0.0,,The protection of the Santee Delta Plantation folds into the broader effort to conserve important ecological resources and water quality in the Santee River basin.,,2.891129170370188,0.0,0.0,0.0,0.0,1.3343673094016253,0.0,44.47891031338751,0.0,3.558312825071001,13.121278542449318,0.0,7.33902020170894,33.80397183817451,2.2239455156693757,FY2023-24,2023,Georgetown,1,easement,none,False,688.9582950578725,108.74282469765704,125000.0,200000.0,1.6666666666666667,SC Conservation Bank grants feature service,False
Catawba - Nisbet Tract,596.36,3800000.0,1900000.0,Open Space Institute,SCPRT,Pee Dee,16698000.0,11198000.0,3600000.0,0.0,"Duke Energy: $200,000; Lancaster Co:$400,000; Arras Found: $400,000; Knobloch Family Found: $700,000; SCOR: $1.9M","The historic Catawba-Nisbet tract will ultimately become a new State Park in Lancaster County.  It features expansive frontage on the Catawba River, important wildlife habitat, and historic resources significant to all periods of human habitation in the region, including an active clay vein that the Catawba Nation has historically utilized to make traditional pottery.","Part of a Future SCPRT Property; Reimbursed $1,900,000",5.559863789173439,10.452543923646065,0.0,0.0,0.0,0.0,374.2900302871559,52.48511416979727,50.261168654127886,0.0,0.22239455156693758,77.61569849686121,27.57692439430026,0.0,0.0,FY2023-24,2023,Lancaster,1,fee simple,full,True,6371.990073110202,598.712866865226,14798000.0,18598000.0,3.8942105263157893,SC Conservation Bank grants feature service,False
Blakely South Saluda,50.0,135000.0,135000.0,SCDNR,No Transfer,Piedmont,310000.0,,,,,"The plan for the Blakely Tract includes a gravel parking lot and a fishing trail. In addition, the acquisition of the Blakely Tract is significant for sportsmen and outdoor enthusiasts. This fifty acre parcel will provide access to the South Saluda River for public fishing. Through assistance provided by the Conservation Bank, fishermen in the area will have access to pristine trout waters.",SCDNR's South Saluda Angler Access,0.0,0.6671836547008126,0.0,0.0,0.0,0.0,46.48046127748995,0.0,2.001550964102438,0.0,0.0,0.0,0.0,0.0,0.0,FY2005-06,2005,Greenville; Pickens,2,fee simple,full,False,2700.0,48.9708263527627,0.0,135000.0,0.0,SC Conservation Bank grants feature service,False
Horsepen Creek II,31.72,76500.0,76500.0,Upstate Forever,No Transfer,Piedmont,500000.0,161000.0,77500.0,0.0,"Upstate Land Conservation Fund: $20,000 ; Greenville Co HNRT: $47,500 ; UF: $10,000","This project conserves critical wetlands and riparian habitat along Horsepen Creek, which flows to the Enoree River, and secures an ecological oasis inside of the urban interface near Simpsonville. ",,0.8895782062677503,0.8895782062677503,0.0,0.0,0.0,0.0,31.802420874072073,0.0,0.22239455156693758,0.0,0.0,0.44478910313387515,0.0,0.8895782062677503,0.0,FY2023-24,2023,Greenville,1,easement,none,False,2411.7276166456495,34.78699010475856,238500.0,315000.0,3.1176470588235294,SC Conservation Bank grants feature service,False
The Happy Berry,22.26,77000.0,77000.0,Upstate Forever,No Transfer,Piedmont,479000.0,168000.0,23000.0,0.0,Upstate Land Conservation Fund,"The Happy Berry is a family-owned u-pick orchard near the town of Six Mile, located on the eastern shore of Lake Keowee in Pickens County. Its protection helps ensure continued access to the farm, and conserves freshwater resources in this rapidly growing area of our state.",,0.0,2.2239455156693757,0.6671836547008126,0.0,0.0,0.0,4.003101928204876,0.0,0.0,0.22239455156693758,0.0,14.900434954984817,0.0,0.0,0.0,FY2023-24,2023,Pickens,1,easement,none,False,3459.1194968553455,22.388978799900244,191000.0,268000.0,2.4805194805194803,SC Conservation Bank grants feature service,False
Hanna Farm,129.35,40000.0,40000.0,Pee Dee Land Trust,No Transfer,Pee Dee,294000.0,66000.0,0.0,0.0,,"This family-owned working timber tract contains important wildlife habitat.  Its protection helps ensure the long-term viability of the forest products and agricultural industries, and water quality along the Kingstree Swamp Canal, which flows into the Black River.  ",,0.0,0.0,0.0,0.0,0.0,0.0,0.0,22.68424425982763,0.0,2.001550964102438,0.0,0.0,29.133686255268824,75.83654208432571,0.0,FY2023-24,2023,Florence,1,easement,none,False,309.2385001932741,129.90846505977774,66000.0,106000.0,1.65,SC Conservation Bank grants feature service,False
Sleepy Prong,136.97,60000.0,60000.0,Pee Dee Land Trust,No Transfer,Pee Dee,530000.0,85000.0,0.0,0.0,,The Sleepy Prong tract is a productive working forest that contains important soils and wildlife habitat.  Its protection supports ongoing conservation work along the Scenic Black River.,,0.0,5.782258340740376,1.3343673094016253,0.0,0.0,0.0,0.0,61.38089623247477,0.0,0.0,9.11817661424444,0.0,0.0,58.48976706210458,0.0,FY2023-24,2023,Williamsburg,1,easement,none,False,438.0521282032562,136.42073479541932,85000.0,145000.0,1.4166666666666667,SC Conservation Bank grants feature service,False
Pleasant Grove,79.33,40000.0,40000.0,Pee Dee Land Trust,No Transfer,Coastal,270000.0,50000.0,0.0,0.0,,Pleasant Grove contains important flora and fauna species and helps consolidate and expand the conservation corridor forming along the Scenic Black River.,,0.0,0.0,0.0,0.0,0.0,0.0,0.0,3.558312825071001,0.0,13.566067645583193,9.11817661424444,0.0,0.0,49.816379550994014,0.0,FY2023-24,2023,Georgetown,1,easement,none,False,504.2228665069961,77.13955464509992,50000.0,90000.0,1.25,SC Conservation Bank grants feature service,False
Bob McCartney - Rossdhu Longleaf Preserve,61.0,81000.0,81000.0,Upper Savannah Land Trust,No Transfer,Central,366000.0,178000.0,0.0,0.0,,"The Rossdhu Longleaf Preserve has been managed for the recovery of native longleaf pine forest, wiregrass, and other rare plant species.  Its protection will secure a wildlife oasis on the outskirts of a rapidly urbanizing area near I-20.  ",,0.8895782062677503,1.7791564125355006,0.0,0.0,0.0,0.0,0.44478910313387515,53.37469237606502,0.0,0.0,1.1119727578346879,0.0,0.0,2.6687346188032506,0.22239455156693758,FY2023-24,2023,Aiken,1,easement,none,False,1327.8688524590164,60.532702743915465,178000.0,259000.0,2.197530864197531,SC Conservation Bank grants feature service,False
Santee Corridor - RMS-Wadmacon,2248.0,1950000.0,1950000.0,Open Space Institute,SCFC,Coastal,6495000.0,1575000.0,0.0,2970000.0,,"The Santee Corridor - Wadmacon Tract forms an extensive, intact floodplain forest along the Santee River and will be preserved in perpetuity as an expansion of Wee Tee State Forest, where it will be open for public hunting and outdoor recreation.",Part of SCFC's Wee Tee State Forest,27.132135291166385,24.685795223930068,0.0,0.0,0.0,0.0,0.0,81.84119497663302,0.0,41.36538659145039,32.024815425639005,0.0,0.0,2026.681548429502,14.233251300284005,FY2023-24,2023,Georgetown,1,fee simple,full,True,867.4377224199288,2245.0474730808746,4545000.0,6495000.0,2.330769230769231,SC Conservation Bank grants feature service,False
James Island CP - Bradham Road Addition,25.35,500000.0,500000.0,Open Space Institute,Charleston County PRC,Coastal,4600000.0,3100000.0,250000.0,750000.0,Charleston County Greenbelt NAWCA (covered by landowner in interim),"The Bradham Road Addition expands James Island County Park and provides opportunities for residents enjoy new access to the Stono River for kayaking, fishing, crabbing, and passive recreation.",,0.8895782062677503,1.3343673094016253,1.556761860968563,0.0,0.0,0.0,0.0,6.44944199544119,0.0,0.0,0.0,0.0,0.0,1.7791564125355006,11.564516681480752,FY2023-24,2023,Charleston,1,fee simple,full,True,19723.86587771203,26.301510027269053,4100000.0,4600000.0,8.2,SC Conservation Bank grants feature service,False
Beefield Community Park,4.0,150000.0,100000.0,Lowcountry Land Trust,The Battery Island Drive Neighborhood Association,Coastal,952000.0,152000.0,700000.0,0.0,Charleston County Greenbelt,"This acquisition will create a passive park in the Beefield Community, a Remnant Freedman Settlement community on James Island that was established around 1872. ","Reimbursed $50,000",0.0,0.44478910313387515,0.0,0.0,0.0,0.0,0.0,3.558312825071001,0.0,0.0,0.0,0.0,0.0,0.0,0.0,FY2023-24,2023,Charleston,1,fee simple,full,True,37500.0,4.089598167821137,852000.0,1002000.0,5.68,SC Conservation Bank grants feature service,False
Seawright-Drake Homestead (Fleming),75.74,50000.0,50000.0,Upper Savannah Land Trust,No Transfer,Piedmont,295000.0,100000.0,10000.0,0.0,,"The easement on the Seawright-Drake Homestead protects the ecological integrity of this historic family farm, particularly with regard to the rare flora species found in the mature bottomland hardwood forest. ",,0.8895782062677503,1.1119727578346879,0.22239455156693758,0.0,0.0,0.0,36.47270645697776,0.8895782062677503,8.895782062677503,0.0,0.0,28.24410804900107,0.0,0.0,0.0,FY2023-24,2023,Abbeville,1,easement,none,False,660.1531555320835,77.42142595487775,110000.0,160000.0,2.2,SC Conservation Bank grants feature service,False
Stillwell Homeplace Farm,197.79,62699.0,62699.0,Pee Dee Land Trust,No Transfer,Pee Dee,650000.0,74801.0,0.0,137500.0,USDA NRCS,"The Stillwell properties borders Beverly Creek, which supplies water to Lake Paul Wallace, a publicly accessible recreation area and public water intake for the city of Bennettsville.  Conserving these tracts helps ensure clean water while protecting important farmland.   ",,0.44478910313387515,5.782258340740376,1.7791564125355006,0.0,0.0,0.0,0.0,23.351427914528443,0.22239455156693758,0.0,0.0,0.0,180.13958676921942,57.82258340740377,0.0,FY2023-24,2023,Marlboro,1,easement,none,False,316.9978259770464,270.8082777149287,212301.0,275000.0,3.386034864989872,SC Conservation Bank grants feature service,False
Stillwell – Tatum Farm,437.51,110000.0,110000.0,Pee Dee Land Trust,No Transfer,Pee Dee,1130000.0,170000.0,0.0,280000.0,USDA NRCS,"The Stillwell properties borders Beverly Creek, which supplies water to Lake Paul Wallace, a publicly accessible recreation area and public water intake for the city of Bennettsville.  Conserving these tracts helps ensure clean water while protecting important farmland. ",,0.0,14.010856748717067,5.559863789173439,0.0,0.0,0.0,0.0,0.6671836547008126,0.0,0.0,0.0,0.0,176.13648484101455,235.51583010938688,0.0,FY2023-24,2023,Marlboro,1,easement,none,False,251.42282462115153,432.2549880753704,450000.0,560000.0,4.090909090909091,SC Conservation Bank grants feature service,False
Waites - Olivia Boyce Tracts,111.22,4000000.0,2000000.0,Open Space Institute,SCPRT/SCDNR,Coastal,5180000.0,1180000.0,0.0,2000000.0,NCWCGP / NAWCA,"Waites Island is located just south of the Little River Inlet and is one of the last remaining pristine, yet unprotected, oceanfront islands of this size along the Atlantic coastline.  Its acquisition will result in the protection of critical coastal habitat and will be made available for public recreation and education.  ","Reimbursed $2,00,000; Grant from SCOR",15.122829506551755,1.3343673094016253,0.22239455156693758,0.0,0.0,3.113523721937126,0.0,28.911291703701885,0.0,0.0,0.0,0.0,0.0,9.340571165811378,57.3777943042699,FY2023-24,2023,Horry,1,fee simple,full,True,35964.75454055026,115.51157724608439,3180000.0,7180000.0,0.795,SC Conservation Bank grants feature service,False
Waites - Merrill Boyce Tracts,107.02,8000000.0,4000000.0,Open Space Institute,SCPRT/SCDNR,Coastal,13100000.0,5100000.0,0.0,4000000.0,NOAA CZM,"Waites Island is located just south of the Little River Inlet and is one of the last remaining pristine, yet unprotected, oceanfront islands of this size along the Atlantic coastline.  Its acquisition will result in the protection of critical coastal habitat and will be made available for public recreation and education.  ","Reimbursed $4,000,000; Grant from SCOR",25.57537343019782,0.0,0.0,0.0,0.0,3.335918273504064,0.0,19.12593143475663,0.0,2.001550964102438,0.6671836547008126,0.0,0.0,1.3343673094016253,60.49131802620702,FY2023-24,2023,Horry,1,fee simple,full,True,74752.38273219959,112.96734570354583,9100000.0,17100000.0,1.1375,SC Conservation Bank grants feature service,False
Bay Farm,346.3,100000.0,100000.0,Pee Dee Land Trust,No Transfer,Pee Dee,1357574.0,198701.0,0.0,0.0,,The protection of this family farm helps secure our state’s basis of agricultural land in the Coastal Plain and protects scenic vistas along public highways.,,0.0,6.894231098575065,4.447891031338751,0.0,0.0,0.0,0.0,0.0,0.0,0.0,0.0,0.0,333.1470382472725,0.8895782062677503,0.0,FY2023-24,2023,Marion,1,easement,none,False,288.7669650591972,345.5146459534546,198701.0,298701.0,1.98701,SC Conservation Bank grants feature service,False
Blue Branch Farm,381.1,400000.0,400000.0,Nation Ford Land Trust,No Transfer,Pee Dee,2475000.0,770000.0,0.0,0.0,,"Blue Branch Farm is in the southwest of York County near the town of McConnells.  Turkey Creek and Blue Branch run alongside it, both of which are sources of drinking water for York County and Chester County.  ",,0.0,2.891129170370188,1.3343673094016253,0.0,0.0,0.0,119.87066329457936,59.60173981993927,96.74162993161784,22.68424425982763,22.90663881139457,6.44944199544119,0.0,59.60173981993927,0.0,FY2023-24,2023,York,1,easement,none,False,1049.5932826029912,391.51405898543686,770000.0,1170000.0,1.925,SC Conservation Bank grants feature service,False
Gin Branch Farms LLC II tracts,590.01,150000.0,150000.0,Congaree Land Trust,No Transfer,Pee Dee,1810000.0,300000.0,150000.0,0.0,,"Gin Branch Farms has been intensively managed for the recovery of Bobwhite Quail.  Through that process, the owners have created habitat for other fire-dependent upland species.  Its protection helps consolidate a conservation corridor along the the Lynches and Black River watersheds and secure these important upland wildlife habitats.",,0.0,14.67804040341788,3.335918273504064,0.0,0.0,0.0,2.891129170370188,61.38089623247477,0.0,11.342122129913815,0.6671836547008126,0.0,206.38214385411808,265.0943054677896,0.44478910313387515,FY2023-24,2023,Lee,1,easement,none,False,254.23297910204911,568.3022210297445,450000.0,600000.0,3.0,SC Conservation Bank grants feature service,False
Possum Holler,79.4,106500.0,106500.0,Upstate Forever,No Transfer,Piedmont,675000.0,228500.0,20000.0,0.0,,"Possum Holler contains mature hardwood forests, rare plant species and important wildlife habitat in the Oolenoy River Valley, an area known for its iconic rural beauty. ",,0.0,0.0,0.0,0.0,0.0,0.0,65.38399816067964,1.7791564125355006,12.231700336181566,0.0,0.0,0.44478910313387515,0.0,0.0,0.0,FY2023-24,2023,Pickens,1,easement,none,False,1341.3098236775818,79.40906617283582,248500.0,355000.0,2.3333333333333335,SC Conservation Bank grants feature service,False
D. Brown Land and Timber LLC,308.46,103850.0,103850.0,Congaree Land Trust,No Transfer,Pee Dee,1230000.0,156150.0,0.0,0.0,,This property consists of sustainably managed timberlands in the central “wood basket” of South Carolina.  Its protection helps prevent forest fragmentation in this critical area to the forest industry.  ,,0.22239455156693758,8.895782062677503,0.22239455156693758,0.0,0.0,0.0,60.04652892307315,157.23294795782488,46.25806672592301,1.556761860968563,0.0,4.447891031338751,0.0,24.463400672363132,0.0,FY2023-24,2023,Fairfield,1,easement,none,False,336.67250210724245,304.2545327906938,156150.0,260000.0,1.5036109773712085,SC Conservation Bank grants feature service,False
Brown Mountain,572.71,2145610.0,245610.0,Naturaland Trust,SCDNR,Piedmont,2630000.0,281889.0,2102501.0,0.0,DNR: $1.9M,"Brown Mountain is the most prominent geological feature looking southward from Table Rock State Park. Its protection expands the conservation corridor along Scenic Highway 11 and provides public access opportunities to waterfalls, streams, cove forests, and mature hardwood forests. ","Part of Future SCDNR Property; Reimbursed $1,900,000",0.0,1.556761860968563,0.0,0.0,0.0,0.0,557.5431407783125,2.001550964102438,19.34832598632357,0.0,0.0,3.558312825071001,0.0,0.0,0.0,FY2023-24,2023,Pickens,1,fee simple,full,True,3746.416161757259,575.7011518654239,2384390.0,4530000.0,1.1112876990692624,SC Conservation Bank grants feature service,False
Kings Mountain- Metker,47.53,1700000.0,1200000.0,Open Space Institute,SCPRT,Pee Dee,2165000.0,465000.0,500000.0,0.0,SCPRT,The Metker tract consolidates an inholding inside Kings Mountain State Park and will immediately create new opportunities for public recreation and education.  ,"Part of SCPRT's Kings Mountain; Reimbursed $500,000",0.6671836547008126,0.6671836547008126,0.0,0.0,0.0,0.0,23.351427914528443,0.0,0.0,0.44478910313387515,0.0,22.68424425982763,0.0,0.0,0.0,FY2023-24,2023,York,1,fee simple,full,True,35766.88407321691,47.53079550747895,965000.0,2665000.0,0.5676470588235294,SC Conservation Bank grants feature service,False
Forty Acre Rock Farm,97.08,195000.0,195000.0,Open Space Institute,SCDNR,Pee Dee,568000.0,178000.0,195000.0,0.0,Lynches River Conservation Fund,This tract protects wildlife habitat and creates a new access point to Forty Acre Rock Heritage Preserve in Lancaster County.,Part of SCDNR's Forty Acre Rock Heritage Preserve and Wildlife Management Area,0.0,0.0,0.6671836547008126,0.0,0.0,0.22239455156693758,33.35918273504063,2.6687346188032506,3.7807073766379387,10.230149372079127,46.48046127748995,0.44478910313387515,0.0,0.0,0.0,FY2023-24,2023,Lancaster,1,fee simple,full,True,2008.6526576019778,97.0377786453605,373000.0,568000.0,1.912820512820513,SC Conservation Bank grants feature service,False
Hope Station LLC,1081.34,573100.0,573100.0,Congaree Land Trust,No Transfer,Pee Dee,3400000.0,1126900.0,0.0,0.0,,"Conserving this tract helps sustain water quality and wildlife habitat near Sumter National Forest, and consolidate the central “wood basket” in South Carolina, where it will continue to be managed as a sustainable forest.",,0.0,37.584679214812446,2.2239455156693757,0.0,0.0,0.0,101.18952096295659,670.9643620774507,47.59243403532464,108.75093571623248,57.82258340740377,1.7791564125355006,0.0,56.04342699486827,4.670285582905689,FY2023-24,2023,Chester,1,easement,none,False,529.9905672591415,1088.9507470830122,1126900.0,1700000.0,1.9663235037515268,SC Conservation Bank grants feature service,False
Stilwell - Cannery Farm,797.88,250000.0,250000.0,Pee Dee Land Trust,No Transfer,Pee Dee,2240000.0,283000.0,0.0,532000.0,USDA NRCS,"The Stillwell properties borders Beverly Creek, which supplies water to Lake Paul Wallace, a publicly accessible recreation area and public water intake for the city of Bennettsville.  Conserving these tracts helps ensure clean water while protecting important farmland.   ",,0.22239455156693758,17.34677502222113,19.570720537890505,0.0,0.0,0.0,0.0,7.116625650142002,0.0,0.0,0.0,0.0,498.608584613074,228.17680990767795,0.0,FY2023-24,2023,Marlboro,1,easement,none,False,313.33032536220986,771.4803580195639,815000.0,1065000.0,3.26,SC Conservation Bank grants feature service,False
Cedarleaf Farm,64.96,90000.0,90000.0,SC Farm Bureau Land Trust,No Transfer,Pee Dee,390000.0,145000.0,0.0,0.0,,"This historic farm in Chester County was recognized by the South Carolina Institute of Archaeology due to the prevalence and quality of arrowheads found on the property, some dating to 7,000 B.C. Its protection will secure its historic integrity and support sustainable agriculture and forestry. ",,0.0,2.2239455156693757,0.44478910313387515,0.0,0.0,0.0,6.004652892307314,19.12593143475663,20.01550964102438,0.0,0.0,17.791564125355006,0.0,0.0,0.0,FY2023-24,2023,Chester,1,easement,none,False,1385.4679802955666,64.92051452372621,145000.0,235000.0,1.6111111111111112,SC Conservation Bank grants feature service,False
Short Branch,218.75,1310000.0,310000.0,Naturaland Trust,SCDNR,Piedmont,1310000.0,0.0,1000000.0,0.0,SCDNR,This property is situated in the valley between Cedar Mountain and Terry Creek and adjoins thousands of acres of protected land in the Saluda River watershed.  It will be enrolled as a DNR Heritage Preserve and made available to the public.,"Part of SCDNR's Cedar Mountain Heritage Preserve; Reimbursed $1,000,000",0.0,0.0,0.0,0.0,0.0,0.0,199.93270185867686,0.0,3.335918273504064,0.0,0.0,0.0,0.0,0.0,0.0,FY2023-24,2023,Greenville,1,fee simple,full,True,5988.571428571428,203.23892272661095,1000000.0,2310000.0,0.7633587786259542,SC Conservation Bank grants feature service,False
Warren Hooper,53.1,85000.0,85000.0,Oconee County SWCD,No Transfer,Piedmont,645000.0,235000.0,0.0,0.0,,This historic family farm connects to Sumter National Forest.  Its protection will bridge together a conservation corridor in northern Oconee County and maintain the agricultural heritage of this mountain community.   ,,0.0,7.116625650142002,0.0,0.0,0.0,0.0,1.1119727578346879,9.785360268945253,30.24565901310351,0.0,0.0,2.891129170370188,0.0,0.0,0.0,FY2023-24,2023,Oconee,1,easement,none,False,1600.7532956685498,50.893163975460354,235000.0,320000.0,2.764705882352941,SC Conservation Bank grants feature service,False
Betsy Kerrison Nature Trail Phase 2,13.32,250000.0,250000.0,Conservancy of the Sea Islands,No Transfer,Coastal,1400000.0,0.0,1150000.0,0.0,"Kiawah: $450,000; Charleston County: $700,000","These grants will allow Kiawah Conservancy to create a public nature trail network on southern Johns Island near the entrance to Kiawah and Seabrook Islands.  Safeguarding these marsh front properties also supports the protection of water quality and wildlife habitat, and creates new opportunities for outdoor recreation and education.",,0.0,0.22239455156693758,0.44478910313387515,0.0,0.0,0.0,0.0,8.450992959543628,0.0,0.0,0.0,0.0,0.0,2.001550964102438,4.892680134472626,FY2023-24,2023,Charleston,1,fee simple,full,False,18768.76876876877,15.60560454806754,1150000.0,1400000.0,4.6,SC Conservation Bank grants feature service,False
Hiott Station,561.8,175000.0,175000.0,Lowcountry Land Trust,No Transfer,Coastal,2725000.0,642500.0,0.0,0.0,,This project helps consolidate the “wood basket” in central South Carolina and secure South Carolina’s base of sustainably managed forestland.,,0.0,14.010856748717067,0.44478910313387515,0.0,0.0,0.0,0.0,175.46930118631374,0.0,1.7791564125355006,36.6951010085447,0.0,22.239455156693754,263.9823327099549,45.14609396808832,FY2023-24,2023,Colleton,1,easement,none,False,311.498754004984,561.1236060452433,642500.0,817500.0,3.6714285714285713,SC Conservation Bank grants feature service,False
Oakland Plantation,52.06,602500.0,602500.0,Upstate Preservation Trust,Greenville County,Piedmont,1205000.0,0.0,602500.0,0.0,Greenville County HNRT,This historic property will become one of the first new Greenville County parks in decades.  Its acquisition will secure wildlife habitat in this rapidly urbanizing area and protect the historic integrity of the site in perpetuity.,,0.0,12.009305784614629,3.113523721937126,0.22239455156693758,0.0,0.0,25.130584327063943,0.0,3.558312825071001,0.0,0.0,7.561414753275877,0.0,0.0,0.0,FY2023-24,2023,Greenville,1,fee simple,full,True,11573.184786784479,51.520915209120666,602500.0,1205000.0,1.0,SC Conservation Bank grants feature service,False
Hereford Hill Farm,101.41,170000.0,170000.0,Upstate Forever,No Transfer,Piedmont,1009000.0,233000.0,84000.0,0.0,"Greenville County HNRT: $75,000; Upstate Land Conservation Fund: $9,000","Hereford Hill Farm is a family-owned ranch located in southern Greenville County, where its owners raise registered Hereford cattle, just as their father did when he purchased the land upon returning from World War II. Its protection will help strengthen the base of sustainably managed farmland in the Piedmont. ",,0.0,0.22239455156693758,0.0,0.0,0.0,0.0,43.8117266586867,1.556761860968563,3.335918273504064,0.0,0.0,51.15074686039564,0.0,0.22239455156693758,0.0,FY2023-24,2023,Greenville,1,easement,none,False,1676.363277783256,101.51731021672678,317000.0,487000.0,1.8647058823529412,SC Conservation Bank grants feature service,False
Pudding Swamp - Atkinson Farm,383.15,150000.0,150000.0,Pee Dee Land Trust,No Transfer,Pee Dee,1111000.0,305500.0,0.0,100000.0,NAWCA,"This family-owned working forest will continue to be managed for sustainable timber harvests and wildlife habitat. Protecting tracts like this is crucial to the Pee Dee Region’s timber industry, an important component of the local and state economy.",,0.22239455156693758,5.559863789173439,2.891129170370188,0.0,0.0,0.0,0.0,117.86911233047691,0.0,5.559863789173439,0.22239455156693758,0.0,40.92059748831651,210.60764033388986,10.00775482051219,FY2023-24,2023,Williamsburg,1,easement,none,False,391.491582930967,394.0544936047437,405500.0,555500.0,2.703333333333333,SC Conservation Bank grants feature service,False
North Island,114.66,2000000.0,2000000.0,Lord Berkeley Conservation Trust,Berkeley County,Coastal,6329999.999999999,2330000.0,2000000.0,0.0,Berkeley County: $2M; SCOR: $1M,"North Island will become a new county park on the southern end of Daniel Island, where it will be made available for hiking, kayaking and outdoor recreation.  ",,2.2239455156693757,0.22239455156693758,0.0,0.0,0.0,0.0,0.0,30.023264461536574,0.0,0.0,0.0,0.0,2.2239455156693757,32.469604528772884,48.037223138458515,FY2023-24,2023,Berkeley,1,fee simple,full,True,17442.87458573173,114.69372505778159,4330000.0,6330000.0,2.165,SC Conservation Bank grants feature service,False
Shaws Creek Preserve,2657.63,1900000.0,1900000.0,Aiken Land Conservancy,City of Aiken,Central,15000000.0,3050000.0,0.0,0.0,,The City of Aiken conserved this property to protect the primary intake source for drinking water for its citizens and simultaneously create a new passive park. ,,84.06514049230239,48.25961769002545,4.447891031338751,0.0,0.0,1.1119727578346879,28.68889715213495,1969.970937779933,46.92525038062382,26.909740739599446,37.36228466324551,0.6671836547008126,0.6671836547008126,406.092451161228,2.6687346188032506,FY2023-24,2023,Aiken,1,easement,full,True,714.9226942802421,2658.881723894002,3050000.0,4950000.0,1.605263157894737,SC Conservation Bank grants feature service,False
Limehouse,102.88,1400000.0,1400000.0,Dorchester County,No Transfer,Coastal,10988000.0,1988000.0,7600000.0,0.0,Dorchester Co,"This acquisition consolidates Rosebrock Park and Ashley River Park, two of the most highly utilized outdoor spaces in Dorchester County, and will allow all to be managed as a cohesive unit along the Scenic Ashley River.",,0.0,0.0,0.0,0.0,0.0,0.0,0.0,13.121278542449318,0.0,1.556761860968563,0.6671836547008126,1.1119727578346879,15.56761860968563,68.49752188261677,0.0,FY2023-24,2023,Dorchester,1,fee simple,full,False,13608.087091757388,101.37445991651157,9588000.0,10988000.0,6.848571428571429,SC Conservation Bank grants feature service,False
Shealy Farm,339.44,242000.0,242000.0,SC Farm Bureau Land Trust,No Transfer,Central,1360000.0,373000.0,0.0,0.0,,"This family farm, located in Newberry County, dates to the early 20th century.  Its protection will help secure the agricultural  integrity of this historic farming community and scenic vistas along miles of public highways.",,1.3343673094016253,22.239455156693754,2.2239455156693757,0.22239455156693758,0.0,0.0,18.23635322848888,40.03101928204876,7.116625650142002,0.0,0.0,70.94386194985309,168.13028098460478,0.0,0.0,FY2023-24,2023,Newberry,1,easement,none,False,712.9389582842329,331.2273183418485,373000.0,615000.0,1.5413223140495869,SC Conservation Bank grants feature service,False
Pearl Bottoms,60.3,143000.0,143000.0,Upstate Forever,No Transfer,Piedmont,815000.0,342500.0,89500.0,0.0,"ULCF: $3,900; Greenville Co HNRT: $85,600",This family-owned cattle ranch is in Tigerville.  Its protection helps maintain the agricultural heritage of this Piedmont farming community.,,0.0,1.1119727578346879,0.0,0.0,0.0,0.0,16.234802264386442,0.0,1.3343673094016253,0.0,0.0,39.808624730481824,0.0,0.0,0.0,FY2023-24,2023,Greenville,1,easement,none,False,2371.4759535655057,58.474488497178726,432000.0,575000.0,3.020979020979021,SC Conservation Bank grants feature service,False
Harrison Street Properties Purchase,12.61,165000.0,165000.0,Town of Pendleton,No Transfer,Piedmont,280000.0,12000.0,103000.0,0.0,Town of Pendleton,The Town of Pendleton acquired this property to provide the local community with a new park for passive recreation and outdoor learning opportunities.,,0.0,0.22239455156693758,0.0,0.0,0.0,0.0,8.22859840797669,0.8895782062677503,2.446340067236313,0.0,0.0,1.7791564125355006,0.0,0.0,0.0,FY2023-24,2023,Anderson,1,fee simple,full,False,13084.853291038859,13.864914640105374,115000.0,280000.0,0.696969696969697,SC Conservation Bank grants feature service,False
Harrell Family Park,156.41,2500000.0,2500000.0,Town of Meggett,No Transfer,Coastal,7630000.0,630000.0,4500000.0,0.0,Charleston County Greenbelt,This acquisition will protect a mile of the Stono River near Meggett and a new deep-water park in a rapidly urbanizing area in the Lowcountry. ,,0.0,5.559863789173439,0.0,0.0,0.0,0.0,0.0,80.95161677036528,0.44478910313387515,0.0,1.7791564125355006,56.48821609800214,2.6687346188032506,11.342122129913815,14.010856748717067,FY2023-24,2023,Charleston,1,fee simple,full,False,15983.632760053706,172.92612232482236,5130000.0,7630000.0,2.052,SC Conservation Bank grants feature service,False
Witherspoon Island,3707.94,850000.0,850000.0,Pee Dee Land Trust,No Transfer,Pee Dee,10490000.0,1950000.0,0.0,0.0,,"Witherspoon Island fronts on roughly 8 miles of the Great Pee Dee River and on the historic Lowthers Lake.  Its protection secures a broad expanse of wildlife habitat, sustainably managed forestland, and scenic vistas from the river. ",,117.64671777890997,44.92369941652139,0.44478910313387515,0.0,0.0,0.0,0.8895782062677503,267.7630400865928,0.0,6.894231098575065,13.78846219715013,0.22239455156693758,2.001550964102438,3339.4765863291345,69.38710008888452,FY2023-24,2023,Darlington,1,easement,none,False,229.2377978068685,3862.030840270369,1950000.0,2800000.0,2.2941176470588234,SC Conservation Bank grants feature service,False
Korn Tract,302.32,1090000.0,90000.0,Aiken Land Conservancy,SCDNR,Central,1090000.0,0.0,1000000.0,0.0,SCDNR,The Korn Tract will expand the Aiken Gopher Tortoise Heritage Preserve by nearly 20% and protect some of the most ecologically significant habitats in the region. ,"Part of SCDNR's Aiken Gopher Tortoise Heritage Preserve and Wildlife Management Area; Reimbursed $1,000,000",0.0,2.446340067236313,0.0,0.0,0.0,0.0,25.57537343019782,29.133686255268824,0.22239455156693758,106.5269902005631,5.337469237606501,0.0,0.0,132.5471527338948,0.22239455156693758,FY2023-24,2023,Aiken,1,fee simple,full,True,3605.4511775602014,302.8372097870143,1000000.0,2090000.0,0.9174311926605505,SC Conservation Bank grants feature service,False
Tyger Oak Property,945.91,23000000.0,23000000.0,Spartanburg Area Conservancy,SCPRT (Spartanburg County Lease),Piedmont,25350000.0,350000.0,2000000.0,0.0,SCOR: $20M; Spartanburg County: $2M,"This acquisition will create a new “Central Park” for Spartanburg by dramatically expanding the adjoining Glendale Mill preserve and Wofford College’s Goodall Environmental Studies Center.  It will become a County Park that will feature new educational opportunities, hiking and biking trails, and access to Lawson’s Fork Creek. ",Grant partially from SCOR,0.0,36.6951010085447,1.3343673094016253,0.22239455156693758,0.0,0.0,387.18891427803834,400.9773764751884,79.83964401253058,0.22239455156693758,23.129033362961504,0.6671836547008126,0.0,1.556761860968563,0.0,FY2023-24,2023,Spartanburg,1,fee simple,full,True,24315.209692254022,931.3144284465286,2350000.0,25350000.0,0.10217391304347827,SC Conservation Bank grants feature service,False
Betsy Kerrison Nature Trail Phase 4,8.6,245000.0,245000.0,Conservancy of the Sea Islands,No Transfer,Coastal,1225000.0,0.0,980000.0,0.0,"Charleston Co Greenbelt: $825,000; Kiawah Island Natural Habitat: $155,000","These grants will allow Kiawah Conservancy to create a public nature trail network on southern Johns Island near the entrance to Kiawah and Seabrook Islands.  Safeguarding these marsh front properties also supports the protection of water quality and wildlife habitat, and creates new opportunities for outdoor recreation and education.",,0.0,0.22239455156693758,0.0,0.0,0.0,0.0,0.0,5.782258340740376,0.0,0.0,0.0,0.0,0.0,1.1119727578346879,1.7791564125355006,FY2023-24,2023,Charleston,1,fee simple,full,False,28488.372093023256,8.513770471069597,980000.0,1225000.0,4.0,SC Conservation Bank grants feature service,False
Gregorie Neck,4409.3,2000000.0,2000000.0,Open Land Trust,No Transfer,Coastal,30050000.0,4510000.0,1000000.0,6000000.0,"Dept. of Defense, Beaufort County","Gregorie Neck fronts on over eight miles of the Port Royal Sound and falls within the newly designated Lowcountry Sentinel Landscape, a federal designation for lands important to both climate resilience and the continued operations of Defense installations. Its protection secures fragile coastal habitat along the I-95 corridor while also buffering military installations from encroachment.  ",,182.3635322848888,59.824134371506204,14.010856748717067,0.44478910313387515,0.0,3.558312825071001,0.0,1782.0475417058708,1.7791564125355006,83.39795683760158,13.78846219715013,105.85980654586228,57.3777943042699,1100.408241153207,1035.9138211987952,FY2023-24,2023,Jasper,1,easement,none,False,453.5867371238065,4461.556172319522,11510000.0,13510000.0,5.755,SC Conservation Bank grants feature service,False
Searles Family Homeplace,991.8,330000.0,330000.0,Upper Savannah Land Trust,No Transfer,Piedmont,2900000.0,330000.0,0.0,0.0,,"The Searles Family Homeplace is an historic, family-owned timber tract in the Savannah River watershed. Its protection will help maintain the base of sustainably managed forests around Sumter National Forest.   ",,0.0,4.447891031338751,1.3343673094016253,0.0,0.0,1.1119727578346879,28.46650260056801,580.449779589707,23.57382246609538,72.72301836238859,271.76614201479765,0.8895782062677503,0.0,0.0,0.0,FY2023-24,2023,McCormick,1,easement,none,False,332.7283726557774,985.1685432219377,330000.0,660000.0,1.0,SC Conservation Bank grants feature service,False
Cracker Farms,63.58,170000.0,170000.0,Nation Ford Land Trust,No Transfer,Pee Dee,955000.0,445000.0,0.0,0.0,,This family-owned farm is located near historic Brattonsville.  Its protection will conserve important wildlife habitats in southern York County while also buffering the broader region’s historic agricultural heritage.,,2.891129170370188,5.115074686039564,0.6671836547008126,0.0,0.0,0.0,0.6671836547008126,0.0,0.0,0.0,0.0,52.92990327293114,0.0,0.22239455156693758,0.0,FY2023-24,2023,York,1,easement,none,False,2673.7967914438505,62.38672288914858,445000.0,615000.0,2.6176470588235294,SC Conservation Bank grants feature service,False
Thrailkill Farm,1063.06,1600000.0,1600000.0,SC Farm Bureau Land Trust,No Transfer,Pee Dee,6380000.0,2120000.0,0.0,0.0,,"Thrailkill Farm is a S.C. Century Farm in York County with deep agricultural roots.  It features prime farmland, hardwood forests, and 2.5 miles of frontage along Fishing Creek. It remains an active agricultural landscape today and is noted as a filming site for The Patriot.",,7.783809304842815,26.68734618803251,2.6687346188032506,6.004652892307314,0.0,0.0,122.09460881024873,88.73542607520808,81.17401132193221,12.009305784614629,47.81482858689157,628.7093972797325,0.0,40.92059748831651,0.0,FY2024-25,2024,Chester,1,easement,none,False,1505.089082460068,1064.0163855209794,2120000.0,3720000.0,1.325,SC Conservation Bank grants feature service,False
Eastatoee Ridge on Scenic Highway 11,106.82,935000.0,460000.0,Naturaland Trust,SCDNR,Piedmont,935000.0,0.0,475000.0,0.0,SCDNR,Eastatoee Ridge adjoins Gilstrap Mountain and other SCDNR land on Highway 11. This keystone piece is vital to protecting a contiguous 4-mile stretch along the Cherokee Foothills Scenic Byway.,"Part of SCDNR's Jocassee Gorges; Reimbursed $475,000",0.0,3.7807073766379387,0.0,0.0,0.0,0.0,30.023264461536574,29.133686255268824,38.474257421080196,0.0,0.0,0.0,0.0,0.0,0.0,FY2024-25,2024,Pickens,1,fee simple,full,True,8753.042501404232,101.16107895091965,475000.0,1410000.0,0.5080213903743316,SC Conservation Bank grants feature service,False
Camp Awanita,483.99,950000.0,950000.0,The Nature Conservancy,No Transfer,Piedmont,7820000.0,730000.0,450000.0,0.0,"Greenville HNRT: $350,000; ULCF: $50,000; TNC: $50,000","This unique property hosts over 14,000 campers every year in the mountains north of Greenville.  Its protection will help ensure that it remains open for passive recreation, and it will also protect the headwaters of the Saluda River and habitat for at least 16 rare and endangered species. ",,0.0,24.908189775497007,5.782258340740376,0.0,0.0,7.783809304842815,410.9851312957006,0.6671836547008126,14.010856748717067,0.0,0.22239455156693758,20.01550964102438,0.0,0.0,0.0,FY2024-25,2024,Greenville,1,easement,limited,False,1962.8504721171926,483.5268674603735,1180000.0,2130000.0,1.2421052631578948,SC Conservation Bank grants feature service,False
Keowee Ridge,66.93,130000.0,130000.0,Upstate Forever,No Transfer,Piedmont,649000.0,332000.0,20000.0,0.0,"Landowner: $332,000: ULCF: $20,000","Keowee Ridge is a scenic hobby farm in Pickens County that produces eggs, honey, apples, and other vegetables.   Its protection alongside the nearby u-pick  Happy Berry farm will secure valuable agricultural land near Lake Keowee.",,0.0,0.6671836547008126,0.6671836547008126,0.0,0.0,0.0,40.92059748831651,9.562965717378315,9.562965717378315,0.0,0.0,4.447891031338751,0.0,0.0,0.0,FY2024-25,2024,Pickens,1,easement,none,False,1942.32780516958,66.40174150617558,352000.0,482000.0,2.707692307692308,SC Conservation Bank grants feature service,False
Joanna Park Tract,334.9,700000.0,700000.0,The Nature Conservancy,Laurens County,Piedmont,1130000.0,305000.0,125000.0,0.0,"Lauren’s County: $125,000, TNC (as landowner: $305,000",Joanna Park tract will be Laurens County's largest park and will feature an equestrian trail system that will eventually connect to The Palmetto Trail.,,0.0,1.3343673094016253,0.8895782062677503,0.0,0.0,0.0,5.559863789173439,299.343066409098,5.115074686039564,20.90508784729213,0.0,0.6671836547008126,0.0,0.0,0.0,FY2024-25,2024,Laurens,1,fee simple,full,True,2090.1761719916394,335.0031035184376,430000.0,1130000.0,0.6142857142857143,SC Conservation Bank grants feature service,False
McCannon Farms,178.79,370000.0,370000.0,SC Farm Bureau Land Trust,No Transfer,Piedmont,1995000.0,676000.0,10000.0,0.0,ULCF,"McCannon farm is located in the Lebanon Community of Anderson County and has been in the same family since the early 1700s.  It is  designated a S.C. Century Farm. With 93% prime and statewide important soils and deep roots in agricultural and local food production, its protection will help secure the agricultural integrity of the broader region.  ",,0.0,21.12748239885907,3.335918273504064,0.0,0.0,0.0,39.363835627347946,0.22239455156693758,5.115074686039564,0.0,0.0,108.52854116466554,0.0,0.0,0.0,FY2024-25,2024,Anderson,1,easement,none,False,2069.466972425751,175.54642976821063,686000.0,1056000.0,1.854054054054054,SC Conservation Bank grants feature service,False
Four Leaf Farm,170.27,250000.0,250000.0,Spartanburg Area Conservancy,No Transfer,Piedmont,1560000.0,415000.0,15000.0,0.0,ULCF,"With over 7,000 feet of stream frontage feeding into the Pacolet River system, Four Leaf Farm provides important ecological, scenic, and water quality values, and will serve as a catalyst for regional conservation efforts.",,0.0,1.1119727578346879,1.1119727578346879,0.0,0.0,0.0,76.72612029059346,7.116625650142002,13.343673094016255,0.0,0.0,72.50062381082165,0.0,1.556761860968563,0.0,FY2024-25,2024,Union,1,easement,none,False,1468.2562988195218,173.34296834751044,430000.0,680000.0,1.72,SC Conservation Bank grants feature service,False
Black River SP - Mingo Creek,664.32,244378.0,0.0,Open Space Institute,SCPRT,Coastal,2059392.0,415207.0,150685.0,1493500.0,"Knobloch Foundation, NOAA","(group BRSP projects together) Addition to the Black River State Park that builds upon an inclusive vision of community conservation with state and local conservation lands, access points, and a water trail connecting the public use lands. ","Part of SCPRT's Black River State Park; Reimbursed $244,378",6.004652892307314,8.450992959543628,2.001550964102438,0.0,0.0,0.22239455156693758,0.44478910313387515,111.64206488660267,0.8895782062677503,5.782258340740376,0.6671836547008126,0.0,0.0,546.6458077515325,0.0,FY2024-25,2024,Georgetown,1,fee simple,full,True,367.861873795761,683.1718551710746,2059392.0,2303770.0,8.427076087045478,SC Conservation Bank grants feature service,False
Morrow Creek Timbers Addition,236.9,65000.0,65000.0,Upstate Forever,No Transfer,Piedmont,427000.0,53800.0,24200.0,0.0,ULCF,"Morrow Creek Timbers is a biologically rich hardwood forest in Abbeville County that is home to a range of wildlife, including deer, black bear, quail, and migratory waterfowl. Protecting it fosters ecological diversity and supports water quality in the Savannah River, the primary drinking water source for the county.",,0.0,4.225496479771814,0.0,0.0,0.0,0.0,4.670285582905689,132.5471527338948,4.892680134472626,0.0,66.71836547008127,1.3343673094016253,0.0,22.90663881139457,0.0,FY2024-25,2024,Abbeville,1,easement,none,False,274.3773744195863,237.1332773171972,78000.0,143000.0,1.2,SC Conservation Bank grants feature service,False
Horse Gap Forest,69.6,105000.0,105000.0,Upstate Forever,No Transfer,Piedmont,882000.0,152000.0,20000.0,5000.0,ULCF; USFWS,"This property is located on the southern slopes of Horse Gap Mountain in Pickens County.  Its protection preserves ecological connectivity, rare viewsheds, and cultural landscapes near the Cherokee Foothills Scenic Highway and helps safeguard drinking water quality for 250,000 residents.",,0.8895782062677503,3.113523721937126,0.0,0.0,0.0,0.0,38.474257421080196,1.7791564125355006,12.231700336181566,0.0,0.0,16.012407712819503,0.0,0.0,0.0,FY2024-25,2024,Pickens,1,easement,none,False,1508.6206896551726,71.34145744881687,177000.0,282000.0,1.6857142857142857,SC Conservation Bank grants feature service,False
Ginia's Farm,98.73,56000.0,56000.0,Pee Dee Land Trust,No Transfer,Coastal,430000.0,44000.0,60000.0,0.0,"Butler Conservation Fund: $60,000Landowner: $44,000",This property adjoins thousands of acres of conserved lands associated with the Black River and builds on the multi-organizational effort to create a new State Park in this region.,,0.0,0.44478910313387515,0.44478910313387515,0.0,0.0,0.0,0.0,16.901985919087256,0.0,0.22239455156693758,0.22239455156693758,0.0,23.351427914528443,58.044977958970705,0.0,FY2024-25,2024,Georgetown,1,easement,none,False,567.2034842499746,99.84394174333605,104000.0,160000.0,1.8571428571428572,SC Conservation Bank grants feature service,False
Travelers Rest Bunched Arrowhead Preserve,24.73,375000.0,275000.0,Naturaland Trust,SCDNR,Piedmont,925000.0,200000.0,450000.0,0.0,"SCDNR: $100,000Greenville County: $250,000Broad River Mitigation Fund: $100,000Landowner: $140,500","The Bunched Arrowhead is a federally listed endangered plant species that is clustered near Travelers Rest and Henderson County, NC.  This project will protect hundreds of plants, a Piedmont seepage forest, and a stream that flows into SCDNR’s Blackwell Heritage Preserve.","Part of SCDNR's Bunched Arrowhead Heritage Preserve; Reimbursed $100,000",0.0,2.6687346188032506,0.8895782062677503,0.0,0.0,0.0,5.559863789173439,0.0,0.0,0.0,0.22239455156693758,2.891129170370188,0.0,13.121278542449318,0.0,FY2024-25,2024,Greenville,1,fee simple,full,True,15163.768701981398,24.899956698055128,650000.0,1025000.0,1.7333333333333334,SC Conservation Bank grants feature service,False
Dogwood Hill Farm,182.29,400000.0,400000.0,SC Farm Bureau Land Trust,No Transfer,Piedmont,1950000.0,639000.0,0.0,0.0,,"This family-owned, historic farm is managed for beef and row crops. It has significant frontage on Millwee Creek, a tributary of Lake Hartwell, and adjoins the Clemson University Simpson Research Farm. Its protection connects conserved agricultural properties and ensures water quality.",,0.0,6.004652892307314,0.22239455156693758,0.0,0.0,0.0,65.1616036091127,0.0,0.8895782062677503,0.0,0.0,90.51458248774358,10.674938475213002,4.003101928204876,0.0,FY2024-25,2024,Anderson,1,easement,none,False,2194.3057765099566,179.93257570666987,639000.0,1039000.0,1.5975,SC Conservation Bank grants feature service,False
Store Creek Park,1.67,110000.0,110000.0,Edisto Island Open Land Trust,No Transfer,Coastal,345000.0,13000.0,222000.0,0.0,"Charleston County: $220,000, Edisto Island Open Land Trust: $2,000, Landowner: $13,000",The property protects vistas along the Edisto Island Scenic Byway and will create new a public recreational access point  to Store Creek.,,0.22239455156693758,0.44478910313387515,0.0,0.0,0.0,0.0,0.0,0.44478910313387515,0.0,0.0,0.0,0.0,0.0,0.0,0.6671836547008126,FY2024-25,2024,Charleston,1,fee simple,full,False,65868.2634730539,1.564165220281461,235000.0,345000.0,2.1363636363636362,SC Conservation Bank grants feature service,False
Snow's Island Addition,2584.26,5229080.0,5229080.0,Open Space Institute,SCDNR,Pee Dee,14280000.0,3942960.0,2272960.0,2835000.0,"NAWCA: $2,835,000, Florence County: $1,350,000, Knobloch Family Foundation: $922,960, Landowner: $3,942,960","(group Snows Island projects) Snow’s Island Assemblage conserved 7,600 acres in Florence County.  Located at the confluence of the scenic Lynches and Great Pee Dee Rivers, this project includes both the expansive 5,179-acre Snow’s Island and an adjacent 2,584 acre timber tract (River Forks). Together, the two properties comprise the 7,600-acre “Snow’s Island Assemblage” and represent the largest conservation project in Florence County history.  The property also contains the renowned Revolutionary War-era campsite of Francis ""Swamp Fox"" Marion.  ",Part of SCDNR's Woodbury Wildlife Management Area; Grant partially from SCOR,4.447891031338751,35.80552280227695,3.7807073766379387,0.0,0.0,0.0,0.22239455156693758,515.0657814290274,0.22239455156693758,418.9913351521104,159.45689347349423,0.0,2.6687346188032506,1428.217810162873,6.44944199544119,FY2024-25,2024,Florence,1,fee simple,full,True,2023.434174579957,2576.6159396970006,9050920.0,14280000.0,1.73088191421818,SC Conservation Bank grants feature service,False
Snow's Island,5178.93,14400000.0,4400000.0,Open Space Institute,SCDNR,Pee Dee,14400000.0,0.0,0.0,10000000.0,"Forest Legacy or EPA: $8,500,000, NAWCA: $1,500,000","(group Snows Island projects) Snow’s Island Assemblage conserved 7,600 acres in Florence County.  Located at the confluence of the scenic Lynches and Great Pee Dee Rivers, this project includes both the expansive 5,179-acre Snow’s Island and an adjacent 2,584 acre timber tract (River Forks). Together, the two properties comprise the 7,600-acre “Snow’s Island Assemblage” and represent the largest conservation project in Florence County history.  The property also contains the renowned Revolutionary War-era campsite of Francis ""Swamp Fox"" Marion.  ","Part of SCDNR's Woodbury Wildlife Management Area; Reimbursed $10,000,000; Grant from SCOR",56.93300520113602,77.83809304842815,0.8895782062677503,0.0,0.0,0.0,2.2239455156693757,81.17401132193221,0.0,54.486665133899706,20.23790419259132,0.0,0.0,4666.727270080618,3.113523721937126,FY2024-25,2024,Florence,1,fee simple,full,True,2780.4971297159836,4969.180317410252,10000000.0,24400000.0,0.6944444444444444,SC Conservation Bank grants feature service,False
Horsepen Creek I,46.0,165000.0,165000.0,Upstate Forever,No Transfer,Piedmont,1320000.0,828000.0,97000.0,0.0,"Greenville County HNRT: $85,500; Upstate Land Conservation Fund: $11,500","This project conserves critical wetlands and riparian habitat along Horsepen Creek, which flows to the Enoree River, and secures an ecological oasis inside of the urban interface near Simpsonville.",,0.0,2.446340067236313,0.0,0.0,0.0,0.0,24.685795223930068,0.0,4.225496479771814,0.0,0.44478910313387515,12.676489439315441,0.0,0.0,0.0,FY2024-25,2024,Greenville,1,easement,none,False,3586.9565217391305,43.594962555287246,925000.0,1090000.0,5.606060606060606,SC Conservation Bank grants feature service,False
"Private tract (Horry County, FY2024-25)",115.0,8000000.0,7000000.0,Open Space Institute,SCPRT/SCDNR,Coastal,19320000.0,11320000.0,0.0,1000000.0,"USFWS (Coastal): $1,000,000","Waites Island is located just south of the Little River Inlet and is one of the last remaining pristine, yet unprotected, oceanfront islands of this size along the Atlantic coastline. Its acquisition will result in the protection of critical coastal habitat and will be made available for public recreation and education.","Reimbursed $1,000,000; Grant from SCOR",12.009305784614629,0.0,0.0,0.0,0.0,3.335918273504064,0.0,38.25186286951326,0.0,0.0,0.44478910313387515,0.0,0.0,7.33902020170894,56.04342699486827,FY2024-25,2024,Horry,1,fee simple,full,True,69565.21739130435,117.84059012449289,12320000.0,20320000.0,1.54,SC Conservation Bank grants feature service,False
Old Blair Road (Lina Marston),131.0,72000.0,72000.0,Upper Savannah Land Trust,No Transfer,Central,500000.0,108000.0,0.0,0.0,,"The Old Blair Road tract connects existing protected land near Sumter National Forest and the confluence of the Enoree and Broad Rivers in eastern Newberry County, and buffers one of the major “wood baskets” of South Carolina.",,0.0,2.6687346188032506,0.6671836547008126,0.0,0.0,0.0,15.790013161252567,86.28908600797178,4.225496479771814,11.78691123304769,1.7791564125355006,0.0,0.0,0.22239455156693758,0.0,FY2024-25,2024,Newberry,1,easement,none,False,549.6183206106871,122.61678786360301,108000.0,180000.0,1.5,SC Conservation Bank grants feature service,False
McQueen Farm,246.0,110000.0,110000.0,Pee Dee Land Trust,No Transfer,Pee Dee,775000.0,148269.0,0.0,0.0,,"McQueen Farm is a productive family-run farm in Marlboro County. Its permanent protection will enhance habitat connectivity, support regional bird conservation goals, and strengthen ongoing investments in farmland conservation across the Pee Dee region.",,0.0,4.670285582905689,0.44478910313387515,0.0,0.0,0.0,0.0,2.001550964102438,0.0,16.679591367520317,0.44478910313387515,0.0,169.9094373971403,46.03567217435607,0.0,FY2024-25,2024,Marlboro,1,easement,none,False,447.1544715447154,240.63375011575198,148269.0,258269.0,1.3479,SC Conservation Bank grants feature service,False
Stewart Tract,174.0,86950.0,86950.0,Congaree Land Trust,No Transfer,Pee Dee,910000.0,173050.0,0.0,0.0,,With the preservation of essential water resources and wildlife habitat in the Wateree watershed Stewart Tract safeguards timberlands and wetlands while strengthening conservation efforts in the Midlands.,,0.0,0.22239455156693758,0.22239455156693758,0.0,0.0,0.0,7.783809304842815,150.33871685924979,12.89888399088238,0.0,0.0,0.22239455156693758,0.0,2.446340067236313,0.0,FY2024-25,2024,Fairfield,1,easement,none,False,499.71264367816093,173.8311532988129,173050.0,260000.0,1.9902242668200114,SC Conservation Bank grants feature service,False
AB Farms,126.0,412500.0,412500.0,SC Farm Bureau Land Trust,No Transfer,Piedmont,1645000.0,412500.0,0.0,0.0,,This multi-generational family farm consists of over 99% prime soils and specializes in producing row crops.  Its protection will ensure that the land remains available for cultivation and will help preserve the agricultural heritage of the surrounding community.,Grant from the Working Agricultural Lands Fund,2.2239455156693757,1.3343673094016253,0.8895782062677503,0.0,0.0,0.0,0.6671836547008126,0.8895782062677503,0.22239455156693758,0.0,2.001550964102438,16.901985919087256,98.52078634415334,2.446340067236313,1.7791564125355006,FY2024-25,2024,Anderson,1,easement,none,False,3273.809523809524,127.647341123019,412500.0,825000.0,1.0,SC Conservation Bank grants feature service,False
Glassy Mountain Foothills - Scenic Highway 11,365.0,2500000.0,1500000.0,Naturaland Trust / SCPRT,SCPRT,Piedmont,4200000.0,1000000.0,700000.0,1000000.0,"LWCF: $1,000,000 (reimbursement), SEW Eurodrive: $50,000, Greenville County: $600,000, Private Fundraising: $50,000","This 365-acre tract protects a major tributary of the Middle Tyger River and the viewshed along Scenic Highway 11. The property features mature forests, cold-water streams, and diverse wildlife habitats.  It ultimately will become a recreational asset for residents of the Upcountry. ","Reimbursed $1,000,000",0.0,2.2239455156693757,0.0,0.0,0.0,0.0,237.73977562505624,23.57382246609538,36.6951010085447,41.142992039883445,1.1119727578346879,5.337469237606501,0.0,0.0,0.0,FY2024-25,2024,Greenville,1,fee simple,full,True,6849.315068493151,347.3835636157039,2700000.0,5200000.0,1.08,SC Conservation Bank grants feature service,False
Grayson Oaks,93.6,600000.0,600000.0,Lowcountry Land Trust,No Transfer,Coastal,4000000.0,500000.0,2900000.0,0.0,"Charleston County: $2,900,000","Grayson Oaks is located on Johns Island, an area rich in  agricultural history and also experiencing rapid development pressures.  The property’s diverse forest and wetland habitats, prime soils, and visibility from public roads made it a high priority for conservation for state and local land protection efforts. ",,0.0,0.6671836547008126,0.0,0.0,0.0,0.0,0.0,10.00775482051219,0.0,0.0,0.0,15.790013161252567,0.0,66.49597091851433,0.0,FY2024-25,2024,Charleston,1,fee simple,full,False,6410.256410256411,94.02416226734896,3400000.0,4000000.0,5.666666666666667,SC Conservation Bank grants feature service,False
Broad River Preserve,1040.78,760000.0,760000.0,SC Farm Bureau Land Trust,No Transfer,Piedmont,4475000.0,1467000.0,10000.0,0.0,"Upstate Land Conservation Fund: $10,000",This expansive working forests fronts on 1.4 miles of the Broad River and adjoins Sumter National Forest.  Its protection links together large blocks of privately-owned timberlands and important wildlife habitat within one of the major “wood baskets” of South Carolina. ,,1.556761860968563,54.70905968546664,8.22859840797669,0.44478910313387515,0.0,0.0,81.84119497663302,579.7825959350062,39.58623017891489,101.63431006609046,2.2239455156693757,124.98573798061892,0.0,38.474257421080196,0.0,FY2024-25,2024,Union,1,easement,none,False,730.221564595784,1034.0644682614452,1477000.0,2237000.0,1.943421052631579,SC Conservation Bank grants feature service,False
Saluda Gorge - Phase II,190.0,1000000.0,1000000.0,Naturaland Trust,No Transfer,Piedmont,1900000.0,300000.0,600000.0,0.0,"Greenville County: $500,000; Easley Combined Utilities: $100,000","This project expands on the Saluda Rivers Gorge WMA, helps maintain water quality within the Saluda River, and will provide publicly accessible outdoor recreational opportunities.",,0.0,2.2239455156693757,0.0,0.0,0.0,0.0,126.76489439315442,27.799318945867196,30.690448116237384,0.0,0.0,0.6671836547008126,0.0,0.0,0.0,FY2024-25,2024,Greenville,1,fee simple,full,False,5263.1578947368425,189.12740711440773,900000.0,1900000.0,0.9,SC Conservation Bank grants feature service,False
Fall Creek Headwaters,108.25,115000.0,115000.0,Upstate Forever,No Transfer,Piedmont,650000.0,220000.0,50000.0,5000.0,"Oconee County Conservation Bank: $35,000; Upstate Land Conservation Fund: $15,000; USFWS: $5,000",Fall Creek Headwaters is a family-owned forest in the Blue Ridge region near the source headwaters of Fall Creek. It provides habitat corridors for numerous wildlife species and supports biodiversity near the Chattooga National Wild and Scenic River.,,0.0,1.1119727578346879,0.22239455156693758,0.0,0.0,0.0,32.24720997720595,4.670285582905689,58.71216161367152,0.0,0.0,0.22239455156693758,0.0,0.0,0.0,FY2024-25,2024,Oconee,1,easement,none,False,1062.3556581986143,97.3664208379963,275000.0,390000.0,2.391304347826087,SC Conservation Bank grants feature service,False
Watson Farm,358.73,565000.0,565000.0,SC Farm Bureau Land Trust,No Transfer,Pee Dee,2225000.0,610000.0,0.0,0.0,,The Watson Farm tract covers approximately 700 acres of diverse wildlife habitat with significant bottomland hardwoods along 2.8 miles of the Scenic Black River.  The protection of this tract benefits wildlife habitat and water quality within an important river system to the Pee Dee Region and the state.,Grant from the Working Agricultural Lands Fund,5.337469237606501,29.35608080683576,6.004652892307314,4.003101928204876,0.0,0.0,10.00775482051219,176.13648484101455,10.674938475213002,0.8895782062677503,17.791564125355006,312.24195039998034,109.41811937093328,369.1749556011163,13.121278542449318,FY2024-25,2024,Chester,1,easement,none,False,1575.0006969029632,360.5684421374868,610000.0,1175000.0,1.079646017699115,SC Conservation Bank grants feature service,False
McClain Farm,72.46,187600.0,187600.0,SC Farm Bureau Land Trust,No Transfer,Piedmont,990000.0,315400.0,10000.0,0.0,"Upstate Land Conservation Fund: $10,000","This family-run farm spans 72 acres of rich agricultural land and focused on producing beef cattle and hay.  This tract plays a crucial role in the sustainability of the local food economy, with 99% of its soil deemed prime and essential for agriculture.",,0.0,1.3343673094016253,0.8895782062677503,0.0,0.0,0.0,3.558312825071001,2.001550964102438,4.892680134472626,0.0,0.0,61.15850168090783,0.0,0.6671836547008126,0.0,FY2024-25,2024,Anderson,1,easement,none,False,2589.014628760696,75.45784579865757,325400.0,513000.0,1.7345415778251598,SC Conservation Bank grants feature service,False
Jackson Farms Cash Tracts,588.0,500000.0,500000.0,Pee Dee Land Trust,No Transfer,Pee Dee,2165000.0,765000.0,0.0,0.0,,"The Jackson Farm Cash Tracts in Chesterfield County comprise diverse upland and wetland habitats characteristic of the Carolina Sandhills, and support a rich mix of pine forests, hardwoods, and rare plant and animal species. ",,2.891129170370188,7.561414753275877,1.7791564125355006,0.0,0.0,0.22239455156693758,2.001550964102438,235.96061921252075,0.0,64.71681450597883,154.11942423588775,0.0,0.6671836547008126,115.86756136637447,0.6671836547008126,FY2024-25,2024,Chesterfield,1,easement,none,False,850.3401360544218,586.4258940850174,765000.0,1265000.0,1.53,SC Conservation Bank grants feature service,False
Alcorn Timber,166.47,135000.0,135000.0,SC Farm Bureau Land Trust,No Transfer,Central,800000.0,250000.0,0.0,0.0,,"The Alcorn Timber tract is a well-managed, productive forest that provides habitat for a myriad of wildlife species.  The wetlands and streams on the property flow directly into the Saluda River and aid downstream water quality in Lake Murray.  Protecting working forests such as this supports the Bank’s initiative to conserve productive timberlands, wildlife habitat and drinking water throughout South Carolina.  ",,0.0,2.2239455156693757,2.446340067236313,0.0,0.0,0.0,12.676489439315441,128.09926170255602,12.676489439315441,0.6671836547008126,8.673387511110565,0.0,0.0,0.0,0.0,FY2024-25,2024,Newberry,1,easement,none,False,810.9569291764282,166.31671372566527,250000.0,385000.0,1.8518518518518519,SC Conservation Bank grants feature service,False
Essex Farms,898.55,560000.0,560000.0,Open Land Trust,No Transfer,Coastal,8335000.0,770000.0,560000.0,1885000.0,"Department of Defense: $1,885,000; Beaufort County: $560,000","Essex Farms is a working forest in the ACE Basin.  Its protection fosters climate resilience and habitat connectivity, and supports the Lowcountry Sentinel Landscape, a partnership with the Department of Defense to promote conservation near military installations.",,0.44478910313387515,29.35608080683576,0.8895782062677503,0.0,0.0,0.0,0.0,313.1315286062481,0.0,30.24565901310351,31.802420874072073,0.0,1.1119727578346879,404.53568930025943,29.800869909969634,FY2024-25,2024,Beaufort,1,easement,none,False,623.2263090534751,850.8691125901663,3215000.0,3775000.0,5.741071428571429,SC Conservation Bank grants feature service,False
Sadler Farms,264.8,325000.0,325000.0,Nation Ford Land Trust,No Transfer,Pee Dee,1800000.0,400000.0,75000.0,0.0,"York County: $75,000; Landowner: $400,000","Sadler Farms fronts along Turkey and Bryson Creeks in York County.  Its protection supports water quality, wildlife habitat, and flood resilience. The land’s deep agricultural legacy and historic landmarks, such as  the Old Fowler Cemetery, make it a high priority for conservation amid accelerating suburban development.",,0.0,3.558312825071001,0.22239455156693758,0.0,0.0,0.0,60.49131802620702,19.34832598632357,57.3777943042699,1.7791564125355006,1.3343673094016253,94.07289531281458,0.0,1.7791564125355006,0.0,FY2024-25,2024,York,1,easement,none,False,1227.3413897280966,241.69167471429725,475000.0,800000.0,1.4615384615384615,SC Conservation Bank grants feature service,False
Sam Dargan Tract,40.25,20000.0,20000.0,Pee Dee Land Trust,No Transfer,Pee Dee,200000.0,30000.0,0.0,0.0,,This tract is located in the Back Swamp community of Darlington County and helps connect multiple conservation easements and other protected lands within this focus area. ,,0.0,0.6671836547008126,0.0,0.0,0.0,0.0,0.0,20.682693295725194,0.0,2.446340067236313,0.0,0.0,0.44478910313387515,10.452543923646065,0.6671836547008126,FY2024-25,2024,Darlington,1,easement,none,False,496.8944099378882,35.806089414419255,30000.0,50000.0,1.5,SC Conservation Bank grants feature service,False
Grimshaw Farm,122.61,145000.0,145000.0,SC Farm Bureau Land Trust,No Transfer,Piedmont,725000.0,207500.0,17500.0,0.0,ULCF,"Grimshaw Farms is a family-run livestock operation near Ware Shoals, SC, specializing in pasture-raised Katahdin sheep and lamb products sold directly to consumers and restaurants. With highly fertile soils and ongoing pasture restoration by the landowner, the farm offers a wonderful example of sustainable agriculture.",,0.44478910313387515,2.6687346188032506,0.22239455156693758,0.0,0.0,0.0,6.227047443874252,0.44478910313387515,1.7791564125355006,1.1119727578346879,39.14144107578101,70.94386194985309,0.0,0.0,0.0,FY2024-25,2024,Laurens,1,easement,none,False,1182.6115325014273,122.21980282544152,225000.0,370000.0,1.5517241379310345,SC Conservation Bank grants feature service,False
Pipsissewa Passage - Paris Mountain,65.42,2400000.0,1400000.0,Naturaland Trust,SCPRT,Piedmont,2900000.0,0.0,500000.0,1000000.0,"SCPRT / LWCF: $1,000,000; Greenville County HNRT: $500,000",Pipsissewa Passage - Paris Mountain,"Part of SCPRT's Paris Mountain; Reimbursed $1,000,000",2.001550964102438,0.6671836547008126,0.22239455156693758,0.0,0.0,0.0,50.9283523088287,7.783809304842815,4.225496479771814,0.0,0.0,1.3343673094016253,0.0,0.0,0.0,FY2024-25,2024,Greenville,1,fee simple,full,True,36686.02873738918,65.43328086206796,1500000.0,3900000.0,0.625,SC Conservation Bank grants feature service,False
Oconee Station Connector,63.97,122500.0,122500.0,Upstate Forever,No Transfer,Piedmont,670000.0,237500.0,15000.0,5000.0,ULCF; USFWS,"The Oconee Station Connector is a strategically located property that links together a network of protected lands near Oconee State Park and Sumter National Forest.  Its rich topography, key watershed features, and potential habitat for endangered species make it a valuable site for long-term ecological diversity.",,0.0,4.225496479771814,0.0,0.0,0.0,0.0,46.92525038062382,3.335918273504064,8.673387511110565,0.8895782062677503,2.001550964102438,0.0,0.0,0.0,0.0,FY2024-25,2024,Oconee,1,easement,none,False,1914.9601375644834,66.0058430806816,257500.0,380000.0,2.1020408163265305,SC Conservation Bank grants feature service,False
Burch's Mill,374.64,1250000.0,1250000.0,Florence County,No Transfer,Pee Dee,3500000.0,0.0,2250000.0,0.0,"Florence County: $2,250,000","During the American Revolution, Burch’s Mill served as a vital commercial and transportation hub in the Pee Dee region and was frequently visited by Francis “Swamp Fox” Marion. Today, Florence County has identified the site as a high conservation priority for a new park that will showcase the region’s rich history and archaeology.",,6.894231098575065,16.012407712819503,1.556761860968563,0.0,0.0,0.0,12.454094887748504,191.48170889913325,4.225496479771814,10.230149372079127,1.3343673094016253,0.0,21.572271501992944,109.64051392250023,0.0,FY2024-25,2024,Florence,1,fee simple,full,False,3336.5364082852875,374.0686502069255,2250000.0,3500000.0,1.8,SC Conservation Bank grants feature service,False
Red Top Park,5.96,100000.0,100000.0,Lowcountry Land Trust,Red Top Improvement Association,Coastal,690000.0,10000.0,580000.0,0.0,"Charleston County Greenbelt: $580,000","This property will be permanently protected as a public park in the Red Top community. The site will feature nature trails, public water access, and a new community center modeled after the original 1927 Rosenwald School, celebrating the area’s rich history and culture.",,0.0,1.556761860968563,0.22239455156693758,0.0,0.0,0.0,0.0,0.22239455156693758,0.0,0.0,0.0,0.0,0.0,1.7791564125355006,2.446340067236313,FY2024-25,2024,Charleston,1,fee simple,full,True,16778.523489932886,5.96105091377395,590000.0,690000.0,5.9,SC Conservation Bank grants feature service,False
Price Family Farm,199.17,205000.0,205000.0,Nation Ford Land Trust,No Transfer,Pee Dee,1315000.0,360000.0,0.0,0.0,,"Price Family Farm is a 205-acre tract in York County that features mature creekside hardwood forests and wetlands along Turkey Creek. As urban expansion from nearby Charlotte and Rock Hill accelerates, its conservation safeguards important natural resources and will serve as a model for land stewardship.",,0.22239455156693758,1.1119727578346879,0.22239455156693758,0.0,0.0,0.0,35.58312825071001,71.6110456045539,39.58623017891489,2.001550964102438,9.340571165811378,18.23635322848888,0.0,20.682693295725194,0.0,FY2024-25,2024,York,1,easement,none,False,1029.2714766280062,198.13925666407854,360000.0,565000.0,1.7560975609756098,SC Conservation Bank grants feature service,False
Scrambler's Knob Horse Farm,57.98,160000.0,160000.0,SC Farm Bureau Land Trust,No Transfer,Coastal,2200000.0,410000.0,200000.0,0.0,"Charleston County: $200,000","Scrambler’s Knob Horse Farm is a 58-acre property on Johns Island that borders Charleston County's Mullet Hall Equestrian Center.  With a mix of pastures, wetlands, timber, and equestrian facilities, the farm enhances the ecological and recreational value of this rural landscape southwest of Charleston.",,0.0,2.446340067236313,0.0,0.0,0.0,0.0,0.0,6.227047443874252,0.0,2.446340067236313,0.0,19.12593143475663,3.558312825071001,25.352978878630882,0.0,FY2024-25,2024,Charleston,1,easement,none,False,2759.5722662987237,59.03559648458841,610000.0,770000.0,3.8125,SC Conservation Bank grants feature service,False
Black River SP - Browns Ferry,311.31,498000.0,0.0,Open Space Institute / SCPRT,SCPRT,Coastal,1370000.0,373232.0,747768.0,249000.0,,"(group BRSP projects together) Addition to the Black River State Park that builds upon an inclusive vision of community conservation with state and local conservation lands, access points, and a water trail connecting the public use lands. ","Reimbursed $498,000",3.335918273504064,2.446340067236313,3.7807073766379387,0.0,0.0,0.0,0.0,18.90353688318969,0.0,9.11817661424444,79.83964401253058,0.0,0.0,203.49101468374786,0.8895782062677503,FY2024-25,2024,Georgetown,1,fee simple,full,True,1599.6916257107064,322.4602481388435,1370000.0,1868000.0,2.751004016064257,SC Conservation Bank grants feature service,False
Hodge Tract,89.39,39600.0,39600.0,Congaree Land Trust,No Transfer,Central,400000.0,70400.0,0.0,0.0,"SCPRT / LWCF (50/50): $498,000; Knobloch Family Foundation: $498,768","This family farm in Clarendon County is currently used for growing row crops and lies within the Pee Dee Watershed, near the city of Turbeville.  ",,0.0,0.22239455156693758,0.0,0.0,0.0,0.0,0.0,7.116625650142002,0.0,0.44478910313387515,0.0,0.0,62.93765809344333,16.45719681595338,0.0,FY2024-25,2024,Clarendon,1,easement,none,False,443.00257299474214,88.06996874183915,70400.0,110000.0,1.7777777777777777,SC Conservation Bank grants feature service,False
Beech Hill,1637.6,3350000.0,3350000.0,Open Space Institute,SCFC,Coastal,12330000.0,980000.0,8000000.0,0.0,"Dorchester County: $4,000,000; SC Forestry Commission: $4,000,000","Beech Hill expands across 1,638 acres and adjoins the Edisto Wildlife Management Area.  The project included a substantial investment from Dorchester County's Greenbelt program.  The SC Forestry Commission will manage it as a new State Forest and open it to the public for outdoor recreation in partnership with SCDNR's WMA program.",,0.0,61.603290784041704,6.227047443874252,0.0,0.0,0.44478910313387515,0.0,1234.5121557480704,0.0,39.808624730481824,158.34492071565955,0.44478910313387515,0.44478910313387515,131.43517997606008,2.891129170370188,FY2024-25,2024,Dorchester,1,fee simple,full,True,2045.6765999022962,1636.585234513635,8980000.0,12330000.0,2.680597014925373,SC Conservation Bank grants feature service,False
Young's Farm,224.72,100000.0,100000.0,Lowcountry Land Trust,No Transfer,Coastal,2130000.0,364000.0,100000.0,0.0,"Dorchester County: $100,000","Young's Farm is a 225-acre  working farm just south of St. George.  The property is located in close proximity to other conserved properties that together foster the preservation of open space, sustainable agriculture and water quality  in Dorchester County.",,0.0,7.33902020170894,1.1119727578346879,0.0,0.0,0.0,0.0,6.227047443874252,0.22239455156693758,0.44478910313387515,0.0,0.0,104.52543923646067,104.97022833959454,0.0,FY2024-25,2024,Dorchester,1,easement,none,False,444.99822000712,225.38171101036872,464000.0,564000.0,4.64,SC Conservation Bank grants feature service,False
Willow Oak,13.07,830000.0,830000.0,Lowcountry Land Trust,Charleston County PRC,Coastal,935000.0,55000.0,95000.0,0.0,Charleston County Greenbelt Program,"The Willow Oak project will springboard the creation of a 66-acre waterfront park on Johns Island that will protect significant trees, forested wetlands, and prime farmland while also providing public access to Simmons Creek.",,0.0,1.556761860968563,0.0,0.0,0.0,0.0,0.0,3.113523721937126,0.0,1.3343673094016253,0.0,2.6687346188032506,0.0,3.7807073766379387,0.0,FY2024-25,2024,Charleston,1,fee simple,full,True,63504.208110175976,12.85230004502264,150000.0,980000.0,0.18072289156626506,SC Conservation Bank grants feature service,False
Rivers Farm 2,347.78,410000.0,410000.0,SC Farm Bureau Land Trust,No Transfer,Central,1980000.0,360000.0,0.0,50000.0,"MAJIC: $50,000",(group Rivers Farm projects) Rivers Farm is an irrigated agricultural property located in Sumter and Lee County.  Its protection helps ensure the agricultural viability and farming heritage of the area. ,Grant from the Working Agricultural Lands Fund,0.0,2.446340067236313,1.1119727578346879,0.0,0.0,0.0,0.0,21.12748239885907,0.0,24.908189775497007,1.1119727578346879,0.0,199.93270185867686,107.19417385526391,0.0,FY2024-25,2024,Sumter,1,easement,none,False,1178.906205072172,358.0165619461254,410000.0,820000.0,1.0,SC Conservation Bank grants feature service,False
Rivers Farm 1,668.97,885000.0,885000.0,SC Farm Bureau Land Trust,No Transfer,Pee Dee,4260000.0,835000.0,0.0,50000.0,"MAJIC: $50,000",(group Rivers Farm projects) Rivers Farm is an irrigated agricultural property located in Sumter and Lee County.  Its protection helps ensure the agricultural viability and farming heritage of the area.,Grant from the Working Agricultural Lands Fund,1.1119727578346879,20.682693295725194,2.446340067236313,0.0,0.0,0.0,0.6671836547008126,18.681142331622755,0.8895782062677503,0.22239455156693758,4.003101928204876,0.0,587.566405239849,24.463400672363132,0.0,FY2024-25,2024,Lee; Sumter,2,easement,none,False,1322.9292793398806,663.7530161523109,885000.0,1770000.0,1.0,SC Conservation Bank grants feature service,False
Burrows Farm 1,284.3,288000.0,288000.0,SC Farm Bureau Land Trust,No Transfer,Pee Dee,1830000.0,382000.0,0.0,50000.0,"MAJIC: $50,000","(group Burrows Farm projects) Burrows Farms ties together numerous agricultural properties in this farming community on the Sumter and Lee County border, and buffers nearby military installations from encroachment.",,0.0,6.671836547008128,1.3343673094016253,0.0,0.0,0.0,0.0,14.67804040341788,1.556761860968563,0.0,0.0,0.0,230.62314997491424,30.46805356467045,0.0,FY2024-25,2024,Lee; Sumter,2,easement,none,False,1013.0144213858599,285.76280685160197,432000.0,720000.0,1.5,SC Conservation Bank grants feature service,False
Burrows Farm 2,296.0,248000.0,248000.0,SC Farm Bureau Land Trust,No Transfer,Pee Dee,1620000.0,322000.0,0.0,50000.0,"MAJIC: $50,000","(group Burrows Farm projects) Burrows Farms ties together numerous agricultural properties in this farming community on the Sumter and Lee County border, and buffers nearby military installations from encroachment.",,0.0,3.7807073766379387,0.0,0.0,0.0,0.0,0.0,68.49752188261677,0.0,0.22239455156693758,0.0,0.0,191.48170889913325,19.12593143475663,8.006203856409751,FY2024-25,2024,Lee; Sumter,2,easement,none,False,837.8378378378378,291.7440610714783,372000.0,620000.0,1.5,SC Conservation Bank grants feature service,False
Harrison Farm,106.71,215000.0,215000.0,SC Farm Bureau Land Trust,No Transfer,Piedmont,855000.0,255000.0,85000.0,0.0,"Greenville County: $85,000",Harrison Farm is a family-owned vegetable farm in Greenville County that supplies fresh produce to local restaurants and grocers. The land includes 76 acres of prime farmland and is in close proximity to other conserved properties.,,0.0,2.446340067236313,0.22239455156693758,0.0,0.0,0.0,31.357631770938198,0.0,0.44478910313387515,2.001550964102438,0.0,56.48821609800214,10.452543923646065,0.0,0.0,FY2024-25,2024,Greenville,1,easement,none,False,2014.8064848655235,103.64128252002685,340000.0,555000.0,1.5813953488372092,SC Conservation Bank grants feature service,False
Battle of Hobkirk Hill - SC Liberty Trail,0.35,15000.0,15000.0,SC Battleground Preservation Trust,No Transfer,Pee Dee,30000.0,0.0,0.0,15000.0,American Battlefield,"The 1781 Battle of Hobkirk Hill occurred on this site, which will be commemorated as a stop along the South Carolina Liberty Trail, a driving tour of over seventy Revolutionary War battlefields located throughout South Carolina.",,0.0,0.6671836547008126,0.0,0.0,0.0,0.0,0.0,0.0,0.0,0.0,0.0,0.0,0.0,0.0,0.0,FY2024-25,2024,Kershaw,1,fee simple,full,False,42857.14285714286,0.36854353450248567,15000.0,30000.0,1.0,SC Conservation Bank grants feature service,False
Saluda Grade Trail,373.71,750000.0,750000.0,PAL: Play. Advocate. Live Well,Spartanburg County,Piedmont,16275000.0,525000.0,0.0,0.0,"SCPRT: $15,000,000; NC portion: $16,250,000","The Saluda Grade Trail will convert a freight railroad into a 31.5 mile mixed use biking and walking trail that will pass through Inman, Campobello and Landrum before eventually crossing into North Carolina.  The project is expected to foster outdoor-oriented economies of the towns along its route. ",,0.0,136.55025466209966,142.33251300284005,46.48046127748995,8.673387511110565,0.22239455156693758,11.119727578346877,4.447891031338751,3.113523721937126,0.22239455156693758,2.446340067236313,11.119727578346877,1.7791564125355006,2.001550964102438,0.0,FY2024-25,2024,Greenville; Spartanburg,2,fee simple,full,True,2006.903748896203,373.6085322650361,525000.0,1275000.0,0.7,SC Conservation Bank grants feature service,True
Parris Family Farm,148.65,630000.0,630000.0,SC Farm Bureau Land Trust,No Transfer,Piedmont,1800000.0,715000.0,25000.0,0.0,"Spartanburg Water: $25,000","Parris Family Farm, established in the 1860s near Boiling Springs, offers scenic vistas of rolling pasture and hardwood forests. The owner runs a herd of Black Angus cattle and produces hay for other farmers.  Its protection also supports clean water for Spartanburg County.",Grant from the Working Agricultural Lands Fund,0.0,3.7807073766379387,0.6671836547008126,0.0,0.0,0.0,23.351427914528443,0.6671836547008126,4.670285582905689,0.0,0.0,124.54094887748504,0.0,0.0,0.0,FY2024-25,2024,Spartanburg,1,easement,none,False,4238.143289606458,156.65921312920295,740000.0,1370000.0,1.1746031746031746,SC Conservation Bank grants feature service,False
Alston Tract,174.46,64350.0,64350.0,Congaree Land Trust,No Transfer,Central,715000.0,189800.0,0.0,67600.0,"MAJIC: $67,600",This century-old family farm expands the protected lands corridor in the Cowasee Basin and buffers nearby military installations from encroachment.,,0.0,3.113523721937126,0.22239455156693758,0.0,0.0,0.0,0.0,48.70440679315932,0.0,2.2239455156693757,104.97022833959454,0.0,0.22239455156693758,8.673387511110565,0.22239455156693758,FY2024-25,2024,Sumter,1,easement,none,False,368.8524590163934,168.47332644480176,257400.0,321750.0,4.0,SC Conservation Bank grants feature service,False
Black River SP - Cold Creek Acquisition,178.67,221107.0,221107.0,Open Space Institute,SCPRT,Coastal,650000.0,207787.0,0.0,221106.0,"LWCF: $221,106","(group BRSP projects together) Addition to the Black River State Park that builds upon an inclusive vision of community conservation with state and local conservation lands, access points, and a water trail connecting the public use lands. ",,1.556762526996239,0.6671839401412453,0.44478929342749685,0.0,0.0,0.0,0.0,23.79622719837108,0.0,0.0,0.0,0.0,0.0,144.55652036393647,2.8911304072787294,FY2024-25,2024,Georgetown,1,fee simple,full,True,1237.5160911177031,173.31255309677778,428893.0,650000.0,1.9397531511892432,SC Conservation Bank grants feature service,False
Dean Acres,141.11,112000.0,112000.0,Upper Savannah Land Trust,No Transfer,Piedmont,680000.0,258000.0,0.0,0.0,,"Dean Acres is a 3rd generation working farm in Greenwood County near Sumter National Forest. This property will remain intact and productive for wood, water and wildlife for generations to come.",,2.8911304072787294,5.782260814557459,1.7791571737099874,0.22239464671374842,0.0,0.0,20.682702144378602,80.95165140380443,17.12438779695863,1.1119732335687422,0.44478929342749685,0.22239464671374842,0.0,0.0,0.0,FY2024-25,2024,Greenwood,1,easement,none,False,793.7070370632839,131.24752467110793,258000.0,370000.0,2.3035714285714284,SC Conservation Bank grants feature service,False
Caesars Headwaters,26.29,820000.0,320000.0,Naturaland Trust,SCPRT,Piedmont,1120000.0,0.0,300000.0,500000.0,"Greenville County HNRT: $300,000
Fundraising (possible FEMA): $500,000",,"Reimbursed $500,000",0.0,1.556762526996239,0.0,0.0,0.0,0.0,9.785364455404931,0.44478929342749685,14.455652036393648,0.0,0.0,0.0,0.0,0.0,0.0,FY2025-26,2025,Greenville,1,fee simple,full,True,31190.566755420314,26.098899190353503,800000.0,1620000.0,0.975609756097561,SC Conservation Bank grants feature service,False
Coakley Chapel Park,6.46,300000.0,300000.0,Lowcountry Land Trust,Hamlin Beach Community Association,Coastal,1995000.0,95000.0,1600000.0,0.0,"Charleston County Greenbelt: $1,500,000
LLT or Private Fundraising: $100,000",,,0.0,1.7791571737099874,1.556762526996239,0.0,0.0,0.0,0.0,3.3359197007062265,0.0,0.0,0.0,0.0,0.0,0.0,0.0,FY2025-26,2025,Charleston,1,fee simple,full,True,46439.62848297213,6.456392739229552,1695000.0,1995000.0,5.65,SC Conservation Bank grants feature service,False
Lever Farms,115.74,187500.0,187500.0,SC Farm Bureau Land Trust,No Transfer,Central,730000.0,217500.0,0.0,0.0,,,Grant partially from the Working Agricultural Lands Fund,0.0,0.6671839401412453,0.22239464671374842,0.0,0.0,0.0,16.457203856817383,21.34988608451985,34.026380947203506,25.130595078653574,9.562969808691182,10.674943042259924,0.0,3.3359197007062265,0.0,FY2025-26,2025,Newberry,1,easement,none,False,1620.0103680663558,121.25514948675311,217500.0,405000.0,1.16,SC Conservation Bank grants feature service,False
Wilson Ridge Farm,424.12,640000.0,640000.0,SC Farm Bureau Land Trust,No Transfer,Pee Dee,2550000.0,640000.0,0.0,0.0,,,Grant partially from the Working Agricultural Lands Fund,0.0,10.452548395546176,1.7791571737099874,0.22239464671374842,0.22239464671374842,8.895785868549938,40.69822034861596,28.466514779359798,94.29533020662933,115.86761093786293,42.2549828756122,74.27981200239198,0.0,0.0,0.0,FY2025-26,2025,Chester,1,easement,none,False,1509.006884843912,418.0352115497439,640000.0,1280000.0,1.0,SC Conservation Bank grants feature service,False
The Freeman-Anderson CE,5.41,25000.0,25000.0,Conservancy of the Sea Islands,No Transfer,Coastal,350000.0,147000.0,38000.0,0.0,"Charleston County Greenbelt: $38,000",,,0.0,0.0,0.0,0.0,0.0,0.0,0.0,2.2239464671374845,0.0,0.0,0.0,0.0,0.0,1.1119732335687422,1.556762526996239,FY2025-26,2025,Charleston,1,easement,none,False,4621.072088724584,4.55978282868073,185000.0,210000.0,7.4,SC Conservation Bank grants feature service,False
Broad River Conservation @Alston,109.33,725000.0,725000.0,Palmetto Trail (AKA PCF),No Transfer,Pee Dee,1013654.0,53000.0,225000.0,0.0,"Palmetto Trail: $225,000","This addition to the Palmetto Trail's Alston Trailhead supports wildlife conservation, envirmental education, floodplain protection and public access along the Broad River.",,1.3343678802824905,0.8895785868549937,0.0,0.0,0.0,0.0,11.119732335687422,0.22239464671374842,4.8926822277024655,0.0,0.6671839401412453,85.8443336315069,0.0,0.44478929342749685,0.0,FY2025-26,2025,Fairfield,1,fee simple,full,False,6631.29973474801,103.62865884390715,278000.0,1003000.0,0.383448275862069,SC Conservation Bank grants feature service,True
Cedar Hill Farm,312.9,300000.0,300000.0,Spartanburg Area Conservancy,No Transfer,Piedmont,1815000.0,593000.0,12000.0,0.0,"Upstate Land Conservation Fund: $12,000",Cedar Hill Farm enhances water quality by buffering the Enoree River and protects wildlife habitat in a new conservation focus area. ,,0.0,2.2239464671374845,0.44478929342749685,0.0,0.0,0.0,49.5940062171659,189.70263364682742,23.129043258229835,30.245671953069788,10.674943042259924,1.3343678802824905,0.0,3.7807089941337235,0.0,FY2025-26,2025,Spartanburg,1,easement,none,False,958.7727708533079,311.0481875494672,605000.0,905000.0,2.0166666666666666,SC Conservation Bank grants feature service,False
Pee Dee Basin RMS Initiative,900.04,3300000.0,3300000.0,SC Forestry Commission,No Transfer,Coastal,3300000.0,0.0,0.0,0.0,"Other Parcels: $68,900,000","This property is the cornerstone of the 62,220-acre conservation initiative aimed at safeguarding South Carolina’s forest industry within the Northern Coastal FLP Focus Area; its integration into Wee Tee State Forest will expand public access while protecting timber resources, wildlife habitat, and cultural heritage.",,0.0,50.48358480402089,3.7807089941337235,0.0,0.0,0.0,2.8911304072787294,341.82057199903136,0.0,36.47272206105474,213.943650138626,6.671839401412453,0.0,191.70418546725114,29.133698719501044,FY2025-26,2025,Georgetown,1,fee simple,full,False,3666.5037109461805,880.2564131747998,0.0,3300000.0,0.0,SC Conservation Bank grants feature service,False
Keller Tracks,271.79,129100.0,129100.0,Congaree Land Trust,No Transfer,Pee Dee,1220000.0,250900.0,0.0,0.0,,"This property adjoins existing protected land and lies within a woodbasket region, contributing to the protection of vital timber resources and supporting the continuity of sustainable forestry practices.",,0.0,4.22549828756122,0.8895785868549937,0.0,0.0,0.0,7.783812634981195,215.9452019590497,27.13214689907731,0.0,11.119732335687422,2.2239464671374845,0.0,0.0,0.0,FY2025-26,2025,Chester,1,easement,none,False,474.9990801721917,269.70592486562333,250900.0,380000.0,1.943454686289698,SC Conservation Bank grants feature service,False
Ninety Six Creek,68.82,78000.0,78000.0,Upstate Forever,No Transfer,Piedmont,540000.0,172000.0,10000.0,0.0,"Upstate Land Conservation Fund: $10,000","This project supports sustainable timber production and protects unique waterfowl habitat in the Upstate, just four miles from the Ninety Six Historic Site which played a critical role in the Revolutionary War. ",,0.0,1.556762526996239,0.0,0.0,0.0,0.0,17.12438779695863,13.788468096252403,4.447892934274969,10.452548395546176,0.22239464671374842,0.44478929342749685,0.0,21.572280731233597,0.0,FY2025-26,2025,Greenwood,1,easement,none,False,1133.3914559721013,70.4337098407001,182000.0,260000.0,2.3333333333333335,SC Conservation Bank grants feature service,False
Carolina Seafood Hwy 17,14.67,150000.0,150000.0,Lowcountry Land Trust,Town of McClellanville,Coastal,850000.0,0.0,700000.0,0.0,"Charleston County: $700,000",This community greenspace conserves the scenic entrance into the historic Town of McClellanville and helps achieve the multiphased initiative dedicated to ensuring a sustainable commercial seafood industry. ,,0.0,2.8911304072787294,1.3343678802824905,0.44478929342749685,0.0,0.8895785868549937,1.1119732335687422,6.894234048126202,0.0,2.4463411138512328,0.22239464671374842,0.0,0.0,0.0,0.0,FY2025-26,2025,Charleston,1,fee simple,full,True,10224.948875255624,14.694853554177941,700000.0,850000.0,4.666666666666667,SC Conservation Bank grants feature service,False
North Widgeon,8.99,250000.0,250000.0,Open Land Trust,Beaufort County,Coastal,2770000.0,0.0,2450000.0,0.0,"Beaufort County: $2,450,000","This property adjoins the Widgeon Point County Park, preserving scenic views along the Broad River and protecting wildlife habitat within the Lemon Island corridor.",,0.6671839401412453,0.0,0.0,0.0,0.0,0.0,0.0,6.227050107984956,0.0,0.0,0.0,0.0,0.0,1.3343678802824905,1.1119732335687422,FY2025-26,2025,Beaufort,1,fee simple,full,True,27808.676307007787,9.498289028066436,2450000.0,2700000.0,9.8,SC Conservation Bank grants feature service,True
Stevenson Century Farm,132.8,200000.0,200000.0,Upstate Forever,No Transfer,Piedmont,1096000.0,325000.0,40000.0,0.0,"Oconee County Conservation Bank: $20,000; Upstate Land Conservation Fund: $20,000","This Century Farm strengthens a critical agricultural corridor in a rapidly developing area, adds to nearby protected lands, and safeguards water quality on a tributary upstream of a vital drinking water source.",,0.8895785868549937,4.670287580988717,1.556762526996239,2.0015518204237357,0.0,0.0,26.68735760564981,3.5583143474199748,12.676494862683661,0.0,0.0,75.83657452938822,0.0,0.0,0.0,FY2025-26,2025,Anderson; Oconee,2,easement,none,False,1506.024096385542,128.05342311524933,365000.0,565000.0,1.825,SC Conservation Bank grants feature service,False
Maxcy Farm Nature Preserve,51.73,400000.0,400000.0,Edisto Island Open Land Trust,No Transfer,Coastal,1600000.0,260450.0,939550.0,0.0,"Charleston County: $939,550","As part of the broader 100-acre conservation initiative, these projects will establish a new community park and preserve significant frontage along the Edisto Island National Scenic Byway.",,0.0,0.8895785868549937,0.44478929342749685,0.0,0.0,0.0,0.0,0.22239464671374842,0.0,0.0,0.0,0.0,49.5940062171659,0.22239464671374842,0.0,FY2025-26,2025,Charleston,1,fee simple,full,False,7732.456988208003,51.67605381041592,1200000.0,1600000.0,3.0,SC Conservation Bank grants feature service,False
The Knight Tract,266.16,800000.0,800000.0,Lowcountry Land Trust,Dorchester County,Coastal,2240000.0,125000.0,1450000.0,0.0,"Dorchester County: $1,440,000","The Knight Tract will become a new county park that safeguards the headwaters of the Ashley River, with over a mile of frontage along Coldwater Branch, and extends the neighboring 15,000-acre conservation corridor.",,0.0,0.22239464671374842,0.0,0.0,0.0,0.22239464671374842,0.0,119.20353063856916,0.0,26.90975225236356,0.0,0.0,0.0,126.54255398012286,0.0,FY2025-26,2025,Dorchester,1,fee simple,full,True,3005.7108506161703,273.4448581080187,1575000.0,2375000.0,1.96875,SC Conservation Bank grants feature service,True
Pipsissewa Passage - II,15.46,350000.0,275000.0,Naturaland Trust,SCPRT,Piedmont,620000.0,69515.0,275485.0,0.0,"Greenville County HNRT: $200,485; Private Fundraising: $75,000","These projects expand Paris Mountain State Park, improving public access and protecting scenic vistas along State Park Road.","Reimbursed $75,000",0.0,0.6671839,0.0,0.0,0.0,0.0,13.121284156,0.66718394014,0.66718394014,0.0,0.0,0.0,0.0,0.0,0.0,FY2025-26,2025,Greenville,1,fee simple,full,True,22639.06856403622,14.79706951059777,345000.0,695000.0,0.9857142857142858,SC Conservation Bank grants feature service,False
Pipsissewa Passage - III,7.85,150000.0,125000.0,Naturaland Trust,SCPRT,Piedmont,355000.0,75485.0,154515.0,0.0,"Greenville County HNRT: $129,515; Private Fundraising: $25,000","These projects expand Paris Mountain State Park, improving public access and protecting scenic vistas along State Park Road.","Reimbursed $25,000",0.0,0.0,0.0,0.0,0.0,0.0,8.006207281694945,0.2223946467,2.0015518204,0.0,0.0,0.0,0.0,0.0,0.0,FY2025-26,2025,Greenville,1,fee simple,full,True,19108.28025477707,9.737620396612787,230000.0,380000.0,1.5333333333333334,SC Conservation Bank grants feature service,False
Keese Family Farm,556.68,812000.0,812000.0,SC Farm Bureau Land Trust,No Transfer,Piedmont,3900000.0,1412000.0,116000.0,0.0,"Oconee County: $116,000",This farm preserves scenic views along the Cherokee Foothills Scenic Highway and protects prime agricultural land in the Piedmont region.,,1.1119732335687422,40.69822034861596,1.7791571737099874,0.0,0.0,0.0,110.30774477001923,75.39178523596071,42.6997721690397,20.01551820423736,136.99510237566903,128.9888950939741,0.0,0.0,0.0,FY2025-26,2025,Oconee,1,easement,none,False,1458.6476970611484,557.8536546741758,1528000.0,2340000.0,1.8817733990147782,SC Conservation Bank grants feature service,False
Broad Arrow Landing,903.61,800000.0,800000.0,Ducks Unlimited,No Transfer,Pee Dee,6200000.0,1680000.0,0.0,0.0,,Broad Arrow Landing extends the protected corridor along the scenic Black River and conserves vital wildlife habitat.,,11.564521629114918,21.572280731233597,2.0015518204237357,0.22239464671374842,0.0,4.8926822277024655,21.1274914378061,70.49910300825825,2.4463411138512328,2.4463411138512328,2.0015518204237357,0.8895785868549937,2.4463411138512328,742.575725377206,8.673391221836189,FY2025-26,2025,Williamsburg,1,easement,none,False,885.337700999325,893.3916595969985,1680000.0,2480000.0,2.1,SC Conservation Bank grants feature service,False
Maxcy Farm Conservation Easement,48.23,185000.0,185000.0,Edisto Island Open Land Trust,No Transfer,Coastal,1495000.0,365000.0,0.0,0.0,,"As part of the broader 100-acre conservation initiative, these projects will establish a new community park and preserve significant frontage along the Edisto Island National Scenic Byway.",,0.6671839401412453,2.0015518204237357,0.0,0.0,0.0,0.0,0.0,10.674943042259924,0.0,1.7791571737099874,0.0,0.0,20.460307497664857,11.564521629114918,0.0,FY2025-26,2025,Charleston,1,easement,none,False,3835.7868546547793,47.974662205031954,365000.0,550000.0,1.972972972972973,SC Conservation Bank grants feature service,False
Gillian Farms - J.Paul Rd,42.33,95000.0,95000.0,Upper Savannah Land Trust,No Transfer,Central,425000.0,96000.0,0.0,0.0,,These properties protects working farmland along the 'The Ridge' in Saluda County.,Grant partially from the Working Agricultural Lands Fund,0.22239464671374842,0.44478929342749685,0.0,0.0,0.0,0.0,2.0015518204237357,0.0,0.44478929342749685,0.0,0.22239464671374842,38.91906317490597,0.0,0.0,0.0,FY2025-26,2025,Saluda,1,easement,none,False,2244.2712024568864,42.132645313838594,96000.0,191000.0,1.0105263157894737,SC Conservation Bank grants feature service,False
Gillian Farms - Bodie Rd,170.66,256000.0,256000.0,Upper Savannah Land Trust,No Transfer,Central,1280000.0,256000.0,0.0,0.0,,These properties protects working farmland along the 'The Ridge' in Saluda County.,Grant partially from the Working Agricultural Lands Fund,2.4463411138512328,9.340575161977434,0.44478929342749685,0.0,0.0,0.0,1.7791571737099874,18.903544970668616,12.009310922542415,0.22239464671374842,0.0,12.676494862683661,100.29998566790054,14.900441329821145,0.0,FY2025-26,2025,Saluda,1,easement,none,False,1500.0585960389078,173.22314398995627,256000.0,512000.0,1.0,SC Conservation Bank grants feature service,False
Duck Creek - Saluda Bluffs,28.0,400000.0,0.0,Naturaland Trust,SCDNR,Piedmont,450000.0,50000.0,400000.0,0.0,"SCDNR: $400,000","Duck Creek adds to the 1,092-acre South Saluda WMA and protects nearly half a mile of scenic frontage along Highway 11.","Reimbursed $400,000",0.0,3.3359197007062265,0.0,0.0,0.0,0.0,23.573832551657333,0.0,0.6671839401412453,1.556762526996239,0.0,0.0,0.0,0.0,0.0,FY2025-26,2025,Pickens,1,fee simple,full,True,14285.714285714286,29.251248484841245,450000.0,850000.0,1.125,SC Conservation Bank grants feature service,False
Cattails Tree Farm Extension,263.66,176000.0,176000.0,Pee Dee Land Trust,No Transfer,Pee Dee,1223891.0,293000.0,0.0,0.0,,"This property combines productive agricultural land and forested areas, offering over a mile of frontage along the Great Pee Dee River and enhancing connectivity to the surrounding conserved landscape.",,0.6671839401412453,1.556762526996239,0.22239464671374842,0.22239464671374842,0.0,0.0,0.0,0.22239464671374842,0.0,0.22239464671374842,0.0,0.0,90.73701585920936,177.47092807757124,2.668735760564981,FY2025-26,2025,Marlboro,1,easement,none,False,667.5263597056814,275.49216443178545,293000.0,469000.0,1.6647727272727273,SC Conservation Bank grants feature service,False
LeMaster Grain and Cattle,379.08,860000.0,860000.0,SC Farm Bureau Land Trust,No Transfer,Piedmont,3300000.0,1290000.0,20000.0,0.0,"Upstate Land Conservation Fund: $20,000",This property safeguards significant creek frontage and active farmland within a historic agricultural community.,,0.0,13.566073449538655,8.895785868549938,0.6671839401412453,0.0,0.0,36.47272206105474,14.455652036393648,76.2813638228157,0.0,0.0,190.1474229402549,43.81174540260844,0.8895785868549937,0.0,FY2025-26,2025,Cherokee,1,easement,none,False,2268.650416798565,385.5806728159011,1310000.0,2170000.0,1.5232558139534884,SC Conservation Bank grants feature service,False
Moore Farm at Horsepen Creek,110.8,780000.0,780000.0,Upstate Forever,No Transfer,Piedmont,3710000.0,1572400.0,362600.0,0.0,"Greenville County HNRT: $312,600; Upstate Land Conservation Fund: $50,000",Moore Farm is one of the last remaining stretches of greenspace within the Town of Simpsonville and may continue to support agriculture through a lease to next-generation farmers.,,0.0,7.561417988267447,0.0,0.0,0.0,0.0,41.14300964204346,0.0,0.22239464671374842,0.0,0.0,59.37937067257083,0.0,2.0015518204237357,0.0,FY2025-26,2025,Greenville,1,easement,none,False,7039.71119133574,110.6919362200571,1935000.0,2715000.0,2.480769230769231,SC Conservation Bank grants feature service,False
Blessing,627.75,7400000.0,5450000.0,Open Space Institute,Berkeley County,Coastal,20420000.0,5220000.0,7800000.0,1950000.0,"Berkeley County: $5,800,000; Lowcountry LT (East Cooper): $2,000,000; USFWS (NAWCA): $950,000; USFWS (Coastal): $1,000,000","Dating back to 1682, this historic rice plantation will become a county park along the East Branch of the Cooper River, celebrating the area’s cultural and ecological heritage.","Reimbursed $1,950,000",6.894234048126202,17.791571737099876,2.8911304072787294,0.0,0.0,0.22239464671374842,0.0,489.9354067103878,0.0,2.4463411138512328,1.3343678802824905,24.463411138512328,0.0,97.85364455404931,0.22239464671374842,FY2025-26,2025,Berkeley,1,fee simple,full,True,11788.132218239745,644.0139223152486,14970000.0,22370000.0,2.022972972972973,SC Conservation Bank grants feature service,False
Pocotaligo Station,1742.33,4597600.0,0.0,Open Space Institute,SCFC,Coastal,14285000.0,2088690.0,7000000.0,5196310.0,"Beaufort County: $7,000,000; CPRG: $5,196,310","This project establishes a new state forest, enhancing and linking nearly 3,000 acres of existing public lands within the Port Royal Sound Watershed.","Reimbured $4,597,600; Grant from SHEP Fund",1.1119732335687422,45.14611328289093,12.009310922542415,1.7791571737099874,0.0,0.22239464671374842,0.0,433.66956109180944,0.0,227.95451288159214,276.8813351586168,1.3343678802824905,2.4463411138512328,518.6243161364613,227.50972358816463,FY2025-26,2025,Beaufort,1,fee simple,full,True,2638.765331481407,1750.1620302502076,14285000.0,18882600.0,3.1070558552288152,SC Conservation Bank grants feature service,False
Evergreen LLC - Little Lynches River Tract,150.82,138450.0,138450.0,Pee Dee Land Trust,No Transfer,Pee Dee,785000.0,71000.0,145550.0,0.0,"Lynches River Conservation Fund: $145,550","These working lands build on the Little Lynches River Focus Area, helping to safeguard timber resources throughout the Midlands and protect vital wildlife habitat.",,0.0,0.44478929342749685,0.0,0.0,0.0,0.0,0.0,3.5583143474199748,1.7791571737099874,10.00775910211868,70.94389230168575,0.0,0.0,60.71373855285332,0.0,FY2025-26,2025,Kershaw,1,easement,none,False,917.9817000397826,150.03487539499585,216550.0,355000.0,1.564102564102564,SC Conservation Bank grants feature service,False
Ashley River - Barry Tract,67.02,100000.0,100000.0,Lowcountry Land Trust,Dorchester County,Coastal,2825000.0,625000.0,1100000.0,1000000.0,"NCWCGP (Coastal): $1,000,000; Dorchester County: $975,000; Atlantic Packaging: $100,000; Dorchester Trust Foundation: $25,000; Landowner: $25,000","This project transforms a historic property within the Ashley River Historic District into a welcoming public park with scenic river access, enhancing wildlife habitat and cultural heritage through strong federal and local partnerships.",,0.0,0.6671839401412453,0.6671839401412453,0.0,0.0,0.0,0.0,28.466514779359798,2.0015518204237357,0.0,0.0,0.0,0.0,29.356093366214793,6.0046554612712075,FY2025-26,2025,Dorchester,1,fee simple,full,True,1492.0919128618323,66.93622650330582,2725000.0,2825000.0,27.25,SC Conservation Bank grants feature service,False
Red Fern,302.02,264000.0,264000.0,Pee Dee Land Trust,No Transfer,Pee Dee,1420000.0,132000.0,264000.0,0.0,"Lynches River Conservation Fund: $264,000","These working lands build on the Little Lynches River Focus Area, helping to safeguard timber resources throughout the Midlands and protect vital wildlife habitat.",,0.44478929342749685,3.7807089941337235,0.22239464671374842,0.22239464671374842,0.0,0.0,0.8895785868549937,45.36850792960468,5.115076874416214,1.556762526996239,32.24722377349352,0.0,10.230153748832429,216.16759660576346,0.0,FY2025-26,2025,Kershaw,1,easement,none,False,874.1142970664195,316.4505544582463,396000.0,660000.0,1.5,SC Conservation Bank grants feature service,False
Mayadinya-in-the-Pines Conservation Easement,76.12,34825.0,34825.0,Aiken Land Conservancy,No Transfer,Central,373000.0,64175.0,0.0,0.0,,This upland sandhill habitat supports numerous state-listed species of concern and contributed to regional biodiversity.,,0.0,6.449444754698704,0.0,0.0,0.0,0.0,17.791571737099876,28.688909426073547,6.671839401412453,0.22239464671374842,3.113525053992478,0.0,0.22239464671374842,15.122835976534894,0.0,FY2025-26,2025,Aiken,1,easement,none,False,457.50131371518654,77.89964656221838,64175.0,99000.0,1.8427853553481695,SC Conservation Bank grants feature service,False
Beneventum,190.0,342000.0,342000.0,Pee Dee Land Trust,No Transfer,Coastal,2730000.0,248000.0,0.0,280000.0,"USFWS (NAWCA): $280,000",This historic plantation protects a mile of scenic views along the Black River while preserving both cultural legacy and ecological integrity of the property.,,2.4463411138512328,7.1166286948399495,1.556762526996239,0.0,0.0,0.44478929342749685,0.0,31.802434480066026,0.0,2.4463411138512328,0.44478929342749685,10.00775910211868,0.0,44.70132398946343,88.95785868549937,FY2025-26,2025,Georgetown,1,easement,none,False,1800.0,190.48102038366645,528000.0,870000.0,1.543859649122807,SC Conservation Bank grants feature service,False
Echols Farm,72.61,175000.0,175000.0,Upstate Forever,No Transfer,Piedmont,1015000.0,395000.0,10000.0,0.0,"Upstate Land Conservation Fund: $10,000",Echols Farm protects water quality of Lake Hartwell and prime soils in a County designated agricultural district.,,0.0,1.1119732335687422,0.0,0.0,0.0,0.0,14.01086274296615,10.00775910211868,8.45099657512244,0.0,0.0,24.685805785226076,0.0,15.122835976534894,0.0,FY2025-26,2025,Anderson,1,easement,none,False,2410.1363448560805,74.18063239174518,405000.0,580000.0,2.3142857142857145,SC Conservation Bank grants feature service,False
RML Timber,1219.03,872625.0,872625.0,Upstate Forever,No Transfer,Piedmont,6340000.0,1892375.0,40000.0,0.0,"Upstate Land Conservation Fund: $30,000",This highly productive working forestland near Sumter National Forest helps prevent forest fragmentation and protects high-quality soils.,,4.8926822277024655,35.805538120913496,1.556762526996239,0.0,0.0,0.0,71.61107624182699,769.930266922997,106.30464112917176,119.64831993199665,23.573832551657333,41.14300964204346,0.0,25.575384372081068,0.0,FY2025-26,2025,Laurens,1,easement,none,False,715.835541373059,1202.1047570189567,1932375.0,2805000.0,2.2144391920928235,SC Conservation Bank grants feature service,False
Jeffers Tract,36.0,20000.0,20000.0,Pee Dee Land Trust,No Transfer,Pee Dee,203000.0,31000.0,0.0,0.0,,"Rooted in the Back Swamp community’s agricultural legacy dating back to the 1800s, this working timberland strengthens landscape-scale conservation by connecting to nearby protected properties.",,0.0,0.44478929342749685,0.0,0.0,0.0,0.0,0.0,24.463411138512328,0.0,0.0,0.22239464671374842,0.8895785868549937,3.113525053992478,6.0046554612712075,0.0,FY2025-26,2025,Florence,1,easement,none,False,555.5555555555555,35.663367571405125,31000.0,51000.0,1.55,SC Conservation Bank grants feature service,False
Sellers Tract,222.0,20500.0,20500.0,Pee Dee Land Trust,No Transfer,Pee Dee,1130000.0,379500.0,0.0,0.0,,This project protects a productive working forest in the heart of the Pee Dee region’s timber economy.,,0.0,0.0,0.0,0.0,0.0,0.0,0.0,92.51617303291934,1.1119732335687422,5.782260814557459,105.19266789560301,0.0,0.0,23.573832551657333,0.0,FY2025-26,2025,Chesterfield,1,easement,none,False,92.34234234234235,228.12780258714994,379500.0,400000.0,18.51219512195122,SC Conservation Bank grants feature service,False
The Pond Conservation Easement,30.0,16500.0,16500.0,Aiken Land Conservancy,No Transfer,Central,229000.0,38500.0,0.0,0.0,,This property protects and enhances a remnant of declining longleaf pine sandhill ecosystem and a historic grist mill site where the waters of the impoundment flow through the dam. ,,0.8895785868549937,2.2239464671374845,0.0,0.0,0.0,0.0,3.7807089941337235,4.22549828756122,0.0,0.0,1.1119732335687422,6.0046554612712075,0.0,12.009310922542415,0.0,FY2025-26,2025,Aiken,1,easement,none,False,550.0,30.006925252481903,38500.0,55000.0,2.3333333333333335,SC Conservation Bank grants feature service,False
Meadow Woods Farm,124.0,160000.0,160000.0,Spartanburg Area Conservancy,No Transfer,Piedmont,930000.0,,12000.0,,"Upstate Land Conservation Fund: $12,000
","Meadow Woods Farm protects nearly a mile along the Tyger River, upland wildlife habitat, and scenic vistas from Hwy 49. This project builds on efforts to buffer the Sumter National Forest. ",,1.1119732335687422,0.0,1.1119732335687422,0.0,0.0,0.0,33.80398630048976,13.121284156111157,49.5940062171659,0.0,0.0,15.345230623248641,0.0,6.894234048126202,0.0,FY2025-26,2025,Union,1,easement,none,False,1290.3225806451612,121.8954585462212,12000.0,172000.0,0.075,SC Conservation Bank grants feature service,False
Eidson Family Timberland,695.0,175000.0,175000.0,Upper Savannah Land Trust,No Transfer,Central,1945000.0,,,,,"This SC Century Farm, dating back to 1850, conserves a working timber property near the Sumter National Forest. ",,1.1119732335687422,21.34988608451985,2.0015518204237357,0.0,0.0,0.0,22.461859318088592,523.2946037174501,64.49444754698705,7.339023341553698,4.8926822277024655,33.359197007062264,0.0,5.782260814557459,0.0,FY2025-26,2025,Saluda,1,easement,none,False,251.79856115107913,688.4005702385111,0.0,175000.0,0.0,SC Conservation Bank grants feature service,False
AM-PM Farms,419.0,1500000.0,1500000.0,SC Farm Bureau Land Trust,No Transfer,Piedmont,7675000.0,,,,,"Focused on a direct-to-consumer model, this property acts as an agricultural hub supporting local agribusinesses and preserves farmland in a rapidly developing region.",,3.5583143474199748,17.791571737099876,0.44478929342749685,0.6671839401412453,0.0,0.22239464671374842,154.3418848193414,1.1119732335687422,2.4463411138512328,25.130595078653574,30.468066599783533,236.18311481000083,0.0,3.5583143474199748,0.8895785868549937,FY2025-26,2025,Laurens,1,easement,none,False,3579.9522673031024,475.4639847214129,0.0,1500000.0,0.0,SC Conservation Bank grants feature service,False
H and H Farm,534.0,444000.0,444000.0,Open Land Trust,No Transfer,Coastal,3180000.0,,,,,H & H Farm contributes to longleaf pine restoration and protects critical wildlife habitat within the ACE Basin.,,0.0,2.2239464671374845,0.0,0.0,0.0,0.0,0.0,30.690461246497282,0.0,105.85985183574425,110.08535012330547,0.0,16.457203856817383,255.97623836752445,12.009310922542415,FY2025-26,2025,Colleton,1,easement,none,False,831.4606741573034,534.8278515319067,0.0,444000.0,0.0,SC Conservation Bank grants feature service,False
Duck Ponds,8460.0,16000000.0,0.0,Open Space Institute,Francis Marion University,Pee Dee,22560000.0,3505000.0,2055000.0,17000000.0,"Florence County: $1,550,000
CPRG: $16,000,000
NAWCA: $1,000,000
Knobloch Family Foundation: $500,000
Private: $5,000",Duck Ponds conserves over 8 miles of riverfront along the Great Pee Dee and expands the Pee Dee focus area. It will also support ecological research in partnership with Francis Marion University’s Freshwater Ecology Center.,"$16,000,000 funded September 2025; Reimbursed $15,500,000. Program: SCOR",46.92527045660092,72.94544412210948,0.0,0.0,0.0,0.0,0.0,341.37578270560385,0.0,12.009310922542415,71.38868159511324,0.0,2.4463411138512328,7429.760357412908,386.52189598849475,FY2025-26,2025,Darlington; Florence,2,fee simple,full,True,1891.2529550827423,8366.713749899754,22560000.0,38560000.0,1.41,SC Conservation Bank grants feature service,False
Mims Farm,341.0,475000.0,475000.0,SC Farm Bureau Land Trust,No Transfer,Central,2280000.0,475000.0,0.0,0.0,,"Located less than a mile from I-95, Mims Farm preserves the scen farmland and buffers Pudding Swamp, a tributary of the Black River.",Grant from the Working Agricultural Lands Fund. Program: Ag,0.0,10.897337688973673,4.8926822277024655,0.0,0.0,0.0,0.0,0.0,0.0,0.0,0.0,0.0,274.2125993980518,53.59710985801337,0.0,FY2025-26,2025,Sumter,1,easement,none,False,1392.9618768328446,344.7771503925777,475000.0,950000.0,1.0,SC Conservation Bank grants feature service,False
Tindal Farm - Georges & Roberts,165.0,200000.0,200000.0,Lord Berkeley Conservation Trust,No Transfer,Central,1240000.0,200000.0,0.0,0.0,,Tindal Farm conserves important agrictulural lands expands the protected landscape surrounding Manchester State Forest. ,Grant from the Working Agricultural Lands Fund. Program: Ag,0.0,6.894234048126202,0.22239464671374842,0.0,0.0,0.0,0.0,0.0,0.0,0.0,0.0,0.0,128.9888950939741,27.799330839218555,0.0,FY2025-26,2025,Clarendon; Sumter,2,easement,none,False,1212.121212121212,165.08239353978547,200000.0,400000.0,1.0,SC Conservation Bank grants feature service,False
Tindal Farm - Mooneyham,179.0,230000.0,230000.0,Lord Berkeley Conservation Trust,No Transfer,Central,1230000.0,230000.0,0.0,0.0,,Tindal Farm conserves important agrictulural lands expands the protected landscape surrounding Manchester State Forest. ,Grant from the Working Agricultural Lands Fund. Program: Ag,0.0,5.115076874416214,1.3343678802824905,0.0,0.0,0.0,0.0,1.556762526996239,0.0,11.786916275828666,0.22239464671374842,0.0,159.45696169375762,2.4463411138512328,0.0,FY2025-26,2025,Clarendon,1,easement,none,False,1284.9162011173185,180.51151251080523,230000.0,460000.0,1.0,SC Conservation Bank grants feature service,False
Walnut Grove Plantation,779.0,1305500.0,1305500.0,Lord Berkeley Conservation Trust,No Transfer,Central,7700000.0,2424500.0,0.0,0.0,,"Once owned by General Francis Marion’s nephew, this property borders the Santee Cooper Wildlife Management Area and plays a key role in safeguarding Lake Marion’s water quality and colonial-era heritage.",,0.0,58.712186732429586,4.8926822277024655,0.0,0.0,0.0,0.6671839401412453,350.04917392744005,32.914407713634766,31.13525053992478,10.897337688973673,11.786916275828666,225.9529610611684,66.94078866083828,1.7791571737099874,FY2025-26,2025,Orangeburg,1,easement,none,False,1675.8664955070603,797.1140757945296,2424500.0,3730000.0,1.8571428571428572,SC Conservation Bank grants feature service,False
Edisto Island Museum,10.0,40000.0,40000.0,Edisto Island Open Land Trust,Edisto Island Historic Preservation Society,Coastal,370000.0,75000.0,70000.0,0.0,"Charleston County: $70,000","This property protects views along the Edisto Island National Scenic Byway and enhances access to the Museum, which highlights the Island’s rich history.",,0.0,1.7791571737099874,0.44478929342749685,0.0,0.0,0.0,0.0,4.447892934274969,0.0,0.0,0.0,0.0,0.0,3.113525053992478,0.0,FY2025-26,2025,Charleston,1,easement,none,True,4000.0,9.584142270462856,145000.0,185000.0,3.625,SC Conservation Bank grants feature service,False
Duck Haven,147.0,250000.0,250000.0,Upstate Forever,No Transfer,Piedmont,1470000.0,345000.0,140000.0,0.0,"Easley Combined Utilities: $25,000
Upstate Land Conservation Fund: $25,000
USFWS: $10,000
Sustain SC: $40,000
Pickens County: $40,000","Situated on the Saluda River, Duck Haven provides essential habitat for tricolored bats and wintering waterfowl.",,0.22239464671374842,10.452548395546176,3.113525053992478,0.0,0.0,0.0,46.25808651645967,10.00775910211868,28.0217254859323,0.0,0.0,16.012414563389886,0.0,26.464962958936063,5.559866167843711,FY2025-26,2025,Pickens,1,easement,none,False,1700.6802721088436,146.8368672229651,485000.0,735000.0,1.94,SC Conservation Bank grants feature service,False
Betsy Kerrison Nature Trail Phase V,11.0,600000.0,600000.0,Conservancy of the Sea Islands,No Transfer,Coastal,1200000.0,0.0,600000.0,0.0,"Charleston County: $600,000",This addition connects and enhances the existing phases of the Betsy Kerrison Nature Trail while preserving the corridor's natural character and ecological value. ,"Originally applied 2025-07, deferred until 2025-10",0.0,0.22239464671374842,0.44478929342749685,0.0,0.0,0.0,0.0,7.339023341553698,0.0,0.0,0.0,0.0,0.0,1.3343678802824905,1.3343678802824905,FY2025-26,2025,Charleston,1,fee simple,full,False,54545.454545454544,10.659087555602222,600000.0,1200000.0,1.0,SC Conservation Bank grants feature service,False
Big Garvin Creek Farm,253.0,317000.0,317000.0,Upstate Forever,No Transfer,Piedmont,2218000.0,296000.0,20000.0,635000.0,,This property protects prime farmland adjacent to one of the largest agricultural research stations and strengthens a broader land conservation vision within a historic farming community.,,27.13214689907731,0.8895785868549937,0.22239464671374842,0.0,0.0,0.0,32.69201306692102,30.245671953069788,9.562969808691182,10.452548395546176,3.113525053992478,135.66073449538655,0.0,0.6671839401412453,0.0,FY2025-26,2025,Anderson,1,easement,none,False,1252.9644268774703,251.65674856774615,951000.0,1268000.0,3.0,SC Conservation Bank grants feature service,False
Oscar's Place,50.0,80000.0,80000.0,Lowcountry Land Trust,No Transfer,Coastal,1850000.0,267500.0,300000.0,0.0,"Charleston County Greenbelt: $300,000 (maybe $314,875 - check settlement statement after)
","This property conserves vital natural resources and scenic views along the entrance of a rural sea island that's facing intense development pressure, while enhancing ecological connectivity to nearby protected lands.",,10.230153748832429,2.2239464671374845,0.0,0.0,0.0,0.0,0.0,12.676494862683661,0.22239464671374842,0.0,0.44478929342749685,19.79312355752361,0.0,4.003103640847471,0.44478929342749685,FY2025-26,2025,Charleston,1,easement,none,False,1600.0,49.84322530440565,567500.0,647500.0,7.09375,SC Conservation Bank grants feature service,False
Kidd Family Farm,296.0,264100.0,264100.0,Katawba Valley Land Trust,No Transfer,Pee Dee,1464000.0,430900.0,0.0,0.0,,"This project protects working farmland and forest lands within the Rocky Creek watershed, a tributary of the Catawba River.",,2.8911304072787294,4.003103640847471,1.1119732335687422,0.0,0.0,0.0,0.22239464671374842,137.6622863158103,82.28601928408692,1.7791571737099874,4.447892934274969,71.83347088854075,0.0,0.0,0.0,FY2025-26,2025,Chester,1,easement,none,False,892.2297297297297,306.6327778524556,430900.0,695000.0,1.631578947368421,SC Conservation Bank grants feature service,False
Boyd Pond Park Addition,25.0,220000.0,130000.0,Aiken Land Conservancy,Aiken County (Lease),Central,370000.0,0.0,70000.0,190000.0,"Aiken County: $150,000 - $80,000 = $70,000
USDA Community Forest: $190,000","This project expands upon the popular Boyd Pond Park and conserves mature longleaf pine habitat, preserving remnants of the area's historic turpentine industry.","Reimbursable Grant (Up to $90,000)",0.0,0.22239464671374842,0.0,0.0,0.0,0.0,0.0,8.228601928408692,0.0,11.34212698240117,0.0,0.0,0.0,4.003103640847471,0.8895785868549937,FY2025-26,2025,Aiken,1,fee simple,full,True,8800.0,25.05586821494229,260000.0,480000.0,1.1818181818181819,SC Conservation Bank grants feature service,True
Whiten Farms,156.0,375000.0,375000.0,SC Farm Bureau Land Trust,No Transfer,Piedmont,1440000.0,420000.0,0.0,0.0,,This working farm builds upon the conservation footprint in the historic Oakaway agricultural community.,"Grant from the Working Agricultural Lands Fund, Program: Ag",0.22239464671374842,8.006207281694943,2.668735760564981,0.0,0.0,0.0,45.81329722303218,0.0,9.562969808691182,1.556762526996239,1.556762526996239,86.06672827822064,0.0,0.0,0.0,FY2025-26,2025,Oconee,1,easement,none,False,2403.846153846154,155.2458115199097,420000.0,795000.0,1.12,SC Conservation Bank grants feature service,True
KAFA Lynches River Tract,130.0,35250.0,35250.0,Congaree Land Trust,No Transfer,Pee Dee,485000.0,194497.0,5253.0,0.0,"Lynches River Conservation Fund: $35,250",This property improves water quality with frontage along the Lynches Scenic River and supports sustainable timber and wildlife management. ,,0.0,0.8895785868549937,0.22239464671374842,0.0,0.0,0.0,0.0,2.4463411138512328,0.0,0.0,0.0,0.0,0.22239464671374842,39.141457821619724,87.84588545193063,FY2025-26,2025,Lee,1,easement,none,False,271.15384615384613,130.87566063957053,199750.0,235000.0,5.666666666666667,SC Conservation Bank grants feature service,False
Thomason Farm,219.0,378000.0,378000.0,Upstate Forever,No Transfer,Piedmont,1545000.0,582000.0,25000.0,0.0,"Upstate Land Conservation Fund: $25,000","This project protects a century farm with prime soils, anchoring the heritage of a historic agricultural community. ",,0.8895785868549937,9.118180515263685,0.8895785868549937,0.22239464671374842,0.0,0.0,36.250327414340994,2.4463411138512328,13.566073449538655,1.1119732335687422,2.0015518204237357,148.7820186514977,0.0,0.0,0.0,FY2025-26,2025,Laurens,1,easement,none,False,1726.027397260274,215.43260101902843,607000.0,985000.0,1.6058201058201058,SC Conservation Bank grants feature service,False
Back Swamp,420.0,216000.0,216000.0,Congaree Land Trust,No Transfer,Pee Dee,3420000.0,1008000.0,216000.0,0.0,"CCCF Lynches River Fund: $216,000
Landowner: $1,008,000",This property features nearly a mile of frontage along South Carolina’s designated scenic Lynches River and protects valuable natural resources.,,1.3343678802824905,18.23636103052737,2.668735760564981,0.0,0.0,0.0,0.44478929342749685,36.02793276762725,0.0,3.7807089941337235,1.3343678802824905,0.44478929342749685,132.54720944139407,218.1691484261872,14.678046683107397,FY2025-26,2025,Lee,1,easement,none,False,514.2857142857143,430.3873669790852,1224000.0,1440000.0,5.666666666666667,SC Conservation Bank grants feature service,False
Shelton Wood,219.0,94500.0,94500.0,Congaree Land Trust,No Transfer,Pee Dee,1200000.0,255500.0,0.0,0.0,"Landowner: $255,500","The Shelton Wood project safeguards diverse habitats, streams, and wildlife while ensuring long-term ecological stewardship in one of SC’s primary timber markets.",,0.0,0.6671839401412453,0.0,0.0,0.0,0.0,47.814849043455915,89.40264797892686,73.83502270896447,0.0,0.22239464671374842,0.0,0.0,3.113525053992478,0.0,FY2025-26,2025,Fairfield,1,easement,none,False,431.5068493150685,216.48817608413765,255500.0,350000.0,2.7037037037037037,SC Conservation Bank grants feature service,False
Bradley Property,43.0,91200.0,91200.0,Katawba Valley Land Trust,No Transfer,Pee Dee,445386.0,120200.0,28600.0,0.0,"Duke Energy: $18,600
Source Water Protection Task Force: $10,000",The Bradley property expands Lancaster's conservation corridor by protecting the riparian habitat and wetlands on Cane Creek. ,,0.22239464671374842,0.22239464671374842,0.0,0.0,0.0,0.0,4.003103640847471,16.012414563389886,20.460307497664857,0.0,0.0,0.0,0.0,4.447892934274969,0.0,FY2025-26,2025,Lancaster,1,easement,none,False,2120.9302325581393,45.91018470206398,148800.0,240000.0,1.631578947368421,SC Conservation Bank grants feature service,False
Reedy Cove at Twin Falls,3.0,20000.0,20000.0,Naturaland Trust / Pickens County,No Transfer,Piedmont,56000.0,56000.0,14000.0,22000.0,"Pickens County: $20,000
Naturaland Trust: $2,000
Landowner: $14,000","This acquisition enhances public access to Twin Falls, a well-known waterfall in the heart of the Eastatoee Valley.",,0.0,0.22239464671374842,0.0,0.0,0.0,0.0,0.0,0.0,2.0015518204237357,0.0,0.0,0.0,0.0,0.0,0.0,FY2025-26,2025,Pickens,1,fee simple,full,False,6666.666666666667,2.3665369831712604,92000.0,112000.0,4.6,SC Conservation Bank grants feature service,False
Santuc Farm,387.0,340800.0,340800.0,Upstate Forever,No Transfer,Piedmont,1626000.0,852000.0,481200.0,30000.0,"Upstate Land Conservation Fund: $30,000",Santuc Farm expands the Sumter National Forest focus area and preserving a highly productive working farm.,,0.0,22.239464671374844,9.562969808691182,1.1119732335687422,0.0,0.0,3.3359197007062265,86.95630686507563,53.81950450472712,53.15232056458588,2.0015518204237357,150.78357047192142,0.0,0.44478929342749685,0.0,FY2025-26,2025,Union,1,easement,none,False,880.6201550387597,384.6352146970119,1363200.0,1704000.0,4.0,SC Conservation Bank grants feature service,False
Felker Farm,248.0,225000.0,225000.0,Private,No Transfer,Central,1410000.0,695000.0,470000.0,0.0,,"This property, adjacent to Sumter National Forest, protects prime soils and water quality along the Tyger River. ",,1.3343678802824905,12.009310922542415,1.7791571737099874,0.0,0.0,0.0,17.346782443672378,112.75408588387046,41.58779893547096,2.8911304072787294,15.56762526996239,35.138354180772254,4.8926822277024655,4.447892934274969,0.22239464671374842,FY2025-26,2025,Newberry,1,easement,none,False,907.258064516129,249.01584580020648,1165000.0,1390000.0,5.177777777777778,SC Conservation Bank grants feature service,True
Terry Creek Confluence,4.0,30000.0,30000.0,Naturaland Trust (DNR trout stocking area),No Transfer,Piedmont,70000.0,70000.0,0.0,40000.0,"Easley Combined Utilities: $30,000
Private Donor: $10,000",This acquisition builds upon a larger conservation initiative in the North Saluda watershed to restore a degraded trout stream ecosystem. ,,0.0,0.44478929342749685,0.22239464671374842,0.0,0.0,0.0,0.44478929342749685,0.0,0.0,0.0,0.0,2.8911304072787294,0.0,0.0,0.0,FY2025-26,2025,Greenville,1,fee simple,full,False,7500.0,3.79720928527676,110000.0,140000.0,3.6666666666666665,SC Conservation Bank grants feature service,False
Piedmont River Park,6.0,33000.0,33000.0,Naturaland Trust / Piedmont Public Service District,No Transfer,Piedmont,116000.0,116000.0,3000.0,80000.0,"Greenville County HNRT: $40,000
Rohrbaugh Fund: $40,000",,,3.3359197007062265,1.1119732335687422,0.44478929342749685,0.22239464671374842,0.0,0.0,2.668735760564981,0.0,0.6671839401412453,0.0,0.44478929342749685,0.0,0.0,2.4463411138512328,0.0,FY2025-26,2025,Greenville,1,fee simple,full,False,5500.0,10.806302415177012,199000.0,232000.0,6.03030303030303,SC Conservation Bank grants feature service,True
Long Branch Conservation,17.0,100000.0,100000.0,City of Greenville,City of Greenville,Piedmont,420000.0,0.0,320000.0,0.0,"Donor: $100,000
Greenville County HNRT: $100,000
City of Greenville: $120,000","This project is a critical step in a multi-phase effort to conserve additional acreage around Greenville's popular Unity Park to restore wetlands, enhance biodiversity, and provide additional low-impact public access opportunities. ",,0.0,2.4463411138512328,2.2239464671374845,0.44478929342749685,0.0,0.0,3.7807089941337235,0.0,0.6671839401412453,0.0,0.0,8.228601928408692,0.0,0.0,0.0,FY2025-26,2025,Greenville,1,fee simple,full,True,5882.35294117647,17.25184578779422,320000.0,420000.0,3.2,SC Conservation Bank grants feature service,True
Little Rock Mountain,53.0,256400.0,256400.0,Naturaland Trust,SCDNR,Piedmont,490000.0,0.0,223600.0,0.0,"Keowee Toxaway HEP: $233,600","Rising dramatically above Scenic Highway 11, this striking formation of granitic outcrops marks the final ridgeline before the Southern Blue Ridge Escarpment near the Jocassee Gorges Wilderness Area.",,0.0,0.44478929342749685,0.0,0.0,0.0,0.0,33.581591653776016,0.0,15.345230623248641,2.4463411138512328,0.0,0.6671839401412453,0.0,0.0,0.0,FY2025-26,2025,Pickens,1,fee simple,full,True,4837.735849056604,52.88895964335822,223600.0,480000.0,0.8720748829953198,SC Conservation Bank grants feature service,False
Table Rock State Park - Hutto Tract,5.0,78000.0,78000.0,SCPRT,No Transfer,Piedmont,160000.0,32000.0,0.0,0.0,"SCPRT: $50,000",This addition protects and improves Table Rock State Park from the Cherokee Foothills Scenic Highway and preserves the Lake Oolenoy and Corrick creek viewshed. ,Part of SCPRT's Table Rock State Park,0.0,1.556762526996239,0.0,0.0,0.0,0.0,1.1119732335687422,0.0,2.4463411138512328,0.0,0.0,0.0,0.0,0.0,0.0,FY2025-26,2025,Pickens,1,fee simple,full,False,15600.0,4.656692247204006,32000.0,110000.0,0.41025641025641024,SC Conservation Bank grants feature service,False
Kirkwood Farm,373.0,264618.0,264618.0,Pee Dee Land Trust,No Transfer,Pee Dee,2230000.0,29732.0,385650.0,0.0,"Lynches River Conservation Fund: $285,650","These working lands build on the Little Lynches River Focus Area, helping to safeguard timber resources throughout the Midlands and protect vital wildlife habitat.",,2.2239464671374845,3.7807089941337235,2.668735760564981,0.22239464671374842,0.0,3.113525053992478,9.118180515263685,114.3108484108667,55.15387238500961,48.25963833688341,53.37471521129962,27.354541545791058,0.0,52.48513662444463,2.8911304072787294,FY2025-26,2025,Kershaw,1,easement,none,False,709.4316353887399,376.42888043191033,415382.0,680000.0,1.5697420432472469,SC Conservation Bank grants feature service,False
Jamari at Hanging Rock,160.0,522500.0,522500.0,American Battlefield Trust,No Transfer,Pee Dee,1045000.0,0.0,0.0,522500.0,"National Park Service: $522,500",The Jamari Tract protects core battlefield lands associated with the Revolutionary War Battle of Hanging Rock and will expand the South Carolina Liberty Trail for history-based tourism.,,0.0,5.114899925871016,0.6671608598962194,0.0,0.0,0.0,11.34173461823573,96.29355077835433,18.902891030392883,7.338769458858414,0.0,21.7939214232765,0.0,0.0,0.0,FY2025-26,2025,Lancaster,1,fee simple,full,False,3265.625,162.3079596702902,522500.0,1045000.0,1.0,SC Conservation Bank grants feature service,True
Keadle Bridge Addition,431.0,1378752.0,0.0,Aiken Land Conservancy,SCDNR,Central,1573000.0,194248.0,0.0,0.0,"DNR: $1,378,752
Landowner: $194,248","The Keadle Bridge Tract conserves bottomland hardwoods and Edisto River frontage, linking Aiken State Park to the Aiken Gopher Tortoise Heritage Preserve and protecting habitat for rare species.","Grant from the State Acquisitions Fund; Reimbursable Grant (Up to $1,378,752) ... Program: State",0.0,1.7790956263899185,0.2223869532987398,0.0,0.0,0.0,0.0,12.231282431430689,0.0,0.0,0.0,0.0,0.2223869532987398,405.63380281690144,0.0,FY2025-26,2025,Aiken,1,fee simple,full,True,3198.9605568445477,420.27459372098747,194248.0,1573000.0,0.14088683098918442,SC Conservation Bank grants feature service,False
Camden Battlefield,310.0,341250.0,341250.0,Palmetto Conservation Foundation,Historic Camden Foundation,Pee Dee,379600.0,,,,,"This tract was purchased for inclusion in the Battle of Camden National Historic Landmark. The Battle of Camden was an important revolutionary war battle fought between General Cornwallis for the British and General Gates for the Americans. During a 2004 archeological research project conducted on the site, 200 battle artifacts in eight small plots were discovered. These 200 artifacts barely scratch the surface of the archeological potential of this site. There are also portions of the Great Wagon Road that ran from Philadelphia to Camden present on the site. Once restored, the remnants of this road will become an integral part of the Historic Landmark. This land also contains two streams encompassing swampland the revolutionary armies described as impenetrable. The Conservation Bank’s funds were instrumental in preserving this battlefield for all South Carolinians.",,0.0,6.004653,6.227047,0.0,0.0,0.0,0.444789,200.599886,4.447891,109.418119,98.965575,0.889578,0.0,48.482012,0.0,FY2004-05,2004,Kershaw,1,fee simple,full,True,1100.8064516129032,324.7752215560582,0.0,341250.0,0.0,SC Conservation Bank grants feature service,False
Camden Battleground Trust,161.0,106052.0,106052.0,Palmetto Conservation Foundation,Historic Camden Foundation,Pee Dee,506042.62,,,,,"This tract was purchased for inclusion in the Battle of Camden National Historic Landmark. The Battle of Camden was an important revolutionary war battle fought between General Cornwallis for the British and General Gates for the Americans. During a 2004 archeological research project conducted on the site, 200 battle artifacts in eight small plots were discovered. These 200 artifacts barely scratch the surface of the archeological potential of this site. There are also portions of the Great Wagon Road that ran from Philadelphia to Camden present on the site. Once restored, the remnants of this road will become an integral part of the Historic Landmark. This land also contains two streams encompassing swampland the revolutionary armies described as impenetrable. The Conservation Bank’s funds were instrumental in preserving this battlefield for all South Carolinians.",,8.006204,88.513032,14.455646,0.0,0.0,0.889578,159.234499,2650.498266,215.055531,630.488554,1306.790385,28.244108,9.340571,147.892377,1.334367,FY2007-08,2007,Kershaw,1,fee simple,full,True,658.7080745341615,155.40564446630768,0.0,106052.0,0.0,SC Conservation Bank grants feature service,False
McGovern Tract Conservation Easement,21.0,31200.0,31200.0,Aiken Land Conservancy,No Transfer,Central,355000.0,72800.0,0.0,0.0,"Landowner: $72,800","This tract protects mature longleaf pine habitat just outside downtown Aiken and includes the 1785 Dawson-Vanderhorst House, listed on the National Register of Historic Places and believed to be the oldest structure in the area.",,0.0,0.6671839401412453,0.0,0.0,0.0,0.0,0.22239464671374842,19.125939617382365,0.0,0.0,0.22239464671374842,0.0,0.0,0.0,0.0,FY2025-26,2025,Aiken,1,easement,none,False,1485.7142857142858,21.128052853833395,72800.0,104000.0,2.3333333333333335,SC Conservation Bank grants feature service,False
Newground,58.0,180000.0,180000.0,Lowcountry Land Trust,No Transfer,Coastal,1520000.0,200000.0,0.0,0.0,,"This working farm is located on Wadmalaw Island, where it provides scenic vistas and anchors the southern corner of Charleston's urban growth boundary.",Program: Ag,0.0,2.668735760564981,0.44478929342749685,0.0,0.0,0.0,0.0,3.7807089941337235,0.0,14.900441329821145,0.0,3.113525053992478,32.24722377349352,4.8926822277024655,0.44478929342749685,FY2025-26,2025,Charleston,1,easement,none,False,3103.448275862069,62.26809026938041,200000.0,380000.0,1.1111111111111112,SC Conservation Bank grants feature service,False
Sky Ranche,130.0,1105000.0,1105000.0,Naturaland Trust,No Transfer (SCDNR lease),Piedmont,1665000.0,15000.0,545000.0,0.0,"Greenville County HNRT: $500,000
Easley Combined Utilities: $45,000
Landowner: $15,000","Sky Ranche protects intact mountain forest and cold water headwater streams feeding the South Saluda River, and expands the footprint of conserved lands associated with the Mountain Bridge Wilderness corridor.","Originally applied 2025-10, deferred until 2026-01",0.0,3.3358042994810972,0.0,0.0,0.0,0.0,109.19199406968124,1.111934766493699,3.7805782060785766,2.001482579688658,0.0,0.0,0.0,0.0,0.0,FY2025-26,2025,Greenville,1,fee simple,full,True,8500.0,119.49720429152966,560000.0,1665000.0,0.5067873303167421,SC Conservation Bank grants feature service,False
Altamont Pass,88.0,1000000.0,1000000.0,Naturaland Trust,SCPRT,Piedmont,2535000.0,1125000.0,500000.0,0.0,"Greenville County HNRT: $500,000
Landowner: $1,035,000","Altamont Pass preserves the largest remaining unprotected parcel adjacent to Paris Mountain State Park, preventing development on a vulnerable ridgeline and protecting wildlife corridors, scenic views, and heavily used public recreation space.","Grant from the State Acquisitions Fund; Originally applied 2025-10, deferred until 2026-01",0.0,1.5567086730911786,0.0,0.0,0.0,0.0,70.49666419570052,11.11934766493699,6.893995552260934,0.0,0.0,0.0,0.0,0.0,0.0,FY2025-26,2025,Greenville,1,fee simple,full,True,11363.636363636364,91.11869878642658,1625000.0,2625000.0,1.625,SC Conservation Bank grants feature service,True
Wheeler Farm,887.0,744000.0,744000.0,SC Farm Bureau Land Trust,No Transfer,Piedmont,4345000.0,1116000.0,0.0,0.0,,This working farm protects prime soils and scenic vistas in South Carolina's rolling Piedmont region. ,,1.3343678802824905,17.791571737099876,0.22239464671374842,0.0,0.0,0.0,225.50817176774092,150.33878117849395,147.44765077121522,22.90664861151609,20.01551820423736,204.60307497664854,0.0,28.24412013264605,0.0,FY2025-26,2025,Cherokee,1,easement,none,False,838.7824126268321,820.0799026188166,1116000.0,1860000.0,1.5,SC Conservation Bank grants feature service,True
Utsey Tract,296.74,500000.0,500000.0,Lowcountry Land Trust,No Transfer,Coastal,8840000.0,6590000.0,0.0,0.0,,"The Utsey Tract, located in the ACE Basin near St. George, permanently protects working forestland, productive farmland soils, and wetlands, while supporting regional connectivity, scenic views, and downstream water quality.","Originally applied 2024-10 and was approved 2024-12 for $300,000, resubmitted 2025-10 due to financial changes and an additional $200,000 was approved 2025-12",0.0,4.003103640847471,0.8895785868549937,0.6671839401412453,0.0,0.22239464671374842,2.0015518204237357,43.58935075589469,1.3343678802824905,81.17404605051817,84.06517645779691,1.556762526996239,7.1166286948399495,50.26119015730715,21.794675377947346,FY2025-26,2025,Dorchester,1,easement,none,False,1684.976747320887,299.7429208251092,6590000.0,7090000.0,13.18,SC Conservation Bank grants feature service,False
Historic Store Creek Corner,3.0,590000.0,590000.0,Edisto Island Open Land Trust,No Transfer,Coastal,1650000.0,0.0,1060000.0,0.0,"Charleston County: $770,000
EIOLT/Private Fundraising: $290,000","Historic Store Creek Corner will create a future community park along the National Scenic Byway on Edisto Island, featuring historic structures, a public dock on Store Creek, and open space for outdoor recreation.",,0.0,0.0,0.8895478131949592,0.2223869532987398,0.0,0.0,0.0,0.8895478131949592,0.0,0.0,0.0,0.0,0.0,0.0,0.6671608598962194,FY2025-26,2025,Charleston,1,fee simple,full,False,196666.66666666666,2.51540210651076,1060000.0,1650000.0,1.7966101694915255,SC Conservation Bank grants feature service,False
Frohlich Farm,184.0,3465000.0,2080000.0,Upstate Forever,Spartanburg County,Piedmont,4500000.0,0.0,2420000.0,0.0,"Spartanburg County: $500,000 (+ $1,350,000 reimbursement)
Tyger River Foundation / Balmer Foundation: $500,000
City of Landrum: $35,000 (+ $35,000 reimbursement)","Frohlich Farm will create a new passive park in Spartanburg County with trails, open fields, and creek access in an emerging recreation focused area along the Saluda Trail.","Reimbursable Grant (Up to $1,385,000)",0.0,11.56412157153447,0.6671608598962194,0.0,0.0,0.0,77.39065974796145,20.6819866567828,11.56412157153447,0.6671608598962194,0.0,52.705707931801335,0.0,1.3343217197924389,0.0,FY2025-26,2025,Spartanburg,1,fee simple,full,True,18831.521739130436,175.83673779486867,2420000.0,5885000.0,0.6984126984126984,SC Conservation Bank grants feature service,False
Boones Creek Expansion,1.0,20000.0,20000.0,Naturaland Trust,No Transfer,Piedmont,45000.0,5000.0,20000.0,0.0,"Private Donor: $20,000
Landowner: $5,000",The Boones Creek Expansion buffers a rare Oconee bell population and honors a grassroots conservation effort that protected a significant portion of the Jocassee–Keowee watershed.,,0.0,0.4447739065974796,0.0,0.0,0.0,0.0,0.2223869532987398,0.0,0.4447739065974796,0.0,0.0,0.0,0.0,0.0,0.0,FY2025-26,2025,Oconee,1,fee simple,full,False,20000.0,0.9707901698525503,25000.0,45000.0,1.25,SC Conservation Bank grants feature service,False
Tokeena Angus,99.0,160000.0,160000.0,SC Farm Bureau Land Trust,No Transfer,Piedmont,870000.0,285000.0,40000.0,0.0,"Oconee County: $40,000",This project’s connectivity to the Tokeena Angus Cattle Farm—listed on the National Register of Historic Places—and other conserved lands reinforces a historically vital agricultural corridor.,,0.0,7.1166286948399495,0.44478929342749685,1.3343678802824905,0.0,0.8895785868549937,10.452548395546176,0.0,0.44478929342749685,0.44478929342749685,6.0046554612712075,66.27360472069704,0.0,0.0,0.0,FY2025-26,2025,Oconee,1,easement,none,False,1616.1616161616162,93.92098784702604,325000.0,485000.0,2.03125,SC Conservation Bank grants feature service,True
AC II,1129.0,610000.0,610000.0,Lowcountry Land Trust,No Transfer,Coastal,7620000.0,1860000.0,915000.0,0.0,"Charleston County: $915,000
Landowner: $1,860,000","The AC II Tract protects high priority forested wetlands and upland forest in the Santee Basin, strengthening one of the largest undeveloped estuaries on the Atlantic Coast and safeguarding downstream water quality.","Originally applied 2025-10, deferred until 2026-01",0.0,33.35804299481097,6.0044477390659745,0.0,0.0,0.0,0.0,636.4714603409933,0.0,12.231282431430689,33.135656041512235,0.0,0.0,424.31430689399554,3.3358042994810972,FY2025-26,2025,Charleston,1,easement,none,False,540.3011514614703,1148.7129092005562,2775000.0,3385000.0,4.549180327868853,SC Conservation Bank grants feature service,False
Montgomery Tract,312.0,302000.0,302000.0,Lowcountry Land Trust,No Transfer,Coastal,3625000.0,755000.0,453000.0,0.0,"Charleston County: $453,000
Landowner: $755,000","The Montgomery Tract safeguards forested wetlands and upland forest in the Santee Basin, reinforcing a vast network of protected lands and protecting water quality flowing to the South Santee River.","Originally applied 2025-10, deferred until 2026-01",0.6671608598962194,1.7790956263899185,0.0,0.0,0.0,0.0,0.0,74.49962935507783,0.0,5.782060785767235,37.58339510748703,0.0,0.0,124.53669384729429,64.2698295033358,FY2025-26,2025,Charleston,1,easement,none,False,967.9487179487179,309.6813605837154,1208000.0,1510000.0,4.0,SC Conservation Bank grants feature service,False
Flat Grove Farm,232.0,223500.0,223500.0,Upper Savannah Land Trust,No Transfer,Central,1440000.0,521500.0,0.0,0.0,"Landowner: $521,500","Flat Grove Farm preserves a multigenerational family-owned agricultural property near Saluda that features prime farmland, headwater streams and the historic Bonham House.",,1.111934766493699,14.455151964418087,1.5567086730911786,0.0,0.0,0.0,23.79540400296516,4.447739065974796,33.80281690140845,0.0,0.2223869532987398,156.33802816901408,0.0,0.0,0.0,FY2025-26,2025,Saluda,1,easement,none,False,963.3620689655172,234.51950219377,521500.0,745000.0,2.3333333333333335,SC Conservation Bank grants feature service,False
Forest View,590.0,4850000.0,4850000.0,Open Space Institute,SCPRT,Pee Dee,4895000.0,35000.0,0.0,0.0,"Landowner: $35,000",The acquisition of Forest View will expand the historic landscape surrounding the Revolutionary War battlefield at Kings Mountain and will be made available to the public for outdoor recreation and education as an extension of Kings Mountain State Park.,"Grant from the State Acquisitions Fund; $50,000 of the $4,900,000 was awarded for due diligence;  the due diligence grant is a reimbursable grant (up to $50,000) ",3.3358042994810972,17.123795404002966,0.2223869532987398,0.0,0.0,0.0,270.4225352112676,21.34914751667902,22.68346923647146,8.005930318754633,9.785025945144552,235.2853965900667,0.0,0.0,0.0,FY2025-26,2025,York,1,fee simple,full,True,8220.338983050848,597.8418835819623,35000.0,4885000.0,0.007216494845360825,SC Conservation Bank grants feature service,False
Winkles Farm,330.0,331578.0,331578.0,SC Farm Bureau Land Trust,No Transfer,Central,2000000.0,510000.0,0.0,0.0,"Landowner: $510,000","Winkles Farm conserves prime soils, 1.5 miles of streambank along Cowpen Swamp, and the rural scenic viewshed of Sumter County.","Originally applied 2025-07, deferred until 2025-10",0.0,5.115076874416214,2.2239464671374845,0.22239464671374842,0.0,0.0,0.0,15.122835976534894,0.0,0.0,0.0,0.0,211.05251973134725,89.84743727235437,0.8895785868549937,FY2025-26,2025,Sumter,1,easement,none,False,1004.7818181818182,323.75814617440113,510000.0,841578.0,1.5380996326656171,SC Conservation Bank grants feature service,True
River Oaks,699.0,950000.0,950000.0,Open Space Institute,SCDNR,Coastal,2656000.0,15104.0,740896.0,0.0,"""OSI (Moliterno revolving fund)/SCDNR: $950,000
Knobloch: $740,896""","River Oaks protects an ecologically rich stretch of the Waccamaw River and expands the Waccamaw River Heritage Preserve. The property supports habitat for wood storks, sturgeon, and more than 150 species of conservation concern, strengthening one of the most biologically diverse river corridors in the Southeast.",Grant from the State Acquisitions Fund ,0.2223869532987398,2.223869532987398,0.0,0.0,0.0,0.0,0.0,97.1830985915493,0.2223869532987398,33.58042994810971,2.446256486286138,0.0,10.89696071163825,544.8480355819125,4.225352112676056,FY2025-26,2025,Horry,1,fee simple,full,True,1359.0844062947067,701.2255361834219,756000.0,1706000.0,0.7957894736842105,SC Conservation Bank grants feature service,True
King Family Lynches Tract,546.0,305000.0,850000.0,Pee Dee Land Trust,No transfer,Pee Dee,16640000.0,2985000.0,1425422.0,449578.0,"USFWS (NAWCA): $449,578
DU/SHEP: $1,425,422","This project protects extensive river frontage at the confluence of the Lynches and Little Lynches Rivers, securing bottomland forest, productive soils, and a key link in a growing Pee Dee watershed conservation corridor.","Originally applied 2025-10, deferred until 2026-01",0.0,6.6716085989621945,0.8895478131949592,0.0,0.0,0.0,0.0,39.80726464047443,0.2223869532987398,4.002965159377316,34.69236471460341,0.0,16.456634544106745,433.6545589325426,13.565604151223129,FY2025-26,2025,Kershaw,1,easement,none,True,558.6080586080586,546.7494033540638,4860000.0,5165000.0,15.934426229508198,SC Conservation Bank grants feature service,False
Blue Heron LLC - Liberty Hill WMA Addition,2006.0,6566000.0,1566000.0,The Conservation Fund,SCDNR,Pee Dee,6819244.0,624000.0,0.0,5000000.0,"Forest Legacy: $5,000,000","This project expands the Liberty Hill WMA, securing habitat for deer, turkey, quail, and bald eagles while supporting long term public recreation and sustainable forest management.","Grant from the State Acquisitions Fund; Reimbursable Grant (Up to $5,000,000). Program: State",0.0,32.0,2.0,0.0,0.0,0.0,678.0,602.0,199.0,366.0,91.0,3.0,0.0,24.0,0.0,FY2025-26,2025,Lancaster; Kershaw,2,fee simple,full,True,3273.180458624128,2000.852547066103,5624000.0,12190000.0,0.8565336582394152,SC Conservation Bank grants feature service,True
Ulmer Farms 1,321.0,165830.0,165830.0,SC Farm Bureau Land Trust,No Transfer,Coastal,1285000.0,279000.0,0.0,0.0,,Ulmer Farms protects valuable high-quality soils and vital wildlife habitat in a significant agricultural area of South Carolina's coastal plain.,,0.0,7.1166286948399495,0.6671839401412453,0.0,0.0,0.0,0.0,54.709083091582116,0.44478929342749685,7.1166286948399495,0.0,16.90199315024488,184.1427674789837,48.48203298359716,0.0,FY2026-27,2026,Colleton,1,easement,none,False,516.6043613707166,319.10978858817697,279000.0,444830.0,1.6824458783091116,SC Conservation Bank grants feature service,True
Ulmer Farms 2,205.0,148000.0,148000.0,SC Farm Bureau Land Trust,No Transfer,Central,1065000.0,222000.0,0.0,0.0,,Ulmer Farms protects valuable high-quality soils and vital wildlife habitat in a significant agricultural area of South Carolina's coastal plain.,,0.0,2.2239464671374845,0.22239464671374842,0.6671839401412453,0.0,0.0,1.556762526996239,4.22549828756122,0.0,0.0,0.0,0.8895785868549937,169.9095100893038,22.461859318088592,0.0,FY2026-27,2026,Bamberg; Colleton,2,easement,none,False,721.9512195121952,199.96682901710454,222000.0,370000.0,1.5,SC Conservation Bank grants feature service,True
Tindal Farm - Hodges Corner,156.0,200000.0,200000.0,Lord Berkeley Conservation Trust,No Transfer,Central,1080000.0,200000.0,0.0,0.0,"Landowner: $200,000",Tindal Farm protects a multigenerational Century Farm in Pinewood and buffers the adjoining Manchester State Forest.,"Grant from the Working Agricultural Lands Fund; Originally applied 2025-07, deferred until 2026-01",0.0,14.455151964418087,2.001482579688658,0.0,0.0,0.0,0.0,2.446256486286138,0.0,0.0,0.0,0.0,132.3202372127502,10.452186805040771,0.0,FY2026-27,2026,Sumter,1,easement,none,False,1282.051282051282,160.90419565293556,200000.0,400000.0,1.0,SC Conservation Bank grants feature service,True
Tindal Farm - Home Place,412.0,510000.0,510000.0,Lord Berkeley Conservation Trust,No Transfer,Central,3150000.0,510000.0,0.0,0.0,"Landowner: $510,000",Tindal Farm protects a multigenerational Century Farm in Pinewood and buffers the adjoining Manchester State Forest.,"Grant from the Working Agricultural Lands Fund; Originally applied 2025-07, deferred until 2026-01",0.0,18.458117123795404,6.6716085989621945,1.5567086730911786,0.0,0.0,0.0,8.005930318754633,0.6671608598962194,3.558191252779837,0.0,0.0,295.9970348406227,111.86063750926613,0.0,FY2026-27,2026,Clarendon,1,easement,none,False,1237.8640776699028,411.4839978620278,510000.0,1020000.0,1.0,SC Conservation Bank grants feature service,True
Gramling and Gramling Farm,816.0,1873530.0,1873530.0,SC Farm Bureau Land Trust,No Transfer,Central,7340000.0,1981470.0,0.0,0.0,,"Gramling Farms protects a large, historic and highly productive agricultural landscape near Orangeburg along the I-26 corridor, together with irrigated cropland, wetlands, and wildlife habitat. ",Grant from the Working Agricultural Lands Fund. Withdrawn from NCRS/Congaree Land Trust easement process to pursue SCFB easement,14.010378057820608,46.9236471460341,12.67605633802817,0.6671608598962194,0.0,0.2223869532987398,0.0,60.711638250555964,0.0,19.570051890289104,12.008895478131949,0.2223869532987398,475.01853224610824,173.2394366197183,6.893995552260934,FY2026-27,2026,Orangeburg,1,easement,none,False,2295.9926470588234,822.7658687508971,1981470.0,3855000.0,1.0576131687242798,SC Conservation Bank grants feature service,True
Shealy Farms,60.0,60000.0,60000.0,Aiken Land Conservancy,No Transfer,Central,468000.0,138000.0,0.0,0.0,"Landowner: $138,000","Shealy Farms safeguards remnant longleaf sandhill habitat and open pasture supporting declining grassland birds, anchoring a growing conservation corridor in Aiken County.",,0.0,0.9406191812321469,0.9406191812321469,0.0,0.0,0.0,14.73636717263697,7.838493176934557,0.0,11.287430174785763,2.194778089541676,13.168668537250058,4.703095906160735,3.1353972707738227,0.0,FY2026-27,2026,Aiken,1,easement,none,False,1000.0,60.00342411850384,138000.0,198000.0,2.3,SC Conservation Bank grants feature service,True
Chelsea,2672.0,1500000.0,1500000.0,Open Land Trust,SCFC,Coastal,34740000.0,0.0,4000000.0,5500000.0,"Department of Defense: $5,500,000
Beaufort County: $2,000,000
Jasper County: $2,000,000","Chelsea State Forest safeguards diverse ecological habitats in the Port Royal Sound watershed while maintaining an actively managed working forest that supports sustainable timber production, protects drinking‑water infrastructure, and conserves rare species in one of the fastest‑growing regions on the East Coast.","Grant from the State Acquisitions Fund; Originally applied 2025-10, deferred until 2026-01",0.0,68.27279466271312,4.225352112676056,0.0,0.0,0.2223869532987398,10.452186805040771,1561.601186063751,0.0,66.04892512972572,17.123795404002966,1.5567086730911786,40.02965159377317,924.9073387694589,38.47294292068199,FY2026-27,2026,Jasper,1,easement,full,True,561.377245508982,2680.492010047786,9500000.0,11000000.0,6.333333333333333,SC Conservation Bank grants feature service,False
Glassy Summit,183.0,814000.0,0.0,Naturaland Trust,SCDNR,Piedmont,905000.0,5329.0,0.0,0.0,"SCDNR: $899,671
Landowner: $5,329","This property expands the Glassy Mountain Heritage Preserve, preserving the mountain’s historic viewshed and protecting its rare ecological habitats.",,0.0,3.7624767249285878,0.3135397270773823,0.0,0.0,0.0,160.84587999069714,4.703095906160735,5.330175360315499,1.2541589083095293,0.3135397270773823,0.6270794541547646,0.0,0.0,0.0,FY2026-27,2026,Pickens,1,fee simple,full,True,4448.087431693989,180.47687607290325,5329.0,819329.0,0.0065466830466830465,SC Conservation Bank grants feature service,False
Boones Falls,153.0,1870250.0,1870250.0,Naturaland Trust,,Piedmont,2605000.0,334600.0,400150.0,0.0,"Keowee Toxaway HEP: $300,000
Private Donor: $100,150
Landowner: $302,530","Boones Falls protects rare Oconee bell habitat, mature forests, and a pristine mountain stream and waterfall, strengthening a critical conservation corridor along Scenic Highway 11.",,0.0,11.600969901863145,1.2541589083095293,0.0,0.0,0.0,95.31607703152422,12.228049356017909,28.84565489111917,0.3135397270773823,0.0,3.1353972707738227,0.0,0.0,0.0,FY2026-27,2026,Oconee,1,fee simple,full,False,12223.856209150326,152.66765930606863,734750.0,2605000.0,0.3928619168560353,SC Conservation Bank grants feature service,True
Old Schoolhouse Farm,193.0,216000.0,216000.0,Congaree Land Trust,No Transfer,Pee Dee,2470000.0,804000.0,0.0,0.0,,"This project, named after the still-standing one-room schoolhouse built in the 1900s, protects farmland in a historic agricultural community.",,0.0,5.115076874416214,0.44478929342749685,0.22239464671374842,0.0,0.0,0.22239464671374842,95.62969808691183,3.3359197007062265,35.58314347419975,5.782260814557459,8.45099657512244,37.13990600119599,1.556762526996239,0.0,FY2026-27,2026,Kershaw,1,easement,none,False,1119.1709844559587,193.21530269172416,804000.0,1020000.0,3.7222222222222223,SC Conservation Bank grants feature service,True
Chick-A-Moo Farm 1,97.0,257500.0,257500.0,SC Farm Bureau Land Trust,No Transfer,Piedmont,1120000.0,0.0,432500.0,0.0,,"These working farms protect prime soils and scenic rural corridors in Oconee County, complementing a growing cluster of conserved agricultural lands in the near vicinity.","Grant from the Working Agricultural Lands Fund; Originally applied 2025-07, pulled, now applying with property split into 2",1.111934766493699,4.670126019273536,0.4447739065974796,0.2223869532987398,0.0,0.0,2.001482579688658,0.2223869532987398,2.446256486286138,0.0,0.2223869532987398,85.39659006671609,0.2223869532987398,1.7790956263899185,0.0,FY2026-27,2026,Oconee,1,easement,none,False,2654.639175257732,96.36588392621277,432500.0,690000.0,1.6796116504854368,SC Conservation Bank grants feature service,True
Mountain Bridge East,38.0,400000.0,400000.0,Naturaland Trust,SCPRT,Piedmont,600000.0,0.0,200000.0,0.0,"Greenville County HNRT: $200,000",This project extends the Mountain Bridge Wilderness Area by protecting mature hardwood forest and headwater streams at a prominent gateway into South Carolina.,Grant from the State Acquisitions Fund,0.0,0.0,0.0,0.0,0.0,0.0,32.92167134312514,0.0,0.6270794541547646,0.0,0.0,0.6270794541547646,0.0,0.0,0.0,FY2026-27,2026,Greenville,1,fee simple,full,True,10526.315789473685,35.43679353563643,200000.0,600000.0,0.5,SC Conservation Bank grants feature service,False
Goodwill,737.0,12600000.0,12600000.0,The Conservation Fund,SCDNR,Central,13820000.0,20000.0,600000.0,600000.0,"Dept of Defense (REPI): $600,000
Richland County: $600,000
Landowner: $20,000","The Goodwill Property adds 736 acres to the Wateree River Heritage Preserve, protecting wetlands, mature forests, and historic structures dating back to the 1800s. This addition completes a 14,000 acre protected landscape near Columbia. ","$2,409,748 awarded from the State Acquisition Fund, and $10,190,252 awarded from the Standard Grants Program Fund",26.337337074500116,4.0760164520059705,0.0,0.0,0.0,0.3135397270773823,47.03095906160734,311.34494898784067,48.912197424071636,15.990526080946497,19.753002805875084,9.719731539398852,9.092652085244087,245.81514602866773,0.3135397270773823,FY2026-27,2026,Richland,1,fee simple,full,True,17096.336499321573,737.2009466135592,1220000.0,13820000.0,0.09682539682539683,SC Conservation Bank grants feature service,True
Hiott Farms,548.0,285000.0,285000.0,Lowcountry Land Trust,No Transfer,Coastal,3000000.0,903000.0,0.0,0.0,,"Hiott Farms protects upland pine, hardwood wetlands, and the headwaters of the Ashepoo River, and expands the footprint of the 350,000 acres already conserved in the ACE Basin.",,0.0,5.337286879169755,0.0,0.0,0.0,0.0,0.0,102.52038547071905,0.6671608598962194,16.456634544106745,0.4447739065974796,0.0,2.6686434395848777,414.0845070422535,1.5567086730911786,FY2026-27,2026,Colleton,1,easement,none,False,520.07299270073,542.8658777495094,903000.0,1188000.0,3.168421052631579,SC Conservation Bank grants feature service,True
Vaught Tract II,303.0,205000.0,205000.0,Pee Dee Land Trust,No Transfer,Coastal,1720000.0,315000.0,0.0,0.0,"Landowner: $315,000","Vaught Tract II protects farmland, bottomland forest, and Black Mingo Creek frontage, expanding a connected conservation corridor in the Pee Dee watershed and safeguarding water quality.",,0.2223869532987398,1.3343217197924389,0.2223869532987398,0.0,0.0,0.0,0.0,123.4247590808006,0.4447739065974796,30.244625648628613,0.2223869532987398,0.0,9.785025945144552,134.5441067457376,0.0,FY2026-27,2026,Georgetown,1,easement,none,False,676.5676567656766,299.9162592896824,315000.0,520000.0,1.5365853658536586,SC Conservation Bank grants feature service,True
Humbert Woods Nature Preserve,97.0,700000.0,700000.0,Lowcountry Land Trust,Sea Island Habitat for Humanity,Coastal,5001000.0,850000.0,3600000.0,0.0,"Charleston County Greenbelt: $3,600,000
Landowner: $850,000","Humbert Woods provides wildlife refuge, flood storage, and public access in a rapidly developing area on Johns Island. ",,0.0,0.3135397270773823,0.3135397270773823,0.0,0.0,0.0,0.0,48.912197424071636,3.7624767249285878,0.0,0.0,0.0,0.0,46.717419334529964,0.0,FY2026-27,2026,Charleston,1,fee simple,full,True,7216.494845360825,99.8476888063952,4450000.0,5150000.0,6.357142857142857,SC Conservation Bank grants feature service,True
Wentzky Farm,52.0,146000.0,146000.0,SC Farm Bureau Land Trust,,Piedmont,780000.0,209000.0,10000.0,0.0,"Upstate Land Conservation Fund: $10,000
Landowner: $209,000","Wentzky Farm preserves pasture and greenhouse agriculture on prime soils near Lake Hartwell, supporting a small yet productive family farm.",Originally applied 2026-01 and deferred until 2026-04,1.2541589083095293,5.9572548144702635,0.6270794541547646,0.0,0.0,0.0,0.0,1.8812383624642939,2.194778089541676,0.0,0.0,38.87892615759541,0.0,0.0,0.0,FY2026-27,2026,Anderson,1,easement,none,False,2807.6923076923076,50.00583869914944,219000.0,365000.0,1.5,SC Conservation Bank grants feature service,True
Bates House,11.0,400000.0,400000.0,Upstate Preservation Trust,TBD,Piedmont,1180000.0,180000.0,600000.0,0.0,"Greenville County HNRT: $600,000
Landowner: $170,000""","This project preserves the historic 1835 William Bates House, safeguarding a rare cultural landmark now surrounded by intense development pressure. Its protection ensures continued public interpretation of early Upstate farm life and textile history.",Originally applied 2025-10 and deferred until 2026-04,0.0,2.821857543696441,0.3135397270773823,0.0,0.0,0.0,0.6270794541547646,0.3135397270773823,2.194778089541676,0.0,0.0,4.0760164520059705,0.0,0.0,0.0,FY2026-27,2026,Greenville,1,fee simple,full,True,36363.63636363636,10.43377698779577,780000.0,1180000.0,1.95,SC Conservation Bank grants feature service,True
McCoy Farm,1089.0,435000.0,435000.0,Lowcountry Land Trust,No Transfer,Central,8598000.0,884000.0,0.0,0.0,,"McCoy Farm, recognized on the National Register of Historic Places by the National Park Service, preserves an extensive timber tract within the headwaters of Four Hole Swamp.",,0.0,40.47582570190222,5.337471521129962,0.22239464671374842,0.0,0.0,2.668735760564981,374.95737435937986,2.2239464671374845,40.69822034861596,0.44478929342749685,0.0,121.42747710570664,510.84050350148016,1.3343678802824905,FY2026-27,2026,Orangeburg,1,easement,none,False,399.44903581267215,1100.832579584156,884000.0,1319000.0,2.032183908045977,SC Conservation Bank grants feature service,True
Bishop Branch Farm,117.0,280000.0,280000.0,SC Farm Bureau Land Trust,No Transfer,Piedmont,1985000.0,760000.0,10000.0,0.0,"Upstate Land Conservation Fund:$10,000","Bishop Branch Farm expands the area's conservation footprint, protects prime soils essential to our State's food security, and improves water quality for a premier recreational asset and local drinking water source. ",,0.0,5.559866167843711,0.8895785868549937,0.22239464671374842,0.0,0.0,19.125939617382365,0.0,1.556762526996239,0.0,0.0,92.07138373949185,0.0,2.0015518204237357,2.0015518204237357,FY2026-27,2026,Anderson,1,easement,none,False,2393.162393162393,117.2789973993212,770000.0,1050000.0,2.75,SC Conservation Bank grants feature service,True
Peach Shed Grains,43.0,178500.0,178500.0,Upstate Forever,No Transfer,Piedmont,895000.0,401500.0,15000.0,0.0,"Upstate Land Conservation Fund: $15,000
Landowner: $401,500","This property preserves a meticulously managed commodity crop farm along the Highway 11 corridor, supporting water quality in Buck Creek and the Pacolet River system.",,0.0,6.584334268625029,0.3135397270773823,0.0,0.0,0.0,0.6270794541547646,1.8812383624642939,1.8812383624642939,0.0,0.0,18.185304170488173,14.422827445559586,0.0,0.0,FY2026-27,2026,Spartanburg,1,easement,none,False,4151.162790697675,43.19981559324669,416500.0,595000.0,2.3333333333333335,SC Conservation Bank grants feature service,True
Union of Brothers,302.0,115200.0,115200.0,Upstate Forever,No Transfer,Piedmont,1115000.0,289800.0,15000.0,0.0,"Upstate Land Conservation Fund: $15,000",Union of Brothers expands the conservation footprint around Sumter National Forest and promotes wild quail populations. ,"Originally applied 2025-07, deferred until 2025-10",0.0,2.8911304072787294,0.0,0.0,0.0,0.0,54.709083091582116,116.09000558457669,98.07603920076306,2.0015518204237357,0.0,22.90664861151609,0.0,0.0,0.0,FY2026-27,2026,Union,1,easement,none,False,381.4569536423841,303.52508583099217,304800.0,420000.0,2.6458333333333335,SC Conservation Bank grants feature service,True
Milky Way Farms,177.0,795000.0,795000.0,SC Farm Bureau Land Trust,No Transfer,Piedmont,2825000.0,795000.0,0.0,0.0,"Landowner: $795,000","Milky Way Dairy preserves a third generation, family-owned Jersey dairy and creamery in central Anderson County, which will help anchor the agricultural heritage in this historic farming community.",Grant from the Working Agricultural Lands Fund ,0.0,3.558191252779837,0.8895478131949592,0.8895478131949592,0.0,0.0,28.910303928836175,0.4447739065974796,3.7805782060785766,0.0,17.790956263899183,121.64566345441068,0.0,0.0,0.0,FY2026-27,2026,Anderson,1,easement,none,False,4491.525423728814,178.45166314131654,795000.0,1590000.0,1.0,SC Conservation Bank grants feature service,True
Redding-Stone Farmstead Tracts,78.0,100000.0,100000.0,Upper Savannah Land Trust,No Transfer,Piedmont,594900.0,140000.0,35000.0,0.0,"Upstate Land Conservation Fund: $15,000
Sustain SC: $20,000
Landowner: $140,000","This farmstead protects 78 acres of working forest and a rare archaeological site, preserving watershed function and cultural heritage dating to an original 1767 Crown Grant.",,0.9406191812321469,2.821857543696441,0.0,0.0,0.0,0.0,57.69130978223834,4.389556179083352,4.703095906160735,0.3135397270773823,0.3135397270773823,11.600969901863145,0.0,0.0,0.0,FY2026-27,2026,Abbeville,1,easement,none,False,1282.051282051282,81.50278467434192,175000.0,275000.0,1.75,SC Conservation Bank grants feature service,True
Buckwalter Conservation Project,239.0,146660.0,146660.0,Town of Bluffton,No Transfer,Coastal,2640000.0,400000.0,2093340.0,0.0,Beaufort County,"Located in the heart of Bluffton, this project will create an urban park offering passive outdoor recreation in one of South Carolina’s fastest-growing communities.","Funded $146,660",0.0,1.556762526996239,0.0,0.22239464671374842,0.0,0.0,1.556762526996239,64.2720529002733,4.003103640847471,3.5583143474199748,0.0,0.0,0.0,163.4600653346051,0.0,FY2026-27,2026,Beaufort,1,fee simple,full,False,613.6401673640167,238.1241501493706,2493340.0,2640000.0,17.000818219009954,SC Conservation Bank grants feature service,True
Ryan - Wateree,471.0,748600.0,748600.0,Open Space Institute Land Trust,SCFC,Central,1775000.0,86388.0,0.0,940012.0,"TNC/ EPA - CPRG ($940,012)","The Wateree Tracts adjoin the 29,000-acre Manchester State Forest and protect expansive Wateree River frontage and extensive floodplain forested wetlands that provide crucial habitat for migratory waterfowl and wading birds.",Originally applied 2026-04,0.0,0.0,0.0,0.0,0.0,0.0,0.0,0.0,0.0,0.0,0.0,0.0,0.0,425.7869493710852,45.46326042622044,FY2026-27,2026,Sumter,1,fee simple,full,True,1589.384288747346,472.37094424871464,1026400.0,1775000.0,1.3710927063852525,SC Conservation Bank grants feature service,True
Des Francs - Wateree,4854.0,12377318.0,12377318.0,Open Space Institute Land Trust,SCFC,Central,14075000.0,1697682.0,0.0,0.0,,"The Wateree Tracts adjoin the 29,000-acre Manchester State Forest and protect expansive Wateree River frontage and extensive floodplain forested wetlands that provide crucial habitat for migratory waterfowl and wading birds.",,97.85025945144551,0.0,0.0,0.0,0.0,0.0,0.8895478131949592,0.0,0.0,0.0,0.6671608598962194,0.0,0.0,4780.207561156412,336.9162342475908,FY2026-27,2026,Sumter,1,fee simple,full,True,2549.9213020189536,5219.644756999588,1697682.0,14075000.0,0.1371607322361759,SC Conservation Bank grants feature service,False
Beech Creek - Wateree,3592.0,9822000.0,9822000.0,Open Space Institute Land Trust,SCFC,Central,18855000.0,1855000.0,0.0,7178000.0,"TNC/ EPA - CPRG ($7,178,000)
Landowner ($1,855,000)","The Wateree Tracts adjoin the 29,000-acre Manchester State Forest and protect expansive Wateree River frontage and extensive floodplain forested wetlands that provide crucial habitat for migratory waterfowl and wading birds.",,78.05782060785768,0.0,0.0,0.0,0.0,0.0,0.0,0.0,0.0,0.0,0.4447739065974796,0.0,0.0,3360.2668643439583,220.16308376575242,FY2026-27,2026,Sumter,1,fee simple,full,True,2734.409799554566,3659.9893771119487,9033000.0,18855000.0,0.9196701282834453,SC Conservation Bank grants feature service,False
