grant_id,land_id,overlap_fraction,name_agrees,verdict,matched_source,site_name,manager,protection_type,gap_status,property_name,fiscal_year,award,deed_acres,deed_type,property_name_g,fiscal_year_g,award_g,deed_acres_g,recipient,registries_confirming,in_wider_record
159,10678.0,1.0,False,"confirmed, name differs",PAD-US,"Farm and Ranch Lands Protection Program (FRPP), Horry, SC",Natural Resources Conservation Service,easement,4.0,JM and SL Shelley Tract,FY2005-06,36750.0,21.03,easement,JM and SL Shelley Tract,FY2005-06,36750.0,21.03,,,
16,8968.0,1.0,False,"confirmed, name differs",TNC SC conserved lands,Port Royal Battlefield (2),"South Carolina Battleground Preservation Trust, Inc.",easement,3.0,Battle of Port Royal (Kling) - Liberty Trail,FY2019-20,125000.0,3.73,fee simple,Battle of Port Royal (Kling) - Liberty Trail,FY2019-20,125000.0,3.73,,,
499,8563.0,0.999999984028542,False,"confirmed, name differs",TNC SC conserved lands,Snows Island,Open Space Institute,fee simple,2.0,Snow's Island,FY2024-25,14400000.0,5178.93,fee simple,Snow's Island,FY2024-25,14400000.0,5178.93,,,
429,8034.0,0.9999999635444532,False,"confirmed, name differs",TNC SC conserved lands,Black River State Park - The Narrows,"South Carolina Department of Parks, Recreation and Tourism",fee simple,3.0,Andrews Black River Park,FY2023-24,5800000.0,1806.43,fee simple,Andrews Black River Park,FY2023-24,5800000.0,1806.43,,,
561,9353.0,0.9999999146707768,False,"confirmed, name differs",TNC SC conserved lands,SA021 - JPaul - Gillian - 2025,Upper Savannah Land Trust,easement,3.0,Gillian Farms - J.Paul Rd,FY2025-26,95000.0,42.33,easement,Gillian Farms - J.Paul Rd,FY2025-26,95000.0,42.33,,,
598,9050.0,0.9999998890752528,False,"confirmed, name differs",TNC SC conserved lands,Rivers Edge,Congaree Land Trust,easement,3.0,Back Swamp,FY2025-26,216000.0,420.0,easement,Back Swamp,FY2025-26,216000.0,420.0,,,
501,8564.0,0.9999998834348824,False,"confirmed, name differs",TNC SC conserved lands,Waites Island - Becky Boyce,Open Space Institute,fee simple,2.0,Waites - Becky Work,FY2024-25,8000000.0,115.0,fee simple,Waites - Becky Work,FY2024-25,8000000.0,115.0,,,
360,3118.0,0.999999876280588,False,"confirmed, name differs",TNC SC conserved lands,WNL Tract aka Lightsey/Good Hope/Edisto,South Carolina Department of Natural Resources,fee simple,2.0,Good Hope Landing Tract,FY2021-22,170000.0,148.0,fee simple,Good Hope Landing Tract,FY2021-22,170000.0,148.0,,,
28,7479.0,0.9999998709678304,False,"confirmed, name differs",TNC SC conserved lands,Black River State Park - Oxbow Bend,"South Carolina Department of Parks, Recreation and Tourism",fee simple,3.0,Black River State Park - Phase II,FY2021-22,435000.0,816.35,fee simple,Black River State Park - Phase II,FY2021-22,435000.0,816.35,,,
391,8015.0,0.999999803075151,False,"confirmed, name differs",TNC SC conserved lands,Little Eastatoee (Winchester Tract),Naturaland Trust,fee simple,2.0,Little Eastatoee on Scenic Hwy 11,FY2022-23,400000.0,234.72,fee simple,Little Eastatoee on Scenic Hwy 11,FY2022-23,400000.0,234.72,,,
447,9329.0,0.9999997997233124,False,"confirmed, name differs",TNC SC conserved lands,AB011 - Fleming - Seawright/Drake Homeplace - 2023,Upper Savannah Land Trust,easement,3.0,Seawright-Drake Homestead (Fleming),FY2023-24,50000.0,75.74,easement,Seawright-Drake Homestead (Fleming),FY2023-24,50000.0,75.74,,,
517,8665.0,0.999999745520515,False,"confirmed, name differs",TNC SC conserved lands,Mistletoe,Pee Dee Land Trust,easement,3.0,Sam Dargan Tract,FY2024-25,20000.0,40.25,easement,Sam Dargan Tract,FY2024-25,20000.0,40.25,,,
529,8663.0,0.9999997109094956,False,"confirmed, name differs",TNC SC conserved lands,Simmons Creek Park,Charleston County Parks and Recreation Commission,fee simple,3.0,Willow Oak,FY2024-25,830000.0,13.07,fee simple,Willow Oak,FY2024-25,830000.0,13.07,,,
590,8929.0,0.9999996749181982,False,"confirmed, name differs",TNC SC conserved lands,4382 Betsy Kerrison,Conservancy of the Sea Islands,fee simple,2.0,Betsy Kerrison Nature Trail Phase V,FY2025-26,600000.0,11.0,fee simple,Betsy Kerrison Nature Trail Phase V,FY2025-26,600000.0,11.0,,,
14,8938.0,0.9999996143660448,False,"confirmed, name differs",TNC SC conserved lands,Battle of Parkers Ferry,"South Carolina Battleground Preservation Trust, Inc.",fee simple,2.0,Battle of Parker's Ferry - Liberty Trail,FY2020-21,55180.0,31.0,fee simple,Battle of Parker's Ferry - Liberty Trail,FY2020-21,55180.0,31.0,,,
363,8939.0,0.9999985513961354,False,"confirmed, name differs",TNC SC conserved lands,Hobkirk Hill (1) Spring Site (Condor),"South Carolina Battleground Preservation Trust, Inc.",fee simple,2.0,Liberty Trail - Battle of Hobkirk's Hill (Conder Property),FY2021-22,75000.0,1.72,fee simple,Liberty Trail - Battle of Hobkirk's Hill (Conder Property),FY2021-22,75000.0,1.72,,,
480,8921.0,0.9999983416709424,False,"confirmed, name differs",TNC SC conserved lands,4360 Betsy Kerrison,Conservancy of the Sea Islands,fee simple,2.0,Betsy Kerrison Nature Trail Phase 4,FY2023-24,245000.0,8.6,fee simple,Betsy Kerrison Nature Trail Phase 4,FY2023-24,245000.0,8.6,,,
482,9334.0,0.9999962491637348,False,"confirmed, name differs",TNC SC conserved lands,MC020 -Searles Place - 2024,Upper Savannah Land Trust,easement,3.0,Searles Family Homeplace,FY2023-24,330000.0,991.8,easement,Searles Family Homeplace,FY2023-24,330000.0,991.8,,,
548,8997.0,0.9999939768558862,False,"confirmed, name differs",TNC SC conserved lands,Wee Tee State Forest Addition,South Carolina Forestry Commission,fee simple,2.0,Pee Dee Basin RMS Initiative,FY2025-26,3300000.0,900.04,fee simple,Pee Dee Basin RMS Initiative,FY2025-26,3300000.0,900.04,,,
444,7943.0,0.9999920498388614,False,"confirmed, name differs",TNC SC conserved lands,Wee Tee State Forest Addition,South Carolina Forestry Commission,fee simple,2.0,Santee Corridor - RMS-Wadmacon,FY2023-24,1950000.0,2248.0,fee simple,Santee Corridor - RMS-Wadmacon,FY2023-24,1950000.0,2248.0,,,
563,8793.0,0.9999519521641328,False,"confirmed, name differs",TNC SC conserved lands,Duck Creek Highway 11 Townes,Naturaland Trust,fee simple,2.0,Duck Creek - Saluda Bluffs,FY2025-26,400000.0,28.0,fee simple,Duck Creek - Saluda Bluffs,FY2025-26,400000.0,28.0,,,
201,1518.0,0.9999484813049572,False,"confirmed, name differs",SCDNR managed land,Liberty Hill Wildlife Management Area,SCDNR,fee simple,,McDowell Creek Tract,FY2007-08,2000000.0,1877.96,fee simple,McDowell Creek Tract,FY2007-08,2000000.0,1877.96,,,
227,1227.0,0.9999405566644872,False,"confirmed, name differs",SCDNR managed land,Unnamed WMA,SCDNR,fee simple,,Nine  Times Tract A,FY2007-08,1500000.0,560.0,fee simple,Nine  Times Tract A,FY2007-08,1500000.0,560.0,,,
287,10606.0,0.9999331853789168,False,"confirmed, name differs",PAD-US,Santee Bottomlands,Non-Governmental Organization,easement,4.0,Santee Bottomlands Preserve,FY2015-16,1014000.0,2276.64,easement,Santee Bottomlands Preserve,FY2015-16,1014000.0,2276.64,,,
432,8913.0,0.9999021384338336,False,"confirmed, name differs",TNC SC conserved lands,4368 Betsy Kerrison Pkwy,Conservancy of the Sea Islands,fee simple,2.0,Betsy Kerrison Nature Trail Phase 3,FY2023-24,145000.0,3.0,fee simple,Betsy Kerrison Nature Trail Phase 3,FY2023-24,145000.0,3.0,,,
279,1618.0,0.9998986370154236,False,"confirmed, name differs",SCDNR managed land,(unnamed),SCDNR,fee simple,,Saluda Rivers Connector (Phase 1),FY2018-19,500000.0,181.0,fee simple,Saluda Rivers Connector (Phase 1),FY2018-19,500000.0,181.0,,,
278,11440.0,0.999877867962338,False,"confirmed, name differs",PAD-US,Salt Point Plantation,Non-Governmental Organization,easement,4.0,Salt Point Timber Tract,FY2007-08,400000.0,1032.0,easement,Salt Point Timber Tract,FY2007-08,400000.0,1032.0,,,
228,1583.0,0.9998636503877724,False,"confirmed, name differs",SCDNR managed land,Unnamed WMA,SCDNR,fee simple,,Nine Times B&C,FY2012-13,1500000.0,1648.0,fee simple,Nine Times B&C,FY2012-13,1500000.0,1648.0,,,
58,864.0,0.9998400137381142,False,"confirmed, name differs",SCDNR managed land,Chestnut Ridge Heritage Preserve / Wildlife Management Area,SCDNR,fee simple,,Chestnut Ridge Ext,FY2015-16,243250.0,304.75,fee simple,Chestnut Ridge Ext,FY2015-16,243250.0,304.75,,,
269,9214.0,0.9998041817075696,False,"confirmed, name differs",TNC SC conserved lands,MC014 - Naturaland Trust - Parks Mill - 2016,Upper Savannah Land Trust,easement,3.0,Rocky Shoals Spider Lily Preserve,FY2015-16,100000.0,12.93,fee simple,Rocky Shoals Spider Lily Preserve,FY2015-16,100000.0,12.93,,,
375,8605.0,0.9997690394929654,False,"confirmed, name differs",TNC SC conserved lands,Glendale Mills,Spartanburg Area Conservancy,fee simple,2.0,Historic Glendale Mill,FY2022-23,785000.0,16.49,fee simple,Historic Glendale Mill,FY2022-23,785000.0,16.49,,,
0,1532.0,0.9997593341985882,False,"confirmed, name differs",SCDNR managed land,Jocassee Gorges,SCDNR,fee simple,,Alewine Tract,FY2004-05,477103.0,95.9,fee simple,Alewine Tract,FY2004-05,477103.0,95.9,,,
488,8529.0,0.999746465877974,False,"confirmed, name differs",TNC SC conserved lands,"Piedmont (Tyger Oak, Inc.) Joanna",The Nature Conservancy,fee simple,2.0,Joanna Park Tract,FY2024-25,700000.0,334.9,fee simple,Joanna Park Tract,FY2024-25,700000.0,334.9,,,
280,1618.0,0.9997402296877244,False,"confirmed, name differs",SCDNR managed land,(unnamed),SCDNR,fee simple,,Saluda Rivers Connector (Phase II),FY2019-20,500000.0,181.0,fee simple,Saluda Rivers Connector (Phase II),FY2019-20,500000.0,181.0,,,
186,8685.0,0.9995585304679304,False,"confirmed, name differs",TNC SC conserved lands,Widgeon Point Preserve,Beaufort County,fee simple,4.0,Lemon Island,FY2006-07,500000.0,162.24,fee simple,Lemon Island,FY2006-07,500000.0,162.24,,,
287,7340.0,0.9995547597780056,False,"confirmed, name differs",TNC SC conserved lands,Santee Bottomlands,Lord Berkeley Conservation Trust,easement,3.0,Santee Bottomlands Preserve,FY2015-16,1014000.0,2276.64,easement,Santee Bottomlands Preserve,FY2015-16,1014000.0,2276.64,,,
252,7818.0,0.9994972710941682,False,"confirmed, name differs",TNC SC conserved lands,Savannah River and Uplands (Pollard Land Company) Milbury,The Nature Conservancy,easement,3.0,Pollard Tract (Milbury),FY2006-07,2374312.0,10398.0,easement,Pollard Tract (Milbury),FY2006-07,2374312.0,10398.0,,,
201,7095.0,0.9994194077622052,False,"confirmed, name differs",TNC SC conserved lands,Liberty Hill Wildlife Management Area,South Carolina Department of Natural Resources,fee simple,2.0,McDowell Creek Tract,FY2007-08,2000000.0,1877.96,fee simple,McDowell Creek Tract,FY2007-08,2000000.0,1877.96,,,
278,7320.0,0.9994080285905566,False,"confirmed, name differs",TNC SC conserved lands,Salt Point Plantation,Lord Berkeley Conservation Trust,easement,3.0,Salt Point Timber Tract,FY2007-08,400000.0,1032.0,easement,Salt Point Timber Tract,FY2007-08,400000.0,1032.0,,,
169,1584.0,0.9993660913303314,False,"confirmed, name differs",SCDNR managed land,Jocassee Gorges,SCDNR,fee simple,,Keeowee Toxaway Ext Tract,FY2014-15,420000.0,154.0,fee simple,Keeowee Toxaway Ext Tract,FY2014-15,420000.0,154.0,,,
135,7744.0,0.9993585476905604,False,"confirmed, name differs",TNC SC conserved lands,Savannah River and Uplands (Harper Family Prop.) Home Place/Solomons,The Nature Conservancy,easement,3.0,Harper Family Home Place & Solomons Tract,FY2007-08,304200.0,1544.0,easement,Harper Family Home Place & Solomons Tract,FY2007-08,304200.0,1544.0,,,
267,2421.0,0.9992814912681048,False,"confirmed, name differs",TNC SC conserved lands,Rocky Point Community Forest,Winyah Rivers Foundation,fee simple,2.0,Rocky Point Landing Tr,FY2013-14,1109670.0,467.75,fee simple,Rocky Point Landing Tr,FY2013-14,1109670.0,467.75,,,
184,7765.0,0.9992607768785664,False,"confirmed, name differs",TNC SC conserved lands,Savannah River and Uplands (Lawton) Telfair,The Nature Conservancy,easement,3.0,Lawton Tract,FY2006-07,268000.0,1073.58,easement,Lawton Tract,FY2006-07,268000.0,1073.58,,,
6,10230.0,0.9992584239520088,False,"confirmed, name differs",PAD-US,Mountain Bridge Macrosite Easement,Non-Governmental Organization,easement,2.0,Asbury Hills Expansion,FY2016-17,40000.0,40.15,easement,Asbury Hills Expansion,FY2016-17,40000.0,40.15,,,
6,1253.0,0.9991966882517632,False,"confirmed, name differs",SCDNR managed land,Unnamed WMA,SCDNR,fee simple,,Asbury Hills Expansion,FY2016-17,40000.0,40.15,easement,Asbury Hills Expansion,FY2016-17,40000.0,40.15,,,
506,8794.0,0.9991874440226044,False,"confirmed, name differs",TNC SC conserved lands,Glassy Mountain Foothills on Scenic 11,Naturaland Trust,fee simple,2.0,Glassy Mountain Foothills - Scenic Highway 11,FY2024-25,2500000.0,365.0,fee simple,Glassy Mountain Foothills - Scenic Highway 11,FY2024-25,2500000.0,365.0,,,
68,7830.0,0.9991458813753714,False,"confirmed, name differs",TNC SC conserved lands,Coosawhatchie River (Black-Crouch) Cotton Hall / Mt. Repose,The Nature Conservancy,easement,3.0,Cotton Hall/Mount Repose,FY2007-08,442000.0,2210.0,easement,Cotton Hall/Mount Repose,FY2007-08,442000.0,2210.0,,,
374,7907.0,0.9991206145325652,False,"confirmed, name differs",TNC SC conserved lands,St. Helena Estuary (Cummings Trust) Ti Ti 2,The Nature Conservancy,easement,3.0,ACE Basin: St. Helena Estuary (Cummings) Ti Ti 2,FY2022-23,215000.0,1742.0,easement,ACE Basin: St. Helena Estuary (Cummings) Ti Ti 2,FY2022-23,215000.0,1742.0,,,
319,7812.0,0.9990875774299556,False,"confirmed, name differs",TNC SC conserved lands,St. Helena Estuary (Cummings) Ti Ti,The Nature Conservancy,easement,3.0,Ti Ti Plantation,FY2013-14,231625.0,1853.0,easement,Ti Ti Plantation,FY2013-14,231625.0,1853.0,,,
118,10663.0,0.9990676682124374,False,"confirmed, name differs",PAD-US,Us-Sc-8-29,Non-Governmental Organization,easement,4.0,Glover Plantation,FY2012-13,405328.0,2026.64,easement,Glover Plantation,FY2012-13,405328.0,2026.64,,,
298,7478.0,0.9990284810761006,False,"confirmed, name differs",TNC SC conserved lands,"Coosawhatchie River (Chilton Timber & Land Co., LLC) Buckfield",South Carolina Department of Natural Resources,fee simple,2.0,Slater Duck Ponds,FY2021-22,1678670.0,335.62,fee simple,Slater Duck Ponds,FY2021-22,1678670.0,335.62,,,
338,7695.0,0.999008152528327,False,"confirmed, name differs",TNC SC conserved lands,Willlow Lake,Lowcountry Land Trust,easement,3.0,Willow Lake (Bamberg Tract),FY2019-20,278000.0,1373.12,easement,Willow Lake (Bamberg Tract),FY2019-20,278000.0,1373.12,,,
58,7040.0,0.9989712881636896,False,"confirmed, name differs",TNC SC conserved lands,Chestnut Ridge Heritage Preserve / Wildlife Management Area,South Carolina Department of Natural Resources,fee simple,2.0,Chestnut Ridge Ext,FY2015-16,243250.0,304.75,fee simple,Chestnut Ridge Ext,FY2015-16,243250.0,304.75,,,
27,7384.0,0.9989333567681158,False,"confirmed, name differs",TNC SC conserved lands,Black River State Park - Limestone Crossing,"South Carolina Department of Parks, Recreation and Tourism",fee simple,3.0,Black River State Park - Phase I,FY2019-20,784600.0,310.67,fee simple,Black River State Park - Phase I,FY2019-20,784600.0,310.67,,,
297,8295.0,0.9989081864841182,False,"confirmed, name differs",TNC SC conserved lands,Birchwood Farms,Congaree Land Trust,easement,3.0,"Simmons, Kenneth Tract (Birchwood Farms)",FY2012-13,364500.0,405.5,easement,"Simmons, Kenneth Tract (Birchwood Farms)",FY2012-13,364500.0,405.5,,,
2,10111.0,0.9988579314415874,False,"confirmed, name differs",PAD-US,"Alston, Roland P. Tract",Non-Governmental Organization,easement,4.0,"Alston, Rowland P. Tract",FY2007-08,220000.0,220.8,easement,"Alston, Rowland P. Tract",FY2007-08,220000.0,220.8,,,
384,7903.0,0.9988188082144328,False,"confirmed, name differs",TNC SC conserved lands,Black River State Park - Indigo Crossing,"South Carolina Department of Parks, Recreation and Tourism",fee simple,3.0,Black River State Park: Sims Reach (Colonial Properties),FY2022-23,300000.0,143.22,fee simple,Black River State Park: Sims Reach (Colonial Properties),FY2022-23,300000.0,143.22,,,
0,10131.0,0.9987180778853688,False,"confirmed, name differs",PAD-US,Jocassee Gorges,State Department of Natural Resources,fee simple,2.0,Alewine Tract,FY2004-05,477103.0,95.9,fee simple,Alewine Tract,FY2004-05,477103.0,95.9,,,
140,11390.0,0.9985342203939056,False,"confirmed, name differs",PAD-US,Lake Conestee Nature Park,Private,fee simple,4.0,Henderson/Conestee Tract,FY2004-05,675000.0,112.42,fee simple,Henderson/Conestee Tract,FY2004-05,675000.0,112.42,,,
413,9052.0,0.9984761893916544,False,"confirmed, name differs",TNC SC conserved lands,Lee State Park - KDR Tract,"South Carolina Department of Parks, Recreation and Tourism",fee simple,2.0,Lee State Park - KDR/OSI (match with LF),FY2022-23,173000.0,137.29,fee simple,Lee State Park - KDR/OSI (match with LF),FY2022-23,173000.0,137.29,,,
5,7779.0,0.9984496010733452,False,"confirmed, name differs",TNC SC conserved lands,Mountain Bridge (SC United Methodist Church) Asbury Hills and Sky Ranche,The Nature Conservancy,easement,3.0,Asbury Hills,FY2006-07,3750000.0,1892.0,fee simple,Asbury Hills,FY2006-07,3750000.0,1892.0,,,
0,7111.0,0.998441719888059,False,"confirmed, name differs",TNC SC conserved lands,Jocassee Gorges,South Carolina Department of Natural Resources,fee simple,2.0,Alewine Tract,FY2004-05,477103.0,95.9,fee simple,Alewine Tract,FY2004-05,477103.0,95.9,,,
15,7132.0,0.9983901345131748,False,"confirmed, name differs",TNC SC conserved lands,Port Royal Battlefield,Beaufort County,fee simple,3.0,Battle of Port Royal (Harris Pillow) - Liberty Trail,FY2019-20,227963.0,6.08,fee simple,Battle of Port Royal (Harris Pillow) - Liberty Trail,FY2019-20,227963.0,6.08,,,
279,2851.0,0.9983386422145016,False,"confirmed, name differs",TNC SC conserved lands,Tall Pines WMA,South Carolina Department of Natural Resources,fee simple,2.0,Saluda Rivers Connector (Phase 1),FY2018-19,500000.0,181.0,fee simple,Saluda Rivers Connector (Phase 1),FY2018-19,500000.0,181.0,,,
104,8356.0,0.9983163606576462,False,"confirmed, name differs",TNC SC conserved lands,Back Swamp Woods,Pee Dee Land Trust,easement,3.0,First Citizens Bank/Back Swamp School Tr,FY2013-14,325000.0,93.085,fee simple,First Citizens Bank/Back Swamp School Tr,FY2013-14,325000.0,93.085,,,
133,776.0,0.9980875809418884,False,"confirmed, name differs",SCDNR managed land,Bear Island Wildlife Management Area,SCDNR,fee simple,,Hanahan Tract,FY2015-16,286000.0,91.0,fee simple,Hanahan Tract,FY2015-16,286000.0,91.0,,,
280,2851.0,0.9979972962922912,False,"confirmed, name differs",TNC SC conserved lands,Tall Pines WMA,South Carolina Department of Natural Resources,fee simple,2.0,Saluda Rivers Connector (Phase II),FY2019-20,500000.0,181.0,fee simple,Saluda Rivers Connector (Phase II),FY2019-20,500000.0,181.0,,,
76,7807.0,0.9979852325863604,False,"confirmed, name differs",TNC SC conserved lands,Upper Combahee River (Crosby 2) Swamp Tract,The Nature Conservancy,easement,3.0,Crosby Tract,FY2012-13,126200.0,631.0,easement,Crosby Tract,FY2012-13,126200.0,631.0,,,
1,7387.0,0.997967964591222,False,"confirmed, name differs",TNC SC conserved lands,Kings Mountain State Park,"South Carolina Department of Parks, Recreation and Tourism",fee simple,3.0,Alexander Tract,FY2005-06,88825.0,41.394,fee simple,Alexander Tract,FY2005-06,88825.0,41.394,,,
479,8600.0,0.9979602855945502,False,"confirmed, name differs",TNC SC conserved lands,Spartanburg - Tyger Oak,"South Carolina Department of Parks, Recreation and Tourism",fee simple,3.0,Tyger Oak Property,FY2023-24,23000000.0,945.91,fee simple,Tyger Oak Property,FY2023-24,23000000.0,945.91,,,
227,9515.0,0.997960005678132,False,"confirmed, name differs",PAD-US,Nine Times Preserve,Non-Governmental Organization,fee simple,1.0,Nine  Times Tract A,FY2007-08,1500000.0,560.0,fee simple,Nine  Times Tract A,FY2007-08,1500000.0,560.0,,,
340,7904.0,0.9979431222000869,False,"confirmed, name differs",TNC SC conserved lands,St. Helena Estuary (Knox) Willtown Uplands,The Nature Conservancy,easement,3.0,Willtown (Knox) - ACE Basin,FY2020-21,250000.0,2101.27,easement,Willtown (Knox) - ACE Basin,FY2020-21,250000.0,2101.27,,,
226,8115.0,0.9979110546585028,False,"confirmed, name differs",TNC SC conserved lands,Bay Tract 2,Congaree Land Trust,easement,3.0,Ness Bay Tr,FY2013-14,120000.0,300.0,easement,Ness Bay Tr,FY2013-14,120000.0,300.0,,,
16,9424.0,0.9978536547051902,False,"confirmed, name differs",PAD-US,Marine Corps Air Station Beaufort,Department of Defense,other,4.0,Battle of Port Royal (Kling) - Liberty Trail,FY2019-20,125000.0,3.73,fee simple,Battle of Port Royal (Kling) - Liberty Trail,FY2019-20,125000.0,3.73,,,
379,7908.0,0.9978399170848516,False,"confirmed, name differs",TNC SC conserved lands,Black River State Park - High Bluffs,"South Carolina Department of Parks, Recreation and Tourism",fee simple,3.0,"Black River (Camel, LLC) Park Ranger Tract",FY2022-23,1200000.0,162.93,fee simple,"Black River (Camel, LLC) Park Ranger Tract",FY2022-23,1200000.0,162.93,,,
105,10468.0,0.997732149956796,False,"confirmed, name differs",PAD-US,McBee Wildlife Management Area,State Department of Natural Resources,fee simple,2.0,Floyd Tract,FY2005-06,400000.0,434.14,fee simple,Floyd Tract,FY2005-06,400000.0,434.14,,,
199,7418.0,0.9976860896412898,False,"confirmed, name differs",TNC SC conserved lands,Paris Mountain State Park,"South Carolina Department of Parks, Recreation and Tourism",fee simple,3.0,"McCall, Arthur Jr. Tract",FY2014-15,700000.0,160.491,fee simple,"McCall, Arthur Jr. Tract",FY2014-15,700000.0,160.491,,,
359,7442.0,0.9976536052467035,False,"confirmed, name differs",TNC SC conserved lands,Woodend Farm,Nation Ford Land Trust,easement,3.0,Woodsend Park and Open Space,FY2021-22,1000000.0,86.32,fee simple,Woodsend Park and Open Space,FY2021-22,1000000.0,86.32,,,
230,7780.0,0.9976516618109648,False,"confirmed, name differs",TNC SC conserved lands,Escarpment Gorges (Nowacki),The Nature Conservancy,easement,3.0,Nowacki Tract/Wadakoe Mt.,FY2007-08,120000.0,50.0,easement,Nowacki Tract/Wadakoe Mt.,FY2007-08,120000.0,50.0,,,
200,2036.0,0.9976192969725192,False,"confirmed, name differs",TNC SC conserved lands,Cottonwood Trail Addition,Spartanburg Area Conservancy,fee simple,2.0,McCorkle Tract,FY2005-06,410000.0,28.75,fee simple,McCorkle Tract,FY2005-06,410000.0,28.75,,,
525,8733.0,0.9974810523205968,False,"confirmed, name differs",TNC SC conserved lands,Black River State Park - Sunset Point,"South Carolina Department of Parks, Recreation and Tourism",fee simple,3.0,Black River SP - Browns Ferry,FY2024-25,498000.0,311.31,fee simple,Black River SP - Browns Ferry,FY2024-25,498000.0,311.31,,,
133,6965.0,0.9971894914865892,False,"confirmed, name differs",TNC SC conserved lands,Bear Island Wildlife Management Area,South Carolina Department of Natural Resources,fee simple,2.0,Hanahan Tract,FY2015-16,286000.0,91.0,fee simple,Hanahan Tract,FY2015-16,286000.0,91.0,,,
186,10654.0,0.9971377111868912,False,"confirmed, name differs",PAD-US,Widgeon Point (Lemon Island),County Land,fee simple,4.0,Lemon Island,FY2006-07,500000.0,162.24,fee simple,Lemon Island,FY2006-07,500000.0,162.24,,,
84,8192.0,0.9969032753428796,False,"confirmed, name differs",TNC SC conserved lands,The Hoagland Tract,Congaree Land Trust,easement,3.0,DDK Management Tract,FY2013-14,746000.0,1865.5,easement,DDK Management Tract,FY2013-14,746000.0,1865.5,,,
461,8444.0,0.9966290968376073,False,"confirmed, name differs",TNC SC conserved lands,Stillwell Cannery Farm,Pee Dee Land Trust,easement,3.0,Stilwell - Cannery Farm,FY2023-24,250000.0,797.88,easement,Stilwell - Cannery Farm,FY2023-24,250000.0,797.88,,,
132,7496.0,0.9962253568941288,False,"confirmed, name differs",TNC SC conserved lands,Hamilton Ridge Wildlife Management Area,South Carolina Department of Natural Resources,fee simple,2.0,Hamilton Ridge Tract,FY2005-06,5000000.0,13280.0,fee simple,Hamilton Ridge Tract,FY2005-06,5000000.0,13280.0,,,
220,8829.0,0.996122060251086,False,"confirmed, name differs",TNC SC conserved lands,Mountain Bridge Passage,"South Carolina Department of Parks, Recreation and Tourism",fee simple,3.0,Mtn. Bridge Passage,FY2005-06,1550000.0,175.0,fee simple,Mtn. Bridge Passage,FY2005-06,1550000.0,175.0,,,
132,11171.0,0.996120317437736,False,"confirmed, name differs",PAD-US,Hamilton Ridge Wildlife Management Area,State Department of Natural Resources,fee simple,2.0,Hamilton Ridge Tract,FY2005-06,5000000.0,13280.0,fee simple,Hamilton Ridge Tract,FY2005-06,5000000.0,13280.0,,,
132,706.0,0.9961169823494396,False,"confirmed, name differs",SCDNR managed land,Hamilton Ridge Wildlife Management Area,SCDNR,fee simple,,Hamilton Ridge Tract,FY2005-06,5000000.0,13280.0,fee simple,Hamilton Ridge Tract,FY2005-06,5000000.0,13280.0,,,
316,2742.0,0.9960447650069773,False,"confirmed, name differs",TNC SC conserved lands, ,"South Carolina Department of Parks, Recreation and Tourism",fee simple,3.0,The Furman Face Property (Phase II),FY2016-17,450000.0,65.0,fee simple,The Furman Face Property (Phase II),FY2016-17,450000.0,65.0,,,
282,4791.0,0.99600867962055,False,"confirmed, name differs",TNC SC conserved lands,Samworth Farms / Plantersville Scenic By-Way,U.S. Forest Service,fee simple,2.0,Samworth Farms - McTeer Tract,FY2019-20,180000.0,39.23,fee simple,Samworth Farms - McTeer Tract,FY2019-20,180000.0,39.23,,,
21,7429.0,0.9959758743811346,False,"confirmed, name differs",TNC SC conserved lands,Big Rock Ramey,Naturaland Trust,fee simple,2.0,Big Rock Access Expansion,FY2019-20,10000.0,1.0,fee simple,Big Rock Access Expansion,FY2019-20,10000.0,1.0,,,
40,11462.0,0.9959006207579546,False,"confirmed, name differs",PAD-US,Boyd Pond Park,County Land,other,4.0,Boyd Pond,FY2007-08,300000.0,92.34,fee simple,Boyd Pond,FY2007-08,300000.0,92.34,,,
159,7987.0,0.9958721037514784,False,"confirmed, name differs",TNC SC conserved lands,Robert Battle Tract,Horry County Soil And Water Conservation District,easement,4.0,JM and SL Shelley Tract,FY2005-06,36750.0,21.03,easement,JM and SL Shelley Tract,FY2005-06,36750.0,21.03,,,
250,8178.0,0.9957901960102392,False,"confirmed, name differs",TNC SC conserved lands,2 Rivers Tracts,Congaree Land Trust,easement,3.0,Pinnacle Partners Tracts,FY2018-19,34330.0,137.32,easement,Pinnacle Partners Tracts,FY2018-19,34330.0,137.32,,,
46,2162.0,0.9957401753594772,False,"confirmed, name differs",TNC SC conserved lands,Bunched Arrow Preserve Tract,Naturaland Trust,fee simple,2.0,Bunched Arrowhead Preserve Tr,FY2013-14,465000.0,64.96,easement,Bunched Arrowhead Preserve Tr,FY2013-14,465000.0,64.96,,,
357,9224.0,0.9955955704381418,False,"confirmed, name differs",TNC SC conserved lands,GR054 - Scott & Sharon Turner - Turner Farms - Epworth - 2022,Upper Savannah Land Trust,easement,3.0,Mays-Epworth Conservation Area (Turner),FY2021-22,86500.0,216.25,easement,Mays-Epworth Conservation Area (Turner),FY2021-22,86500.0,216.25,,,
100,8174.0,0.9955905509104108,False,"confirmed, name differs",TNC SC conserved lands,McCrady Tract,Congaree Land Trust,easement,3.0,Fairfield (McCrady) Tract,FY2016-17,44450.0,177.8,easement,Fairfield (McCrady) Tract,FY2016-17,44450.0,177.8,,,
228,10624.0,0.9953823288774736,False,"confirmed, name differs",PAD-US,Nine Times Community Forest,Unknown,fee simple,4.0,Nine Times B&C,FY2012-13,1500000.0,1648.0,fee simple,Nine Times B&C,FY2012-13,1500000.0,1648.0,,,
302,12117.0,0.9953641510210972,False,"confirmed, name differs",PAD-US,Jones Tree Farm,Non-Governmental Organization,easement,4.0,South Saluda Trout Fishing (Jones Tree Farm),FY2013-14,97000.0,27.45,fee simple,South Saluda Trout Fishing (Jones Tree Farm),FY2013-14,97000.0,27.45,,,
162,10678.0,0.9951914764157256,False,"confirmed, name differs",PAD-US,"Farm and Ranch Lands Protection Program (FRPP), Horry, SC",Natural Resources Conservation Service,easement,4.0,Johnathan Graham,FY2012-13,758010.0,505.34,easement,Johnathan Graham,FY2012-13,758010.0,505.34,,,
162,7984.0,0.9951751998462246,False,"confirmed, name differs",TNC SC conserved lands,"Farm and Ranch Lands Protection Program (FRPP), Horry, SC",U.S. Natural Resources Conservation Service,easement,3.0,Johnathan Graham,FY2012-13,758010.0,505.34,easement,Johnathan Graham,FY2012-13,758010.0,505.34,,,
181,821.0,0.9950595855919304,False,"confirmed, name differs",SCDNR managed land,Landsford Canal Forest Legacy Area,SCDNR,fee simple,,Landsford Addition Tract,FY2020-21,400000.0,385.35,fee simple,Landsford Addition Tract,FY2020-21,400000.0,385.35,,,
26,2421.0,0.9947061901157472,False,"confirmed, name differs",TNC SC conserved lands,Rocky Point Community Forest,Winyah Rivers Foundation,fee simple,2.0,Black River Landing (Rocky Point Expansion),FY2018-19,90000.0,19.0,fee simple,Black River Landing (Rocky Point Expansion),FY2018-19,90000.0,19.0,,,
8,8136.0,0.9945622944160546,False,"confirmed, name differs",TNC SC conserved lands,River Oaks Farm,Congaree Land Trust,easement,3.0,Avins Tract,FY2012-13,431130.0,431.13,easement,Avins Tract,FY2012-13,431130.0,431.13,,,
29,7480.0,0.994365366593458,False,"confirmed, name differs",TNC SC conserved lands,Black River State Park - The Meadows,"South Carolina Department of Parks, Recreation and Tourism",fee simple,3.0,Black River State Park - Phase III (RMS South Tract),FY2021-22,450000.0,738.44,fee simple,Black River State Park - Phase III (RMS South Tract),FY2021-22,450000.0,738.44,,,
66,7798.0,0.9943606335794288,False,"confirmed, name differs",TNC SC conserved lands,Savannah River and Uplands (Copeland) Pine Acres,The Nature Conservancy,easement,3.0,Copeland Tract,FY2012-13,162488.0,812.44,easement,Copeland Tract,FY2012-13,162488.0,812.44,,,
83,2939.0,0.9943247027434358,False,"confirmed, name differs",TNC SC conserved lands,Dawn of Hope Plantation,Lowcountry Land Trust,easement,3.0,Dawn Plantation,FY2019-20,313650.0,731.0,easement,Dawn Plantation,FY2019-20,313650.0,731.0,,,
31,8462.0,0.994103295220861,False,"confirmed, name differs",TNC SC conserved lands,Aiken Gopher Tortoise Heritage Preserve and Wildlife Management Area,South Carolina Department of Natural Resources,fee simple,2.0,Blackmon Tract,FY2006-07,424661.0,129.71,fee simple,Blackmon Tract,FY2006-07,424661.0,129.71,,,
126,8814.0,0.9939676463670278,False,"confirmed, name differs",TNC SC conserved lands,Upstate Forever #34,Upstate Forever,easement,3.0,Greenbrier Farms,FY2005-06,280000.0,123.52,easement,Greenbrier Farms,FY2005-06,280000.0,123.52,,,
181,7477.0,0.9939407714559078,False,"confirmed, name differs",TNC SC conserved lands,Landsford Canal,South Carolina Department of Natural Resources,fee simple,2.0,Landsford Addition Tract,FY2020-21,400000.0,385.35,fee simple,Landsford Addition Tract,FY2020-21,400000.0,385.35,,,
229,2082.0,0.9932509295830856,False,"confirmed, name differs",TNC SC conserved lands,Brashier/Tigerville Mitigation Tract,Naturaland Trust,fee simple,2.0,North Enoree Watershed Tract,FY2016-17,100000.0,34.47,fee simple,North Enoree Watershed Tract,FY2016-17,100000.0,34.47,,,
214,12200.0,0.9932131200709832,False,"confirmed, name differs",PAD-US,"Agricultural Conservation Easement Program - Agricultural Land Easements (ACEP-ALE), Orangeburg, SC",Natural Resources Conservation Service,easement,4.0,Millwood Farms,FY2013-14,184450.0,443.46,easement,Millwood Farms,FY2013-14,184450.0,443.46,,,
312,2078.0,0.9931606255724108,False,"confirmed, name differs",TNC SC conserved lands,Repetto Property,Naturaland Trust,fee simple,2.0,Swamp Rabbit Trail Ext. (North Saluda River Tract),FY2012-13,140000.0,49.2,fee simple,Swamp Rabbit Trail Ext. (North Saluda River Tract),FY2012-13,140000.0,49.2,,,
130,9701.0,0.9928157778813228,False,"confirmed, name differs",PAD-US,"Farm and Ranch Lands Protection Program (FRPP), Sumter, SC",Natural Resources Conservation Service,easement,4.0,H.C. Edens Tract,FY2005-06,974000.0,677.22,easement,H.C. Edens Tract,FY2005-06,974000.0,677.22,,,
114,7415.0,0.9927864620733768,False,"confirmed, name differs",TNC SC conserved lands,Mountain Bridge Wilderness Area,"South Carolina Department of Parks, Recreation and Tourism",fee simple,3.0,Gap Creek,FY2016-17,1700000.0,954.529,fee simple,Gap Creek,FY2016-17,1700000.0,954.529,,,
325,2413.0,0.9923845960934856,False,"confirmed, name differs",TNC SC conserved lands,Upper Reedy River Floodplain Willoughby Crown,Naturaland Trust,fee simple,2.0,Top of South Carolina Tract,FY2015-16,550000.0,66.5,fee simple,Top of South Carolina Tract,FY2015-16,550000.0,66.5,,,
158,10627.0,0.9920942147327532,False,"confirmed, name differs",PAD-US,"Farm and Ranch Lands Protection Program (FRPP), Marion, SC",Natural Resources Conservation Service,easement,4.0,Jimmy Calder Tract,FY2004-05,71500.0,56.5,easement,Jimmy Calder Tract,FY2004-05,71500.0,56.5,,,
6,7875.0,0.9920410137361478,False,"confirmed, name differs",TNC SC conserved lands,Mountain Bridge (SC United Methodist Church 2) Asbury Hills 2,The Nature Conservancy,easement,3.0,Asbury Hills Expansion,FY2016-17,40000.0,40.15,easement,Asbury Hills Expansion,FY2016-17,40000.0,40.15,,,
244,2740.0,0.9920169608479514,False,"confirmed, name differs",TNC SC conserved lands, ,Naturaland Trust,fee simple,2.0,Persimmon Ridge Headwaters Tract,FY2016-17,125000.0,16.26,fee simple,Persimmon Ridge Headwaters Tract,FY2016-17,125000.0,16.26,,,
437,6887.0,0.991895283851918,False,"confirmed, name differs",TNC SC conserved lands,South Saluda Angler Access,South Carolina Department of Natural Resources,fee simple,2.0,Blakely South Saluda,FY2005-06,135000.0,50.0,fee simple,Blakely South Saluda,FY2005-06,135000.0,50.0,,,
30,10435.0,0.9918674580829308,False,"confirmed, name differs",PAD-US,Us-Sc-8-25,Non-Governmental Organization,easement,4.0,Black Swamp Plantation,FY2007-08,406200.0,2031.0,easement,Black Swamp Plantation,FY2007-08,406200.0,2031.0,,,
370,8221.0,0.9918207184952154,False,"confirmed, name differs",TNC SC conserved lands,Guild Tract,Congaree Land Trust,easement,3.0,North Fork Edisto Tract,FY2021-22,49950.0,36.71,easement,North Fork Edisto Tract,FY2021-22,49950.0,36.71,,,
92,8398.0,0.9914288705250898,False,"confirmed, name differs",TNC SC conserved lands,Tilghman Tract,Pee Dee Land Trust,easement,3.0,"Drayton, Eddie Tract",FY2014-15,194300.0,670.0,easement,"Drayton, Eddie Tract",FY2014-15,194300.0,670.0,,,
260,7305.0,0.9913140152884627,False,"confirmed, name differs",TNC SC conserved lands,River Oaks Pltn,South Carolina Department of Natural Resources,fee simple,2.0,River Oaks Plantation,FY2020-21,975000.0,1005.18,fee simple,River Oaks Plantation,FY2020-21,975000.0,1005.18,,,
437,659.0,0.991041007643751,False,"confirmed, name differs",SCDNR managed land,South Saluda Angler Access,SCDNR,fee simple,,Blakely South Saluda,FY2005-06,135000.0,50.0,fee simple,Blakely South Saluda,FY2005-06,135000.0,50.0,,,
237,2412.0,0.9906860826978064,False,"confirmed, name differs",TNC SC conserved lands,McGee Paris Mountain Extension,"South Carolina Department of Parks, Recreation and Tourism",fee simple,3.0,Paris Mountain Expansion Tract,FY2015-16,160000.0,33.431,fee simple,Paris Mountain Expansion Tract,FY2015-16,160000.0,33.431,,,
304,12323.0,0.9906744206587408,False,"confirmed, name differs",PAD-US,Us-Sc-1-57,Non-Governmental Organization,easement,4.0,Spring Grove Tract,FY2014-15,478000.0,638.0,easement,Spring Grove Tract,FY2014-15,478000.0,638.0,,,
563,10832.0,0.9906319767568776,False,"confirmed, name differs",PAD-US,Townes/S. Saluda,Non-Governmental Organization,easement,4.0,Duck Creek - Saluda Bluffs,FY2025-26,400000.0,28.0,fee simple,Duck Creek - Saluda Bluffs,FY2025-26,400000.0,28.0,,,
200,11648.0,0.990591796348418,False,"confirmed, name differs",PAD-US,Cottonwood Trail Addition,Non-Governmental Organization,easement,4.0,McCorkle Tract,FY2005-06,410000.0,28.75,fee simple,McCorkle Tract,FY2005-06,410000.0,28.75,,,
224,1816.0,0.9904731921273616,False,"confirmed, name differs",TNC SC conserved lands,Myrtle Grove Plantation,Ducks Unlimited,easement,3.0,Myrtle Grove Plt Tract,FY2014-15,643268.0,1715.38,easement,Myrtle Grove Plt Tract,FY2014-15,643268.0,1715.38,,,
361,8493.0,0.9903788237080816,False,"confirmed, name differs",TNC SC conserved lands,Bunched Arrowhead Heritage Preserve,South Carolina Department of Natural Resources,fee simple,2.0,Core Bunched Arrowhead Preserve,FY2019-20,40000.0,16.72,fee simple,Core Bunched Arrowhead Preserve,FY2019-20,40000.0,16.72,,,
545,8925.0,0.9898031638709978,False,"confirmed, name differs",TNC SC conserved lands,SL Freeman-Anderson Tract,Conservancy of the Sea Islands,easement,3.0,The Freeman-Anderson CE,FY2025-26,25000.0,5.41,easement,The Freeman-Anderson CE,FY2025-26,25000.0,5.41,,,
180,2829.0,0.9897089666730988,False,"confirmed, name differs",TNC SC conserved lands,Pine Bluff,National Audubon Society,fee simple,2.0,Landco Project (Stevens Tract),FY2016-17,555000.0,557.0,fee simple,Landco Project (Stevens Tract),FY2016-17,555000.0,557.0,,,
206,9263.0,0.9895977044405262,False,"confirmed, name differs",TNC SC conserved lands,GR025 - Mike Walden - - 2014,Upper Savannah Land Trust,easement,3.0,Michael Walden Tract,FY2013-14,53700.0,231.0,easement,Michael Walden Tract,FY2013-14,53700.0,231.0,,,
105,1515.0,0.9894236505381396,False,"confirmed, name differs",SCDNR managed land,McBee Wildlife Management Area,SCDNR,fee simple,,Floyd Tract,FY2005-06,400000.0,434.14,fee simple,Floyd Tract,FY2005-06,400000.0,434.14,,,
302,8695.0,0.9893917919307904,False,"confirmed, name differs",TNC SC conserved lands,Jones Tree Farm,South Carolina Department of Natural Resources,fee simple,2.0,South Saluda Trout Fishing (Jones Tree Farm),FY2013-14,97000.0,27.45,fee simple,South Saluda Trout Fishing (Jones Tree Farm),FY2013-14,97000.0,27.45,,,
105,7092.0,0.9893450213251757,False,"confirmed, name differs",TNC SC conserved lands,McBee Wildlife Management Area,South Carolina Department of Natural Resources,fee simple,2.0,Floyd Tract,FY2005-06,400000.0,434.14,fee simple,Floyd Tract,FY2005-06,400000.0,434.14,,,
251,2823.0,0.9892193258707892,False,"confirmed, name differs",TNC SC conserved lands,Gibbes,National Audubon Society,fee simple,2.0,Plum Creek Timberlands Tr,FY2014-15,70000.0,35.83,fee simple,Plum Creek Timberlands Tr,FY2014-15,70000.0,35.83,,,
551,8748.0,0.9883641513494342,False,"confirmed, name differs",TNC SC conserved lands,Carolina Seafood,Lowcountry Land Trust,easement,3.0,Carolina Seafood Hwy 17,FY2025-26,150000.0,14.67,fee simple,Carolina Seafood Hwy 17,FY2025-26,150000.0,14.67,,,
169,12227.0,0.9873851673445426,False,"confirmed, name differs",PAD-US,Keowee Toxaway Extension,Non-Governmental Organization,easement,4.0,Keeowee Toxaway Ext Tract,FY2014-15,420000.0,154.0,fee simple,Keeowee Toxaway Ext Tract,FY2014-15,420000.0,154.0,,,
197,11031.0,0.9872850439881112,False,"confirmed, name differs",PAD-US,Marsh Wildlife Management Area,State Department of Natural Resources,fee simple,2.0,Marsh Furniture Tract,FY2004-05,2000000.0,8347.0,fee simple,Marsh Furniture Tract,FY2004-05,2000000.0,8347.0,,,
317,9325.0,0.9866136232538,False,"confirmed, name differs",TNC SC conserved lands,ED004/6/8/SA005/15 - Brad Thompson - Timberhaven-All - 2022,Upper Savannah Land Trust,easement,3.0,Thompson J. Bradford Property/Timberhaven,FY2007-08,215000.0,878.0,easement,Thompson J. Bradford Property/Timberhaven,FY2007-08,215000.0,878.0,,,
638,9032.0,0.9861130364760138,False,"confirmed, name differs",TNC SC conserved lands,"Port Royal Sound (Chelsea Plantation, LLC)",South Carolina Forestry Commission,fee simple,2.0,Chelsea,FY2026-27,1500000.0,2672.0,easement,Chelsea,FY2026-27,1500000.0,2672.0,,,
262,2076.0,0.9854367857640828,False,"confirmed, name differs",TNC SC conserved lands,"Farm and Ranch Lands Protection Program (FRPP), Sumter, SC",U.S. Natural Resources Conservation Service,easement,3.0,"Rivers, J. T., Jr. 97",FY2007-08,111000.0,148.0,easement,"Rivers, J. T., Jr. 97",FY2007-08,111000.0,148.0,,,
146,8400.0,0.985297206170398,False,"confirmed, name differs",TNC SC conserved lands,Hagin's Prong Farm,Pee Dee Land Trust,easement,3.0,Hinson Farm Project,FY2013-14,558424.0,1726.0,easement,Hinson Farm Project,FY2013-14,558424.0,1726.0,,,
161,9857.0,0.985191644389368,False,"confirmed, name differs",PAD-US,"Farm and Ranch Lands Protection Program (FRPP), Oconee, SC",Natural Resources Conservation Service,easement,4.0,John Shirley Tract,FY2012-13,380000.0,394.0,easement,John Shirley Tract,FY2012-13,380000.0,394.0,,,
161,7985.0,0.9849032594919772,False,"confirmed, name differs",TNC SC conserved lands,"Farm and Ranch Lands Protection Program (FRPP), Oconee, SC",U.S. Natural Resources Conservation Service,easement,3.0,John Shirley Tract,FY2012-13,380000.0,394.0,easement,John Shirley Tract,FY2012-13,380000.0,394.0,,,
627,9377.0,0.9848797035368068,False,"confirmed, name differs",TNC SC conserved lands,Forest View - Kings Mountain,Open Space Institute,fee simple,2.0,Forest View,FY2025-26,4850000.0,590.0,fee simple,Forest View,FY2025-26,4850000.0,590.0,,,
109,9931.0,0.9845617441241392,False,"confirmed, name differs",PAD-US,Forty Acre Rock Heritage Preserve / Wildlife Management Area,State Department of Natural Resources,fee simple,2.0,Forty Acre Rock,FY2005-06,375617.0,521.69,fee simple,Forty Acre Rock,FY2005-06,375617.0,521.69,,,
19,5920.0,0.9843453712135756,False,"confirmed, name differs",TNC SC conserved lands,Bay Creek Park,Edisto Beach Town Of,fee simple,4.0,Bell Buoy Tract,FY2006-07,2000000.0,1.1677,fee simple,Bell Buoy Tract,FY2006-07,2000000.0,1.1677,,,
109,9386.0,0.984319139192149,False,"confirmed, name differs",TNC SC conserved lands,Forty Acre Rock Heritage Preserve and Wildlife Management Area,South Carolina Department of Natural Resources,fee simple,2.0,Forty Acre Rock,FY2005-06,375617.0,521.69,fee simple,Forty Acre Rock,FY2005-06,375617.0,521.69,,,
410,9328.0,0.9843111982243624,False,"confirmed, name differs",TNC SC conserved lands,SA020 - Kiser - Halfway Swamp Creek - 2023,Upper Savannah Land Trust,easement,3.0,Halfway Swamp Creek,FY2022-23,175000.0,288.37,easement,Halfway Swamp Creek,FY2022-23,175000.0,288.37,,,
34,10158.0,0.98424048175221,False,"confirmed, name differs",PAD-US,Blythe-Goodwin-Hagood House,Non-Governmental Organization,easement,4.0,Blythe- Goodwin House,FY2005-06,114200.0,10.91,easement,Blythe- Goodwin House,FY2005-06,114200.0,10.91,,,
213,7876.0,0.9841430829381388,False,"confirmed, name differs",TNC SC conserved lands,"Coosawhatchie River (MillRho Investments, LLC) Firetower Tract",The Nature Conservancy,easement,3.0,MillRho (Oak Grove 2),FY2016-17,291000.0,1164.64,easement,MillRho (Oak Grove 2),FY2016-17,291000.0,1164.64,,,
262,9701.0,0.9840531967845282,False,"confirmed, name differs",PAD-US,"Farm and Ranch Lands Protection Program (FRPP), Sumter, SC",Natural Resources Conservation Service,easement,4.0,"Rivers, J. T., Jr. 97",FY2007-08,111000.0,148.0,easement,"Rivers, J. T., Jr. 97",FY2007-08,111000.0,148.0,,,
19,12129.0,0.984002980633818,False,"confirmed, name differs",PAD-US,Bay Creek Park,City Land,fee simple,4.0,Bell Buoy Tract,FY2006-07,2000000.0,1.1677,fee simple,Bell Buoy Tract,FY2006-07,2000000.0,1.1677,,,
82,9701.0,0.9837485274421864,False,"confirmed, name differs",PAD-US,"Farm and Ranch Lands Protection Program (FRPP), Sumter, SC",Natural Resources Conservation Service,easement,4.0,"Davis, J. E., Jr/Orange Grove Tract",FY2007-08,90000.0,36.7,easement,"Davis, J. E., Jr/Orange Grove Tract",FY2007-08,90000.0,36.7,,,
342,2473.0,0.9836623193139424,False,"confirmed, name differs",TNC SC conserved lands,Winborn Asa Lawton Plantation,Lowcountry Land Trust,easement,3.0,Winborn a/s/a Lawton Plantation,FY2007-08,262800.0,1314.0,easement,Winborn a/s/a Lawton Plantation,FY2007-08,262800.0,1314.0,,,
339,8139.0,0.9836293437316116,False,"confirmed, name differs",TNC SC conserved lands,Willow Oak Gun Club,Congaree Land Trust,easement,3.0,Willow Oaks Tract,FY2012-13,195000.0,195.06,easement,Willow Oaks Tract,FY2012-13,195000.0,195.06,,,
502,9337.0,0.9832426030922684,False,"confirmed, name differs",TNC SC conserved lands,NE013 - MArston - Old Blair Rd - 2024,Upper Savannah Land Trust,easement,3.0,Old Blair Road (Lina Marston),FY2024-25,72000.0,131.0,easement,Old Blair Road (Lina Marston),FY2024-25,72000.0,131.0,,,
24,9787.0,0.9828591713216824,False,"confirmed, name differs",PAD-US,Us-Sc-10-18,Non-Governmental Organization,easement,4.0,Bird Point Farm,FY2007-08,120000.0,80.0,easement,Bird Point Farm,FY2007-08,120000.0,80.0,,,
498,8323.0,0.9827513885244948,False,"confirmed, name differs",TNC SC conserved lands,Weyerhaeuser - Riverforks,Open Space Institute,fee simple,2.0,Snow's Island Addition,FY2024-25,5229080.0,2584.26,fee simple,Snow's Island Addition,FY2024-25,5229080.0,2584.26,,,
539,8561.0,0.9826655223191072,False,"confirmed, name differs",TNC SC conserved lands,Black River State Park - Cove Creek,"South Carolina Department of Parks, Recreation and Tourism",fee simple,3.0,Black River SP - Cold Creek Acquisition,FY2024-25,221107.0,178.67,fee simple,Black River SP - Cold Creek Acquisition,FY2024-25,221107.0,178.67,,,
34,2989.0,0.9822415157103348,False,"confirmed, name differs",TNC SC conserved lands,Blythe-Goodwin-Hagood House,Upstate Forever,easement,3.0,Blythe- Goodwin House,FY2005-06,114200.0,10.91,easement,Blythe- Goodwin House,FY2005-06,114200.0,10.91,,,
15,9424.0,0.9813843531046744,False,"confirmed, name differs",PAD-US,Marine Corps Air Station Beaufort,Department of Defense,other,4.0,Battle of Port Royal (Harris Pillow) - Liberty Trail,FY2019-20,227963.0,6.08,fee simple,Battle of Port Royal (Harris Pillow) - Liberty Trail,FY2019-20,227963.0,6.08,,,
31,741.0,0.9810514349070442,False,"confirmed, name differs",SCDNR managed land,Aiken Gopher Tortoise Heritage Preserve / Wildlife Management Area,SCDNR,fee simple,,Blackmon Tract,FY2006-07,424661.0,129.71,fee simple,Blackmon Tract,FY2006-07,424661.0,129.71,,,
31,9510.0,0.980480983699438,False,"confirmed, name differs",PAD-US,Aiken Gopher Tortoise Heritage Preserve / Wildlife Management Area,State Department of Natural Resources,fee simple,2.0,Blackmon Tract,FY2006-07,424661.0,129.71,fee simple,Blackmon Tract,FY2006-07,424661.0,129.71,,,
587,8842.0,0.9803840693160794,False,"confirmed, name differs",TNC SC conserved lands,Walnut Grove,Lord Berkeley Conservation Trust,easement,3.0,Walnut Grove Plantation,FY2025-26,1305500.0,779.0,easement,Walnut Grove Plantation,FY2025-26,1305500.0,779.0,,,
143,8145.0,0.9802387458879108,False,"confirmed, name differs",TNC SC conserved lands,Hickory Top Hunt Club,Congaree Land Trust,easement,3.0,Hickory Top Tract,FY2013-14,223000.0,223.85,easement,Hickory Top Tract,FY2013-14,223000.0,223.85,,,
174,10325.0,0.9801617606827532,False,"confirmed, name differs",PAD-US,"Agricultural Conservation Easement Program - Agricultural Land Easements (ACEP-ALE), Sumter, SC",Natural Resources Conservation Service,easement,4.0,Knowlton Farms,FY2013-14,161460.0,276.0,easement,Knowlton Farms,FY2013-14,161460.0,276.0,,,
568,8788.0,0.9801151115347916,False,"confirmed, name differs",TNC SC conserved lands,Buckfield - Yemassee Phase I,South Carolina Forestry Commission,fee simple,2.0,Pocotaligo Station,FY2025-26,4597600.0,1742.33,fee simple,Pocotaligo Station,FY2025-26,4597600.0,1742.33,,,
580,9354.0,0.9800876945286536,False,"confirmed, name differs",TNC SC conserved lands,SA023 - Eidson - 2025,Upper Savannah Land Trust,easement,3.0,Eidson Family Timberland,FY2025-26,175000.0,695.0,easement,Eidson Family Timberland,FY2025-26,175000.0,695.0,,,
52,8279.0,0.9797795786017532,False,"confirmed, name differs",TNC SC conserved lands,Southbrook Plantation II,Congaree Land Trust,easement,3.0,Cannon Tract,FY2006-07,200000.0,144.28,easement,Cannon Tract,FY2006-07,200000.0,144.28,,,
402,8525.0,0.9788710179649198,False,"confirmed, name differs",TNC SC conserved lands,Coosawhatchie Heritage Preserve and Wildlife Management Area,South Carolina Department of Natural Resources,fee simple,2.0,Slater Tract,FY2022-23,1000000.0,3507.45,fee simple,Slater Tract,FY2022-23,1000000.0,3507.45,,,
450,8035.0,0.9786832794575137,False,"confirmed, name differs",TNC SC conserved lands,Waites Island - Olivia Boyce,"South Carolina Department of Parks, Recreation and Tourism",fee simple,3.0,Waites - Olivia Boyce Tracts,FY2023-24,4000000.0,111.22,fee simple,Waites - Olivia Boyce Tracts,FY2023-24,4000000.0,111.22,,,
13,8985.0,0.9780487293404192,False,"confirmed, name differs",TNC SC conserved lands,Battle of Hanging Rock (2),"South Carolina Battleground Preservation Trust, Inc.",fee simple,2.0,Battle of Hanging Rock - Horton,FY2019-20,157500.0,30.84,fee simple,Battle of Hanging Rock - Horton,FY2019-20,157500.0,30.84,,,
220,11671.0,0.9766785451282444,False,"confirmed, name differs",PAD-US,Mountain Bridge Passage,Non-Governmental Organization,easement,4.0,Mtn. Bridge Passage,FY2005-06,1550000.0,175.0,fee simple,Mtn. Bridge Passage,FY2005-06,1550000.0,175.0,,,
78,10678.0,0.9766732758068296,False,"confirmed, name differs",PAD-US,"Farm and Ranch Lands Protection Program (FRPP), Horry, SC",Natural Resources Conservation Service,easement,4.0,Cynthia Brown Tract,FY2004-05,135345.0,51.33,easement,Cynthia Brown Tract,FY2004-05,135345.0,51.33,,,
310,1000.0,0.9761326722707844,False,"confirmed, name differs",SCDNR managed land,Stumphouse Mountain Heritage Preserve / Wildlife Management Area,SCDNR,fee simple,,Stumphouse Mountain Expansion,FY2019-20,898527.0,791.8,fee simple,Stumphouse Mountain Expansion,FY2019-20,898527.0,791.8,,,
240,10804.0,0.9756865607485314,False,"confirmed, name differs",PAD-US,"Farm and Ranch Lands Protection Program (FRPP), Beaufort, SC",Natural Resources Conservation Service,easement,4.0,Paul Sanders Tract,FY2006-07,420000.0,164.89,easement,Paul Sanders Tract,FY2006-07,420000.0,164.89,,,
160,10123.0,0.9756654953809928,False,"confirmed, name differs",PAD-US,JM and SL Shelley Tract 1,Regional Water Districts,easement,4.0,JM and SL Shelley Tract 27,FY2005-06,22000.0,35.1,easement,JM and SL Shelley Tract 27,FY2005-06,22000.0,35.1,,,
401,7704.0,0.9748820526140578,False,"confirmed, name differs",TNC SC conserved lands,Bayview Farm,Open Space Institute,fee simple,2.0,Botany Bay Heritage Preserve Addition,FY2022-23,1200000.0,180.17,fee simple,Botany Bay Heritage Preserve Addition,FY2022-23,1200000.0,180.17,,,
70,9800.0,0.9747724468038668,False,"confirmed, name differs",PAD-US,Us-Sc-8-23,Non-Governmental Organization,easement,4.0,Crab Orchard Plantation,FY2007-08,563800.0,2819.0,easement,Crab Orchard Plantation,FY2007-08,563800.0,2819.0,,,
192,8818.0,0.9737458655500594,False,"confirmed, name differs",TNC SC conserved lands,Upstate Forever #93,Upstate Forever,easement,3.0,Lombard Tract,FY2012-13,55000.0,117.89,easement,Lombard Tract,FY2012-13,55000.0,117.89,,,
263,2074.0,0.9732095693992469,False,"confirmed, name differs",TNC SC conserved lands,"Farm and Ranch Lands Protection Program (FRPP), Sumter, SC",U.S. Natural Resources Conservation Service,easement,3.0,"Rivers, J. T., Jr. 98",FY2007-08,53900.0,61.6,easement,"Rivers, J. T., Jr. 98",FY2007-08,53900.0,61.6,,,
17,10627.0,0.9727925760296128,False,"confirmed, name differs",PAD-US,"Farm and Ranch Lands Protection Program (FRPP), Marion, SC",Natural Resources Conservation Service,easement,4.0,Baxley Tract,FY2004-05,794626.0,979.0,easement,Baxley Tract,FY2004-05,794626.0,979.0,,,
215,12200.0,0.972147483189546,False,"confirmed, name differs",PAD-US,"Agricultural Conservation Easement Program - Agricultural Land Easements (ACEP-ALE), Orangeburg, SC",Natural Resources Conservation Service,easement,4.0,Millwood Farms LLP 2 (Culler Family),FY2014-15,221918.0,522.16,easement,Millwood Farms LLP 2 (Culler Family),FY2014-15,221918.0,522.16,,,
102,8297.0,0.9714371374424784,False,"confirmed, name differs",TNC SC conserved lands,FBSC,Congaree Land Trust,easement,3.0,FB SC Tracts,FY2012-13,807894.0,4302.32,easement,FB SC Tracts,FY2012-13,807894.0,4302.32,,,
405,7998.0,0.9709428140305424,False,"confirmed, name differs",TNC SC conserved lands,RMS North,Open Space Institute,fee simple,2.0,Black River SP - RMS North,FY2022-23,1250000.0,535.25,fee simple,Black River SP - RMS North,FY2022-23,1250000.0,535.25,,,
528,8747.0,0.970941860126519,False,"confirmed, name differs",TNC SC conserved lands,Youngs Farm,Lowcountry Land Trust,easement,3.0,Young's Farm,FY2024-25,100000.0,224.72,easement,Young's Farm,FY2024-25,100000.0,224.72,,,
276,8610.0,0.9697925726822284,False,"confirmed, name differs",TNC SC conserved lands,Tyger River Blueway,Spartanburg Area Conservancy,easement,3.0,S. Tyger River Blueways Tract,FY2019-20,140000.0,52.85,easement,S. Tyger River Blueways Tract,FY2019-20,140000.0,52.85,,,
329,8402.0,0.9693438223384488,False,"confirmed, name differs",TNC SC conserved lands,Homeplace Farm,Pee Dee Land Trust,easement,3.0,Wallace Farm,FY2016-17,100000.0,347.67,easement,Wallace Farm,FY2016-17,100000.0,347.67,,,
115,9857.0,0.9690585583293692,False,"confirmed, name differs",PAD-US,"Farm and Ranch Lands Protection Program (FRPP), Oconee, SC",Natural Resources Conservation Service,easement,4.0,"Garrett, Richard M.",FY2007-08,112750.0,120.0,easement,"Garrett, Richard M.",FY2007-08,112750.0,120.0,,,
234,7419.0,0.9682944709387442,False,"confirmed, name differs",TNC SC conserved lands,Oconee Station State Historic Site,"South Carolina Department of Parks, Recreation and Tourism",fee simple,3.0,Oconee Town Village,FY2016-17,134000.0,53.68,fee simple,Oconee Town Village,FY2016-17,134000.0,53.68,,,
183,9648.0,0.9677560805262468,False,"confirmed, name differs",PAD-US,Us-Sc-8-20,Non-Governmental Organization,easement,4.0,Lawton Boggy Tract,FY2006-07,59000.0,295.0,easement,Lawton Boggy Tract,FY2006-07,59000.0,295.0,,,
155,7987.0,0.9673103658353072,False,"confirmed, name differs",TNC SC conserved lands,Robert Battle Tract,Horry County Soil And Water Conservation District,easement,4.0,J.M. Shelley Tract,FY2005-06,33875.0,49.0,easement,J.M. Shelley Tract,FY2005-06,33875.0,49.0,,,
386,7303.0,0.9671789511212447,False,"confirmed, name differs",TNC SC conserved lands,Dawhoo Lake-Wadmacon,South Carolina Forestry Commission,fee simple,2.0,Santee River - Dawhoo and Wadmacon Creek Tract,FY2022-23,645000.0,1742.55,fee simple,Santee River - Dawhoo and Wadmacon Creek Tract,FY2022-23,645000.0,1742.55,,,
1,12252.0,0.9671189117657276,False,"confirmed, name differs",PAD-US,Kings Mountain State Park,State Park and Recreation,fee simple,4.0,Alexander Tract,FY2005-06,88825.0,41.394,fee simple,Alexander Tract,FY2005-06,88825.0,41.394,,,
416,8492.0,0.9663583496290388,False,"confirmed, name differs",TNC SC conserved lands,Poinsett Bridge Heritage Preserve,South Carolina Department of Natural Resources,fee simple,2.0,Poinsett Bridge Expansion Tracts - Southern Blue Ridge Escarpment (Boy Scouts of America),FY2023-24,700000.0,287.6,fee simple,Poinsett Bridge Expansion Tracts - Southern Blue Ridge Escarpment (Boy Scouts of America),FY2023-24,700000.0,287.6,,,
223,2430.0,0.9657947256228168,False,"confirmed, name differs",TNC SC conserved lands,Myrtle Grove Marvin Tracts B and C,Ducks Unlimited,easement,3.0,Myrtle Grove Plt - Marvin Tracts BC,FY2015-16,134186.0,357.83,easement,Myrtle Grove Plt - Marvin Tracts BC,FY2015-16,134186.0,357.83,,,
239,11467.0,0.9650692888656216,False,"confirmed, name differs",PAD-US,Us-Sc-4-58,Non-Governmental Organization,easement,4.0,Patriots Plantation II,FY2014-15,653625.0,1867.5,easement,Patriots Plantation II,FY2014-15,653625.0,1867.5,,,
291,8138.0,0.9628693930743027,False,"confirmed, name differs",TNC SC conserved lands,SC Waterfowl Association,Congaree Land Trust,easement,3.0,SCWA Tract,FY2013-14,390000.0,390.0,easement,SCWA Tract,FY2013-14,390000.0,390.0,,,
252,11200.0,0.9615596589150004,False,"confirmed, name differs",PAD-US,Millbury Plantation,Non-Governmental Organization,easement,4.0,Pollard Tract (Milbury),FY2006-07,2374312.0,10398.0,easement,Pollard Tract (Milbury),FY2006-07,2374312.0,10398.0,,,
201,10747.0,0.961519252701146,False,"confirmed, name differs",PAD-US,Catawba River Wildlife Management Area - McDowell Tract,State Department of Natural Resources,fee simple,2.0,McDowell Creek Tract,FY2007-08,2000000.0,1877.96,fee simple,McDowell Creek Tract,FY2007-08,2000000.0,1877.96,,,
36,8932.0,0.9615085645091987,False,"confirmed, name differs",TNC SC conserved lands,"Adam's Run (Boineau, Jack H Tract)","South Carolina Battleground Preservation Trust, Inc.",fee simple,2.0,"Boineau, Jack H Tract",FY2014-15,352050.0,15.45,fee simple,"Boineau, Jack H Tract",FY2014-15,352050.0,15.45,,,
491,8562.0,0.96028946233954,False,"confirmed, name differs",TNC SC conserved lands,Black River State Park - Cypress Reach,"South Carolina Department of Parks, Recreation and Tourism",fee simple,3.0,Black River SP - Mingo Creek,FY2024-25,244378.0,664.32,fee simple,Black River SP - Mingo Creek,FY2024-25,244378.0,664.32,,,
223,11201.0,0.9602576158378148,False,"confirmed, name differs",PAD-US,Us-Sc-1-64,Non-Governmental Organization,easement,4.0,Myrtle Grove Plt - Marvin Tracts BC,FY2015-16,134186.0,357.83,easement,Myrtle Grove Plt - Marvin Tracts BC,FY2015-16,134186.0,357.83,,,
114,1251.0,0.9595711501238936,False,"confirmed, name differs",SCDNR managed land,(unnamed),SCDNR,fee simple,,Gap Creek,FY2016-17,1700000.0,954.529,fee simple,Gap Creek,FY2016-17,1700000.0,954.529,,,
285,12080.0,0.955554770669698,False,"confirmed, name differs",PAD-US,Us-Sc-8-31,Non-Governmental Organization,easement,4.0,Sanders Farm Tract,FY2012-13,83600.0,418.0,easement,Sanders Farm Tract,FY2012-13,83600.0,418.0,,,
175,10746.0,0.9538916409118442,False,"confirmed, name differs",PAD-US,"Farm and Ranch Lands Protection Program (FRPP), Clarendon, SC",Natural Resources Conservation Service,easement,4.0,"Knowlton Farms, Forest Field Farms & Thomas DuRant",FY2012-13,316470.0,575.4,easement,"Knowlton Farms, Forest Field Farms & Thomas DuRant",FY2012-13,316470.0,575.4,,,
49,10627.0,0.953785439349812,False,"confirmed, name differs",PAD-US,"Farm and Ranch Lands Protection Program (FRPP), Marion, SC",Natural Resources Conservation Service,easement,4.0,C. McRae Tract,FY2005-06,63750.0,38.1,easement,C. McRae Tract,FY2005-06,63750.0,38.1,,,
334,751.0,0.9537682256389972,False,"confirmed, name differs",SCDNR managed land,Ashmore Heritage Preserve / Wildlife Management Area,SCDNR,fee simple,,Whaley Property,FY2007-08,200000.0,94.2,fee simple,Whaley Property,FY2007-08,200000.0,94.2,,,
175,7982.0,0.9534779044650464,False,"confirmed, name differs",TNC SC conserved lands,"Farm and Ranch Lands Protection Program (FRPP), Clarendon, SC",U.S. Natural Resources Conservation Service,easement,3.0,"Knowlton Farms, Forest Field Farms & Thomas DuRant",FY2012-13,316470.0,575.4,easement,"Knowlton Farms, Forest Field Farms & Thomas DuRant",FY2012-13,316470.0,575.4,,,
334,6956.0,0.9521480822224504,False,"confirmed, name differs",TNC SC conserved lands,Ashmore Heritage Preserve / Wildlife Management Area,South Carolina Department of Natural Resources,fee simple,2.0,Whaley Property,FY2007-08,200000.0,94.2,fee simple,Whaley Property,FY2007-08,200000.0,94.2,,,
330,7988.0,0.9520939772475993,False,"confirmed, name differs",TNC SC conserved lands,"Farm and Ranch Lands Protection Program (FRPP), Oconee, SC",U.S. Natural Resources Conservation Service,easement,3.0,"Walters, Rainey",FY2007-08,71250.0,80.7,easement,"Walters, Rainey",FY2007-08,71250.0,80.7,,,
334,11296.0,0.952083871302542,False,"confirmed, name differs",PAD-US,Ashmore Heritage Preserve / Wildlife Management Area,State Department of Natural Resources,fee simple,2.0,Whaley Property,FY2007-08,200000.0,94.2,fee simple,Whaley Property,FY2007-08,200000.0,94.2,,,
160,7987.0,0.9512380105272926,False,"confirmed, name differs",TNC SC conserved lands,Robert Battle Tract,Horry County Soil And Water Conservation District,easement,4.0,JM and SL Shelley Tract 27,FY2005-06,22000.0,35.1,easement,JM and SL Shelley Tract 27,FY2005-06,22000.0,35.1,,,
639,10858.0,0.951046472305084,False,"confirmed, name differs",PAD-US,Atlantic Coast Conservancy,Non-Governmental Organization,easement,4.0,Glassy Summit,FY2026-27,814000.0,183.0,fee simple,Glassy Summit,FY2026-27,814000.0,183.0,,,
315,10570.0,0.948281812859487,False,"confirmed, name differs",PAD-US,Grimke/Terry Andrews,Non-Governmental Organization,easement,4.0,Terry Andrews,FY2007-08,761805.0,1539.0,easement,Terry Andrews,FY2007-08,761805.0,1539.0,,,
315,7316.0,0.9478271153562908,False,"confirmed, name differs",TNC SC conserved lands,Grimke/Terry Andrews,Lord Berkeley Conservation Trust,easement,3.0,Terry Andrews,FY2007-08,761805.0,1539.0,easement,Terry Andrews,FY2007-08,761805.0,1539.0,,,
320,3469.0,0.9472926388816008,False,"confirmed, name differs",TNC SC conserved lands,THE NATURE CONSERVANCY (TIBWIN),U.S. Forest Service,fee simple,2.0,Tibwin Tract,FY2006-07,500000.0,900.17,fee simple,Tibwin Tract,FY2006-07,500000.0,900.17,,,
320,10704.0,0.9471273982500856,False,"confirmed, name differs",PAD-US,Francis Marion National Forest,Forest Service,fee simple,3.0,Tibwin Tract,FY2006-07,500000.0,900.17,fee simple,Tibwin Tract,FY2006-07,500000.0,900.17,,,
408,9336.0,0.9453090954861264,False,"confirmed, name differs",TNC SC conserved lands,LA009 - Hammond's Store - - 2024,"South Carolina Battleground Preservation Trust, Inc.",fee simple,3.0,Hammonds Store Battlefield,FY2022-23,80000.0,30.0,fee simple,Hammonds Store Battlefield,FY2022-23,80000.0,30.0,,,
165,9606.0,0.9448642296553632,False,"confirmed, name differs",PAD-US,"Farm and Ranch Lands Protection Program (FRPP), Dillon, SC",Natural Resources Conservation Service,easement,4.0,"Johnson, Alex H., Jr. Tract",FY2007-08,85700.0,46.5,easement,"Johnson, Alex H., Jr. Tract",FY2007-08,85700.0,46.5,,,
465,8912.0,0.9419513737312782,False,"confirmed, name differs",TNC SC conserved lands,4346 Betsy Kerrison Pwky,Conservancy of the Sea Islands,fee simple,2.0,Betsy Kerrison Nature Trail Phase 2,FY2023-24,250000.0,13.32,fee simple,Betsy Kerrison Nature Trail Phase 2,FY2023-24,250000.0,13.32,,,
265,10678.0,0.9415330521833916,False,"confirmed, name differs",PAD-US,"Farm and Ranch Lands Protection Program (FRPP), Horry, SC",Natural Resources Conservation Service,easement,4.0,Robert Battle Tract,FY2005-06,55250.0,65.3,easement,Robert Battle Tract,FY2005-06,55250.0,65.3,,,
462,8834.0,0.9344488832888198,False,"confirmed, name differs",TNC SC conserved lands,Angle Farm,South Carolina Farm Bureau Land Trust,easement,3.0,Cedarleaf Farm,FY2023-24,90000.0,64.96,easement,Cedarleaf Farm,FY2023-24,90000.0,64.96,,,
224,9576.0,0.9328593108367776,False,"confirmed, name differs",PAD-US,Us-Sc-1-53,Non-Governmental Organization,easement,4.0,Myrtle Grove Plt Tract,FY2014-15,643268.0,1715.38,easement,Myrtle Grove Plt Tract,FY2014-15,643268.0,1715.38,,,
354,8981.0,0.930808678949264,False,"confirmed, name differs",TNC SC conserved lands,Hobkirk Hill (2) Kirkwood Hotel Site (Noskwith),"South Carolina Battleground Preservation Trust, Inc.",fee simple,2.0,Battle of Hobkirk's Hill - Liberty Trail (Noskwith),FY2021-22,148500.0,5.12,fee simple,Battle of Hobkirk's Hill - Liberty Trail (Noskwith),FY2021-22,148500.0,5.12,,,
328,2129.0,0.9306482119608158,False,"confirmed, name differs",TNC SC conserved lands,Velma Johnston Tract,Horry County Soil And Water Conservation District,easement,3.0,Velma Johnson Tract,FY2004-05,179400.0,34.0,easement,Velma Johnson Tract,FY2004-05,179400.0,34.0,,,
322,9857.0,0.9301270891979184,False,"confirmed, name differs",PAD-US,"Farm and Ranch Lands Protection Program (FRPP), Oconee, SC",Natural Resources Conservation Service,easement,4.0,Tokeena Crossroads,FY2006-07,2695745.0,1107.87,easement,Tokeena Crossroads,FY2006-07,2695745.0,1107.87,,,
99,7860.0,0.9288854404637978,False,"confirmed, name differs",TNC SC conserved lands,Savannah River and Uplands (Exley) Exley,The Nature Conservancy,easement,3.0,Exley Plantation,FY2012-13,1257945.0,5031.78,easement,Exley Plantation,FY2012-13,1257945.0,5031.78,,,
11,9829.0,0.9243690270257048,False,"confirmed, name differs",PAD-US,Us-Sc-8-19,Non-Governmental Organization,easement,4.0,Batten Boggy Tract,FY2006-07,63000.0,315.25,easement,Batten Boggy Tract,FY2006-07,63000.0,315.25,,,
389,8734.0,0.923814402443655,False,"confirmed, name differs",TNC SC conserved lands,11700 N Fraser St,The Village Group,fee simple,2.0,Plantersville Cultural Center,FY2022-23,60000.0,10.0,fee simple,Plantersville Cultural Center,FY2022-23,60000.0,10.0,,,
608,9057.0,0.9210197269235488,False,"confirmed, name differs",TNC SC conserved lands,Table Rock Addition,"South Carolina Department of Parks, Recreation and Tourism",fee simple,3.0,Table Rock State Park - Hutto Tract,FY2025-26,78000.0,5.0,fee simple,Table Rock State Park - Hutto Tract,FY2025-26,78000.0,5.0,,,
369,8811.0,0.918719084128776,False,"confirmed, name differs",TNC SC conserved lands,Tyger River Confluence at Nesbitt Shoals,Upstate Forever,easement,3.0,Tyger River Confluence,FY2021-22,157500.0,200.78,easement,Tyger River Confluence,FY2021-22,157500.0,200.78,,,
149,8989.0,0.9185670492441188,False,"confirmed, name differs",TNC SC conserved lands,Battle of Waxhaws,"South Carolina Battleground Preservation Trust, Inc.",fee simple,2.0,Hopewell Church Property,FY2015-16,152930.0,47.76,fee simple,Hopewell Church Property,FY2015-16,152930.0,47.76,,,
50,9857.0,0.9153498963119876,False,"confirmed, name differs",PAD-US,"Farm and Ranch Lands Protection Program (FRPP), Oconee, SC",Natural Resources Conservation Service,easement,4.0,"Cain, Kenny Easement",FY2007-08,145000.0,114.0,easement,"Cain, Kenny Easement",FY2007-08,145000.0,114.0,,,
119,2400.0,0.9124168765546912,False,"confirmed, name differs",TNC SC conserved lands,BURRIS,Open Land Trust,easement,3.0,Gopher Woods (Burris) Tract,FY2016-17,306000.0,593.76,easement,Gopher Woods (Burris) Tract,FY2016-17,306000.0,593.76,,,
109,796.0,0.9081665377976408,False,"confirmed, name differs",SCDNR managed land,Forty Acre Rock Heritage Preserve / Wildlife Management Area,SCDNR,fee simple,,Forty Acre Rock,FY2005-06,375617.0,521.69,fee simple,Forty Acre Rock,FY2005-06,375617.0,521.69,,,
210,8821.0,0.9027595048382948,False,"confirmed, name differs",TNC SC conserved lands,Nine Times - Newman Addition,Naturaland Trust,fee simple,2.0,Mill Shoals Community Forest,FY2019-20,1650000.0,713.15,fee simple,Mill Shoals Community Forest,FY2019-20,1650000.0,713.15,,,
41,10916.0,0.892572073949825,False,"confirmed, name differs",PAD-US,"Agricultural Conservation Easement Program - Agricultural Land Easements (ACEP-ALE), Chester, SC",Natural Resources Conservation Service,easement,4.0,"Boyd, Steve Tract",FY2014-15,775000.0,1000.0,easement,"Boyd, Steve Tract",FY2014-15,775000.0,1000.0,,,
164,2096.0,0.8842383258138663,False,"confirmed, name differs",TNC SC conserved lands,McDowell Hummocks,State Of South Carolina,fee simple,2.0,Johnson Creek Camp,FY2005-06,300000.0,10.72,fee simple,Johnson Creek Camp,FY2005-06,300000.0,10.72,,,
255,9701.0,0.8815503851266145,False,"confirmed, name differs",PAD-US,"Farm and Ranch Lands Protection Program (FRPP), Sumter, SC",Natural Resources Conservation Service,easement,4.0,Powers Farm,FY2012-13,165110.0,207.65,easement,Powers Farm,FY2012-13,165110.0,207.65,,,
254,9857.0,0.880339044235331,False,"confirmed, name differs",PAD-US,"Farm and Ranch Lands Protection Program (FRPP), Oconee, SC",Natural Resources Conservation Service,easement,4.0,"Powell, Marion J. ""Pete"" Tract",FY2012-13,84375.0,75.0,easement,"Powell, Marion J. ""Pete"" Tract",FY2012-13,84375.0,75.0,,,
254,7985.0,0.8801872065457994,False,"confirmed, name differs",TNC SC conserved lands,"Farm and Ranch Lands Protection Program (FRPP), Oconee, SC",U.S. Natural Resources Conservation Service,easement,3.0,"Powell, Marion J. ""Pete"" Tract",FY2012-13,84375.0,75.0,easement,"Powell, Marion J. ""Pete"" Tract",FY2012-13,84375.0,75.0,,,
164,11004.0,0.8793496366023685,False,"confirmed, name differs",PAD-US,Hunting Island State Park,State Park and Recreation,fee simple,4.0,Johnson Creek Camp,FY2005-06,300000.0,10.72,fee simple,Johnson Creek Camp,FY2005-06,300000.0,10.72,,,
169,8514.0,0.8781522283778502,False,"confirmed, name differs",TNC SC conserved lands,Jocassee Gorges,South Carolina Department of Natural Resources,fee simple,2.0,Keeowee Toxaway Ext Tract,FY2014-15,420000.0,154.0,fee simple,Keeowee Toxaway Ext Tract,FY2014-15,420000.0,154.0,,,
137,7725.0,0.8733821103870476,False,"confirmed, name differs",TNC SC conserved lands,"Savannah River and Uplands (Harper, Andrew 1) GP",The Nature Conservancy,easement,3.0,"Harper, Andrew R Tract",FY2007-08,866594.0,4322.97,easement,"Harper, Andrew R Tract",FY2007-08,866594.0,4322.97,,,
39,7900.0,0.8672321455140256,False,"confirmed, name differs",TNC SC conserved lands,Savannah River and Uplands (Bowers) Jericho,The Nature Conservancy,easement,3.0,Bowers Tract,FY2007-08,180195.0,900.978,easement,Bowers Tract,FY2007-08,180195.0,900.978,,,
57,2968.0,0.8481036206215992,False,"confirmed, name differs",TNC SC conserved lands,ChauRam - Westminister,Upstate Forever,easement,3.0,ChauRam Expansion,FY2007-08,250000.0,89.46,easement,ChauRam Expansion,FY2007-08,250000.0,89.46,,,
215,8239.0,0.8475072544996018,False,"confirmed, name differs",TNC SC conserved lands,Millwood Farms 2,Congaree Land Trust,easement,3.0,Millwood Farms LLP 2 (Culler Family),FY2014-15,221918.0,522.16,easement,Millwood Farms LLP 2 (Culler Family),FY2014-15,221918.0,522.16,,,
333,7872.0,0.8448060171557163,False,"confirmed, name differs",TNC SC conserved lands,"Savannah River and Uplands (Westervelt Land & Timber Co, LLC)",The Nature Conservancy,easement,3.0,Westervelt Timber,FY2014-15,2483600.0,12418.0,easement,Westervelt Timber,FY2014-15,2483600.0,12418.0,,,
204,2243.0,0.8393693626402363,False,"confirmed, name differs",TNC SC conserved lands,Merchants Bank Building,Eastover-Lower Richland Business Asso,fee simple,2.0,Merchants Bank Bldg.,FY2006-07,100000.0,0.12,fee simple,Merchants Bank Bldg.,FY2006-07,100000.0,0.12,,,
128,7413.0,0.8299206648862631,False,"confirmed, name differs",TNC SC conserved lands,Mountain Bridge Wilderness Area,"South Carolina Department of Parks, Recreation and Tourism",fee simple,3.0,Grey Logs Property,FY2015-16,250000.0,18.9,fee simple,Grey Logs Property,FY2015-16,250000.0,18.9,,,
335,8332.0,0.825671068432336,False,"confirmed, name differs",TNC SC conserved lands,Belfast Wildlife Management Area,South Carolina Department of Natural Resources,fee simple,2.0,White Plains Tract,FY2020-21,275000.0,121.58,fee simple,White Plains Tract,FY2020-21,275000.0,121.58,,,
111,7923.0,0.8212526760832886,False,"confirmed, name differs",TNC SC conserved lands,Wilson Bugby II,Lowcountry Land Trust,easement,3.0,Fred Sosnowski Tract,FY2006-07,125000.0,158.0,easement,Fred Sosnowski Tract,FY2006-07,125000.0,158.0,,,
126,10427.0,0.8204290193069527,False,"confirmed, name differs",PAD-US,Greenbriar Farms,Non-Governmental Organization,easement,4.0,Greenbrier Farms,FY2005-06,280000.0,123.52,easement,Greenbrier Farms,FY2005-06,280000.0,123.52,,,
258,9739.0,0.8077428187451553,False,"confirmed, name differs",PAD-US,Us-Sc-1-47,Non-Governmental Organization,easement,4.0,Rhodes-Kinsey Tract,FY2012-13,208320.0,1041.6,easement,Rhodes-Kinsey Tract,FY2012-13,208320.0,1041.6,,,
113,8973.0,0.7905539768758464,False,"confirmed, name differs",TNC SC conserved lands,Fort Fair Lawn (1),"South Carolina Battleground Preservation Trust, Inc.",fee simple,3.0,Ft. Fairlawn (Corner Investors Tr),FY2013-14,1000000.0,80.0,fee simple,Ft. Fairlawn (Corner Investors Tr),FY2013-14,1000000.0,80.0,,,
113,9677.0,0.7903440947158713,False,"confirmed, name differs",PAD-US,Fort Fair Lawn,Non-Governmental Organization,easement,4.0,Ft. Fairlawn (Corner Investors Tr),FY2013-14,1000000.0,80.0,fee simple,Ft. Fairlawn (Corner Investors Tr),FY2013-14,1000000.0,80.0,,,
102,11613.0,0.786795803678627,False,"confirmed, name differs",PAD-US,McCrady Training Center - FBSC LLC,Joint,easement,4.0,FB SC Tracts,FY2012-13,807894.0,4302.32,easement,FB SC Tracts,FY2012-13,807894.0,4302.32,,,
197,660.0,0.7862745283210981,False,"confirmed, name differs",SCDNR managed land,Marsh Wildlife Management Area,SCDNR,fee simple,,Marsh Furniture Tract,FY2004-05,2000000.0,8347.0,fee simple,Marsh Furniture Tract,FY2004-05,2000000.0,8347.0,,,
197,6888.0,0.786261210189634,False,"confirmed, name differs",TNC SC conserved lands,Marsh Wildlife Management Area,South Carolina Department of Natural Resources,fee simple,2.0,Marsh Furniture Tract,FY2004-05,2000000.0,8347.0,fee simple,Marsh Furniture Tract,FY2004-05,2000000.0,8347.0,,,
167,9502.0,0.7756645275783575,False,"confirmed, name differs",PAD-US,Us-Sc-4-34,Non-Governmental Organization,easement,4.0,Jones Tract/Mt. Pleasant Tract,FY2007-08,343700.0,982.0,easement,Jones Tract/Mt. Pleasant Tract,FY2007-08,343700.0,982.0,,,
301,12181.0,0.7687760083414386,False,"confirmed, name differs",PAD-US,Us-Sc-1-17,Non-Governmental Organization,easement,4.0,South Fenwick Island Tract,FY2015-16,500000.0,400.94,fee simple,South Fenwick Island Tract,FY2015-16,500000.0,400.94,,,
66,10457.0,0.7510639885776129,False,"confirmed, name differs",PAD-US,Pine Hill/Swamp Solomons,Non-Governmental Organization,easement,4.0,Copeland Tract,FY2012-13,162488.0,812.44,easement,Copeland Tract,FY2012-13,162488.0,812.44,,,
171,10213.0,0.7454138191312034,False,"confirmed, name differs",PAD-US,McCrady Training Center - Kel-Sam Farms,Joint,easement,4.0,Kel-Sam Farms (Carolyn Black Tract),FY2012-13,850000.0,921.0,fee simple,Kel-Sam Farms (Carolyn Black Tract),FY2012-13,850000.0,921.0,,,
436,8325.0,0.7438862200184858,False,"confirmed, name differs",TNC SC conserved lands,Kings Bottom,"South Carolina Department of Parks, Recreation and Tourism",fee simple,3.0,Catawba - Nisbet Tract,FY2023-24,3800000.0,596.36,fee simple,Catawba - Nisbet Tract,FY2023-24,3800000.0,596.36,,,
194,9701.0,0.7427343630564908,False,"confirmed, name differs",PAD-US,"Farm and Ranch Lands Protection Program (FRPP), Sumter, SC",Natural Resources Conservation Service,easement,4.0,Macdonald & Sons Farm,FY2007-08,169000.0,181.6,easement,Macdonald & Sons Farm,FY2007-08,169000.0,181.6,,,
308,7240.0,0.7266831120355289,False,"confirmed, name differs",TNC SC conserved lands,Stuck/Flying King Ranch,Nation Ford Land Trust,easement,3.0,Stuck 2020 Property,FY2019-20,347554.0,2700.0,easement,Stuck 2020 Property,FY2019-20,347554.0,2700.0,,,
253,10709.0,0.7251429602773819,False,"confirmed, name differs",PAD-US,"Agricultural Conservation Easement Program - Agricultural Land Easements (ACEP-ALE), Oconee, SC",Natural Resources Conservation Service,easement,4.0,Powell Properties,FY2014-15,392142.0,364.6,easement,Powell Properties,FY2014-15,392142.0,364.6,,,
332,8592.0,0.7201563904075017,False,"confirmed, name differs",TNC SC conserved lands,Upstate Forever #37,Upstate Forever,easement,3.0,Waterloo Tract,FY2006-07,289450.0,406.0,easement,Waterloo Tract,FY2006-07,289450.0,406.0,,,
217,8971.0,0.7185019576857066,False,"confirmed, name differs",TNC SC conserved lands,Morris Ford Earthworks and Capt. John Mumford Grave,"South Carolina Battleground Preservation Trust, Inc.",fee simple,2.0,Morris Ford Tract,FY2015-16,60000.0,4.45,fee simple,Morris Ford Tract,FY2015-16,60000.0,4.45,,,
150,1102.0,0.6899082126837509,False,"confirmed, name differs",SCDNR managed land,Unnamed WMA,SCDNR,fee simple,,Horse Trail Tract,FY2006-07,153500.0,170.59,fee simple,Horse Trail Tract,FY2006-07,153500.0,170.59,,,
133,9438.0,0.6875330892297907,False,"confirmed, name differs",PAD-US,Bear Island Wildlife Management Area,State Department of Natural Resources,fee simple,2.0,Hanahan Tract,FY2015-16,286000.0,91.0,fee simple,Hanahan Tract,FY2015-16,286000.0,91.0,,,
73,11638.0,0.6854164414224936,False,"confirmed, name differs",PAD-US,Catawba River Wildlife Management Area - Heritage Tract,State Department of Natural Resources,fee simple,2.0,Crescent- Heritage Tract,FY2004-05,2000000.0,1539.19,fee simple,Crescent- Heritage Tract,FY2004-05,2000000.0,1539.19,,,
10,7727.0,0.6838029467986727,False,"confirmed, name differs",TNC SC conserved lands,Savannah River and Uplands (Barker 2) Harper,The Nature Conservancy,easement,3.0,Barker Assoc.,FY2007-08,291534.0,1457.67,easement,Barker Assoc.,FY2007-08,291534.0,1457.67,,,
306,2741.0,0.6826741395862598,False,"confirmed, name differs",TNC SC conserved lands,Hartman Tract,Naturaland Trust,fee simple,2.0,Stateline Blue Ridge Tract,FY2018-19,135000.0,28.21,fee simple,Stateline Blue Ridge Tract,FY2018-19,135000.0,28.21,,,
107,11390.0,0.6780660259738689,False,"confirmed, name differs",PAD-US,Lake Conestee Nature Park,Private,fee simple,4.0,Forrester Tract,FY2005-06,1233000.0,38.79,fee simple,Forrester Tract,FY2005-06,1233000.0,38.79,,,
107,2164.0,0.6771385910445196,False,"confirmed, name differs",TNC SC conserved lands,Forester Tract,Conestee Foundation,fee simple,2.0,Forrester Tract,FY2005-06,1233000.0,38.79,fee simple,Forrester Tract,FY2005-06,1233000.0,38.79,,,
97,7252.0,0.6769098536481205,False,"confirmed, name differs",TNC SC conserved lands,Energy Conversion,National Audubon Society,fee simple,2.0,Edisto River/Four Hole Swamp,FY2005-06,1500000.0,2383.5,fee simple,Edisto River/Four Hole Swamp,FY2005-06,1500000.0,2383.5,,,
247,7838.0,0.663251912562656,False,"confirmed, name differs",TNC SC conserved lands,Savannah River and Uplands (Williams 2) Pine Hill,The Nature Conservancy,easement,3.0,Pine Hill/Swamp Solomons,FY2007-08,99800.0,718.0,easement,Pine Hill/Swamp Solomons,FY2007-08,99800.0,718.0,,,
138,7821.0,0.6511673825987216,False,"confirmed, name differs",TNC SC conserved lands,"Savannah River and Uplands (Harper, Stiles 2) Mikell",The Nature Conservancy,easement,3.0,"Harper, Stiles Tract (Sand Pit & Mikell)",FY2007-08,209504.0,1047.52,easement,"Harper, Stiles Tract (Sand Pit & Mikell)",FY2007-08,209504.0,1047.52,,,
167,1690.0,0.6419511360468378,False,"confirmed, name differs",TNC SC conserved lands,Mt Pleasant Plantation,Ducks Unlimited,easement,3.0,Jones Tract/Mt. Pleasant Tract,FY2007-08,343700.0,982.0,easement,Jones Tract/Mt. Pleasant Tract,FY2007-08,343700.0,982.0,,,
136,7746.0,0.6414113220097218,False,"confirmed, name differs",TNC SC conserved lands,Savannah River and Uplands (Harper Place LP),The Nature Conservancy,easement,3.0,"Harper Place, Country Club and Moultrie",FY2007-08,276806.0,1384.03,easement,"Harper Place, Country Club and Moultrie",FY2007-08,276806.0,1384.03,,,
134,7800.0,0.6356633253490758,False,"confirmed, name differs",TNC SC conserved lands,Coosawhatchie River (Carol Hanna) Causey Tract,The Nature Conservancy,easement,3.0,"Hanna Trs (Carol Hanna, Leslie Hanna 1 & 2)",FY2012-13,281000.0,1405.0,easement,"Hanna Trs (Carol Hanna, Leslie Hanna 1 & 2)",FY2012-13,281000.0,1405.0,,,
89,8317.0,0.6309328509065018,False,"confirmed, name differs",TNC SC conserved lands,Gin Branch Farms LLC,Congaree Land Trust,easement,3.0,Dixon Family Tracts,FY2014-15,200625.0,535.0,easement,Dixon Family Tracts,FY2014-15,200625.0,535.0,,,
177,7987.0,0.6272097527689343,False,"confirmed, name differs",TNC SC conserved lands,Robert Battle Tract,Horry County Soil And Water Conservation District,easement,4.0,Lacie Shelley Tract,FY2005-06,84375.0,64.0,easement,Lacie Shelley Tract,FY2005-06,84375.0,64.0,,,
129,7879.0,0.6187462819880186,False,"confirmed, name differs",TNC SC conserved lands,South Lowcountry (Groton Land Company 2),The Nature Conservancy,easement,3.0,Groton Uplands,FY2018-19,850000.0,13868.0,easement,Groton Uplands,FY2018-19,850000.0,13868.0,,,
96,8097.0,0.6105407981782207,False,"confirmed, name differs",TNC SC conserved lands,Ernest F. Hollings Ace Basin National Wildlife Refuge,U.S. Fish & Wildlife Service,fee simple,2.0,Edisto Packers Tract,FY2006-07,325000.0,29.8022,fee simple,Edisto Packers Tract,FY2006-07,325000.0,29.8022,,,
96,10750.0,0.6080719284653969,False,"confirmed, name differs",PAD-US,Ernest F. Hollings Ace Basin National Wildlife Refuge,U.S. Fish and Wildlife Service,fee simple,2.0,Edisto Packers Tract,FY2006-07,325000.0,29.8022,fee simple,Edisto Packers Tract,FY2006-07,325000.0,29.8022,,,
71,3089.0,0.6021971238186344,False,"confirmed, name differs",TNC SC conserved lands,Upstate Forever #113,Upstate Forever,easement,3.0,Cragmoor Farms,FY2015-16,1000000.0,120.83,easement,Cragmoor Farms,FY2015-16,1000000.0,120.83,,,
155,10678.0,0.6021678252301108,False,"confirmed, name differs",PAD-US,"Farm and Ranch Lands Protection Program (FRPP), Horry, SC",Natural Resources Conservation Service,easement,4.0,J.M. Shelley Tract,FY2005-06,33875.0,49.0,easement,J.M. Shelley Tract,FY2005-06,33875.0,49.0,,,
320,1358.0,0.5981179003692988,False,"confirmed, name differs",SCDNR managed land,Francis Marion National Forest,SCDNR,fee simple,,Tibwin Tract,FY2006-07,500000.0,900.17,fee simple,Tibwin Tract,FY2006-07,500000.0,900.17,,,
292,10808.0,0.5876318585763125,False,"confirmed, name differs",PAD-US,Segars Conservation Easement,Non-Governmental Organization,easement,4.0,Segars Mill Pond Tract,FY2006-07,2443389.0,533.88,easement,Segars Mill Pond Tract,FY2006-07,2443389.0,533.88,,,
98,7845.0,0.5672635990384739,False,"confirmed, name differs",TNC SC conserved lands,Savannah River and Uplands (Elliott 1) Pauline Place,The Nature Conservancy,easement,3.0,Elliott Tract,FY2007-08,460780.0,2335.93,easement,Elliott Tract,FY2007-08,460780.0,2335.93,,,
123,2853.0,0.5647017513011604,False,"confirmed, name differs",TNC SC conserved lands,Open Space,Naturaland Trust,fee simple,2.0,Grassy Knob Tract,FY2015-16,803000.0,776.0,fee simple,Grassy Knob Tract,FY2015-16,803000.0,776.0,,,
103,8142.0,0.5524830789797823,False,"confirmed, name differs",TNC SC conserved lands,McDavid Tract,Congaree Land Trust,easement,3.0,Featherhorn Farms,FY2013-14,1200000.0,1205.63,easement,Featherhorn Farms,FY2013-14,1200000.0,1205.63,,,
5,1194.0,0.5468755419143462,False,"confirmed, name differs",SCDNR managed land,Unnamed WMA,SCDNR,fee simple,,Asbury Hills,FY2006-07,3750000.0,1892.0,fee simple,Asbury Hills,FY2006-07,3750000.0,1892.0,,,
165,7968.0,0.5361207749560513,False,"confirmed, name differs",TNC SC conserved lands,"Farm and Ranch Lands Protection Program (FRPP), Dillon, SC",U.S. Natural Resources Conservation Service,easement,3.0,"Johnson, Alex H., Jr. Tract",FY2007-08,85700.0,46.5,easement,"Johnson, Alex H., Jr. Tract",FY2007-08,85700.0,46.5,,,
560,9186.0,0.5311861310352652,False,"confirmed, name differs",TNC SC conserved lands,Maxcy Farm CE,Edisto Island Open Land Trust,easement,3.0,Maxcy Farm Conservation Easement,FY2025-26,185000.0,48.23,easement,Maxcy Farm Conservation Easement,FY2025-26,185000.0,48.23,,,
150,11411.0,0.5149592242990705,False,"confirmed, name differs",PAD-US,Long Cane Creek,Private,fee simple,1.0,Horse Trail Tract,FY2006-07,153500.0,170.59,fee simple,Horse Trail Tract,FY2006-07,153500.0,170.59,,,
150,7813.0,0.5149338155283031,False,"confirmed, name differs",TNC SC conserved lands,Sumter National Forest (Coley-Smart) Long Cane Creek,The Nature Conservancy,fee simple,2.0,Horse Trail Tract,FY2006-07,153500.0,170.59,fee simple,Horse Trail Tract,FY2006-07,153500.0,170.59,,,
18,6934.0,0.5137330839963253,False,"confirmed, name differs",TNC SC conserved lands,Belfast Wildlife Management Area,South Carolina Department of Natural Resources,fee simple,2.0,Belfast Plantation - Phase 1,FY2007-08,2000000.0,2220.0,fee simple,Belfast Plantation - Phase 1,FY2007-08,2000000.0,2220.0,,,
18,724.0,0.5136653616905291,False,"confirmed, name differs",SCDNR managed land,Belfast Wildlife Management Area,SCDNR,fee simple,,Belfast Plantation - Phase 1,FY2007-08,2000000.0,2220.0,fee simple,Belfast Plantation - Phase 1,FY2007-08,2000000.0,2220.0,,,
86,2441.0,0.504736303546866,False,"confirmed, name differs",TNC SC conserved lands,Casey's Plantation,Lowcountry Land Trust,easement,3.0,Deer Park Tract,FY2014-15,489825.0,2177.0,easement,Deer Park Tract,FY2014-15,489825.0,2177.0,,,
43,7956.0,0.4978200227792687,False,partial,TNC SC conserved lands,Cedar Mountain,Naturaland Trust,fee simple,2.0,Bramlett Bottoms,FY2020-21,100000.0,40.7,fee simple,Bramlett Bottoms,FY2020-21,100000.0,40.7,,,
33,8816.0,0.4956345319590209,False,partial,TNC SC conserved lands,Blakely B & C,Naturaland Trust,fee simple,2.0,Blue Wall Connection - (Blakely & McDiarmid Tracts),FY2007-08,440000.0,136.0,fee simple,Blue Wall Connection - (Blakely & McDiarmid Tracts),FY2007-08,440000.0,136.0,,,
53,8150.0,0.4951196799949953,True,partial,TNC SC conserved lands,Cantey Bay Phase 1,Congaree Land Trust,easement,3.0,Cantey Bay Tract,FY2015-16,940915.0,1881.83,easement,Cantey Bay Tract,FY2015-16,940915.0,1881.83,,,
33,12037.0,0.4916427701482819,False,partial,PAD-US,"Blakely Tracts B, C",Non-Governmental Organization,easement,4.0,Blue Wall Connection - (Blakely & McDiarmid Tracts),FY2007-08,440000.0,136.0,fee simple,Blue Wall Connection - (Blakely & McDiarmid Tracts),FY2007-08,440000.0,136.0,,,
54,7433.0,0.4747221872556718,True,partial,TNC SC conserved lands,Chapman Bridge Oconee Bell Preserve,Naturaland Trust,fee simple,2.0,Chapman Bridge Oconee Bell Preserve,FY2019-20,550000.0,238.72,fee simple,Chapman Bridge Oconee Bell Preserve,FY2019-20,550000.0,238.72,,,
198,9278.0,0.4727311740119693,False,partial,TNC SC conserved lands,GR049 - Brickhouse178 LLC - Epworth - 2021,Upper Savannah Land Trust,easement,3.0,Mays - Epworth Conservation Area (Adams),FY2020-21,225000.0,1332.29,easement,Mays - Epworth Conservation Area (Adams),FY2020-21,225000.0,1332.29,,,
253,7981.0,0.4664194273812142,False,partial,TNC SC conserved lands,"Agricultural Conservation Easement Program - Agricultural Land Easements (ACEP-ALE), Oconee, SC",U.S. Natural Resources Conservation Service,easement,3.0,Powell Properties,FY2014-15,392142.0,364.6,easement,Powell Properties,FY2014-15,392142.0,364.6,,,
259,11200.0,0.450853836549955,False,partial,PAD-US,Millbury Plantation,Non-Governmental Organization,easement,4.0,Rhodes and IP/Milbury,FY2013-14,328600.0,1006.7,easement,Rhodes and IP/Milbury,FY2013-14,328600.0,1006.7,,,
202,3066.0,0.4325472118001144,True,partial,TNC SC conserved lands,McKinney Creek Oconee Bell Preserve,Naturaland Trust,fee simple,2.0,McKinney Creek Oconee Bell Preserve,FY2019-20,450000.0,195.6,fee simple,McKinney Creek Oconee Bell Preserve,FY2019-20,450000.0,195.6,,,
123,10839.0,0.4237755035046321,True,partial,PAD-US,Grassy Knob,Non-Governmental Organization,easement,4.0,Grassy Knob Tract,FY2015-16,803000.0,776.0,fee simple,Grassy Knob Tract,FY2015-16,803000.0,776.0,,,
73,744.0,0.3923319072304738,False,partial,SCDNR managed land,(unnamed),SCDNR,fee simple,,Crescent- Heritage Tract,FY2004-05,2000000.0,1539.19,fee simple,Crescent- Heritage Tract,FY2004-05,2000000.0,1539.19,,,
7,10390.0,0.3840552973320302,False,partial,PAD-US,Us-Sc-7-15,Non-Governmental Organization,easement,4.0,Ashley River Historic Project,FY2004-05,6285000.0,12280.0,easement,Ashley River Historic Project,FY2004-05,6285000.0,12280.0,,,
7,1628.0,0.3838678683084308,False,partial,TNC SC conserved lands,Poplar Grove,Ducks Unlimited,easement,3.0,Ashley River Historic Project,FY2004-05,6285000.0,12280.0,easement,Ashley River Historic Project,FY2004-05,6285000.0,12280.0,,,
124,2868.0,0.3733585274559727,False,partial,TNC SC conserved lands,Heritage Tract,Katawba Valley Land Trust,fee simple,2.0,Great Falls Natural Area Project,FY2007-08,547665.0,353.0,fee simple,Great Falls Natural Area Project,FY2007-08,547665.0,353.0,,,
61,11822.0,0.2837130061230959,True,partial,PAD-US,Cleveland Phase III,Non-Governmental Organization,easement,4.0,Cleveland-Wilson Farms,FY2004-05,6370000.0,867.0,easement,Cleveland-Wilson Farms,FY2004-05,6370000.0,867.0,,,
59,11123.0,0.2670030497329021,False,partial,PAD-US,Hospice House,Non-Governmental Organization,easement,4.0,Chinquapin Greenway,FY2005-06,657128.0,43.0,fee simple,Chinquapin Greenway,FY2005-06,657128.0,43.0,,,
203,10116.0,0.2552687688643447,True,partial,PAD-US,McLeod Farms,County Land,fee simple,2.0,McLeod Tract,FY2006-07,500000.0,375.0,easement,McLeod Tract,FY2006-07,500000.0,375.0,,,
73,6948.0,0.234034605106913,False,partial,TNC SC conserved lands,Catawba River Wildlife Management Area,South Carolina Department of Natural Resources,fee simple,2.0,Crescent- Heritage Tract,FY2004-05,2000000.0,1539.19,fee simple,Crescent- Heritage Tract,FY2004-05,2000000.0,1539.19,,,
179,12210.0,0.2094571789762117,False,partial,PAD-US,Sumter National Forest,Forest Service,fee simple,3.0,Lake Jemiki,FY2006-07,154950.0,129.16,easement,Lake Jemiki,FY2006-07,154950.0,129.16,,,
231,9950.0,0.159295161949579,False,partial,PAD-US,"Sosnowski, LLC",Non-Governmental Organization,easement,4.0,Oak Grove,FY2006-07,177000.0,209.0,easement,Oak Grove,FY2006-07,177000.0,209.0,,,
238,2852.0,0.1587186954902519,True,partial,TNC SC conserved lands,Gospel Tract,"South Carolina Department of Parks, Recreation and Tourism",fee simple,3.0,Paris Mountain Gospel,FY2018-19,20000.0,23.35,fee simple,Paris Mountain Gospel,FY2018-19,20000.0,23.35,,,
241,10995.0,0.0619349523834257,False,unmatched,PAD-US,Hickory Top Wildlife Management Area,Other or Unknown State Land,fee simple,2.0,Pecan Alley Farms Tract,FY2015-16,44795.0,89.57,easement,Pecan Alley Farms Tract,FY2015-16,44795.0,89.57,,,
241,1168.0,0.0603545777749087,False,unmatched,SCDNR managed land,Hickory Top WMA,SCDNR,fee simple,,Pecan Alley Farms Tract,FY2015-16,44795.0,89.57,easement,Pecan Alley Farms Tract,FY2015-16,44795.0,89.57,,,
337,10995.0,0.0549117502527796,False,unmatched,PAD-US,Hickory Top Wildlife Management Area,Other or Unknown State Land,fee simple,2.0,Williamson Farm Tract,FY2012-13,63000.0,63.4,easement,Williamson Farm Tract,FY2012-13,63000.0,63.4,,,
337,1168.0,0.0544802824319123,False,unmatched,SCDNR managed land,Hickory Top WMA,SCDNR,fee simple,,Williamson Farm Tract,FY2012-13,63000.0,63.4,easement,Williamson Farm Tract,FY2012-13,63000.0,63.4,,,
504,1371.0,0.0441472170176091,False,unmatched,SCDNR managed land,Sumter National Forest,SCDNR,fee simple,,Stewart Tract,FY2024-25,86950.0,174.0,easement,Stewart Tract,FY2024-25,86950.0,174.0,,,
504,12210.0,0.0437983178935895,False,unmatched,PAD-US,Sumter National Forest,Forest Service,fee simple,3.0,Stewart Tract,FY2024-25,86950.0,174.0,easement,Stewart Tract,FY2024-25,86950.0,174.0,,,
610,8453.0,0.0425705828946994,False,unmatched,TNC SC conserved lands,Gregory 1,Katawba Valley Land Trust,easement,3.0,Jamari at Hanging Rock,FY2025-26,522500.0,160.0,fee simple,Jamari at Hanging Rock,FY2025-26,522500.0,160.0,,,
653,12210.0,0.0399711053627858,False,unmatched,PAD-US,Sumter National Forest,Forest Service,fee simple,3.0,Union of Brothers,FY2026-27,115200.0,302.0,easement,Union of Brothers,FY2026-27,115200.0,302.0,,,
434,9415.0,0.0395390357050455,False,unmatched,PAD-US,Fant's Grove Wildlife Management Area,Other or Unknown State Land,fee simple,2.0,George Aull Expansion Clemson Forest,FY2023-24,1200000.0,82.47,fee simple,George Aull Expansion Clemson Forest,FY2023-24,1200000.0,82.47,,,
244,1234.0,0.026535998736894,False,unmatched,SCDNR managed land,Caesars Head,SCDNR,fee simple,,Persimmon Ridge Headwaters Tract,FY2016-17,125000.0,16.26,fee simple,Persimmon Ridge Headwaters Tract,FY2016-17,125000.0,16.26,,,
250,1325.0,0.023110268731909,False,unmatched,SCDNR managed land,Sumter National Forest,SCDNR,fee simple,,Pinnacle Partners Tracts,FY2018-19,34330.0,137.32,easement,Pinnacle Partners Tracts,FY2018-19,34330.0,137.32,,,
250,12210.0,0.0230475480492316,False,unmatched,PAD-US,Sumter National Forest,Forest Service,fee simple,3.0,Pinnacle Partners Tracts,FY2018-19,34330.0,137.32,easement,Pinnacle Partners Tracts,FY2018-19,34330.0,137.32,,,
653,1370.0,0.0228450378252085,False,unmatched,SCDNR managed land,Sumter National Forest,SCDNR,fee simple,,Union of Brothers,FY2026-27,115200.0,302.0,easement,Union of Brothers,FY2026-27,115200.0,302.0,,,
502,12210.0,0.0228222371721506,False,unmatched,PAD-US,Sumter National Forest,Forest Service,fee simple,3.0,Old Blair Road (Lina Marston),FY2024-25,72000.0,131.0,easement,Old Blair Road (Lina Marston),FY2024-25,72000.0,131.0,,,
179,1590.0,0.0208097860486393,False,unmatched,SCDNR managed land,Sumter National Forest,SCDNR,fee simple,,Lake Jemiki,FY2006-07,154950.0,129.16,easement,Lake Jemiki,FY2006-07,154950.0,129.16,,,
653,4279.0,0.020783679317036,False,unmatched,TNC SC conserved lands,"JETER, L. B.",U.S. Forest Service,fee simple,3.0,Union of Brothers,FY2026-27,115200.0,302.0,easement,Union of Brothers,FY2026-27,115200.0,302.0,,,
617,7401.0,0.0203894336100457,False,unmatched,TNC SC conserved lands,Paris Mountain State Park,"South Carolina Department of Parks, Recreation and Tourism",fee simple,3.0,Altamont Pass,FY2025-26,1000000.0,88.0,fee simple,Altamont Pass,FY2025-26,1000000.0,88.0,,,
23,752.0,0.0202445728316572,False,unmatched,SCDNR managed land,Tillman Sand Ridge Heritage Preserve / Wildlife Management Area,SCDNR,fee simple,,Big Snooks Tract,FY2018-19,48485.0,288.0,easement,Big Snooks Tract,FY2018-19,48485.0,288.0,,,
208,1622.0,0.0190182876995743,False,unmatched,TNC SC conserved lands,Middleton Place Conservation Easement,Ducks Unlimited,easement,3.0,Middleton Place/Edmondston-Alston Family Trust,FY2007-08,820000.0,1274.0,easement,Middleton Place/Edmondston-Alston Family Trust,FY2007-08,820000.0,1274.0,,,
520,11456.0,0.0184830175275867,False,unmatched,PAD-US,Rose Hill Farm Phase 1,Non-Governmental Organization,easement,4.0,Oconee Station Connector,FY2024-25,122500.0,63.97,easement,Oconee Station Connector,FY2024-25,122500.0,63.97,,,
295,11374.0,0.0184182483706722,False,unmatched,PAD-US,"Wetlands Reserve Program (WRP), Aiken, SC",Natural Resources Conservation Service,easement,2.0,Silver Bluff Audubon Center and Sanctuary,FY2015-16,812608.0,3250.43,easement,Silver Bluff Audubon Center and Sanctuary,FY2015-16,812608.0,3250.43,,,
646,2458.0,0.0183625400353829,False,unmatched,TNC SC conserved lands,Hobonny Fields,Lowcountry Land Trust,easement,3.0,Vaught Tract II,FY2026-27,205000.0,303.0,easement,Vaught Tract II,FY2026-27,205000.0,303.0,,,
391,10624.0,0.0168458152348177,False,unmatched,PAD-US,Nine Times Community Forest,Unknown,fee simple,4.0,Little Eastatoee on Scenic Hwy 11,FY2022-23,400000.0,234.72,fee simple,Little Eastatoee on Scenic Hwy 11,FY2022-23,400000.0,234.72,,,
11,706.0,0.0164518501637714,False,unmatched,SCDNR managed land,Hamilton Ridge Wildlife Management Area,SCDNR,fee simple,,Batten Boggy Tract,FY2006-07,63000.0,315.25,easement,Batten Boggy Tract,FY2006-07,63000.0,315.25,,,
394,670.0,0.0163210221911577,True,unmatched,SCDNR managed land,Congaree Creek Heritage Preserve,SCDNR,fee simple,,Congaree Creek Heritage Preserve Addition,FY2022-23,7000000.0,575.81,fee simple,Congaree Creek Heritage Preserve Addition,FY2022-23,7000000.0,575.81,,,
644,8246.0,0.0161603661858702,False,unmatched,TNC SC conserved lands,Buckeye Farms I,Congaree Land Trust,easement,3.0,Goodwill,FY2026-27,12600000.0,737.0,fee simple,Goodwill,FY2026-27,12600000.0,737.0,,,
23,10690.0,0.0161128180162125,False,unmatched,PAD-US,Tillman Sand Ridge Heritage Preserve / Wildlife Management Area,State Department of Natural Resources,fee simple,2.0,Big Snooks Tract,FY2018-19,48485.0,288.0,easement,Big Snooks Tract,FY2018-19,48485.0,288.0,,,
587,1173.0,0.015906319070664,False,unmatched,SCDNR managed land,Santee Cooper WMA,SCDNR,fee simple,,Walnut Grove Plantation,FY2025-26,1305500.0,779.0,easement,Walnut Grove Plantation,FY2025-26,1305500.0,779.0,,,
587,12098.0,0.0156594112271521,False,unmatched,PAD-US,Santee Cooper Wildlife Management Area,Other or Unknown State Land,fee simple,2.0,Walnut Grove Plantation,FY2025-26,1305500.0,779.0,easement,Walnut Grove Plantation,FY2025-26,1305500.0,779.0,,,
222,11929.0,0.0142963108504904,False,unmatched,PAD-US,Us-Sc-10-6,Non-Governmental Organization,easement,4.0,Murray Tract Phase III,FY2013-14,219096.0,1095.48,easement,Murray Tract Phase III,FY2013-14,219096.0,1095.48,,,
608,10599.0,0.0134471717211004,True,unmatched,PAD-US,Table Rock State Park,State Park and Recreation,fee simple,4.0,Table Rock State Park - Hutto Tract,FY2025-26,78000.0,5.0,fee simple,Table Rock State Park - Hutto Tract,FY2025-26,78000.0,5.0,,,
62,12210.0,0.0120999667430226,False,unmatched,PAD-US,Sumter National Forest,Forest Service,fee simple,3.0,Comalander Tracts,FY2015-16,97805.0,391.22,easement,Comalander Tracts,FY2015-16,97805.0,391.22,,,
62,1338.0,0.0119298593019274,False,unmatched,SCDNR managed land,Sumter National Forest,SCDNR,fee simple,,Comalander Tracts,FY2015-16,97805.0,391.22,easement,Comalander Tracts,FY2015-16,97805.0,391.22,,,
58,9516.0,0.0118260936656488,False,unmatched,PAD-US,Chestnut Ridge Heritage Preserve / Wildlife Management Area,State Department of Natural Resources,fee simple,2.0,Chestnut Ridge Ext,FY2015-16,243250.0,304.75,fee simple,Chestnut Ridge Ext,FY2015-16,243250.0,304.75,,,
311,1145.0,0.0111579995212003,False,unmatched,SCDNR managed land,Manchester State Forest,SCDNR,fee simple,,Sumter Wateree Tract,FY2012-13,937250.0,3749.0,easement,Sumter Wateree Tract,FY2012-13,937250.0,3749.0,,,
311,10062.0,0.0108137826039223,False,unmatched,PAD-US,Manchester State Forest,State Department of Land,fee simple,3.0,Sumter Wateree Tract,FY2012-13,937250.0,3749.0,easement,Sumter Wateree Tract,FY2012-13,937250.0,3749.0,,,
394,11623.0,0.0101940442160445,True,unmatched,PAD-US,Congaree Creek Heritage Preserve,State Department of Natural Resources,fee simple,2.0,Congaree Creek Heritage Preserve Addition,FY2022-23,7000000.0,575.81,fee simple,Congaree Creek Heritage Preserve Addition,FY2022-23,7000000.0,575.81,,,
451,9863.0,0.0101390139136625,False,unmatched,PAD-US,Bird Island Coastal Reserve Dedicated Nature Preserve,State Department of Conservation,easement,1.0,Waites - Merrill Boyce Tracts,FY2023-24,8000000.0,107.02,fee simple,Waites - Merrill Boyce Tracts,FY2023-24,8000000.0,107.02,,,
377,2058.0,0.0101350457853873,False,unmatched,TNC SC conserved lands,Rocky Creek Plantation - Montrose,North American Land Trust,easement,3.0,Hazelwood Farm,FY2022-23,78050.0,178.1,easement,Hazelwood Farm,FY2022-23,78050.0,178.1,,,
459,9931.0,0.0087912978420488,False,unmatched,PAD-US,Forty Acre Rock Heritage Preserve / Wildlife Management Area,State Department of Natural Resources,fee simple,2.0,Forty Acre Rock Farm,FY2023-24,195000.0,97.08,fee simple,Forty Acre Rock Farm,FY2023-24,195000.0,97.08,,,
392,1315.0,0.0083208259977871,False,unmatched,SCDNR managed land,Francis Marion National Forest,SCDNR,fee simple,,Limerick Plantation,FY2022-23,266535.0,233.99,easement,Limerick Plantation,FY2022-23,266535.0,233.99,,,
459,796.0,0.0083017771165453,False,unmatched,SCDNR managed land,Forty Acre Rock Heritage Preserve / Wildlife Management Area,SCDNR,fee simple,,Forty Acre Rock Farm,FY2023-24,195000.0,97.08,fee simple,Forty Acre Rock Farm,FY2023-24,195000.0,97.08,,,
310,12210.0,0.0082965702946976,False,unmatched,PAD-US,Sumter National Forest,Forest Service,fee simple,3.0,Stumphouse Mountain Expansion,FY2019-20,898527.0,791.8,fee simple,Stumphouse Mountain Expansion,FY2019-20,898527.0,791.8,,,
319,11944.0,0.0081971080991093,False,unmatched,PAD-US,Us-Sc-1-10,Non-Governmental Organization,easement,4.0,Ti Ti Plantation,FY2013-14,231625.0,1853.0,easement,Ti Ti Plantation,FY2013-14,231625.0,1853.0,,,
392,10704.0,0.0079699094001603,False,unmatched,PAD-US,Francis Marion National Forest,Forest Service,fee simple,3.0,Limerick Plantation,FY2022-23,266535.0,233.99,easement,Limerick Plantation,FY2022-23,266535.0,233.99,,,
510,12210.0,0.0076774595898132,False,unmatched,PAD-US,Sumter National Forest,Forest Service,fee simple,3.0,Fall Creek Headwaters,FY2024-25,115000.0,108.25,easement,Fall Creek Headwaters,FY2024-25,115000.0,108.25,,,
406,12182.0,0.0075108586711147,False,unmatched,PAD-US,Stoney Creek Battery Heritage Preserve,State Department of Natural Resources,fee simple,4.0,Cotton Hall,FY2022-23,3000000.0,232.0,fee simple,Cotton Hall,FY2022-23,3000000.0,232.0,,,
377,11001.0,0.0074159511313909,False,unmatched,PAD-US,Private 416,Non-Governmental Organization,easement,4.0,Hazelwood Farm,FY2022-23,78050.0,178.1,easement,Hazelwood Farm,FY2022-23,78050.0,178.1,,,
76,11879.0,0.0070473330569151,False,unmatched,PAD-US,Us-Sc-1-45,Non-Governmental Organization,easement,4.0,Crosby Tract,FY2012-13,126200.0,631.0,easement,Crosby Tract,FY2012-13,126200.0,631.0,,,
418,1227.0,0.0069597427232093,False,unmatched,SCDNR managed land,Unnamed WMA,SCDNR,fee simple,,Nine Times Cove,FY2023-24,20000.0,4.15,fee simple,Nine Times Cove,FY2023-24,20000.0,4.15,,,
478,747.0,0.0063226447940274,False,unmatched,SCDNR managed land,Aiken Gopher Tortoise Heritage Preserve / Wildlife Management Area,SCDNR,fee simple,,Korn Tract,FY2023-24,1090000.0,302.32,fee simple,Korn Tract,FY2023-24,1090000.0,302.32,,,
493,1581.0,0.0061690279129752,False,unmatched,SCDNR managed land,Jocassee Gorges,SCDNR,fee simple,,Horse Gap Forest,FY2024-25,105000.0,69.6,easement,Horse Gap Forest,FY2024-25,105000.0,69.6,,,
478,9790.0,0.0060350298716278,False,unmatched,PAD-US,Aiken Gopher Tortoise Heritage Preserve / Wildlife Management Area,State Department of Natural Resources,fee simple,1.0,Korn Tract,FY2023-24,1090000.0,302.32,fee simple,Korn Tract,FY2023-24,1090000.0,302.32,,,
247,9800.0,0.0058752261770528,False,unmatched,PAD-US,Us-Sc-8-23,Non-Governmental Organization,easement,4.0,Pine Hill/Swamp Solomons,FY2007-08,99800.0,718.0,easement,Pine Hill/Swamp Solomons,FY2007-08,99800.0,718.0,,,
230,10131.0,0.0054322755220289,False,unmatched,PAD-US,Jocassee Gorges,State Department of Natural Resources,fee simple,2.0,Nowacki Tract/Wadakoe Mt.,FY2007-08,120000.0,50.0,easement,Nowacki Tract/Wadakoe Mt.,FY2007-08,120000.0,50.0,,,
149,9686.0,0.0054214216556484,False,unmatched,PAD-US,Buford Battleground,County Land,fee simple,4.0,Hopewell Church Property,FY2015-16,152930.0,47.76,fee simple,Hopewell Church Property,FY2015-16,152930.0,47.76,,,
369,9905.0,0.0050402499815813,False,unmatched,PAD-US,Kolb Property,Non-Governmental Organization,easement,4.0,Tyger River Confluence,FY2021-22,157500.0,200.78,easement,Tyger River Confluence,FY2021-22,157500.0,200.78,,,
482,11581.0,0.0047972784084409,False,unmatched,PAD-US,J. Strom Thurmond Recreation Area,Army Corps of Engineers,fee simple,4.0,Searles Family Homeplace,FY2023-24,330000.0,991.8,easement,Searles Family Homeplace,FY2023-24,330000.0,991.8,,,
482,952.0,0.0045491192382748,False,unmatched,SCDNR managed land,Unnamed WMA,SCDNR,fee simple,,Searles Family Homeplace,FY2023-24,330000.0,991.8,easement,Searles Family Homeplace,FY2023-24,330000.0,991.8,,,
524,10476.0,0.004529735815851,False,unmatched,PAD-US,Johns Island County Park / Mullet Hall Equestrian Center,County Land,other,4.0,Scrambler's Knob Horse Farm,FY2024-25,160000.0,57.98,easement,Scrambler's Knob Horse Farm,FY2024-25,160000.0,57.98,,,
530,9701.0,0.0044337194174473,False,unmatched,PAD-US,"Farm and Ranch Lands Protection Program (FRPP), Sumter, SC",Natural Resources Conservation Service,easement,4.0,Rivers Farm 2,FY2024-25,410000.0,347.78,easement,Rivers Farm 2,FY2024-25,410000.0,347.78,,,
434,1276.0,0.0039837140740322,False,unmatched,SCDNR managed land,Fants Grove WMA,SCDNR,fee simple,,George Aull Expansion Clemson Forest,FY2023-24,1200000.0,82.47,fee simple,George Aull Expansion Clemson Forest,FY2023-24,1200000.0,82.47,,,
624,10704.0,0.003744823118075,False,unmatched,PAD-US,Francis Marion National Forest,Forest Service,fee simple,3.0,AC II,FY2025-26,610000.0,1129.0,easement,AC II,FY2025-26,610000.0,1129.0,,,
629,7305.0,0.0036507049696033,False,unmatched,TNC SC conserved lands,River Oaks Pltn,South Carolina Department of Natural Resources,fee simple,2.0,River Oaks,FY2025-26,950000.0,699.0,fee simple,River Oaks,FY2025-26,950000.0,699.0,,,
144,11146.0,0.0036079032294929,False,unmatched,PAD-US,Us-Sc-10-16,Non-Governmental Organization,easement,4.0,High Creek Tract (Salley Tr),FY2012-13,835000.0,1704.7,easement,High Creek Tract (Salley Tr),FY2012-13,835000.0,1704.7,,,
205,12373.0,0.0035171347799846,False,unmatched,PAD-US,Savannah National Wildlife Refuge,U.S. Fish and Wildlife Service,fee simple,2.0,Meyer Lake,FY2020-21,1000000.0,974.0,fee simple,Meyer Lake,FY2020-21,1000000.0,974.0,,,
624,1315.0,0.0034949629330794,False,unmatched,SCDNR managed land,Francis Marion National Forest,SCDNR,fee simple,,AC II,FY2025-26,610000.0,1129.0,easement,AC II,FY2025-26,610000.0,1129.0,,,
325,9889.0,0.003430259106783,False,unmatched,PAD-US,Watson-Cooper Heritage Preserve / Wildlife Management Area,State Department of Natural Resources,fee simple,2.0,Top of South Carolina Tract,FY2015-16,550000.0,66.5,fee simple,Top of South Carolina Tract,FY2015-16,550000.0,66.5,,,
458,12252.0,0.0033530165358643,False,unmatched,PAD-US,Kings Mountain State Park,State Park and Recreation,fee simple,4.0,Kings Mountain- Metker,FY2023-24,1700000.0,47.53,fee simple,Kings Mountain- Metker,FY2023-24,1700000.0,47.53,,,
388,10131.0,0.0032231650938976,False,unmatched,PAD-US,Jocassee Gorges,State Department of Natural Resources,fee simple,2.0,Eastatoe Headwaters,FY2022-23,45000.0,26.61,easement,Eastatoe Headwaters,FY2022-23,45000.0,26.61,,,
247,706.0,0.0031044544236527,False,unmatched,SCDNR managed land,Hamilton Ridge Wildlife Management Area,SCDNR,fee simple,,Pine Hill/Swamp Solomons,FY2007-08,99800.0,718.0,easement,Pine Hill/Swamp Solomons,FY2007-08,99800.0,718.0,,,
292,665.0,0.0028508743266166,False,unmatched,SCDNR managed land,Segars-McKinnon Heritage Preserve,SCDNR,fee simple,,Segars Mill Pond Tract,FY2006-07,2443389.0,533.88,easement,Segars Mill Pond Tract,FY2006-07,2443389.0,533.88,,,
143,10995.0,0.0027890619324026,False,unmatched,PAD-US,Hickory Top Wildlife Management Area,Other or Unknown State Land,fee simple,2.0,Hickory Top Tract,FY2013-14,223000.0,223.85,easement,Hickory Top Tract,FY2013-14,223000.0,223.85,,,
321,1329.0,0.0026238861906845,False,unmatched,SCDNR managed land,Sumter National Forest,SCDNR,fee simple,,Timberhaven (Thompson II),FY2016-17,132500.0,516.64,easement,Timberhaven (Thompson II),FY2016-17,132500.0,516.64,,,
143,1168.0,0.0024944592382378,True,unmatched,SCDNR managed land,Hickory Top WMA,SCDNR,fee simple,,Hickory Top Tract,FY2013-14,223000.0,223.85,easement,Hickory Top Tract,FY2013-14,223000.0,223.85,,,
388,1566.0,0.002482631665934,False,unmatched,SCDNR managed land,Jocassee Gorges,SCDNR,fee simple,,Eastatoe Headwaters,FY2022-23,45000.0,26.61,easement,Eastatoe Headwaters,FY2022-23,45000.0,26.61,,,
317,1398.0,0.0024719350548639,False,unmatched,SCDNR managed land,Sumter National Forest,SCDNR,fee simple,,Thompson J. Bradford Property/Timberhaven,FY2007-08,215000.0,878.0,easement,Thompson J. Bradford Property/Timberhaven,FY2007-08,215000.0,878.0,,,
635,11441.0,0.0024144935171623,False,unmatched,PAD-US,Manchester State Forest,State Department of Land,fee simple,2.0,Tindal Farm - Home Place,FY2026-27,510000.0,412.0,easement,Tindal Farm - Home Place,FY2026-27,510000.0,412.0,,,
635,3186.0,0.0024039823426902,False,unmatched,TNC SC conserved lands,Manchester State Forest,South Carolina Forestry Commission,fee simple,3.0,Tindal Farm - Home Place,FY2026-27,510000.0,412.0,easement,Tindal Farm - Home Place,FY2026-27,510000.0,412.0,,,
321,12210.0,0.0023827739406908,False,unmatched,PAD-US,Sumter National Forest,Forest Service,fee simple,3.0,Timberhaven (Thompson II),FY2016-17,132500.0,516.64,easement,Timberhaven (Thompson II),FY2016-17,132500.0,516.64,,,
249,10707.0,0.0023758914800255,False,unmatched,PAD-US,Poinsett Reservoir,Non-Governmental Organization,easement,2.0,Piney Mountain,FY2021-22,130000.0,40.79,fee simple,Piney Mountain,FY2021-22,130000.0,40.79,,,
181,12282.0,0.0023288774591691,False,unmatched,PAD-US,Landsford Canal Forest Legacy Area,State Department of Natural Resources,fee simple,2.0,Landsford Addition Tract,FY2020-21,400000.0,385.35,fee simple,Landsford Addition Tract,FY2020-21,400000.0,385.35,,,
644,1490.0,0.0023141700622594,False,unmatched,SCDNR managed land,Wateree Range,SCDNR,fee simple,,Goodwill,FY2026-27,12600000.0,737.0,fee simple,Goodwill,FY2026-27,12600000.0,737.0,,,
442,12455.0,0.0022673603534793,False,unmatched,PAD-US,Jones,Non-Governmental Organization,fee simple,1.0,Pleasant Grove,FY2023-24,40000.0,79.33,easement,Pleasant Grove,FY2023-24,40000.0,79.33,,,
246,12262.0,0.0022583785614337,False,unmatched,PAD-US,"Wetlands Reserve Program (WRP), Orangeburg, SC",Natural Resources Conservation Service,easement,2.0,Pin Branch Plantation,FY2013-14,21000.0,105.0,easement,Pin Branch Plantation,FY2013-14,21000.0,105.0,,,
502,1362.0,0.0021762180303167,False,unmatched,SCDNR managed land,Sumter National Forest,SCDNR,fee simple,,Old Blair Road (Lina Marston),FY2024-25,72000.0,131.0,easement,Old Blair Road (Lina Marston),FY2024-25,72000.0,131.0,,,
22,7429.0,0.0021624678461568,False,unmatched,TNC SC conserved lands,Big Rock Ramey,Naturaland Trust,fee simple,2.0,Big Rock Public Access Tract,FY2015-16,28000.0,5.89,fee simple,Big Rock Public Access Tract,FY2015-16,28000.0,5.89,,,
288,11154.0,0.0020918134708322,False,unmatched,PAD-US,Santee Dam Wildlife Management Area,Other or Unknown State Land,fee simple,2.0,Santee River Tract,FY2013-14,2167750.0,8517.0,easement,Santee River Tract,FY2013-14,2167750.0,8517.0,,,
417,1573.0,0.0019528104049279,False,unmatched,SCDNR managed land,Jocassee Gorges,SCDNR,fee simple,,White Branch on Scenic 11,FY2022-23,350000.0,159.0,fee simple,White Branch on Scenic 11,FY2022-23,350000.0,159.0,,,
635,942.0,0.0019176727166969,False,unmatched,SCDNR managed land,"Oak Lea WMA, Manchester State Forest",SCDNR,fee simple,,Tindal Farm - Home Place,FY2026-27,510000.0,412.0,easement,Tindal Farm - Home Place,FY2026-27,510000.0,412.0,,,
111,11803.0,0.00190874153336,False,unmatched,PAD-US,Bugby Tract,Non-Governmental Organization,easement,4.0,Fred Sosnowski Tract,FY2006-07,125000.0,158.0,easement,Fred Sosnowski Tract,FY2006-07,125000.0,158.0,,,
365,10418.0,0.001747530053794,False,unmatched,PAD-US,Us-Sc-1-30,Non-Governmental Organization,easement,4.0,River Swamp Tract,FY2021-22,345000.0,1017.5,easement,River Swamp Tract,FY2021-22,345000.0,1017.5,,,
623,8825.0,0.0016218236381967,False,unmatched,TNC SC conserved lands,Upstate Forever #66,Upstate Forever,easement,3.0,Tokeena Angus,FY2025-26,160000.0,99.0,easement,Tokeena Angus,FY2025-26,160000.0,99.0,,,
531,9701.0,0.0016146769535354,False,unmatched,PAD-US,"Farm and Ranch Lands Protection Program (FRPP), Sumter, SC",Natural Resources Conservation Service,easement,4.0,Rivers Farm 1,FY2024-25,885000.0,668.97,easement,Rivers Farm 1,FY2024-25,885000.0,668.97,,,
297,10062.0,0.00155768257792,False,unmatched,PAD-US,Manchester State Forest,State Department of Land,fee simple,3.0,"Simmons, Kenneth Tract (Birchwood Farms)",FY2012-13,364500.0,405.5,easement,"Simmons, Kenneth Tract (Birchwood Farms)",FY2012-13,364500.0,405.5,,,
94,10995.0,0.0015344839543061,False,unmatched,PAD-US,Hickory Top Wildlife Management Area,Other or Unknown State Land,fee simple,2.0,Dusty Acres Tract,FY2012-13,238840.0,238.84,easement,Dusty Acres Tract,FY2012-13,238840.0,238.84,,,
237,11235.0,0.0015283830565463,False,unmatched,PAD-US,Paris Mountain State Park,State Park and Recreation,fee simple,4.0,Paris Mountain Expansion Tract,FY2015-16,160000.0,33.431,fee simple,Paris Mountain Expansion Tract,FY2015-16,160000.0,33.431,,,
375,10119.0,0.001491126887773,False,unmatched,PAD-US,Glendale Shoals Preserve,Non-Governmental Organization,easement,4.0,Historic Glendale Mill,FY2022-23,785000.0,16.49,fee simple,Historic Glendale Mill,FY2022-23,785000.0,16.49,,,
464,1590.0,0.001436215747069,False,unmatched,SCDNR managed land,Sumter National Forest,SCDNR,fee simple,,Warren Hooper,FY2023-24,85000.0,53.1,easement,Warren Hooper,FY2023-24,85000.0,53.1,,,
94,1168.0,0.0014212451506768,False,unmatched,SCDNR managed land,Hickory Top WMA,SCDNR,fee simple,,Dusty Acres Tract,FY2012-13,238840.0,238.84,easement,Dusty Acres Tract,FY2012-13,238840.0,238.84,,,
429,12370.0,0.0013290444220114,False,unmatched,PAD-US,Brooks,Non-Governmental Organization,fee simple,1.0,Andrews Black River Park,FY2023-24,5800000.0,1806.43,fee simple,Andrews Black River Park,FY2023-24,5800000.0,1806.43,,,
485,1585.0,0.0012503499461234,False,unmatched,SCDNR managed land,Jocassee Gorges,SCDNR,fee simple,,Eastatoee Ridge on Scenic Highway 11,FY2024-25,935000.0,106.82,fee simple,Eastatoee Ridge on Scenic Highway 11,FY2024-25,935000.0,106.82,,,
89,11477.0,0.0012480623750469,False,unmatched,PAD-US,Us-Sc-4-45,Non-Governmental Organization,easement,4.0,Dixon Family Tracts,FY2014-15,200625.0,535.0,easement,Dixon Family Tracts,FY2014-15,200625.0,535.0,,,
195,11237.0,0.0011725419919715,False,unmatched,PAD-US,Santee National Wildlife Refuge,U.S. Fish and Wildlife Service,fee simple,2.0,Marhaygue Tract,FY2015-16,1209205.0,2418.41,easement,Marhaygue Tract,FY2015-16,1209205.0,2418.41,,,
405,10362.0,0.0011682027347756,False,unmatched,PAD-US,"Wetlands Reserve Program (WRP), Williamsburg, SC",Natural Resources Conservation Service,easement,2.0,Black River SP - RMS North,FY2022-23,1250000.0,535.25,fee simple,Black River SP - RMS North,FY2022-23,1250000.0,535.25,,,
297,1130.0,0.0011471873726995,False,unmatched,SCDNR managed land,Manchester State Forest,SCDNR,fee simple,,"Simmons, Kenneth Tract (Birchwood Farms)",FY2012-13,364500.0,405.5,easement,"Simmons, Kenneth Tract (Birchwood Farms)",FY2012-13,364500.0,405.5,,,
318,1334.0,0.0011108087946063,False,unmatched,SCDNR managed land,Francis Marion National Forest,SCDNR,fee simple,,Thornhill Farms Tract,FY2014-15,163400.0,98.2,fee simple,Thornhill Farms Tract,FY2014-15,163400.0,98.2,,,
288,1165.0,0.0010502150596194,False,unmatched,SCDNR managed land,Santee Dam WMA,SCDNR,fee simple,,Santee River Tract,FY2013-14,2167750.0,8517.0,easement,Santee River Tract,FY2013-14,2167750.0,8517.0,,,
393,1143.0,0.0010072331803801,False,unmatched,SCDNR managed land,Canal WMA,SCDNR,fee simple,,Gourdin Tracts,FY2022-23,130757.0,342.75,easement,Gourdin Tracts,FY2022-23,130757.0,342.75,,,
510,1590.0,0.000881621799617,False,unmatched,SCDNR managed land,Sumter National Forest,SCDNR,fee simple,,Fall Creek Headwaters,FY2024-25,115000.0,108.25,easement,Fall Creek Headwaters,FY2024-25,115000.0,108.25,,,
555,10462.0,0.0008330804659528,False,unmatched,PAD-US,Francis Beidler Forest Macrosite,Non-Governmental Organization,easement,2.0,The Knight Tract,FY2025-26,800000.0,266.16,fee simple,The Knight Tract,FY2025-26,800000.0,266.16,,,
418,9515.0,0.0008253329707345,False,unmatched,PAD-US,Nine Times Preserve,Non-Governmental Organization,fee simple,1.0,Nine Times Cove,FY2023-24,20000.0,4.15,fee simple,Nine Times Cove,FY2023-24,20000.0,4.15,,,
366,12413.0,0.0007954595836931,False,unmatched,PAD-US,Us-Sc-4-7,Non-Governmental Organization,easement,4.0,Santee Island (Santee Delta WMA Addition),FY2021-22,850000.0,1862.0,fee simple,Santee Island (Santee Delta WMA Addition),FY2021-22,850000.0,1862.0,,,
318,10704.0,0.000787525197852,False,unmatched,PAD-US,Francis Marion National Forest,Forest Service,fee simple,3.0,Thornhill Farms Tract,FY2014-15,163400.0,98.2,fee simple,Thornhill Farms Tract,FY2014-15,163400.0,98.2,,,
643,1251.0,0.0007361426103206,False,unmatched,SCDNR managed land,(unnamed),SCDNR,fee simple,,Mountain Bridge East,FY2026-27,400000.0,38.0,fee simple,Mountain Bridge East,FY2026-27,400000.0,38.0,,,
631,10382.0,0.0007348860099668,False,unmatched,PAD-US,Catawba-Pee Dee Region - Liberty Hill,State Department of Natural Resources,fee simple,2.0,Blue Heron LLC - Liberty Hill WMA Addition,FY2025-26,6566000.0,2006.0,fee simple,Blue Heron LLC - Liberty Hill WMA Addition,FY2025-26,6566000.0,2006.0,,,
128,9395.0,0.0006727502952259,False,unmatched,PAD-US,Caesars Head State Park,State Park and Recreation,fee simple,2.0,Grey Logs Property,FY2015-16,250000.0,18.9,fee simple,Grey Logs Property,FY2015-16,250000.0,18.9,,,
428,11321.0,0.0006608316892831,False,unmatched,PAD-US,"Wetlands Reserve Program (WRP), Sumter, SC",Natural Resources Conservation Service,easement,2.0,Dalzell Bay,FY2023-24,80000.0,61.1,fee simple,Dalzell Bay,FY2023-24,80000.0,61.1,,,
437,10586.0,0.000657291808211,False,unmatched,PAD-US,River Ridgeline II,Non-Governmental Organization,easement,4.0,Blakely South Saluda,FY2005-06,135000.0,50.0,fee simple,Blakely South Saluda,FY2005-06,135000.0,50.0,,,
415,1231.0,0.0006300120370687,False,unmatched,SCDNR managed land,Unnamed WMA,SCDNR,fee simple,,Gilstrap Mountain (Scenic Hwy 11),FY2022-23,500000.0,166.18,fee simple,Gilstrap Mountain (Scenic Hwy 11),FY2022-23,500000.0,166.18,,,
413,10327.0,0.0005931086823457,False,unmatched,PAD-US,Lee State Park,State Park and Recreation,fee simple,2.0,Lee State Park - KDR/OSI (match with LF),FY2022-23,173000.0,137.29,fee simple,Lee State Park - KDR/OSI (match with LF),FY2022-23,173000.0,137.29,,,
325,812.0,0.0005611443928583,False,unmatched,SCDNR managed land,Watson-Cooper Heritage Preserve / Wildlife Management Area,SCDNR,fee simple,,Top of South Carolina Tract,FY2015-16,550000.0,66.5,fee simple,Top of South Carolina Tract,FY2015-16,550000.0,66.5,,,
415,11604.0,0.0005239315727342,False,unmatched,PAD-US,Crescent,Non-Governmental Organization,easement,4.0,Gilstrap Mountain (Scenic Hwy 11),FY2022-23,500000.0,166.18,fee simple,Gilstrap Mountain (Scenic Hwy 11),FY2022-23,500000.0,166.18,,,
182,11550.0,0.0005236395203882,False,unmatched,PAD-US,Langley Pond Park,County Land,fee simple,4.0,Langley Pond Tract,FY2006-07,648800.0,96.0,fee simple,Langley Pond Tract,FY2006-07,648800.0,96.0,,,
433,1583.0,0.0004823044224315,False,unmatched,SCDNR managed land,Unnamed WMA,SCDNR,fee simple,,Logger Court,FY2023-24,290000.0,23.4,fee simple,Logger Court,FY2023-24,290000.0,23.4,,,
411,12344.0,0.0004754718194464,False,unmatched,PAD-US,Waccamaw River Heritage Preserve / Wildlife Management Area,State Department of Natural Resources,fee simple,2.0,Willowbend,FY2022-23,300000.0,348.53,fee simple,Willowbend,FY2022-23,300000.0,348.53,,,
333,9689.0,0.0004307693332318,False,unmatched,PAD-US,"Wetlands Reserve Program (WRP), Allendale, SC",Natural Resources Conservation Service,easement,2.0,Westervelt Timber,FY2014-15,2483600.0,12418.0,easement,Westervelt Timber,FY2014-15,2483600.0,12418.0,,,
646,10726.0,0.0004289988497697,False,unmatched,PAD-US,Us-Sc-4-13,Non-Governmental Organization,easement,4.0,Vaught Tract II,FY2026-27,205000.0,303.0,easement,Vaught Tract II,FY2026-27,205000.0,303.0,,,
192,12210.0,0.0004244732776558,False,unmatched,PAD-US,Sumter National Forest,Forest Service,fee simple,3.0,Lombard Tract,FY2012-13,55000.0,117.89,easement,Lombard Tract,FY2012-13,55000.0,117.89,,,
168,7255.0,0.0003906001273639,True,unmatched,TNC SC conserved lands,JRJ Farms,Ducks Unlimited,easement,3.0,JRJ Farms,FY2020-21,40000.0,120.8,easement,JRJ Farms,FY2020-21,40000.0,120.8,,,
538,10111.0,0.000384675521101,True,unmatched,PAD-US,"Alston, Roland P. Tract",Non-Governmental Organization,easement,4.0,Alston Tract,FY2024-25,64350.0,174.46,easement,Alston Tract,FY2024-25,64350.0,174.46,,,
627,12252.0,0.000380818499648,False,unmatched,PAD-US,Kings Mountain State Park,State Park and Recreation,fee simple,4.0,Forest View,FY2025-26,4850000.0,590.0,fee simple,Forest View,FY2025-26,4850000.0,590.0,,,
121,9761.0,0.0003701123836861,True,unmatched,PAD-US,Grant Meadow,Non-Governmental Organization,easement,4.0,Grant Meadow Addition,FY2019-20,65000.0,21.01,easement,Grant Meadow Addition,FY2019-20,65000.0,21.01,,,
183,729.0,0.0003561732720569,False,unmatched,SCDNR managed land,Webb Wildlife Center,SCDNR,fee simple,,Lawton Boggy Tract,FY2006-07,59000.0,295.0,easement,Lawton Boggy Tract,FY2006-07,59000.0,295.0,,,
70,706.0,0.000319273043885,False,unmatched,SCDNR managed land,Hamilton Ridge Wildlife Management Area,SCDNR,fee simple,,Crab Orchard Plantation,FY2007-08,563800.0,2819.0,easement,Crab Orchard Plantation,FY2007-08,563800.0,2819.0,,,
43,11541.0,0.0003161993781359,False,unmatched,PAD-US,Les Mullinax Park,Regional Agency Land,fee simple,4.0,Bramlett Bottoms,FY2020-21,100000.0,40.7,fee simple,Bramlett Bottoms,FY2020-21,100000.0,40.7,,,
25,11364.0,0.0002977414219266,False,unmatched,PAD-US,Upper Combahee River,Non-Governmental Organization,easement,2.0,Black Creek Plantation,FY2018-19,356400.0,864.0,easement,Black Creek Plantation,FY2018-19,356400.0,864.0,,,
381,11235.0,0.0002932701721461,False,unmatched,PAD-US,Paris Mountain State Park,State Park and Recreation,fee simple,4.0,Shiloh Ridge at Paris Mountain,FY2022-23,750000.0,149.88,fee simple,Shiloh Ridge at Paris Mountain,FY2022-23,750000.0,149.88,,,
555,7854.0,0.0002866390455862,False,unmatched,TNC SC conserved lands,Francis Beidler Forest (Pierce) Gable Farm,The Nature Conservancy,easement,3.0,The Knight Tract,FY2025-26,800000.0,266.16,fee simple,The Knight Tract,FY2025-26,800000.0,266.16,,,
464,12210.0,0.0002662536413751,False,unmatched,PAD-US,Sumter National Forest,Forest Service,fee simple,3.0,Warren Hooper,FY2023-24,85000.0,53.1,easement,Warren Hooper,FY2023-24,85000.0,53.1,,,
631,8447.0,0.0002566928886103,True,unmatched,TNC SC conserved lands,Blue Heron,Katawba Valley Land Trust,easement,3.0,Blue Heron LLC - Liberty Hill WMA Addition,FY2025-26,6566000.0,2006.0,fee simple,Blue Heron LLC - Liberty Hill WMA Addition,FY2025-26,6566000.0,2006.0,,,
463,9492.0,0.0002563602957807,False,unmatched,PAD-US,North Saluda Watershed,City Land,fee simple,2.0,Short Branch,FY2023-24,1310000.0,218.75,fee simple,Short Branch,FY2023-24,1310000.0,218.75,,,
232,1169.0,0.0002321043560563,False,unmatched,SCDNR managed land,Moultrie Hunt Unit,SCDNR,fee simple,,Oakland Club,FY2015-16,3581730.0,11166.17,easement,Oakland Club,FY2015-16,3581730.0,11166.17,,,
417,10131.0,0.0002165130373414,False,unmatched,PAD-US,Jocassee Gorges,State Department of Natural Resources,fee simple,2.0,White Branch on Scenic 11,FY2022-23,350000.0,159.0,fee simple,White Branch on Scenic 11,FY2022-23,350000.0,159.0,,,
391,1587.0,0.0002155093814232,False,unmatched,SCDNR managed land,(unnamed),SCDNR,fee simple,,Little Eastatoee on Scenic Hwy 11,FY2022-23,400000.0,234.72,fee simple,Little Eastatoee on Scenic Hwy 11,FY2022-23,400000.0,234.72,,,
616,9708.0,0.0001955977137344,False,unmatched,PAD-US,Asbury Hills,Non-Governmental Organization,fee simple,4.0,Sky Ranche,FY2025-26,1105000.0,130.0,fee simple,Sky Ranche,FY2025-26,1105000.0,130.0,,,
362,995.0,0.0001952650591153,False,unmatched,SCDNR managed land,Unnamed WMA,SCDNR,fee simple,,Bobwhite Hills,FY2021-22,850000.0,773.99,fee simple,Bobwhite Hills,FY2021-22,850000.0,773.99,,,
152,11840.0,0.0001777825647845,False,unmatched,PAD-US,Palachucola Wildlife Management Area,State Department of Natural Resources,fee simple,2.0,Ingleside,FY2015-16,255000.0,1020.22,easement,Ingleside,FY2015-16,255000.0,1020.22,,,
272,2128.0,0.0001763928606511,False,unmatched,TNC SC conserved lands,Rosemont Preservation Society,Rosemont Preservation Society,fee simple,2.0,Rosemont Plantation Expansion,FY2019-20,350000.0,123.82,fee simple,Rosemont Plantation Expansion,FY2019-20,350000.0,123.82,,,
486,1235.0,0.0001737422631673,False,unmatched,SCDNR managed land,Unnamed WMA,SCDNR,fee simple,,Camp Awanita,FY2024-25,950000.0,483.99,easement,Camp Awanita,FY2024-25,950000.0,483.99,,,
611,9510.0,0.0001719218125032,False,unmatched,PAD-US,Aiken Gopher Tortoise Heritage Preserve / Wildlife Management Area,State Department of Natural Resources,fee simple,2.0,Keadle Bridge Addition,FY2025-26,1378752.0,431.0,fee simple,Keadle Bridge Addition,FY2025-26,1378752.0,431.0,,,
485,10131.0,0.0001703589822481,False,unmatched,PAD-US,Jocassee Gorges,State Department of Natural Resources,fee simple,2.0,Eastatoee Ridge on Scenic Highway 11,FY2024-25,935000.0,106.82,fee simple,Eastatoee Ridge on Scenic Highway 11,FY2024-25,935000.0,106.82,,,
611,741.0,0.0001654287414563,False,unmatched,SCDNR managed land,Aiken Gopher Tortoise Heritage Preserve / Wildlife Management Area,SCDNR,fee simple,,Keadle Bridge Addition,FY2025-26,1378752.0,431.0,fee simple,Keadle Bridge Addition,FY2025-26,1378752.0,431.0,,,
172,6729.0,0.0001479914907365,False,unmatched,TNC SC conserved lands,Mill Street Landing,Williamsburg County,fee simple,4.0,Kingstree Waterfront Park,FY2019-20,25000.0,2.9,fee simple,Kingstree Waterfront Park,FY2019-20,25000.0,2.9,,,
172,12093.0,0.0001478986970108,False,unmatched,PAD-US,Mill Street Landing,County Land,fee simple,4.0,Kingstree Waterfront Park,FY2019-20,25000.0,2.9,fee simple,Kingstree Waterfront Park,FY2019-20,25000.0,2.9,,,
32,10595.0,0.0001470000180054,False,unmatched,PAD-US,Camden Battleground Tract,Non-Governmental Organization,fee simple,4.0,Blue Heron Property (Battle of Camden),FY2018-19,250000.0,294.45,fee simple,Blue Heron Property (Battle of Camden),FY2018-19,250000.0,294.45,,,
256,11365.0,0.000143547764427,False,unmatched,PAD-US,Hartwell Recreation Area,Army Corps of Engineers,fee simple,4.0,Ramey Tract,FY2013-14,141156.0,128.324,easement,Ramey Tract,FY2013-14,141156.0,128.324,,,
137,11200.0,0.0001396798534007,False,unmatched,PAD-US,Millbury Plantation,Non-Governmental Organization,easement,4.0,"Harper, Andrew R Tract",FY2007-08,866594.0,4322.97,easement,"Harper, Andrew R Tract",FY2007-08,866594.0,4322.97,,,
152,696.0,0.0001377137515639,False,unmatched,SCDNR managed land,Palachucola Wildlife Management Area,SCDNR,fee simple,,Ingleside,FY2015-16,255000.0,1020.22,easement,Ingleside,FY2015-16,255000.0,1020.22,,,
66,706.0,0.0001356481324269,False,unmatched,SCDNR managed land,Hamilton Ridge Wildlife Management Area,SCDNR,fee simple,,Copeland Tract,FY2012-13,162488.0,812.44,easement,Copeland Tract,FY2012-13,162488.0,812.44,,,
313,10832.0,0.0001137866273204,False,unmatched,PAD-US,Townes/S. Saluda,Non-Governmental Organization,easement,4.0,Tall Pines Tract,FY2015-16,3000000.0,1757.0,fee simple,Tall Pines Tract,FY2015-16,3000000.0,1757.0,,,
230,1573.0,0.0001009996739458,False,unmatched,SCDNR managed land,Jocassee Gorges,SCDNR,fee simple,,Nowacki Tract/Wadakoe Mt.,FY2007-08,120000.0,50.0,easement,Nowacki Tract/Wadakoe Mt.,FY2007-08,120000.0,50.0,,,
645,8020.0,8.212155343499332e-05,False,unmatched,TNC SC conserved lands,Cooler Dairy Farm,Lowcountry Land Trust,easement,3.0,Hiott Farms,FY2026-27,285000.0,548.0,easement,Hiott Farms,FY2026-27,285000.0,548.0,,,
192,1590.0,7.830190150709507e-05,False,unmatched,SCDNR managed land,Sumter National Forest,SCDNR,fee simple,,Lombard Tract,FY2012-13,55000.0,117.89,easement,Lombard Tract,FY2012-13,55000.0,117.89,,,
74,10690.0,7.404007150888824e-05,False,unmatched,PAD-US,Tillman Sand Ridge Heritage Preserve / Wildlife Management Area,State Department of Natural Resources,fee simple,2.0,Crescent Tract,FY2015-16,1020750.0,2721.97,easement,Crescent Tract,FY2015-16,1020750.0,2721.97,,,
56,11622.0,7.2791761026764e-05,False,unmatched,PAD-US,Shinco Chauga,Non-Governmental Organization,easement,4.0,Chauga Heights Tract,FY2018-19,550000.0,212.69,fee simple,Chauga Heights Tract,FY2018-19,550000.0,212.69,,,
326,1256.0,7.104672222918799e-05,False,unmatched,SCDNR managed land,Tall Pines WMA,SCDNR,fee simple,,Townes/S. Saluda,FY2005-06,965000.0,585.61,easement,Townes/S. Saluda,FY2005-06,965000.0,585.61,,,
360,11214.0,6.410085066714458e-05,True,unmatched,PAD-US,Good Hope,County Land,fee simple,4.0,Good Hope Landing Tract,FY2021-22,170000.0,148.0,fee simple,Good Hope Landing Tract,FY2021-22,170000.0,148.0,,,
411,1531.0,6.35026333932895e-05,False,unmatched,SCDNR managed land,Waccamaw River Heritage Preserve / Wildlife Management Area,SCDNR,fee simple,,Willowbend,FY2022-23,300000.0,348.53,fee simple,Willowbend,FY2022-23,300000.0,348.53,,,
74,753.0,5.747698678579382e-05,False,unmatched,SCDNR managed land,Tillman Sand Ridge Heritage Preserve / Wildlife Management Area,SCDNR,fee simple,,Crescent Tract,FY2015-16,1020750.0,2721.97,easement,Crescent Tract,FY2015-16,1020750.0,2721.97,,,
184,696.0,5.325673420446777e-05,False,unmatched,SCDNR managed land,Palachucola Wildlife Management Area,SCDNR,fee simple,,Lawton Tract,FY2006-07,268000.0,1073.58,easement,Lawton Tract,FY2006-07,268000.0,1073.58,,,
168,11568.0,4.637995100274587e-05,False,unmatched,PAD-US,Us-Sc-70-5,Non-Governmental Organization,easement,4.0,JRJ Farms,FY2020-21,40000.0,120.8,easement,JRJ Farms,FY2020-21,40000.0,120.8,,,
102,1145.0,4.416401181924323e-05,False,unmatched,SCDNR managed land,Manchester State Forest,SCDNR,fee simple,,FB SC Tracts,FY2012-13,807894.0,4302.32,easement,FB SC Tracts,FY2012-13,807894.0,4302.32,,,
308,10107.0,4.345142195226263e-05,False,unmatched,PAD-US,Matthews Tract,Other or Unknown State Land,fee simple,2.0,Stuck 2020 Property,FY2019-20,347554.0,2700.0,easement,Stuck 2020 Property,FY2019-20,347554.0,2700.0,,,
271,1590.0,3.802360865126796e-05,False,unmatched,SCDNR managed land,Sumter National Forest,SCDNR,fee simple,,Rose Hill Farm Phase 1,FY2007-08,750000.0,336.0,easement,Rose Hill Farm Phase 1,FY2007-08,750000.0,336.0,,,
64,10837.0,3.59105003304578e-05,False,unmatched,PAD-US,Manchester State Forest,State Department of Natural Resources,fee simple,2.0,Congaree Carton LP Tracts,FY2012-13,1228000.0,4912.0,easement,Congaree Carton LP Tracts,FY2012-13,1228000.0,4912.0,,,
171,1145.0,3.420172568691489e-05,False,unmatched,SCDNR managed land,Manchester State Forest,SCDNR,fee simple,,Kel-Sam Farms (Carolyn Black Tract),FY2012-13,850000.0,921.0,fee simple,Kel-Sam Farms (Carolyn Black Tract),FY2012-13,850000.0,921.0,,,
222,831.0,3.281205176482738e-05,False,unmatched,SCDNR managed land,Wateree Heritage Preserve / Wildlife Management Area,SCDNR,fee simple,,Murray Tract Phase III,FY2013-14,219096.0,1095.48,easement,Murray Tract Phase III,FY2013-14,219096.0,1095.48,,,
401,12365.0,3.265468830726591e-05,False,unmatched,PAD-US,Britton Family Property,Non-Governmental Organization,easement,4.0,Botany Bay Heritage Preserve Addition,FY2022-23,1200000.0,180.17,fee simple,Botany Bay Heritage Preserve Addition,FY2022-23,1200000.0,180.17,,,
199,11235.0,2.8568532119536183e-05,False,unmatched,PAD-US,Paris Mountain State Park,State Park and Recreation,fee simple,4.0,"McCall, Arthur Jr. Tract",FY2014-15,700000.0,160.491,fee simple,"McCall, Arthur Jr. Tract",FY2014-15,700000.0,160.491,,,
64,1131.0,2.802637462407118e-05,False,unmatched,SCDNR managed land,Manchester State Forest,SCDNR,fee simple,,Congaree Carton LP Tracts,FY2012-13,1228000.0,4912.0,easement,Congaree Carton LP Tracts,FY2012-13,1228000.0,4912.0,,,
148,11364.0,2.681141163171128e-05,False,unmatched,PAD-US,Upper Combahee River,Non-Governmental Organization,easement,2.0,Holly Bluff II,FY2018-19,208649.0,449.56,easement,Holly Bluff II,FY2018-19,208649.0,449.56,,,
631,1519.0,2.6048667389316427e-05,False,unmatched,SCDNR managed land,Liberty Hill Wildlife Management Area,SCDNR,fee simple,,Blue Heron LLC - Liberty Hill WMA Addition,FY2025-26,6566000.0,2006.0,fee simple,Blue Heron LLC - Liberty Hill WMA Addition,FY2025-26,6566000.0,2006.0,,,
374,778.0,2.5810127944887742e-05,False,unmatched,SCDNR managed land,Bear Island Wildlife Management Area,SCDNR,fee simple,,ACE Basin: St. Helena Estuary (Cummings) Ti Ti 2,FY2022-23,215000.0,1742.0,easement,ACE Basin: St. Helena Estuary (Cummings) Ti Ti 2,FY2022-23,215000.0,1742.0,,,
235,11796.0,2.43757826691962e-05,False,unmatched,PAD-US,Oakland Club - Club Tract,Non-Governmental Organization,easement,4.0,Old Santee Canal,FY2020-21,270000.0,564.94,easement,Old Santee Canal,FY2020-21,270000.0,564.94,,,
430,10832.0,2.306570016995706e-05,False,unmatched,PAD-US,Townes/S. Saluda,Non-Governmental Organization,easement,4.0,Saluda Bluffs,FY2023-24,9000000.0,1090.0,fee simple,Saluda Bluffs,FY2023-24,9000000.0,1090.0,,,
374,9438.0,2.181150446518148e-05,False,unmatched,PAD-US,Bear Island Wildlife Management Area,State Department of Natural Resources,fee simple,2.0,ACE Basin: St. Helena Estuary (Cummings) Ti Ti 2,FY2022-23,215000.0,1742.0,easement,ACE Basin: St. Helena Estuary (Cummings) Ti Ti 2,FY2022-23,215000.0,1742.0,,,
185,12077.0,1.6150564917673603e-05,False,unmatched,PAD-US,Lake George Warren,State Department of Natural Resources,fee simple,3.0,Legacy Farms,FY2018-19,165316.5,367.37,easement,Legacy Farms,FY2018-19,165316.5,367.37,,,
129,10684.0,1.575923932525509e-05,False,unmatched,PAD-US,Tuckahoe Wildlife Management Area,State Department of Natural Resources,fee simple,2.0,Groton Uplands,FY2018-19,850000.0,13868.0,easement,Groton Uplands,FY2018-19,850000.0,13868.0,,,
309,1616.0,1.1856672044008816e-05,False,unmatched,SCDNR managed land,Stumphouse Mountain Heritage Preserve / Wildlife Management Area,SCDNR,fee simple,,Stumphouse Mountain,FY2006-07,1227150.0,439.6,fee simple,Stumphouse Mountain,FY2006-07,1227150.0,439.6,,,
397,10259.0,7.734511610689071e-06,False,unmatched,PAD-US,Us-Sc-4-51,Non-Governmental Organization,easement,4.0,Salters Property,FY2022-23,385000.0,626.0,easement,Salters Property,FY2022-23,385000.0,626.0,,,
616,1194.0,7.571256292615721e-06,False,unmatched,SCDNR managed land,Unnamed WMA,SCDNR,fee simple,,Sky Ranche,FY2025-26,1105000.0,130.0,fee simple,Sky Ranche,FY2025-26,1105000.0,130.0,,,
341,1144.0,7.090515689007689e-06,False,unmatched,SCDNR managed land,Manchester State Forest,SCDNR,fee simple,,Wilson and Willson,FY2015-16,100000.0,81.9,fee simple,Wilson and Willson,FY2015-16,100000.0,81.9,,,
317,12210.0,6.518898914088464e-06,False,unmatched,PAD-US,Sumter National Forest,Forest Service,fee simple,3.0,Thompson J. Bradford Property/Timberhaven,FY2007-08,215000.0,878.0,easement,Thompson J. Bradford Property/Timberhaven,FY2007-08,215000.0,878.0,,,
520,1590.0,5.45661881414452e-06,False,unmatched,SCDNR managed land,Sumter National Forest,SCDNR,fee simple,,Oconee Station Connector,FY2024-25,122500.0,63.97,easement,Oconee Station Connector,FY2024-25,122500.0,63.97,,,
323,10208.0,5.4305152468980976e-06,False,unmatched,PAD-US,Corner Lake Boat Landing,County Land,fee simple,4.0,Tom's Branch,FY2015-16,155250.0,575.0,easement,Tom's Branch,FY2015-16,155250.0,575.0,,,
416,9802.0,5.400918970286131e-06,False,unmatched,PAD-US,Poinsett Bridge Heritage Preserve,State Department of Natural Resources,fee simple,4.0,Poinsett Bridge Expansion Tracts - Southern Blue Ridge Escarpment (Boy Scouts of America),FY2023-24,700000.0,287.6,fee simple,Poinsett Bridge Expansion Tracts - Southern Blue Ridge Escarpment (Boy Scouts of America),FY2023-24,700000.0,287.6,,,
306,11947.0,2.991670961414966e-06,False,unmatched,PAD-US,Blue Wall Tract,Non-Governmental Organization,easement,4.0,Stateline Blue Ridge Tract,FY2018-19,135000.0,28.21,fee simple,Stateline Blue Ridge Tract,FY2018-19,135000.0,28.21,,,
625,11033.0,2.579378101782181e-06,False,unmatched,PAD-US,Francis Marion National Forest,Non-Governmental Organization,easement,2.0,Montgomery Tract,FY2025-26,302000.0,312.0,easement,Montgomery Tract,FY2025-26,302000.0,312.0,,,
617,11235.0,2.4177394424238336e-06,False,unmatched,PAD-US,Paris Mountain State Park,State Park and Recreation,fee simple,4.0,Altamont Pass,FY2025-26,1000000.0,88.0,fee simple,Altamont Pass,FY2025-26,1000000.0,88.0,,,
266,1590.0,1.6933132965910214e-07,False,unmatched,SCDNR managed land,Sumter National Forest,SCDNR,fee simple,,Rocky Fork Farm,FY2006-07,136500.0,130.91,easement,Rocky Fork Farm,FY2006-07,136500.0,130.91,,,
513,11299.0,1.322770295313535e-07,False,unmatched,PAD-US,Cheraw State Park,State Park and Recreation,fee simple,4.0,Jackson Farms Cash Tracts,FY2024-25,500000.0,588.0,easement,Jackson Farms Cash Tracts,FY2024-25,500000.0,588.0,,,
393,10541.0,8.153852644632474e-08,False,unmatched,PAD-US,Moultrie Hunt Unit Wildlife Management Area,Other or Unknown State Land,fee simple,2.0,Gourdin Tracts,FY2022-23,130757.0,342.75,easement,Gourdin Tracts,FY2022-23,130757.0,342.75,,,
187,1256.0,5.0810334954596646e-08,False,unmatched,SCDNR managed land,Tall Pines WMA,SCDNR,fee simple,,Lewis (Firefly) Tract,FY2006-07,185800.0,121.5,easement,Lewis (Firefly) Tract,FY2006-07,185800.0,121.5,,,
594,9102.0,3.554455799780942e-09,False,unmatched,TNC SC conserved lands,Boyd Pond Tract,Aiken Land Conservancy,fee simple,2.0,Boyd Pond Park Addition,FY2025-26,220000.0,25.0,fee simple,Boyd Pond Park Addition,FY2025-26,220000.0,25.0,,,
433,10624.0,0.0,False,unmatched,PAD-US,Nine Times Community Forest,Unknown,fee simple,4.0,Logger Court,FY2023-24,290000.0,23.4,fee simple,Logger Court,FY2023-24,290000.0,23.4,,,
7,,0.0,,no candidate in any registry,,,,,,Ashley River Historic Project,FY2004-05,6285000.0,12280.0,easement,,,,,Ducks Unlimited,0.0,False
22,,0.0,,no candidate in any registry,,,,,,Big Rock Public Access Tract,FY2015-16,28000.0,5.89,fee simple,,,,,Naturaland Trust,0.0,False
33,,0.0,,no candidate in any registry,,,,,,Blue Wall Connection - (Blakely & McDiarmid Tracts),FY2007-08,440000.0,136.0,fee simple,,,,,Naturaland Trust,0.0,False
43,,0.0,,no candidate in any registry,,,,,,Bramlett Bottoms,FY2020-21,100000.0,40.7,fee simple,,,,,Naturaland Trust,0.0,False
53,,0.0,,no candidate in any registry,,,,,,Cantey Bay Tract,FY2015-16,940915.0,1881.83,easement,,,,,Congaree Land Trust,0.0,False
54,,0.0,,no candidate in any registry,,,,,,Chapman Bridge Oconee Bell Preserve,FY2019-20,550000.0,238.72,fee simple,,,,,Naturaland Trust,0.0,False
124,,0.0,,no candidate in any registry,,,,,,Great Falls Natural Area Project,FY2007-08,547665.0,353.0,fee simple,,,,,Katawba Valley Land Trust,0.0,False
127,,0.0,,no candidate in any registry,,,,,,Greenfield Plantation Corner,FY2014-15,75000.0,1.0,fee simple,,,,,Georgetown Historical Society,0.0,False
153,,0.0,,no candidate in any registry,,,,,,Ingram Dunes,FY2018-19,500000.0,7.24,fee simple,,,,,City of North Myrtle Beach,0.0,False
168,,0.0,,no candidate in any registry,,,,,,JRJ Farms,FY2020-21,40000.0,120.8,easement,,,,,Ducks Unlimited,0.0,False
172,,0.0,,no candidate in any registry,,,,,,Kingstree Waterfront Park,FY2019-20,25000.0,2.9,fee simple,,,,,Town of Kingstree,0.0,False
193,,0.0,,no candidate in any registry,,,,,,Lyle Property,FY2019-20,143300.0,165.89,easement,,,,,Oconee County SWCD,0.0,False
198,,0.0,,no candidate in any registry,,,,,,Mays - Epworth Conservation Area (Adams),FY2020-21,225000.0,1332.29,easement,,,,,Upper Savannah Land Trust,0.0,False
202,,0.0,,no candidate in any registry,,,,,,McKinney Creek Oconee Bell Preserve,FY2019-20,450000.0,195.6,fee simple,,,,,Naturaland Trust,0.0,False
216,,0.0,,no candidate in any registry,,,,,,Moore Property,FY2020-21,30557.0,56.62,easement,,,,,Oconee County SWCD,0.0,False
238,,0.0,,no candidate in any registry,,,,,,Paris Mountain Gospel,FY2018-19,20000.0,23.35,fee simple,,,,,Naturaland Trust,0.0,False
272,,0.0,,no candidate in any registry,,,,,,Rosemont Plantation Expansion,FY2019-20,350000.0,123.82,fee simple,,,,,Rosemont Preservation Society,0.0,False
355,,0.0,,no candidate in any registry,,,,,,Historic Crawford Mill Property,FY2021-22,250000.0,40.09,fee simple,,,,,The Foothills Farmstead,0.0,False
364,,0.0,,no candidate in any registry,,,,,,Piedmont Manufacturing Company YWCA,FY2021-22,76500.0,0.7,fee simple,,,,,Piedmont Historical Preservation Society,0.0,False
377,,0.0,,no candidate in any registry,,,,,,Hazelwood Farm,FY2022-23,78050.0,178.1,easement,,,,,Katawba Valley Land Trust,0.0,False
383,,0.0,,no candidate in any registry,,,,,,Curryton Academy Park,FY2022-23,27565.0,0.37,fee simple,,,,,Edgefield County Historical Society,0.0,False
536,,0.0,,no candidate in any registry,,,,,,Saluda Grade Trail,FY2024-25,750000.0,373.71,fee simple,,,,,PAL: Play. Advocate. Live Well,0.0,False
546,,0.0,,no candidate in any registry,,,,,,Broad River Conservation @Alston,FY2025-26,725000.0,109.33,fee simple,,,,,Palmetto Trail (AKA PCF),0.0,False
552,,0.0,,no candidate in any registry,,,,,,North Widgeon,FY2025-26,250000.0,8.99,fee simple,,,,,Open Land Trust,0.0,False
555,,0.0,,no candidate in any registry,,,,,,The Knight Tract,FY2025-26,800000.0,266.16,fee simple,,,,,Lowcountry Land Trust,0.0,False
594,,0.0,,no candidate in any registry,,,,,,Boyd Pond Park Addition,FY2025-26,220000.0,25.0,fee simple,,,,,Aiken Land Conservancy,0.0,False
595,,0.0,,no candidate in any registry,,,,,,Whiten Farms,FY2025-26,375000.0,156.0,easement,,,,,SC Farm Bureau Land Trust,0.0,False
603,,0.0,,no candidate in any registry,,,,,,Felker Farm,FY2025-26,225000.0,248.0,easement,,,,,Private,0.0,False
605,,0.0,,no candidate in any registry,,,,,,Piedmont River Park,FY2025-26,33000.0,6.0,fee simple,,,,,Naturaland Trust / Piedmont Public Service District,0.0,False
606,,0.0,,no candidate in any registry,,,,,,Long Branch Conservation,FY2025-26,100000.0,17.0,fee simple,,,,,City of Greenville,0.0,False
610,,0.0,,no candidate in any registry,,,,,,Jamari at Hanging Rock,FY2025-26,522500.0,160.0,fee simple,,,,,American Battlefield Trust,0.0,False
617,,0.0,,no candidate in any registry,,,,,,Altamont Pass,FY2025-26,1000000.0,88.0,fee simple,,,,,Naturaland Trust,0.0,False
618,,0.0,,no candidate in any registry,,,,,,Wheeler Farm,FY2025-26,744000.0,887.0,easement,,,,,SC Farm Bureau Land Trust,0.0,False
623,,0.0,,no candidate in any registry,,,,,,Tokeena Angus,FY2025-26,160000.0,99.0,easement,,,,,SC Farm Bureau Land Trust,0.0,False
628,,0.0,,no candidate in any registry,,,,,,Winkles Farm,FY2025-26,331578.0,330.0,easement,,,,,SC Farm Bureau Land Trust,0.0,False
629,,0.0,,no candidate in any registry,,,,,,River Oaks,FY2025-26,950000.0,699.0,fee simple,,,,,Open Space Institute,0.0,False
631,,0.0,,no candidate in any registry,,,,,,Blue Heron LLC - Liberty Hill WMA Addition,FY2025-26,6566000.0,2006.0,fee simple,,,,,The Conservation Fund,0.0,False
632,,0.0,,no candidate in any registry,,,,,,Ulmer Farms 1,FY2026-27,165830.0,321.0,easement,,,,,SC Farm Bureau Land Trust,0.0,False
633,,0.0,,no candidate in any registry,,,,,,Ulmer Farms 2,FY2026-27,148000.0,205.0,easement,,,,,SC Farm Bureau Land Trust,0.0,False
634,,0.0,,no candidate in any registry,,,,,,Tindal Farm - Hodges Corner,FY2026-27,200000.0,156.0,easement,,,,,Lord Berkeley Conservation Trust,0.0,False
635,,0.0,,no candidate in any registry,,,,,,Tindal Farm - Home Place,FY2026-27,510000.0,412.0,easement,,,,,Lord Berkeley Conservation Trust,0.0,False
636,,0.0,,no candidate in any registry,,,,,,Gramling and Gramling Farm,FY2026-27,1873530.0,816.0,easement,,,,,SC Farm Bureau Land Trust,0.0,False
637,,0.0,,no candidate in any registry,,,,,,Shealy Farms,FY2026-27,60000.0,60.0,easement,,,,,Aiken Land Conservancy,0.0,False
640,,0.0,,no candidate in any registry,,,,,,Boones Falls,FY2026-27,1870250.0,153.0,fee simple,,,,,Naturaland Trust,0.0,False
641,,0.0,,no candidate in any registry,,,,,,Old Schoolhouse Farm,FY2026-27,216000.0,193.0,easement,,,,,Congaree Land Trust,0.0,False
642,,0.0,,no candidate in any registry,,,,,,Chick-A-Moo Farm 1,FY2026-27,257500.0,97.0,easement,,,,,SC Farm Bureau Land Trust,0.0,False
644,,0.0,,no candidate in any registry,,,,,,Goodwill,FY2026-27,12600000.0,737.0,fee simple,,,,,The Conservation Fund,0.0,False
645,,0.0,,no candidate in any registry,,,,,,Hiott Farms,FY2026-27,285000.0,548.0,easement,,,,,Lowcountry Land Trust,0.0,False
646,,0.0,,no candidate in any registry,,,,,,Vaught Tract II,FY2026-27,205000.0,303.0,easement,,,,,Pee Dee Land Trust,0.0,False
647,,0.0,,no candidate in any registry,,,,,,Humbert Woods Nature Preserve,FY2026-27,700000.0,97.0,fee simple,,,,,Lowcountry Land Trust,0.0,False
648,,0.0,,no candidate in any registry,,,,,,Wentzky Farm,FY2026-27,146000.0,52.0,easement,,,,,SC Farm Bureau Land Trust,0.0,False
649,,0.0,,no candidate in any registry,,,,,,Bates House,FY2026-27,400000.0,11.0,fee simple,,,,,Upstate Preservation Trust,0.0,False
650,,0.0,,no candidate in any registry,,,,,,McCoy Farm,FY2026-27,435000.0,1089.0,easement,,,,,Lowcountry Land Trust,0.0,False
651,,0.0,,no candidate in any registry,,,,,,Bishop Branch Farm,FY2026-27,280000.0,117.0,easement,,,,,SC Farm Bureau Land Trust,0.0,False
652,,0.0,,no candidate in any registry,,,,,,Peach Shed Grains,FY2026-27,178500.0,43.0,easement,,,,,Upstate Forever,0.0,False
653,,0.0,,no candidate in any registry,,,,,,Union of Brothers,FY2026-27,115200.0,302.0,easement,,,,,Upstate Forever,0.0,False
654,,0.0,,no candidate in any registry,,,,,,Milky Way Farms,FY2026-27,795000.0,177.0,easement,,,,,SC Farm Bureau Land Trust,0.0,False
655,,0.0,,no candidate in any registry,,,,,,Redding-Stone Farmstead Tracts,FY2026-27,100000.0,78.0,easement,,,,,Upper Savannah Land Trust,0.0,False
