{
"type": "FeatureCollection",
"name": "ghost_forest",
"crs": { "type": "name", "properties": { "name": "urn:ogc:def:crs:OGC:1.3:CRS84" } },
"xy_coordinate_resolution": 1e-06,
"features": [
{ "type": "Feature", "properties": { "first_epoch": "2001", "acres": 0.66718394014124527 }, "geometry": { "type": "Polygon", "coordinates": [ [ [ -80.264048, 32.585537 ], [ -80.26405, 32.585267 ], [ -80.26437, 32.585269 ], [ -80.264372, 32.584998 ], [ -80.263733, 32.584994 ], [ -80.263728, 32.585535 ], [ -80.264048, 32.585537 ] ] ] } },
{ "type": "Feature", "properties": { "first_epoch": "2021", "acres": 0.22239464671374842 }, "geometry": { "type": "Polygon", "coordinates": [ [ [ -80.263731, 32.585265 ], [ -80.263733, 32.584994 ], [ -80.263413, 32.584992 ], [ -80.263411, 32.585263 ], [ -80.263731, 32.585265 ] ] ] } },
{ "type": "Feature", "properties": { "first_epoch": "2021", "acres": 1.7791571737099874 }, "geometry": { "type": "Polygon", "coordinates": [ [ [ -80.272359, 32.585586 ], [ -80.272361, 32.585315 ], [ -80.272041, 32.585313 ], [ -80.272045, 32.584772 ], [ -80.271406, 32.584768 ], [ -80.271402, 32.58531 ], [ -80.271082, 32.585308 ], [ -80.27108, 32.585578 ], [ -80.272359, 32.585586 ] ] ] } },
{ "type": "Feature", "properties": { "first_epoch": "2021", "acres": 0.22239464671374842 }, "geometry": { "type": "Polygon", "coordinates": [ [ [ -80.264372, 32.584998 ], [ -80.264374, 32.584727 ], [ -80.264055, 32.584725 ], [ -80.264052, 32.584996 ], [ -80.264372, 32.584998 ] ] ] } },
{ "type": "Feature", "properties": { "first_epoch": "2021", "acres": 1.7791571737099874 }, "geometry": { "type": "Polygon", "coordinates": [ [ [ -80.274596, 32.585599 ], [ -80.2746, 32.585057 ], [ -80.27492, 32.585059 ], [ -80.274922, 32.584789 ], [ -80.275242, 32.58479 ], [ -80.275244, 32.58452 ], [ -80.274605, 32.584516 ], [ -80.274602, 32.584787 ], [ -80.274283, 32.584785 ], [ -80.274281, 32.585056 ], [ -80.273961, 32.585054 ], [ -80.273957, 32.585595 ], [ -80.274596, 32.585599 ] ] ] } },
{ "type": "Feature", "properties": { "first_epoch": "2016", "acres": 0.88957858685499369 }, "geometry": { "type": "Polygon", "coordinates": [ [ [ -80.242003, 32.584324 ], [ -80.242005, 32.584053 ], [ -80.240726, 32.584045 ], [ -80.240724, 32.584316 ], [ -80.242003, 32.584324 ] ] ] } },
{ "type": "Feature", "properties": { "first_epoch": "2001", "acres": 0.88957858685499369 }, "geometry": { "type": "Polygon", "coordinates": [ [ [ -80.242005, 32.584053 ], [ -80.242007, 32.583783 ], [ -80.240729, 32.583775 ], [ -80.240726, 32.584045 ], [ -80.242005, 32.584053 ] ] ] } },
{ "type": "Feature", "properties": { "first_epoch": "2021", "acres": 1.3343678802824905 }, "geometry": { "type": "Polygon", "coordinates": [ [ [ -80.252233, 32.584114 ], [ -80.252235, 32.583844 ], [ -80.252555, 32.583846 ], [ -80.252559, 32.583304 ], [ -80.25192, 32.583301 ], [ -80.251918, 32.583571 ], [ -80.251598, 32.583569 ], [ -80.251596, 32.58384 ], [ -80.251916, 32.583842 ], [ -80.251913, 32.584113 ], [ -80.252233, 32.584114 ] ] ] } },
{ "type": "Feature", "properties": { "first_epoch": "2021", "acres": 0.88957858685499369 }, "geometry": { "type": "Polygon", "coordinates": [ [ [ -80.365067, 32.584194 ], [ -80.365068, 32.583923 ], [ -80.36379, 32.583917 ], [ -80.363788, 32.584188 ], [ -80.365067, 32.584194 ] ] ] } },
{ "type": "Feature", "properties": { "first_epoch": "2021", "acres": 0.66718394014124527 }, "geometry": { "type": "Polygon", "coordinates": [ [ [ -80.244886, 32.583529 ], [ -80.244893, 32.582717 ], [ -80.244573, 32.582716 ], [ -80.244566, 32.583527 ], [ -80.244886, 32.583529 ] ] ] } },
{ "type": "Feature", "properties": { "first_epoch": "1991", "acres": 0.66718394014124527 }, "geometry": { "type": "Polygon", "coordinates": [ [ [ -80.242662, 32.581892 ], [ -80.242667, 32.581351 ], [ -80.242028, 32.581347 ], [ -80.242025, 32.581618 ], [ -80.242345, 32.58162 ], [ -80.242343, 32.58189 ], [ -80.242662, 32.581892 ] ] ] } },
{ "type": "Feature", "properties": { "first_epoch": "2011", "acres": 0.44478929342749685 }, "geometry": { "type": "Polygon", "coordinates": [ [ [ -80.246189, 32.58056 ], [ -80.246192, 32.58029 ], [ -80.245553, 32.580286 ], [ -80.24555, 32.580556 ], [ -80.246189, 32.58056 ] ] ] } },
{ "type": "Feature", "properties": { "first_epoch": "2001", "acres": 0.22239464671374842 }, "geometry": { "type": "Polygon", "coordinates": [ [ [ -80.247792, 32.580029 ], [ -80.247794, 32.579758 ], [ -80.247475, 32.579756 ], [ -80.247472, 32.580027 ], [ -80.247792, 32.580029 ] ] ] } },
{ "type": "Feature", "properties": { "first_epoch": "2001", "acres": 0.44478929342749685 }, "geometry": { "type": "Polygon", "coordinates": [ [ [ -80.232138, 32.579122 ], [ -80.23214, 32.578851 ], [ -80.231501, 32.578848 ], [ -80.231499, 32.579118 ], [ -80.232138, 32.579122 ] ] ] } },
{ "type": "Feature", "properties": { "first_epoch": "2001", "acres": 0.66718394014124527 }, "geometry": { "type": "Polygon", "coordinates": [ [ [ -80.309808, 32.579031 ], [ -80.30981, 32.578761 ], [ -80.310129, 32.578763 ], [ -80.310131, 32.578492 ], [ -80.309492, 32.578488 ], [ -80.309488, 32.57903 ], [ -80.309808, 32.579031 ] ] ] } },
{ "type": "Feature", "properties": { "first_epoch": "2016", "acres": 0.66718394014124527 }, "geometry": { "type": "Polygon", "coordinates": [ [ [ -80.291592, 32.578659 ], [ -80.291594, 32.578389 ], [ -80.290635, 32.578383 ], [ -80.290633, 32.578654 ], [ -80.291592, 32.578659 ] ] ] } },
{ "type": "Feature", "properties": { "first_epoch": "2021", "acres": 0.66718394014124527 }, "geometry": { "type": "Polygon", "coordinates": [ [ [ -80.235341, 32.57833 ], [ -80.235343, 32.578059 ], [ -80.235024, 32.578057 ], [ -80.235026, 32.577787 ], [ -80.234706, 32.577785 ], [ -80.234702, 32.578326 ], [ -80.235341, 32.57833 ] ] ] } },
{ "type": "Feature", "properties": { "first_epoch": "2001", "acres": 0.66718394014124527 }, "geometry": { "type": "Polygon", "coordinates": [ [ [ -80.324522, 32.577488 ], [ -80.324524, 32.577217 ], [ -80.323565, 32.577212 ], [ -80.323563, 32.577482 ], [ -80.324522, 32.577488 ] ] ] } },
{ "type": "Feature", "properties": { "first_epoch": "1996", "acres": 0.22239464671374842 }, "geometry": { "type": "Polygon", "coordinates": [ [ [ -80.293209, 32.576233 ], [ -80.293211, 32.575962 ], [ -80.292892, 32.575961 ], [ -80.292889, 32.576231 ], [ -80.293209, 32.576233 ] ] ] } },
{ "type": "Feature", "properties": { "first_epoch": "1991", "acres": 0.66718394014124527 }, "geometry": { "type": "Polygon", "coordinates": [ [ [ -80.289696, 32.575943 ], [ -80.2897, 32.575401 ], [ -80.28938, 32.5754 ], [ -80.289378, 32.57567 ], [ -80.289058, 32.575668 ], [ -80.289056, 32.575939 ], [ -80.289696, 32.575943 ] ] ] } },
{ "type": "Feature", "properties": { "first_epoch": "2011", "acres": 1.1119732335687422 }, "geometry": { "type": "Polygon", "coordinates": [ [ [ -80.331883, 32.576174 ], [ -80.331885, 32.575903 ], [ -80.332524, 32.575907 ], [ -80.332528, 32.575365 ], [ -80.332209, 32.575364 ], [ -80.332207, 32.575634 ], [ -80.331567, 32.575631 ], [ -80.331563, 32.576172 ], [ -80.331883, 32.576174 ] ] ] } },
{ "type": "Feature", "properties": { "first_epoch": "2006", "acres": 0.22239464671374842 }, "geometry": { "type": "Polygon", "coordinates": [ [ [ -80.351387, 32.575194 ], [ -80.351389, 32.574923 ], [ -80.351069, 32.574921 ], [ -80.351067, 32.575192 ], [ -80.351387, 32.575194 ] ] ] } },
{ "type": "Feature", "properties": { "first_epoch": "2001", "acres": 0.22239464671374842 }, "geometry": { "type": "Polygon", "coordinates": [ [ [ -80.323581, 32.575047 ], [ -80.323583, 32.574776 ], [ -80.323264, 32.574775 ], [ -80.323262, 32.575045 ], [ -80.323581, 32.575047 ] ] ] } },
{ "type": "Feature", "properties": { "first_epoch": "2001", "acres": 0.44478929342749685 }, "geometry": { "type": "Polygon", "coordinates": [ [ [ -80.349469, 32.575184 ], [ -80.349473, 32.574642 ], [ -80.349153, 32.574641 ], [ -80.349149, 32.575182 ], [ -80.349469, 32.575184 ] ] ] } },
{ "type": "Feature", "properties": { "first_epoch": "2016", "acres": 0.66718394014124527 }, "geometry": { "type": "Polygon", "coordinates": [ [ [ -80.361616, 32.574975 ], [ -80.361618, 32.574705 ], [ -80.360659, 32.5747 ], [ -80.360657, 32.57497 ], [ -80.361616, 32.574975 ] ] ] } },
{ "type": "Feature", "properties": { "first_epoch": "2011", "acres": 0.88957858685499369 }, "geometry": { "type": "Polygon", "coordinates": [ [ [ -80.332848, 32.575367 ], [ -80.332856, 32.574285 ], [ -80.332536, 32.574283 ], [ -80.332528, 32.575365 ], [ -80.332848, 32.575367 ] ] ] } },
{ "type": "Feature", "properties": { "first_epoch": "2021", "acres": 0.66718394014124527 }, "geometry": { "type": "Polygon", "coordinates": [ [ [ -80.361618, 32.574705 ], [ -80.361622, 32.574163 ], [ -80.361302, 32.574162 ], [ -80.3613, 32.574432 ], [ -80.36098, 32.574431 ], [ -80.360979, 32.574701 ], [ -80.361618, 32.574705 ] ] ] } },
{ "type": "Feature", "properties": { "first_epoch": "2011", "acres": 0.66718394014124527 }, "geometry": { "type": "Polygon", "coordinates": [ [ [ -80.236339, 32.573735 ], [ -80.236341, 32.573465 ], [ -80.235382, 32.573459 ], [ -80.23538, 32.573729 ], [ -80.236339, 32.573735 ] ] ] } },
{ "type": "Feature", "properties": { "first_epoch": "1996", "acres": 0.66718394014124527 }, "geometry": { "type": "Polygon", "coordinates": [ [ [ -80.360979, 32.574701 ], [ -80.360984, 32.57389 ], [ -80.360665, 32.573888 ], [ -80.360659, 32.5747 ], [ -80.360979, 32.574701 ] ] ] } },
{ "type": "Feature", "properties": { "first_epoch": "2001", "acres": 0.44478929342749685 }, "geometry": { "type": "Polygon", "coordinates": [ [ [ -80.349475, 32.574372 ], [ -80.349479, 32.573831 ], [ -80.349159, 32.573829 ], [ -80.349155, 32.57437 ], [ -80.349475, 32.574372 ] ] ] } },
{ "type": "Feature", "properties": { "first_epoch": "2021", "acres": 0.66718394014124527 }, "geometry": { "type": "Polygon", "coordinates": [ [ [ -80.245929, 32.573523 ], [ -80.245931, 32.573252 ], [ -80.246251, 32.573254 ], [ -80.246253, 32.572983 ], [ -80.245614, 32.572979 ], [ -80.245609, 32.573521 ], [ -80.245929, 32.573523 ] ] ] } },
{ "type": "Feature", "properties": { "first_epoch": "2021", "acres": 0.66718394014124527 }, "geometry": { "type": "Polygon", "coordinates": [ [ [ -80.229632, 32.573153 ], [ -80.229639, 32.572341 ], [ -80.229319, 32.572339 ], [ -80.229313, 32.573151 ], [ -80.229632, 32.573153 ] ] ] } },
{ "type": "Feature", "properties": { "first_epoch": "2001", "acres": 0.66718394014124527 }, "geometry": { "type": "Polygon", "coordinates": [ [ [ -80.35652, 32.572514 ], [ -80.356522, 32.572243 ], [ -80.355563, 32.572238 ], [ -80.355561, 32.572509 ], [ -80.35652, 32.572514 ] ] ] } },
{ "type": "Feature", "properties": { "first_epoch": "2011", "acres": 0.22239464671374842 }, "geometry": { "type": "Polygon", "coordinates": [ [ [ -80.340222, 32.572159 ], [ -80.340224, 32.571888 ], [ -80.339905, 32.571886 ], [ -80.339903, 32.572157 ], [ -80.340222, 32.572159 ] ] ] } },
{ "type": "Feature", "properties": { "first_epoch": "2001", "acres": 0.66718394014124527 }, "geometry": { "type": "Polygon", "coordinates": [ [ [ -80.354922, 32.572506 ], [ -80.354927, 32.571694 ], [ -80.354608, 32.571692 ], [ -80.354602, 32.572504 ], [ -80.354922, 32.572506 ] ] ] } },
{ "type": "Feature", "properties": { "first_epoch": "2001", "acres": 0.66718394014124527 }, "geometry": { "type": "Polygon", "coordinates": [ [ [ -80.248179, 32.571912 ], [ -80.248186, 32.571101 ], [ -80.247867, 32.571099 ], [ -80.24786, 32.57191 ], [ -80.248179, 32.571912 ] ] ] } },
{ "type": "Feature", "properties": { "first_epoch": "2011", "acres": 0.22239464671374842 }, "geometry": { "type": "Polygon", "coordinates": [ [ [ -80.339905, 32.571886 ], [ -80.339907, 32.571616 ], [ -80.339587, 32.571614 ], [ -80.339585, 32.571885 ], [ -80.339905, 32.571886 ] ] ] } },
{ "type": "Feature", "properties": { "first_epoch": "2001", "acres": 0.44478929342749685 }, "geometry": { "type": "Polygon", "coordinates": [ [ [ -80.300915, 32.571675 ], [ -80.300917, 32.571405 ], [ -80.300278, 32.571401 ], [ -80.300276, 32.571672 ], [ -80.300915, 32.571675 ] ] ] } },
{ "type": "Feature", "properties": { "first_epoch": "1996", "acres": 0.88957858685499369 }, "geometry": { "type": "Polygon", "coordinates": [ [ [ -80.286214, 32.571593 ], [ -80.286216, 32.571322 ], [ -80.284938, 32.571315 ], [ -80.284936, 32.571586 ], [ -80.286214, 32.571593 ] ] ] } },
{ "type": "Feature", "properties": { "first_epoch": "2016", "acres": 0.88957858685499369 }, "geometry": { "type": "Polygon", "coordinates": [ [ [ -80.257771, 32.571428 ], [ -80.257776, 32.570887 ], [ -80.257456, 32.570885 ], [ -80.257454, 32.571156 ], [ -80.256815, 32.571152 ], [ -80.256813, 32.571422 ], [ -80.257771, 32.571428 ] ] ] } },
{ "type": "Feature", "properties": { "first_epoch": "2021", "acres": 0.66718394014124527 }, "geometry": { "type": "Polygon", "coordinates": [ [ [ -80.358763, 32.571713 ], [ -80.358764, 32.571443 ], [ -80.357806, 32.571438 ], [ -80.357804, 32.571708 ], [ -80.358763, 32.571713 ] ] ] } },
{ "type": "Feature", "properties": { "first_epoch": "2001", "acres": 0.22239464671374842 }, "geometry": { "type": "Polygon", "coordinates": [ [ [ -80.301237, 32.571407 ], [ -80.301239, 32.571136 ], [ -80.300919, 32.571134 ], [ -80.300917, 32.571405 ], [ -80.301237, 32.571407 ] ] ] } },
{ "type": "Feature", "properties": { "first_epoch": "2021", "acres": 1.1119732335687422 }, "geometry": { "type": "Polygon", "coordinates": [ [ [ -80.217187, 32.570911 ], [ -80.217192, 32.57037 ], [ -80.215914, 32.570362 ], [ -80.215911, 32.570633 ], [ -80.21687, 32.570639 ], [ -80.216868, 32.570909 ], [ -80.217187, 32.570911 ] ] ] } },
{ "type": "Feature", "properties": { "first_epoch": "2011", "acres": 0.22239464671374842 }, "geometry": { "type": "Polygon", "coordinates": [ [ [ -80.245312, 32.570813 ], [ -80.245315, 32.570542 ], [ -80.244995, 32.57054 ], [ -80.244993, 32.570811 ], [ -80.245312, 32.570813 ] ] ] } },
{ "type": "Feature", "properties": { "first_epoch": "2021", "acres": 1.5567625269962391 }, "geometry": { "type": "Polygon", "coordinates": [ [ [ -80.364196, 32.571741 ], [ -80.364197, 32.57147 ], [ -80.364517, 32.571472 ], [ -80.364519, 32.571201 ], [ -80.364839, 32.571203 ], [ -80.36484, 32.570932 ], [ -80.364201, 32.570929 ], [ -80.364199, 32.5712 ], [ -80.36356, 32.571196 ], [ -80.363556, 32.571738 ], [ -80.364196, 32.571741 ] ] ] } },
{ "type": "Feature", "properties": { "first_epoch": "2011", "acres": 0.66718394014124527 }, "geometry": { "type": "Polygon", "coordinates": [ [ [ -80.357806, 32.571438 ], [ -80.357808, 32.571167 ], [ -80.358127, 32.571169 ], [ -80.358129, 32.570898 ], [ -80.35749, 32.570895 ], [ -80.357486, 32.571436 ], [ -80.357806, 32.571438 ] ] ] } },
{ "type": "Feature", "properties": { "first_epoch": "2001", "acres": 0.66718394014124527 }, "geometry": { "type": "Polygon", "coordinates": [ [ [ -80.335435, 32.571322 ], [ -80.335437, 32.571051 ], [ -80.335756, 32.571053 ], [ -80.335758, 32.570782 ], [ -80.335119, 32.570779 ], [ -80.335115, 32.57132 ], [ -80.335435, 32.571322 ] ] ] } },
{ "type": "Feature", "properties": { "first_epoch": "2001", "acres": 0.22239464671374842 }, "geometry": { "type": "Polygon", "coordinates": [ [ [ -80.299963, 32.570858 ], [ -80.299965, 32.570588 ], [ -80.299645, 32.570586 ], [ -80.299643, 32.570857 ], [ -80.299963, 32.570858 ] ] ] } },
{ "type": "Feature", "properties": { "first_epoch": "2001", "acres": 0.88957858685499369 }, "geometry": { "type": "Polygon", "coordinates": [ [ [ -80.298045, 32.570848 ], [ -80.298049, 32.570306 ], [ -80.29773, 32.570305 ], [ -80.297728, 32.570575 ], [ -80.297089, 32.570572 ], [ -80.297086, 32.570842 ], [ -80.298045, 32.570848 ] ] ] } },
{ "type": "Feature", "properties": { "first_epoch": "2011", "acres": 0.22239464671374842 }, "geometry": { "type": "Polygon", "coordinates": [ [ [ -80.246276, 32.570277 ], [ -80.246278, 32.570007 ], [ -80.245958, 32.570005 ], [ -80.245956, 32.570275 ], [ -80.246276, 32.570277 ] ] ] } },
{ "type": "Feature", "properties": { "first_epoch": "2001", "acres": 0.66718394014124527 }, "geometry": { "type": "Polygon", "coordinates": [ [ [ -80.311789, 32.570653 ], [ -80.311793, 32.570112 ], [ -80.311474, 32.57011 ], [ -80.311472, 32.570381 ], [ -80.311152, 32.570379 ], [ -80.31115, 32.57065 ], [ -80.311789, 32.570653 ] ] ] } },
{ "type": "Feature", "properties": { "first_epoch": "2006", "acres": 0.22239464671374842 }, "geometry": { "type": "Polygon", "coordinates": [ [ [ -80.359409, 32.570634 ], [ -80.359411, 32.570364 ], [ -80.359092, 32.570362 ], [ -80.35909, 32.570633 ], [ -80.359409, 32.570634 ] ] ] } },
{ "type": "Feature", "properties": { "first_epoch": "2011", "acres": 0.22239464671374842 }, "geometry": { "type": "Polygon", "coordinates": [ [ [ -80.247556, 32.570014 ], [ -80.247558, 32.569744 ], [ -80.247239, 32.569742 ], [ -80.247237, 32.570012 ], [ -80.247556, 32.570014 ] ] ] } },
{ "type": "Feature", "properties": { "first_epoch": "2011", "acres": 0.22239464671374842 }, "geometry": { "type": "Polygon", "coordinates": [ [ [ -80.24788, 32.569475 ], [ -80.247882, 32.569204 ], [ -80.247563, 32.569202 ], [ -80.247561, 32.569473 ], [ -80.24788, 32.569475 ] ] ] } },
{ "type": "Feature", "properties": { "first_epoch": "2011", "acres": 0.22239464671374842 }, "geometry": { "type": "Polygon", "coordinates": [ [ [ -80.247563, 32.569202 ], [ -80.247565, 32.568932 ], [ -80.247246, 32.56893 ], [ -80.247243, 32.569201 ], [ -80.247563, 32.569202 ] ] ] } },
{ "type": "Feature", "properties": { "first_epoch": "2021", "acres": 0.88957858685499369 }, "geometry": { "type": "Polygon", "coordinates": [ [ [ -80.238934, 32.56915 ], [ -80.238937, 32.56888 ], [ -80.237658, 32.568872 ], [ -80.237656, 32.569143 ], [ -80.238934, 32.56915 ] ] ] } },
{ "type": "Feature", "properties": { "first_epoch": "2001", "acres": 0.22239464671374842 }, "geometry": { "type": "Polygon", "coordinates": [ [ [ -80.342799, 32.569466 ], [ -80.342801, 32.569195 ], [ -80.342481, 32.569194 ], [ -80.342479, 32.569464 ], [ -80.342799, 32.569466 ] ] ] } },
{ "type": "Feature", "properties": { "first_epoch": "2016", "acres": 0.22239464671374842 }, "geometry": { "type": "Polygon", "coordinates": [ [ [ -80.278246, 32.568841 ], [ -80.278249, 32.568571 ], [ -80.277929, 32.568569 ], [ -80.277927, 32.568839 ], [ -80.278246, 32.568841 ] ] ] } },
{ "type": "Feature", "properties": { "first_epoch": "2021", "acres": 0.66718394014124527 }, "geometry": { "type": "Polygon", "coordinates": [ [ [ -80.206343, 32.568408 ], [ -80.206345, 32.568137 ], [ -80.205387, 32.568131 ], [ -80.205384, 32.568402 ], [ -80.206343, 32.568408 ] ] ] } },
{ "type": "Feature", "properties": { "first_epoch": "2021", "acres": 2.8911304072787294 }, "geometry": { "type": "Polygon", "coordinates": [ [ [ -80.201223, 32.569187 ], [ -80.201228, 32.568646 ], [ -80.200908, 32.568644 ], [ -80.20091, 32.568373 ], [ -80.200591, 32.568371 ], [ -80.200596, 32.56783 ], [ -80.199956, 32.567826 ], [ -80.199952, 32.568367 ], [ -80.200271, 32.568369 ], [ -80.200266, 32.56891 ], [ -80.199947, 32.568908 ], [ -80.199944, 32.569179 ], [ -80.201223, 32.569187 ] ] ] } },
{ "type": "Feature", "properties": { "first_epoch": "2001", "acres": 0.44478929342749685 }, "geometry": { "type": "Polygon", "coordinates": [ [ [ -80.290073, 32.568638 ], [ -80.290075, 32.568367 ], [ -80.289436, 32.568364 ], [ -80.289434, 32.568634 ], [ -80.290073, 32.568638 ] ] ] } },
{ "type": "Feature", "properties": { "first_epoch": "2021", "acres": 0.66718394014124527 }, "geometry": { "type": "Polygon", "coordinates": [ [ [ -80.354947, 32.568988 ], [ -80.354951, 32.568446 ], [ -80.354631, 32.568445 ], [ -80.354629, 32.568715 ], [ -80.35431, 32.568714 ], [ -80.354308, 32.568984 ], [ -80.354947, 32.568988 ] ] ] } },
{ "type": "Feature", "properties": { "first_epoch": "2006", "acres": 0.66718394014124527 }, "geometry": { "type": "Polygon", "coordinates": [ [ [ -80.245335, 32.568107 ], [ -80.245337, 32.567836 ], [ -80.244378, 32.56783 ], [ -80.244376, 32.568101 ], [ -80.245335, 32.568107 ] ] ] } },
{ "type": "Feature", "properties": { "first_epoch": "2021", "acres": 0.88957858685499369 }, "geometry": { "type": "Polygon", "coordinates": [ [ [ -80.35399, 32.568712 ], [ -80.353992, 32.568441 ], [ -80.354312, 32.568443 ], [ -80.354313, 32.568172 ], [ -80.353674, 32.568169 ], [ -80.353672, 32.56844 ], [ -80.353353, 32.568438 ], [ -80.353351, 32.568709 ], [ -80.35399, 32.568712 ] ] ] } },
{ "type": "Feature", "properties": { "first_epoch": "2011", "acres": 0.66718394014124527 }, "geometry": { "type": "Polygon", "coordinates": [ [ [ -80.239585, 32.567801 ], [ -80.239587, 32.567531 ], [ -80.238629, 32.567525 ], [ -80.238626, 32.567796 ], [ -80.239585, 32.567801 ] ] ] } },
{ "type": "Feature", "properties": { "first_epoch": "2001", "acres": 0.44478929342749685 }, "geometry": { "type": "Polygon", "coordinates": [ [ [ -80.201237, 32.567563 ], [ -80.201242, 32.567022 ], [ -80.200922, 32.56702 ], [ -80.200918, 32.567561 ], [ -80.201237, 32.567563 ] ] ] } },
{ "type": "Feature", "properties": { "first_epoch": "2001", "acres": 0.66718394014124527 }, "geometry": { "type": "Polygon", "coordinates": [ [ [ -80.250772, 32.567598 ], [ -80.250777, 32.567057 ], [ -80.250457, 32.567055 ], [ -80.250455, 32.567325 ], [ -80.250135, 32.567323 ], [ -80.250133, 32.567594 ], [ -80.250772, 32.567598 ] ] ] } },
{ "type": "Feature", "properties": { "first_epoch": "2021", "acres": 0.66718394014124527 }, "geometry": { "type": "Polygon", "coordinates": [ [ [ -80.203157, 32.567305 ], [ -80.203162, 32.566764 ], [ -80.202523, 32.56676 ], [ -80.20252, 32.56703 ], [ -80.20284, 32.567032 ], [ -80.202837, 32.567303 ], [ -80.203157, 32.567305 ] ] ] } },
{ "type": "Feature", "properties": { "first_epoch": "2021", "acres": 0.66718394014124527 }, "geometry": { "type": "Polygon", "coordinates": [ [ [ -80.35815, 32.567921 ], [ -80.358152, 32.567651 ], [ -80.357194, 32.567646 ], [ -80.357192, 32.567917 ], [ -80.35815, 32.567921 ] ] ] } },
{ "type": "Feature", "properties": { "first_epoch": "2006", "acres": 0.66718394014124527 }, "geometry": { "type": "Polygon", "coordinates": [ [ [ -80.334819, 32.568071 ], [ -80.334821, 32.5678 ], [ -80.335141, 32.567802 ], [ -80.335143, 32.567531 ], [ -80.334504, 32.567528 ], [ -80.3345, 32.568069 ], [ -80.334819, 32.568071 ] ] ] } },
{ "type": "Feature", "properties": { "first_epoch": "2001", "acres": 1.5567625269962391 }, "geometry": { "type": "Polygon", "coordinates": [ [ [ -80.311806, 32.568488 ], [ -80.311812, 32.567676 ], [ -80.312132, 32.567678 ], [ -80.312134, 32.567407 ], [ -80.311495, 32.567404 ], [ -80.311493, 32.567675 ], [ -80.311173, 32.567673 ], [ -80.311169, 32.568214 ], [ -80.311488, 32.568216 ], [ -80.311486, 32.568486 ], [ -80.311806, 32.568488 ] ] ] } },
{ "type": "Feature", "properties": { "first_epoch": "2016", "acres": 0.66718394014124527 }, "geometry": { "type": "Polygon", "coordinates": [ [ [ -80.311171, 32.567943 ], [ -80.311173, 32.567673 ], [ -80.311493, 32.567675 ], [ -80.311495, 32.567404 ], [ -80.310855, 32.5674 ], [ -80.310851, 32.567942 ], [ -80.311171, 32.567943 ] ] ] } },
{ "type": "Feature", "properties": { "first_epoch": "2001", "acres": 0.22239464671374842 }, "geometry": { "type": "Polygon", "coordinates": [ [ [ -80.293277, 32.567573 ], [ -80.293279, 32.567303 ], [ -80.29296, 32.567301 ], [ -80.292957, 32.567572 ], [ -80.293277, 32.567573 ] ] ] } },
{ "type": "Feature", "properties": { "first_epoch": "2011", "acres": 0.22239464671374842 }, "geometry": { "type": "Polygon", "coordinates": [ [ [ -80.240229, 32.567264 ], [ -80.240231, 32.566993 ], [ -80.239911, 32.566991 ], [ -80.239909, 32.567262 ], [ -80.240229, 32.567264 ] ] ] } },
{ "type": "Feature", "properties": { "first_epoch": "2001", "acres": 0.88957858685499369 }, "geometry": { "type": "Polygon", "coordinates": [ [ [ -80.338656, 32.56782 ], [ -80.338658, 32.56755 ], [ -80.338339, 32.567548 ], [ -80.338341, 32.567278 ], [ -80.338021, 32.567276 ], [ -80.338019, 32.567546 ], [ -80.337699, 32.567545 ], [ -80.337698, 32.567815 ], [ -80.338656, 32.56782 ] ] ] } },
{ "type": "Feature", "properties": { "first_epoch": "2001", "acres": 0.22239464671374842 }, "geometry": { "type": "Polygon", "coordinates": [ [ [ -80.337699, 32.567545 ], [ -80.337701, 32.567274 ], [ -80.337382, 32.567272 ], [ -80.33738, 32.567543 ], [ -80.337699, 32.567545 ] ] ] } },
{ "type": "Feature", "properties": { "first_epoch": "2001", "acres": 0.22239464671374842 }, "geometry": { "type": "Polygon", "coordinates": [ [ [ -80.251735, 32.567062 ], [ -80.251738, 32.566792 ], [ -80.251418, 32.56679 ], [ -80.251416, 32.56706 ], [ -80.251735, 32.567062 ] ] ] } },
{ "type": "Feature", "properties": { "first_epoch": "2001", "acres": 0.22239464671374842 }, "geometry": { "type": "Polygon", "coordinates": [ [ [ -80.251096, 32.567059 ], [ -80.251098, 32.566788 ], [ -80.250779, 32.566786 ], [ -80.250777, 32.567057 ], [ -80.251096, 32.567059 ] ] ] } },
{ "type": "Feature", "properties": { "first_epoch": "2011", "acres": 0.88957858685499369 }, "geometry": { "type": "Polygon", "coordinates": [ [ [ -80.23959, 32.56726 ], [ -80.239592, 32.56699 ], [ -80.239911, 32.566991 ], [ -80.239914, 32.566721 ], [ -80.239275, 32.566717 ], [ -80.239272, 32.566988 ], [ -80.238953, 32.566986 ], [ -80.23895, 32.567256 ], [ -80.23959, 32.56726 ] ] ] } },
{ "type": "Feature", "properties": { "first_epoch": "1996", "acres": 0.66718394014124527 }, "geometry": { "type": "Polygon", "coordinates": [ [ [ -80.261324, 32.566848 ], [ -80.261327, 32.566578 ], [ -80.260368, 32.566572 ], [ -80.260366, 32.566843 ], [ -80.261324, 32.566848 ] ] ] } },
{ "type": "Feature", "properties": { "first_epoch": "2006", "acres": 0.66718394014124527 }, "geometry": { "type": "Polygon", "coordinates": [ [ [ -80.252377, 32.566796 ], [ -80.252379, 32.566525 ], [ -80.25142, 32.566519 ], [ -80.251418, 32.56679 ], [ -80.252377, 32.566796 ] ] ] } },
{ "type": "Feature", "properties": { "first_epoch": "1996", "acres": 0.66718394014124527 }, "geometry": { "type": "Polygon", "coordinates": [ [ [ -80.328432, 32.567496 ], [ -80.328438, 32.566684 ], [ -80.328118, 32.566682 ], [ -80.328112, 32.567494 ], [ -80.328432, 32.567496 ] ] ] } },
{ "type": "Feature", "properties": { "first_epoch": "2021", "acres": 0.66718394014124527 }, "geometry": { "type": "Polygon", "coordinates": [ [ [ -80.250777, 32.567057 ], [ -80.250783, 32.566245 ], [ -80.250464, 32.566243 ], [ -80.250457, 32.567055 ], [ -80.250777, 32.567057 ] ] ] } },
{ "type": "Feature", "properties": { "first_epoch": "2001", "acres": 0.66718394014124527 }, "geometry": { "type": "Polygon", "coordinates": [ [ [ -80.208597, 32.566528 ], [ -80.208601, 32.565986 ], [ -80.208282, 32.565984 ], [ -80.208279, 32.566255 ], [ -80.20796, 32.566253 ], [ -80.207957, 32.566524 ], [ -80.208597, 32.566528 ] ] ] } },
{ "type": "Feature", "properties": { "first_epoch": "2001", "acres": 0.44478929342749685 }, "geometry": { "type": "Polygon", "coordinates": [ [ [ -80.252059, 32.566523 ], [ -80.252062, 32.566252 ], [ -80.251422, 32.566249 ], [ -80.25142, 32.566519 ], [ -80.252059, 32.566523 ] ] ] } },
{ "type": "Feature", "properties": { "first_epoch": "2011", "acres": 0.44478929342749685 }, "geometry": { "type": "Polygon", "coordinates": [ [ [ -80.24407, 32.566475 ], [ -80.244073, 32.566205 ], [ -80.243433, 32.566201 ], [ -80.243431, 32.566471 ], [ -80.24407, 32.566475 ] ] ] } },
{ "type": "Feature", "properties": { "first_epoch": "2021", "acres": 1.5567625269962391 }, "geometry": { "type": "Polygon", "coordinates": [ [ [ -80.354317, 32.567631 ], [ -80.354321, 32.56709 ], [ -80.354002, 32.567088 ], [ -80.354004, 32.566818 ], [ -80.353684, 32.566816 ], [ -80.353686, 32.566545 ], [ -80.353366, 32.566544 ], [ -80.353361, 32.567356 ], [ -80.354, 32.567359 ], [ -80.353998, 32.56763 ], [ -80.354317, 32.567631 ] ] ] } },
{ "type": "Feature", "properties": { "first_epoch": "2021", "acres": 6.4494447546987042 }, "geometry": { "type": "Polygon", "coordinates": [ [ [ -80.257803, 32.56764 ], [ -80.257807, 32.567098 ], [ -80.258127, 32.5671 ], [ -80.258129, 32.56683 ], [ -80.258448, 32.566832 ], [ -80.258444, 32.567373 ], [ -80.258764, 32.567375 ], [ -80.258766, 32.567104 ], [ -80.259085, 32.567106 ], [ -80.259092, 32.566294 ], [ -80.258772, 32.566292 ], [ -80.258775, 32.566022 ], [ -80.257816, 32.566016 ], [ -80.257811, 32.566557 ], [ -80.257492, 32.566555 ], [ -80.257496, 32.566014 ], [ -80.256857, 32.56601 ], [ -80.256855, 32.566281 ], [ -80.256535, 32.566279 ], [ -80.256533, 32.56655 ], [ -80.256853, 32.566552 ], [ -80.256846, 32.567363 ], [ -80.257485, 32.567367 ], [ -80.257483, 32.567638 ], [ -80.257803, 32.56764 ] ], [ [ -80.258451, 32.566561 ], [ -80.258131, 32.566559 ], [ -80.258133, 32.566288 ], [ -80.258453, 32.56629 ], [ -80.258451, 32.566561 ] ] ] } },
{ "type": "Feature", "properties": { "first_epoch": "2021", "acres": 1.1119732335687422 }, "geometry": { "type": "Polygon", "coordinates": [ [ [ -80.207957, 32.566524 ], [ -80.20796, 32.566253 ], [ -80.208279, 32.566255 ], [ -80.208282, 32.565984 ], [ -80.207962, 32.565982 ], [ -80.207965, 32.565712 ], [ -80.207645, 32.56571 ], [ -80.207643, 32.56598 ], [ -80.207323, 32.565978 ], [ -80.207321, 32.566249 ], [ -80.20764, 32.566251 ], [ -80.207638, 32.566522 ], [ -80.207957, 32.566524 ] ] ] } },
{ "type": "Feature", "properties": { "first_epoch": "2021", "acres": 0.88957858685499369 }, "geometry": { "type": "Polygon", "coordinates": [ [ [ -80.252698, 32.566527 ], [ -80.252701, 32.566256 ], [ -80.25334, 32.56626 ], [ -80.253342, 32.565989 ], [ -80.252383, 32.565984 ], [ -80.252379, 32.566525 ], [ -80.252698, 32.566527 ] ] ] } },
{ "type": "Feature", "properties": { "first_epoch": "2001", "acres": 0.22239464671374842 }, "geometry": { "type": "Polygon", "coordinates": [ [ [ -80.251422, 32.566249 ], [ -80.251425, 32.565978 ], [ -80.251105, 32.565976 ], [ -80.251103, 32.566247 ], [ -80.251422, 32.566249 ] ] ] } },
{ "type": "Feature", "properties": { "first_epoch": "2001", "acres": 1.5567625269962391 }, "geometry": { "type": "Polygon", "coordinates": [ [ [ -80.209231, 32.567073 ], [ -80.209245, 32.565449 ], [ -80.208926, 32.565447 ], [ -80.208923, 32.565718 ], [ -80.208604, 32.565716 ], [ -80.208601, 32.565986 ], [ -80.208921, 32.565988 ], [ -80.208911, 32.567071 ], [ -80.209231, 32.567073 ] ] ] } },
{ "type": "Feature", "properties": { "first_epoch": "2001", "acres": 0.66718394014124527 }, "geometry": { "type": "Polygon", "coordinates": [ [ [ -80.335147, 32.56699 ], [ -80.335153, 32.566178 ], [ -80.334833, 32.566177 ], [ -80.334827, 32.566988 ], [ -80.335147, 32.56699 ] ] ] } },
{ "type": "Feature", "properties": { "first_epoch": "2006", "acres": 0.88957858685499369 }, "geometry": { "type": "Polygon", "coordinates": [ [ [ -80.273153, 32.566376 ], [ -80.273157, 32.565835 ], [ -80.272518, 32.565831 ], [ -80.272514, 32.566373 ], [ -80.273153, 32.566376 ] ] ] } },
{ "type": "Feature", "properties": { "first_epoch": "2021", "acres": 0.22239464671374842 }, "geometry": { "type": "Polygon", "coordinates": [ [ [ -80.33547, 32.566451 ], [ -80.335472, 32.56618 ], [ -80.335153, 32.566178 ], [ -80.335151, 32.566449 ], [ -80.33547, 32.566451 ] ] ] } },
{ "type": "Feature", "properties": { "first_epoch": "2021", "acres": 0.22239464671374842 }, "geometry": { "type": "Polygon", "coordinates": [ [ [ -80.335153, 32.566178 ], [ -80.335155, 32.565908 ], [ -80.334835, 32.565906 ], [ -80.334833, 32.566177 ], [ -80.335153, 32.566178 ] ] ] } },
{ "type": "Feature", "properties": { "first_epoch": "2021", "acres": 0.22239464671374842 }, "geometry": { "type": "Polygon", "coordinates": [ [ [ -80.331638, 32.56616 ], [ -80.33164, 32.565889 ], [ -80.33132, 32.565887 ], [ -80.331318, 32.566158 ], [ -80.331638, 32.56616 ] ] ] } },
{ "type": "Feature", "properties": { "first_epoch": "2021", "acres": 0.22239464671374842 }, "geometry": { "type": "Polygon", "coordinates": [ [ [ -80.262292, 32.565772 ], [ -80.262294, 32.565501 ], [ -80.261975, 32.565499 ], [ -80.261972, 32.56577 ], [ -80.262292, 32.565772 ] ] ] } },
{ "type": "Feature", "properties": { "first_epoch": "2001", "acres": 0.44478929342749685 }, "geometry": { "type": "Polygon", "coordinates": [ [ [ -80.33164, 32.565889 ], [ -80.331642, 32.565618 ], [ -80.331003, 32.565615 ], [ -80.331001, 32.565886 ], [ -80.33164, 32.565889 ] ] ] } },
{ "type": "Feature", "properties": { "first_epoch": "2021", "acres": 1.1119732335687422 }, "geometry": { "type": "Polygon", "coordinates": [ [ [ -80.329403, 32.565877 ], [ -80.329405, 32.565606 ], [ -80.329085, 32.565605 ], [ -80.329087, 32.565334 ], [ -80.328448, 32.565331 ], [ -80.328444, 32.565872 ], [ -80.329403, 32.565877 ] ] ] } },
{ "type": "Feature", "properties": { "first_epoch": "2001", "acres": 0.66718394014124527 }, "geometry": { "type": "Polygon", "coordinates": [ [ [ -80.262614, 32.565503 ], [ -80.262616, 32.565232 ], [ -80.262296, 32.56523 ], [ -80.262299, 32.56496 ], [ -80.261979, 32.564958 ], [ -80.261975, 32.565499 ], [ -80.262614, 32.565503 ] ] ] } },
{ "type": "Feature", "properties": { "first_epoch": "2021", "acres": 0.88957858685499369 }, "geometry": { "type": "Polygon", "coordinates": [ [ [ -80.332281, 32.565622 ], [ -80.332283, 32.565351 ], [ -80.331963, 32.565349 ], [ -80.331965, 32.565079 ], [ -80.331646, 32.565077 ], [ -80.331644, 32.565348 ], [ -80.331324, 32.565346 ], [ -80.331322, 32.565617 ], [ -80.332281, 32.565622 ] ] ] } },
{ "type": "Feature", "properties": { "first_epoch": "2001", "acres": 0.66718394014124527 }, "geometry": { "type": "Polygon", "coordinates": [ [ [ -80.238969, 32.565091 ], [ -80.238971, 32.564821 ], [ -80.238651, 32.564819 ], [ -80.238654, 32.564548 ], [ -80.238334, 32.564546 ], [ -80.23833, 32.565088 ], [ -80.238969, 32.565091 ] ] ] } },
{ "type": "Feature", "properties": { "first_epoch": "1996", "acres": 0.22239464671374842 }, "geometry": { "type": "Polygon", "coordinates": [ [ [ -80.343148, 32.565408 ], [ -80.34315, 32.565138 ], [ -80.34283, 32.565136 ], [ -80.342828, 32.565407 ], [ -80.343148, 32.565408 ] ] ] } },
{ "type": "Feature", "properties": { "first_epoch": "2021", "acres": 0.66718394014124527 }, "geometry": { "type": "Polygon", "coordinates": [ [ [ -80.262938, 32.564964 ], [ -80.26294, 32.564693 ], [ -80.261981, 32.564687 ], [ -80.261979, 32.564958 ], [ -80.262938, 32.564964 ] ] ] } },
{ "type": "Feature", "properties": { "first_epoch": "2021", "acres": 0.66718394014124527 }, "geometry": { "type": "Polygon", "coordinates": [ [ [ -80.202542, 32.564595 ], [ -80.202544, 32.564324 ], [ -80.202225, 32.564322 ], [ -80.202227, 32.564052 ], [ -80.201907, 32.56405 ], [ -80.201903, 32.564591 ], [ -80.202542, 32.564595 ] ] ] } },
{ "type": "Feature", "properties": { "first_epoch": "2001", "acres": 2.0015518204237357 }, "geometry": { "type": "Polygon", "coordinates": [ [ [ -80.33995, 32.565662 ], [ -80.339954, 32.565121 ], [ -80.340593, 32.565124 ], [ -80.340595, 32.564854 ], [ -80.339317, 32.564847 ], [ -80.339315, 32.565118 ], [ -80.338996, 32.565116 ], [ -80.338992, 32.565657 ], [ -80.33995, 32.565662 ] ], [ [ -80.339633, 32.56539 ], [ -80.339313, 32.565388 ], [ -80.339315, 32.565118 ], [ -80.339635, 32.565119 ], [ -80.339633, 32.56539 ] ] ] } },
{ "type": "Feature", "properties": { "first_epoch": "2016", "acres": 0.22239464671374842 }, "geometry": { "type": "Polygon", "coordinates": [ [ [ -80.339315, 32.565118 ], [ -80.339317, 32.564847 ], [ -80.338998, 32.564845 ], [ -80.338996, 32.565116 ], [ -80.339315, 32.565118 ] ] ] } },
{ "type": "Feature", "properties": { "first_epoch": "2016", "acres": 1.1119732335687422 }, "geometry": { "type": "Polygon", "coordinates": [ [ [ -80.314068, 32.565253 ], [ -80.31407, 32.564982 ], [ -80.31375, 32.564981 ], [ -80.313754, 32.564439 ], [ -80.313115, 32.564436 ], [ -80.313113, 32.564707 ], [ -80.313433, 32.564708 ], [ -80.313428, 32.56525 ], [ -80.314068, 32.565253 ] ] ] } },
{ "type": "Feature", "properties": { "first_epoch": "2021", "acres": 0.66718394014124527 }, "geometry": { "type": "Polygon", "coordinates": [ [ [ -80.297772, 32.564892 ], [ -80.297776, 32.564351 ], [ -80.297137, 32.564348 ], [ -80.297135, 32.564618 ], [ -80.297455, 32.56462 ], [ -80.297452, 32.564891 ], [ -80.297772, 32.564892 ] ] ] } },
{ "type": "Feature", "properties": { "first_epoch": "2016", "acres": 0.22239464671374842 }, "geometry": { "type": "Polygon", "coordinates": [ [ [ -80.338998, 32.564845 ], [ -80.339, 32.564575 ], [ -80.33868, 32.564573 ], [ -80.338678, 32.564844 ], [ -80.338998, 32.564845 ] ] ] } },
{ "type": "Feature", "properties": { "first_epoch": "2001", "acres": 0.66718394014124527 }, "geometry": { "type": "Polygon", "coordinates": [ [ [ -80.332924, 32.565084 ], [ -80.332926, 32.564813 ], [ -80.333245, 32.564815 ], [ -80.333247, 32.564544 ], [ -80.332608, 32.564541 ], [ -80.332604, 32.565082 ], [ -80.332924, 32.565084 ] ] ] } },
{ "type": "Feature", "properties": { "first_epoch": "2006", "acres": 0.22239464671374842 }, "geometry": { "type": "Polygon", "coordinates": [ [ [ -80.316628, 32.564726 ], [ -80.31663, 32.564455 ], [ -80.316311, 32.564453 ], [ -80.316309, 32.564724 ], [ -80.316628, 32.564726 ] ] ] } },
{ "type": "Feature", "properties": { "first_epoch": "2001", "acres": 1.1119732335687422 }, "geometry": { "type": "Polygon", "coordinates": [ [ [ -80.264538, 32.564702 ], [ -80.264544, 32.563891 ], [ -80.263586, 32.563885 ], [ -80.263584, 32.564156 ], [ -80.264223, 32.564159 ], [ -80.264218, 32.564701 ], [ -80.264538, 32.564702 ] ] ] } },
{ "type": "Feature", "properties": { "first_epoch": "2001", "acres": 0.66718394014124527 }, "geometry": { "type": "Polygon", "coordinates": [ [ [ -80.334204, 32.56482 ], [ -80.334206, 32.564549 ], [ -80.333887, 32.564548 ], [ -80.333889, 32.564277 ], [ -80.333569, 32.564275 ], [ -80.333565, 32.564817 ], [ -80.334204, 32.56482 ] ] ] } },
{ "type": "Feature", "properties": { "first_epoch": "2021", "acres": 1.1119732335687422 }, "geometry": { "type": "Polygon", "coordinates": [ [ [ -80.197753, 32.564023 ], [ -80.197758, 32.563482 ], [ -80.197119, 32.563478 ], [ -80.197117, 32.563749 ], [ -80.196797, 32.563747 ], [ -80.196795, 32.564017 ], [ -80.197753, 32.564023 ] ] ] } },
{ "type": "Feature", "properties": { "first_epoch": "1996", "acres": 0.44478929342749685 }, "geometry": { "type": "Polygon", "coordinates": [ [ [ -80.275088, 32.564222 ], [ -80.27509, 32.563952 ], [ -80.274451, 32.563948 ], [ -80.274448, 32.564219 ], [ -80.275088, 32.564222 ] ] ] } },
{ "type": "Feature", "properties": { "first_epoch": "1996", "acres": 0.66718394014124527 }, "geometry": { "type": "Polygon", "coordinates": [ [ [ -80.247284, 32.56433 ], [ -80.247291, 32.563518 ], [ -80.246971, 32.563516 ], [ -80.246964, 32.564328 ], [ -80.247284, 32.56433 ] ] ] } },
{ "type": "Feature", "properties": { "first_epoch": "2021", "acres": 0.88957858685499369 }, "geometry": { "type": "Polygon", "coordinates": [ [ [ -80.339319, 32.564576 ], [ -80.339321, 32.564306 ], [ -80.339002, 32.564304 ], [ -80.339004, 32.564034 ], [ -80.338684, 32.564032 ], [ -80.338682, 32.564302 ], [ -80.338362, 32.564301 ], [ -80.33836, 32.564571 ], [ -80.339319, 32.564576 ] ] ] } },
{ "type": "Feature", "properties": { "first_epoch": "1991", "acres": 0.44478929342749685 }, "geometry": { "type": "Polygon", "coordinates": [ [ [ -80.353382, 32.564379 ], [ -80.353386, 32.563838 ], [ -80.353066, 32.563836 ], [ -80.353062, 32.564377 ], [ -80.353382, 32.564379 ] ] ] } },
{ "type": "Feature", "properties": { "first_epoch": "1996", "acres": 0.66718394014124527 }, "geometry": { "type": "Polygon", "coordinates": [ [ [ -80.275409, 32.563954 ], [ -80.275414, 32.563412 ], [ -80.274775, 32.563409 ], [ -80.274772, 32.563679 ], [ -80.275092, 32.563681 ], [ -80.27509, 32.563952 ], [ -80.275409, 32.563954 ] ] ] } },
{ "type": "Feature", "properties": { "first_epoch": "2021", "acres": 0.66718394014124527 }, "geometry": { "type": "Polygon", "coordinates": [ [ [ -80.198082, 32.562943 ], [ -80.198087, 32.562402 ], [ -80.197448, 32.562398 ], [ -80.197446, 32.562668 ], [ -80.197765, 32.56267 ], [ -80.197763, 32.562941 ], [ -80.198082, 32.562943 ] ] ] } },
{ "type": "Feature", "properties": { "first_epoch": "2001", "acres": 0.22239464671374842 }, "geometry": { "type": "Polygon", "coordinates": [ [ [ -80.246656, 32.562973 ], [ -80.246658, 32.562702 ], [ -80.246339, 32.5627 ], [ -80.246337, 32.562971 ], [ -80.246656, 32.562973 ] ] ] } },
{ "type": "Feature", "properties": { "first_epoch": "2001", "acres": 0.22239464671374842 }, "geometry": { "type": "Polygon", "coordinates": [ [ [ -80.246339, 32.5627 ], [ -80.246341, 32.56243 ], [ -80.246022, 32.562428 ], [ -80.246019, 32.562698 ], [ -80.246339, 32.5627 ] ] ] } },
{ "type": "Feature", "properties": { "first_epoch": "2001", "acres": 1.1119732335687422 }, "geometry": { "type": "Polygon", "coordinates": [ [ [ -80.203837, 32.562709 ], [ -80.203839, 32.562438 ], [ -80.204159, 32.56244 ], [ -80.204161, 32.56217 ], [ -80.203841, 32.562168 ], [ -80.203844, 32.561897 ], [ -80.203205, 32.561893 ], [ -80.203202, 32.562164 ], [ -80.203522, 32.562166 ], [ -80.203517, 32.562707 ], [ -80.203837, 32.562709 ] ] ] } },
{ "type": "Feature", "properties": { "first_epoch": "2021", "acres": 0.66718394014124527 }, "geometry": { "type": "Polygon", "coordinates": [ [ [ -80.338692, 32.562949 ], [ -80.338698, 32.562138 ], [ -80.338378, 32.562136 ], [ -80.338372, 32.562948 ], [ -80.338692, 32.562949 ] ] ] } },
{ "type": "Feature", "properties": { "first_epoch": "2001", "acres": 0.66718394014124527 }, "geometry": { "type": "Polygon", "coordinates": [ [ [ -80.350523, 32.561929 ], [ -80.350525, 32.561658 ], [ -80.349567, 32.561653 ], [ -80.349565, 32.561924 ], [ -80.350523, 32.561929 ] ] ] } },
{ "type": "Feature", "properties": { "first_epoch": "2021", "acres": 0.66718394014124527 }, "geometry": { "type": "Polygon", "coordinates": [ [ [ -80.314412, 32.562007 ], [ -80.314418, 32.561196 ], [ -80.314099, 32.561194 ], [ -80.314092, 32.562006 ], [ -80.314412, 32.562007 ] ] ] } },
{ "type": "Feature", "properties": { "first_epoch": "2001", "acres": 0.66718394014124527 }, "geometry": { "type": "Polygon", "coordinates": [ [ [ -80.282779, 32.56156 ], [ -80.282783, 32.561019 ], [ -80.282463, 32.561017 ], [ -80.282461, 32.561288 ], [ -80.282142, 32.561286 ], [ -80.282139, 32.561557 ], [ -80.282779, 32.56156 ] ] ] } },
{ "type": "Feature", "properties": { "first_epoch": "2016", "acres": 0.66718394014124527 }, "geometry": { "type": "Polygon", "coordinates": [ [ [ -80.333909, 32.561571 ], [ -80.333911, 32.5613 ], [ -80.332952, 32.561295 ], [ -80.33295, 32.561566 ], [ -80.333909, 32.561571 ] ] ] } },
{ "type": "Feature", "properties": { "first_epoch": "2021", "acres": 0.88957858685499369 }, "geometry": { "type": "Polygon", "coordinates": [ [ [ -80.335506, 32.561579 ], [ -80.33551, 32.561038 ], [ -80.334871, 32.561035 ], [ -80.334867, 32.561576 ], [ -80.335506, 32.561579 ] ] ] } },
{ "type": "Feature", "properties": { "first_epoch": "2016", "acres": 0.66718394014124527 }, "geometry": { "type": "Polygon", "coordinates": [ [ [ -80.280224, 32.561275 ], [ -80.280226, 32.561004 ], [ -80.280546, 32.561006 ], [ -80.280548, 32.560736 ], [ -80.279909, 32.560732 ], [ -80.279905, 32.561273 ], [ -80.280224, 32.561275 ] ] ] } },
{ "type": "Feature", "properties": { "first_epoch": "2006", "acres": 0.88957858685499369 }, "geometry": { "type": "Polygon", "coordinates": [ [ [ -80.34733, 32.561641 ], [ -80.347332, 32.561371 ], [ -80.347651, 32.561372 ], [ -80.347655, 32.560831 ], [ -80.347336, 32.56083 ], [ -80.347334, 32.5611 ], [ -80.347014, 32.561099 ], [ -80.34701, 32.56164 ], [ -80.34733, 32.561641 ] ] ] } },
{ "type": "Feature", "properties": { "first_epoch": "2006", "acres": 0.88957858685499369 }, "geometry": { "type": "Polygon", "coordinates": [ [ [ -80.336147, 32.561312 ], [ -80.336149, 32.561042 ], [ -80.33583, 32.56104 ], [ -80.335832, 32.560769 ], [ -80.335193, 32.560766 ], [ -80.335191, 32.561037 ], [ -80.33551, 32.561038 ], [ -80.335508, 32.561309 ], [ -80.336147, 32.561312 ] ] ] } },
{ "type": "Feature", "properties": { "first_epoch": "2021", "acres": 1.5567625269962391 }, "geometry": { "type": "Polygon", "coordinates": [ [ [ -80.346052, 32.561635 ], [ -80.346059, 32.560552 ], [ -80.34542, 32.560549 ], [ -80.345414, 32.561361 ], [ -80.345734, 32.561363 ], [ -80.345732, 32.561633 ], [ -80.346052, 32.561635 ] ] ] } },
{ "type": "Feature", "properties": { "first_epoch": "2001", "acres": 1.1119732335687422 }, "geometry": { "type": "Polygon", "coordinates": [ [ [ -80.325602, 32.561256 ], [ -80.325604, 32.560986 ], [ -80.325924, 32.560987 ], [ -80.325926, 32.560717 ], [ -80.325606, 32.560715 ], [ -80.325608, 32.560444 ], [ -80.325289, 32.560443 ], [ -80.325287, 32.560713 ], [ -80.324967, 32.560711 ], [ -80.324965, 32.560982 ], [ -80.325285, 32.560984 ], [ -80.325283, 32.561254 ], [ -80.325602, 32.561256 ] ] ] } },
{ "type": "Feature", "properties": { "first_epoch": "2001", "acres": 0.66718394014124527 }, "geometry": { "type": "Polygon", "coordinates": [ [ [ -80.362674, 32.560908 ], [ -80.362676, 32.560638 ], [ -80.362356, 32.560636 ], [ -80.362358, 32.560365 ], [ -80.362039, 32.560364 ], [ -80.362035, 32.560905 ], [ -80.362674, 32.560908 ] ] ] } },
{ "type": "Feature", "properties": { "first_epoch": "2016", "acres": 1.3343678802824905 }, "geometry": { "type": "Polygon", "coordinates": [ [ [ -80.339347, 32.560788 ], [ -80.339351, 32.560247 ], [ -80.337753, 32.560238 ], [ -80.337751, 32.560509 ], [ -80.339029, 32.560516 ], [ -80.339027, 32.560786 ], [ -80.339347, 32.560788 ] ] ] } },
{ "type": "Feature", "properties": { "first_epoch": "2006", "acres": 0.22239464671374842 }, "geometry": { "type": "Polygon", "coordinates": [ [ [ -80.347657, 32.560561 ], [ -80.347659, 32.56029 ], [ -80.34734, 32.560288 ], [ -80.347338, 32.560559 ], [ -80.347657, 32.560561 ] ] ] } },
{ "type": "Feature", "properties": { "first_epoch": "2016", "acres": 0.66718394014124527 }, "geometry": { "type": "Polygon", "coordinates": [ [ [ -80.288861, 32.560242 ], [ -80.288865, 32.559701 ], [ -80.288545, 32.559699 ], [ -80.288543, 32.559969 ], [ -80.288224, 32.559968 ], [ -80.288222, 32.560238 ], [ -80.288861, 32.560242 ] ] ] } },
{ "type": "Feature", "properties": { "first_epoch": "2021", "acres": 0.66718394014124527 }, "geometry": { "type": "Polygon", "coordinates": [ [ [ -80.362676, 32.560638 ], [ -80.362678, 32.560367 ], [ -80.362998, 32.560369 ], [ -80.362999, 32.560098 ], [ -80.36236, 32.560095 ], [ -80.362356, 32.560636 ], [ -80.362676, 32.560638 ] ] ] } },
{ "type": "Feature", "properties": { "first_epoch": "2001", "acres": 0.44478929342749685 }, "geometry": { "type": "Polygon", "coordinates": [ [ [ -80.258187, 32.559794 ], [ -80.258189, 32.559523 ], [ -80.25755, 32.55952 ], [ -80.257548, 32.55979 ], [ -80.258187, 32.559794 ] ] ] } },
{ "type": "Feature", "properties": { "first_epoch": "2001", "acres": 0.44478929342749685 }, "geometry": { "type": "Polygon", "coordinates": [ [ [ -80.363317, 32.56037 ], [ -80.363321, 32.559829 ], [ -80.363001, 32.559827 ], [ -80.362998, 32.560369 ], [ -80.363317, 32.56037 ] ] ] } },
{ "type": "Feature", "properties": { "first_epoch": "1996", "acres": 0.22239464671374842 }, "geometry": { "type": "Polygon", "coordinates": [ [ [ -80.265219, 32.559565 ], [ -80.265221, 32.559294 ], [ -80.264902, 32.559292 ], [ -80.264899, 32.559563 ], [ -80.265219, 32.559565 ] ] ] } },
{ "type": "Feature", "properties": { "first_epoch": "2001", "acres": 0.22239464671374842 }, "geometry": { "type": "Polygon", "coordinates": [ [ [ -80.261065, 32.55954 ], [ -80.261067, 32.55927 ], [ -80.260747, 32.559268 ], [ -80.260745, 32.559538 ], [ -80.261065, 32.55954 ] ] ] } },
{ "type": "Feature", "properties": { "first_epoch": "2001", "acres": 0.22239464671374842 }, "geometry": { "type": "Polygon", "coordinates": [ [ [ -80.36364, 32.559831 ], [ -80.363642, 32.55956 ], [ -80.363323, 32.559558 ], [ -80.363321, 32.559829 ], [ -80.36364, 32.559831 ] ] ] } },
{ "type": "Feature", "properties": { "first_epoch": "2021", "acres": 0.66718394014124527 }, "geometry": { "type": "Polygon", "coordinates": [ [ [ -80.351498, 32.559769 ], [ -80.3515, 32.559498 ], [ -80.350541, 32.559493 ], [ -80.350539, 32.559764 ], [ -80.351498, 32.559769 ] ] ] } },
{ "type": "Feature", "properties": { "first_epoch": "2001", "acres": 0.44478929342749685 }, "geometry": { "type": "Polygon", "coordinates": [ [ [ -80.277683, 32.559366 ], [ -80.277685, 32.559096 ], [ -80.277046, 32.559092 ], [ -80.277044, 32.559363 ], [ -80.277683, 32.559366 ] ] ] } },
{ "type": "Feature", "properties": { "first_epoch": "2021", "acres": 0.66718394014124527 }, "geometry": { "type": "Polygon", "coordinates": [ [ [ -80.247327, 32.559188 ], [ -80.247329, 32.558917 ], [ -80.246371, 32.558912 ], [ -80.246368, 32.559182 ], [ -80.247327, 32.559188 ] ] ] } },
{ "type": "Feature", "properties": { "first_epoch": "2001", "acres": 1.1119732335687422 }, "geometry": { "type": "Polygon", "coordinates": [ [ [ -80.347024, 32.559745 ], [ -80.347028, 32.559204 ], [ -80.346389, 32.559201 ], [ -80.346387, 32.559472 ], [ -80.346067, 32.55947 ], [ -80.346065, 32.559741 ], [ -80.347024, 32.559745 ] ] ] } },
{ "type": "Feature", "properties": { "first_epoch": "2001", "acres": 0.22239464671374842 }, "geometry": { "type": "Polygon", "coordinates": [ [ [ -80.306124, 32.559256 ], [ -80.306126, 32.558985 ], [ -80.305807, 32.558983 ], [ -80.305805, 32.559254 ], [ -80.306124, 32.559256 ] ] ] } },
{ "type": "Feature", "properties": { "first_epoch": "2011", "acres": 0.66718394014124527 }, "geometry": { "type": "Polygon", "coordinates": [ [ [ -80.262986, 32.55901 ], [ -80.262989, 32.55874 ], [ -80.26203, 32.558734 ], [ -80.262028, 32.559005 ], [ -80.262986, 32.55901 ] ] ] } },
{ "type": "Feature", "properties": { "first_epoch": "2001", "acres": 0.88957858685499369 }, "geometry": { "type": "Polygon", "coordinates": [ [ [ -80.331366, 32.559663 ], [ -80.331368, 32.559393 ], [ -80.331688, 32.559394 ], [ -80.331692, 32.558853 ], [ -80.331372, 32.558851 ], [ -80.33137, 32.559122 ], [ -80.331051, 32.55912 ], [ -80.331047, 32.559661 ], [ -80.331366, 32.559663 ] ] ] } },
{ "type": "Feature", "properties": { "first_epoch": "2016", "acres": 0.22239464671374842 }, "geometry": { "type": "Polygon", "coordinates": [ [ [ -80.347667, 32.559208 ], [ -80.347669, 32.558937 ], [ -80.347349, 32.558935 ], [ -80.347347, 32.559206 ], [ -80.347667, 32.559208 ] ] ] } },
{ "type": "Feature", "properties": { "first_epoch": "2006", "acres": 0.66718394014124527 }, "geometry": { "type": "Polygon", "coordinates": [ [ [ -80.347028, 32.559204 ], [ -80.34703, 32.558934 ], [ -80.346071, 32.558929 ], [ -80.346069, 32.559199 ], [ -80.347028, 32.559204 ] ] ] } },
{ "type": "Feature", "properties": { "first_epoch": "2001", "acres": 0.22239464671374842 }, "geometry": { "type": "Polygon", "coordinates": [ [ [ -80.305807, 32.558983 ], [ -80.305809, 32.558713 ], [ -80.305489, 32.558711 ], [ -80.305487, 32.558982 ], [ -80.305807, 32.558983 ] ] ] } },
{ "type": "Feature", "properties": { "first_epoch": "2001", "acres": 0.44478929342749685 }, "geometry": { "type": "Polygon", "coordinates": [ [ [ -80.277368, 32.558823 ], [ -80.27737, 32.558553 ], [ -80.276731, 32.558549 ], [ -80.276729, 32.558819 ], [ -80.277368, 32.558823 ] ] ] } },
{ "type": "Feature", "properties": { "first_epoch": "2006", "acres": 0.44478929342749685 }, "geometry": { "type": "Polygon", "coordinates": [ [ [ -80.349904, 32.559219 ], [ -80.349908, 32.558678 ], [ -80.349588, 32.558676 ], [ -80.349584, 32.559218 ], [ -80.349904, 32.559219 ] ] ] } },
{ "type": "Feature", "properties": { "first_epoch": "2001", "acres": 0.66718394014124527 }, "geometry": { "type": "Polygon", "coordinates": [ [ [ -80.276092, 32.558545 ], [ -80.276094, 32.558275 ], [ -80.275135, 32.558269 ], [ -80.275133, 32.55854 ], [ -80.276092, 32.558545 ] ] ] } },
{ "type": "Feature", "properties": { "first_epoch": "2016", "acres": 0.88957858685499369 }, "geometry": { "type": "Polygon", "coordinates": [ [ [ -80.351502, 32.559227 ], [ -80.351505, 32.558686 ], [ -80.351186, 32.558685 ], [ -80.351188, 32.558414 ], [ -80.350868, 32.558412 ], [ -80.350864, 32.558954 ], [ -80.351184, 32.558955 ], [ -80.351182, 32.559226 ], [ -80.351502, 32.559227 ] ] ] } },
{ "type": "Feature", "properties": { "first_epoch": "2021", "acres": 1.3343678802824905 }, "geometry": { "type": "Polygon", "coordinates": [ [ [ -80.350862, 32.559224 ], [ -80.350868, 32.558412 ], [ -80.350229, 32.558409 ], [ -80.350227, 32.55868 ], [ -80.349908, 32.558678 ], [ -80.349906, 32.558949 ], [ -80.350545, 32.558952 ], [ -80.350543, 32.559222 ], [ -80.350862, 32.559224 ] ] ] } },
{ "type": "Feature", "properties": { "first_epoch": "2016", "acres": 0.88957858685499369 }, "geometry": { "type": "Polygon", "coordinates": [ [ [ -80.34703, 32.558934 ], [ -80.347032, 32.558663 ], [ -80.346712, 32.558661 ], [ -80.346714, 32.558391 ], [ -80.346075, 32.558387 ], [ -80.346073, 32.558658 ], [ -80.346393, 32.55866 ], [ -80.346391, 32.55893 ], [ -80.34703, 32.558934 ] ] ] } },
{ "type": "Feature", "properties": { "first_epoch": "2001", "acres": 0.66718394014124527 }, "geometry": { "type": "Polygon", "coordinates": [ [ [ -80.225925, 32.558246 ], [ -80.22593, 32.557705 ], [ -80.22561, 32.557703 ], [ -80.225608, 32.557974 ], [ -80.225288, 32.557972 ], [ -80.225286, 32.558242 ], [ -80.225925, 32.558246 ] ] ] } },
{ "type": "Feature", "properties": { "first_epoch": "2011", "acres": 0.22239464671374842 }, "geometry": { "type": "Polygon", "coordinates": [ [ [ -80.347351, 32.558665 ], [ -80.347353, 32.558394 ], [ -80.347034, 32.558392 ], [ -80.347032, 32.558663 ], [ -80.347351, 32.558665 ] ] ] } },
{ "type": "Feature", "properties": { "first_epoch": "1991", "acres": 0.66718394014124527 }, "geometry": { "type": "Polygon", "coordinates": [ [ [ -80.306448, 32.558716 ], [ -80.30645, 32.558446 ], [ -80.30677, 32.558447 ], [ -80.306772, 32.558177 ], [ -80.306133, 32.558173 ], [ -80.306129, 32.558715 ], [ -80.306448, 32.558716 ] ] ] } },
{ "type": "Feature", "properties": { "first_epoch": "1996", "acres": 0.22239464671374842 }, "geometry": { "type": "Polygon", "coordinates": [ [ [ -80.276094, 32.558275 ], [ -80.276096, 32.558004 ], [ -80.275777, 32.558002 ], [ -80.275775, 32.558273 ], [ -80.276094, 32.558275 ] ] ] } },
{ "type": "Feature", "properties": { "first_epoch": "1996", "acres": 0.66718394014124527 }, "geometry": { "type": "Polygon", "coordinates": [ [ [ -80.275133, 32.55854 ], [ -80.275135, 32.558269 ], [ -80.275455, 32.558271 ], [ -80.275457, 32.558 ], [ -80.274818, 32.557997 ], [ -80.274814, 32.558538 ], [ -80.275133, 32.55854 ] ] ] } },
{ "type": "Feature", "properties": { "first_epoch": "2001", "acres": 0.66718394014124527 }, "geometry": { "type": "Polygon", "coordinates": [ [ [ -80.226564, 32.55825 ], [ -80.226571, 32.557438 ], [ -80.226251, 32.557436 ], [ -80.226244, 32.558248 ], [ -80.226564, 32.55825 ] ] ] } },
{ "type": "Feature", "properties": { "first_epoch": "1991", "acres": 1.1119732335687422 }, "geometry": { "type": "Polygon", "coordinates": [ [ [ -80.349908, 32.558678 ], [ -80.34991, 32.558407 ], [ -80.350549, 32.558411 ], [ -80.350551, 32.55814 ], [ -80.349273, 32.558133 ], [ -80.349271, 32.558404 ], [ -80.34959, 32.558406 ], [ -80.349588, 32.558676 ], [ -80.349908, 32.558678 ] ] ] } },
{ "type": "Feature", "properties": { "first_epoch": "2021", "acres": 0.22239464671374842 }, "geometry": { "type": "Polygon", "coordinates": [ [ [ -80.228805, 32.557723 ], [ -80.228808, 32.557452 ], [ -80.228488, 32.55745 ], [ -80.228486, 32.557721 ], [ -80.228805, 32.557723 ] ] ] } },
{ "type": "Feature", "properties": { "first_epoch": "2006", "acres": 1.7791571737099874 }, "geometry": { "type": "Polygon", "coordinates": [ [ [ -80.324979, 32.559088 ], [ -80.324985, 32.558276 ], [ -80.325305, 32.558278 ], [ -80.325303, 32.558548 ], [ -80.325623, 32.55855 ], [ -80.325627, 32.558009 ], [ -80.324988, 32.558005 ], [ -80.32499, 32.557735 ], [ -80.32467, 32.557733 ], [ -80.32466, 32.559086 ], [ -80.324979, 32.559088 ] ] ] } },
{ "type": "Feature", "properties": { "first_epoch": "2016", "acres": 0.66718394014124527 }, "geometry": { "type": "Polygon", "coordinates": [ [ [ -80.347034, 32.558392 ], [ -80.347038, 32.557851 ], [ -80.346399, 32.557848 ], [ -80.346397, 32.558118 ], [ -80.346716, 32.55812 ], [ -80.346714, 32.558391 ], [ -80.347034, 32.558392 ] ] ] } },
{ "type": "Feature", "properties": { "first_epoch": "2001", "acres": 0.44478929342749685 }, "geometry": { "type": "Polygon", "coordinates": [ [ [ -80.250214, 32.557852 ], [ -80.250218, 32.557311 ], [ -80.249899, 32.557309 ], [ -80.249894, 32.55785 ], [ -80.250214, 32.557852 ] ] ] } },
{ "type": "Feature", "properties": { "first_epoch": "2001", "acres": 1.3343678802824905 }, "geometry": { "type": "Polygon", "coordinates": [ [ [ -80.228164, 32.557989 ], [ -80.228166, 32.557719 ], [ -80.228486, 32.557721 ], [ -80.22849, 32.55718 ], [ -80.228171, 32.557178 ], [ -80.228169, 32.557448 ], [ -80.22753, 32.557444 ], [ -80.227525, 32.557985 ], [ -80.228164, 32.557989 ] ] ] } },
{ "type": "Feature", "properties": { "first_epoch": "2021", "acres": 0.66718394014124527 }, "geometry": { "type": "Polygon", "coordinates": [ [ [ -80.306772, 32.558177 ], [ -80.306774, 32.557906 ], [ -80.307093, 32.557908 ], [ -80.307095, 32.557637 ], [ -80.306456, 32.557634 ], [ -80.306452, 32.558175 ], [ -80.306772, 32.558177 ] ] ] } },
{ "type": "Feature", "properties": { "first_epoch": "2021", "acres": 0.66718394014124527 }, "geometry": { "type": "Polygon", "coordinates": [ [ [ -80.347353, 32.558394 ], [ -80.347359, 32.557582 ], [ -80.34704, 32.557581 ], [ -80.347034, 32.558392 ], [ -80.347353, 32.558394 ] ] ] } },
{ "type": "Feature", "properties": { "first_epoch": "2001", "acres": 0.22239464671374842 }, "geometry": { "type": "Polygon", "coordinates": [ [ [ -80.331061, 32.557767 ], [ -80.331063, 32.557497 ], [ -80.330743, 32.557495 ], [ -80.330741, 32.557765 ], [ -80.331061, 32.557767 ] ] ] } },
{ "type": "Feature", "properties": { "first_epoch": "2021", "acres": 0.66718394014124527 }, "geometry": { "type": "Polygon", "coordinates": [ [ [ -80.266193, 32.557676 ], [ -80.266195, 32.557405 ], [ -80.266515, 32.557407 ], [ -80.266517, 32.557137 ], [ -80.265878, 32.557133 ], [ -80.265873, 32.557674 ], [ -80.266193, 32.557676 ] ] ] } },
{ "type": "Feature", "properties": { "first_epoch": "2006", "acres": 0.88957858685499369 }, "geometry": { "type": "Polygon", "coordinates": [ [ [ -80.32435, 32.557731 ], [ -80.324352, 32.557461 ], [ -80.323713, 32.557457 ], [ -80.323715, 32.557187 ], [ -80.323396, 32.557185 ], [ -80.323392, 32.557726 ], [ -80.32435, 32.557731 ] ] ] } },
{ "type": "Feature", "properties": { "first_epoch": "2021", "acres": 0.88957858685499369 }, "geometry": { "type": "Polygon", "coordinates": [ [ [ -80.246704, 32.55729 ], [ -80.246706, 32.557019 ], [ -80.246067, 32.557016 ], [ -80.246069, 32.556745 ], [ -80.24575, 32.556743 ], [ -80.245745, 32.557284 ], [ -80.246704, 32.55729 ] ] ] } },
{ "type": "Feature", "properties": { "first_epoch": "2016", "acres": 0.66718394014124527 }, "geometry": { "type": "Polygon", "coordinates": [ [ [ -80.27642, 32.557465 ], [ -80.276427, 32.556653 ], [ -80.276107, 32.556651 ], [ -80.276101, 32.557463 ], [ -80.27642, 32.557465 ] ] ] } },
{ "type": "Feature", "properties": { "first_epoch": "2001", "acres": 2.4463411138512328 }, "geometry": { "type": "Polygon", "coordinates": [ [ [ -80.229123, 32.557995 ], [ -80.229125, 32.557725 ], [ -80.229444, 32.557727 ], [ -80.229447, 32.557456 ], [ -80.229127, 32.557454 ], [ -80.22913, 32.557183 ], [ -80.229449, 32.557185 ], [ -80.229451, 32.556915 ], [ -80.228812, 32.556911 ], [ -80.228817, 32.55637 ], [ -80.228178, 32.556366 ], [ -80.228173, 32.556907 ], [ -80.228493, 32.556909 ], [ -80.22849, 32.55718 ], [ -80.22881, 32.557182 ], [ -80.228803, 32.557993 ], [ -80.229123, 32.557995 ] ] ] } },
{ "type": "Feature", "properties": { "first_epoch": "2001", "acres": 2.0015518204237357 }, "geometry": { "type": "Polygon", "coordinates": [ [ [ -80.325948, 32.55774 ], [ -80.32595, 32.557469 ], [ -80.326909, 32.557474 ], [ -80.326911, 32.557204 ], [ -80.326272, 32.5572 ], [ -80.326274, 32.55693 ], [ -80.325315, 32.556925 ], [ -80.325313, 32.557195 ], [ -80.325633, 32.557197 ], [ -80.325631, 32.557468 ], [ -80.325311, 32.557466 ], [ -80.325309, 32.557736 ], [ -80.325948, 32.55774 ] ] ] } },
{ "type": "Feature", "properties": { "first_epoch": "2021", "acres": 0.66718394014124527 }, "geometry": { "type": "Polygon", "coordinates": [ [ [ -80.318283, 32.557157 ], [ -80.318287, 32.556616 ], [ -80.317968, 32.556614 ], [ -80.317966, 32.556885 ], [ -80.317646, 32.556883 ], [ -80.317644, 32.557154 ], [ -80.318283, 32.557157 ] ] ] } },
{ "type": "Feature", "properties": { "first_epoch": "2021", "acres": 0.66718394014124527 }, "geometry": { "type": "Polygon", "coordinates": [ [ [ -80.307739, 32.5571 ], [ -80.307741, 32.556829 ], [ -80.307421, 32.556827 ], [ -80.307423, 32.556557 ], [ -80.307104, 32.556555 ], [ -80.3071, 32.557096 ], [ -80.307739, 32.5571 ] ] ] } },
{ "type": "Feature", "properties": { "first_epoch": "2021", "acres": 0.66718394014124527 }, "geometry": { "type": "Polygon", "coordinates": [ [ [ -80.229456, 32.556374 ], [ -80.229458, 32.556103 ], [ -80.2285, 32.556097 ], [ -80.228497, 32.556368 ], [ -80.229456, 32.556374 ] ] ] } },
{ "type": "Feature", "properties": { "first_epoch": "2001", "acres": 0.66718394014124527 }, "geometry": { "type": "Polygon", "coordinates": [ [ [ -80.319244, 32.556892 ], [ -80.31925, 32.55608 ], [ -80.318931, 32.556078 ], [ -80.318924, 32.55689 ], [ -80.319244, 32.556892 ] ] ] } },
{ "type": "Feature", "properties": { "first_epoch": "2006", "acres": 0.88957858685499369 }, "geometry": { "type": "Polygon", "coordinates": [ [ [ -80.255664, 32.55572 ], [ -80.255666, 32.555449 ], [ -80.254388, 32.555441 ], [ -80.254386, 32.555712 ], [ -80.255664, 32.55572 ] ] ] } },
{ "type": "Feature", "properties": { "first_epoch": "2001", "acres": 0.22239464671374842 }, "geometry": { "type": "Polygon", "coordinates": [ [ [ -80.305193, 32.555733 ], [ -80.305195, 32.555462 ], [ -80.304875, 32.55546 ], [ -80.304873, 32.555731 ], [ -80.305193, 32.555733 ] ] ] } },
{ "type": "Feature", "properties": { "first_epoch": "2001", "acres": 0.66718394014124527 }, "geometry": { "type": "Polygon", "coordinates": [ [ [ -80.279628, 32.555859 ], [ -80.279635, 32.555047 ], [ -80.279315, 32.555046 ], [ -80.279309, 32.555857 ], [ -80.279628, 32.555859 ] ] ] } },
{ "type": "Feature", "properties": { "first_epoch": "2001", "acres": 0.44478929342749685 }, "geometry": { "type": "Polygon", "coordinates": [ [ [ -80.305832, 32.555736 ], [ -80.305836, 32.555195 ], [ -80.305517, 32.555193 ], [ -80.305512, 32.555734 ], [ -80.305832, 32.555736 ] ] ] } },
{ "type": "Feature", "properties": { "first_epoch": "2011", "acres": 0.66718394014124527 }, "geometry": { "type": "Polygon", "coordinates": [ [ [ -80.280589, 32.555594 ], [ -80.280594, 32.555053 ], [ -80.279954, 32.555049 ], [ -80.279952, 32.55532 ], [ -80.280272, 32.555322 ], [ -80.28027, 32.555592 ], [ -80.280589, 32.555594 ] ] ] } },
{ "type": "Feature", "properties": { "first_epoch": "2001", "acres": 0.66718394014124527 }, "geometry": { "type": "Polygon", "coordinates": [ [ [ -80.252473, 32.555159 ], [ -80.252475, 32.554889 ], [ -80.251517, 32.554883 ], [ -80.251515, 32.555154 ], [ -80.252473, 32.555159 ] ] ] } },
{ "type": "Feature", "properties": { "first_epoch": "2006", "acres": 0.22239464671374842 }, "geometry": { "type": "Polygon", "coordinates": [ [ [ -80.310309, 32.555219 ], [ -80.310312, 32.554949 ], [ -80.309992, 32.554947 ], [ -80.30999, 32.555218 ], [ -80.310309, 32.555219 ] ] ] } },
{ "type": "Feature", "properties": { "first_epoch": "2001", "acres": 0.22239464671374842 }, "geometry": { "type": "Polygon", "coordinates": [ [ [ -80.280276, 32.55478 ], [ -80.280278, 32.55451 ], [ -80.279959, 32.554508 ], [ -80.279957, 32.554779 ], [ -80.280276, 32.55478 ] ] ] } },
{ "type": "Feature", "properties": { "first_epoch": "2006", "acres": 0.22239464671374842 }, "geometry": { "type": "Polygon", "coordinates": [ [ [ -80.25759, 32.554649 ], [ -80.257592, 32.554378 ], [ -80.257273, 32.554376 ], [ -80.25727, 32.554647 ], [ -80.25759, 32.554649 ] ] ] } },
{ "type": "Feature", "properties": { "first_epoch": "2001", "acres": 0.44478929342749685 }, "geometry": { "type": "Polygon", "coordinates": [ [ [ -80.22404, 32.554446 ], [ -80.224043, 32.554175 ], [ -80.223404, 32.554171 ], [ -80.223401, 32.554442 ], [ -80.22404, 32.554446 ] ] ] } },
{ "type": "Feature", "properties": { "first_epoch": "2021", "acres": 1.1119732335687422 }, "geometry": { "type": "Polygon", "coordinates": [ [ [ -80.349294, 32.555157 ], [ -80.349296, 32.554886 ], [ -80.349615, 32.554888 ], [ -80.349619, 32.554346 ], [ -80.34898, 32.554343 ], [ -80.348974, 32.555155 ], [ -80.349294, 32.555157 ] ] ] } },
{ "type": "Feature", "properties": { "first_epoch": "2021", "acres": 0.66718394014124527 }, "geometry": { "type": "Polygon", "coordinates": [ [ [ -80.271653, 32.55419 ], [ -80.271656, 32.553919 ], [ -80.270697, 32.553913 ], [ -80.270695, 32.554184 ], [ -80.271653, 32.55419 ] ] ] } },
{ "type": "Feature", "properties": { "first_epoch": "2001", "acres": 0.88957858685499369 }, "geometry": { "type": "Polygon", "coordinates": [ [ [ -80.256312, 32.554641 ], [ -80.256316, 32.5541 ], [ -80.256636, 32.554102 ], [ -80.256638, 32.553831 ], [ -80.255999, 32.553827 ], [ -80.255992, 32.554639 ], [ -80.256312, 32.554641 ] ] ] } },
{ "type": "Feature", "properties": { "first_epoch": "2001", "acres": 0.22239464671374842 }, "geometry": { "type": "Polygon", "coordinates": [ [ [ -80.225643, 32.553915 ], [ -80.225645, 32.553644 ], [ -80.225325, 32.553642 ], [ -80.225323, 32.553913 ], [ -80.225643, 32.553915 ] ] ] } },
{ "type": "Feature", "properties": { "first_epoch": "2006", "acres": 1.1119732335687422 }, "geometry": { "type": "Polygon", "coordinates": [ [ [ -80.358882, 32.554935 ], [ -80.358884, 32.554665 ], [ -80.359523, 32.554668 ], [ -80.359525, 32.554397 ], [ -80.359205, 32.554396 ], [ -80.359207, 32.554125 ], [ -80.358888, 32.554123 ], [ -80.358886, 32.554394 ], [ -80.358566, 32.554392 ], [ -80.358562, 32.554934 ], [ -80.358882, 32.554935 ] ] ] } },
{ "type": "Feature", "properties": { "first_epoch": "2021", "acres": 0.66718394014124527 }, "geometry": { "type": "Polygon", "coordinates": [ [ [ -80.236189, 32.553708 ], [ -80.236191, 32.553438 ], [ -80.235233, 32.553432 ], [ -80.23523, 32.553703 ], [ -80.236189, 32.553708 ] ] ] } },
{ "type": "Feature", "properties": { "first_epoch": "2001", "acres": 0.22239464671374842 }, "geometry": { "type": "Polygon", "coordinates": [ [ [ -80.225964, 32.553646 ], [ -80.225967, 32.553375 ], [ -80.225647, 32.553373 ], [ -80.225645, 32.553644 ], [ -80.225964, 32.553646 ] ] ] } },
{ "type": "Feature", "properties": { "first_epoch": "2001", "acres": 0.66718394014124527 }, "geometry": { "type": "Polygon", "coordinates": [ [ [ -80.282519, 32.553981 ], [ -80.282524, 32.55344 ], [ -80.282204, 32.553438 ], [ -80.282202, 32.553709 ], [ -80.281882, 32.553707 ], [ -80.28188, 32.553978 ], [ -80.282519, 32.553981 ] ] ] } },
{ "type": "Feature", "properties": { "first_epoch": "2021", "acres": 0.88957858685499369 }, "geometry": { "type": "Polygon", "coordinates": [ [ [ -80.244177, 32.553757 ], [ -80.244181, 32.553216 ], [ -80.243862, 32.553214 ], [ -80.24386, 32.553484 ], [ -80.243221, 32.55348 ], [ -80.243218, 32.553751 ], [ -80.244177, 32.553757 ] ] ] } },
{ "type": "Feature", "properties": { "first_epoch": "2021", "acres": 1.1119732335687422 }, "geometry": { "type": "Polygon", "coordinates": [ [ [ -80.352176, 32.55436 ], [ -80.352178, 32.554089 ], [ -80.352497, 32.554091 ], [ -80.352501, 32.553549 ], [ -80.351862, 32.553546 ], [ -80.351856, 32.554358 ], [ -80.352176, 32.55436 ] ] ] } },
{ "type": "Feature", "properties": { "first_epoch": "2021", "acres": 0.66718394014124527 }, "geometry": { "type": "Polygon", "coordinates": [ [ [ -80.345789, 32.553785 ], [ -80.345791, 32.553515 ], [ -80.345471, 32.553513 ], [ -80.345473, 32.553242 ], [ -80.345154, 32.553241 ], [ -80.34515, 32.553782 ], [ -80.345789, 32.553785 ] ] ] } },
{ "type": "Feature", "properties": { "first_epoch": "1996", "acres": 0.66718394014124527 }, "geometry": { "type": "Polygon", "coordinates": [ [ [ -80.357613, 32.553576 ], [ -80.357615, 32.553305 ], [ -80.356657, 32.5533 ], [ -80.356655, 32.553571 ], [ -80.357613, 32.553576 ] ] ] } },
{ "type": "Feature", "properties": { "first_epoch": "2021", "acres": 0.66718394014124527 }, "geometry": { "type": "Polygon", "coordinates": [ [ [ -80.361767, 32.553597 ], [ -80.361771, 32.553056 ], [ -80.361452, 32.553054 ], [ -80.36145, 32.553325 ], [ -80.36113, 32.553323 ], [ -80.361128, 32.553594 ], [ -80.361767, 32.553597 ] ] ] } },
{ "type": "Feature", "properties": { "first_epoch": "2001", "acres": 0.66718394014124527 }, "geometry": { "type": "Polygon", "coordinates": [ [ [ -80.260479, 32.553042 ], [ -80.260483, 32.552501 ], [ -80.259844, 32.552497 ], [ -80.259842, 32.552767 ], [ -80.260162, 32.552769 ], [ -80.260159, 32.55304 ], [ -80.260479, 32.553042 ] ] ] } },
{ "type": "Feature", "properties": { "first_epoch": "2001", "acres": 0.22239464671374842 }, "geometry": { "type": "Polygon", "coordinates": [ [ [ -80.349627, 32.553264 ], [ -80.349629, 32.552993 ], [ -80.34931, 32.552992 ], [ -80.349308, 32.553262 ], [ -80.349627, 32.553264 ] ] ] } },
{ "type": "Feature", "properties": { "first_epoch": "2001", "acres": 0.88957858685499369 }, "geometry": { "type": "Polygon", "coordinates": [ [ [ -80.280928, 32.55316 ], [ -80.280935, 32.552349 ], [ -80.280615, 32.552347 ], [ -80.280611, 32.552888 ], [ -80.280291, 32.552886 ], [ -80.280289, 32.553157 ], [ -80.280928, 32.55316 ] ] ] } },
{ "type": "Feature", "properties": { "first_epoch": "1996", "acres": 0.88957858685499369 }, "geometry": { "type": "Polygon", "coordinates": [ [ [ -80.259842, 32.552767 ], [ -80.259847, 32.552226 ], [ -80.259208, 32.552223 ], [ -80.259203, 32.552764 ], [ -80.259842, 32.552767 ] ] ] } },
{ "type": "Feature", "properties": { "first_epoch": "2001", "acres": 0.66718394014124527 }, "geometry": { "type": "Polygon", "coordinates": [ [ [ -80.362728, 32.553331 ], [ -80.36273, 32.553061 ], [ -80.363049, 32.553062 ], [ -80.363051, 32.552792 ], [ -80.362412, 32.552788 ], [ -80.362408, 32.553329 ], [ -80.362728, 32.553331 ] ] ] } },
{ "type": "Feature", "properties": { "first_epoch": "2001", "acres": 0.88957858685499369 }, "geometry": { "type": "Polygon", "coordinates": [ [ [ -80.348988, 32.553261 ], [ -80.34899, 32.55299 ], [ -80.34931, 32.552992 ], [ -80.349312, 32.552721 ], [ -80.348673, 32.552718 ], [ -80.348671, 32.552988 ], [ -80.348351, 32.552987 ], [ -80.348349, 32.553257 ], [ -80.348988, 32.553261 ] ] ] } },
{ "type": "Feature", "properties": { "first_epoch": "2001", "acres": 0.66718394014124527 }, "geometry": { "type": "Polygon", "coordinates": [ [ [ -80.348032, 32.552985 ], [ -80.348035, 32.552444 ], [ -80.347396, 32.552441 ], [ -80.347394, 32.552711 ], [ -80.347714, 32.552713 ], [ -80.347712, 32.552983 ], [ -80.348032, 32.552985 ] ] ] } },
{ "type": "Feature", "properties": { "first_epoch": "2011", "acres": 0.44478929342749685 }, "geometry": { "type": "Polygon", "coordinates": [ [ [ -80.267832, 32.552544 ], [ -80.267837, 32.552002 ], [ -80.267517, 32.552001 ], [ -80.267513, 32.552542 ], [ -80.267832, 32.552544 ] ] ] } },
{ "type": "Feature", "properties": { "first_epoch": "2001", "acres": 0.88957858685499369 }, "geometry": { "type": "Polygon", "coordinates": [ [ [ -80.351866, 32.553005 ], [ -80.351868, 32.552734 ], [ -80.352507, 32.552738 ], [ -80.352509, 32.552467 ], [ -80.35155, 32.552462 ], [ -80.351546, 32.553003 ], [ -80.351866, 32.553005 ] ] ] } },
{ "type": "Feature", "properties": { "first_epoch": "2006", "acres": 0.66718394014124527 }, "geometry": { "type": "Polygon", "coordinates": [ [ [ -80.307774, 32.552499 ], [ -80.307776, 32.552229 ], [ -80.306818, 32.552223 ], [ -80.306815, 32.552494 ], [ -80.307774, 32.552499 ] ] ] } },
{ "type": "Feature", "properties": { "first_epoch": "2001", "acres": 0.88957858685499369 }, "geometry": { "type": "Polygon", "coordinates": [ [ [ -80.323748, 32.552857 ], [ -80.323754, 32.552045 ], [ -80.323115, 32.552042 ], [ -80.323113, 32.552312 ], [ -80.323432, 32.552314 ], [ -80.323428, 32.552855 ], [ -80.323748, 32.552857 ] ] ] } },
{ "type": "Feature", "properties": { "first_epoch": "2001", "acres": 0.44478929342749685 }, "geometry": { "type": "Polygon", "coordinates": [ [ [ -80.348673, 32.552718 ], [ -80.348676, 32.552177 ], [ -80.348357, 32.552175 ], [ -80.348353, 32.552716 ], [ -80.348673, 32.552718 ] ] ] } },
{ "type": "Feature", "properties": { "first_epoch": "2016", "acres": 0.44478929342749685 }, "geometry": { "type": "Polygon", "coordinates": [ [ [ -80.321513, 32.552574 ], [ -80.321517, 32.552033 ], [ -80.321198, 32.552031 ], [ -80.321194, 32.552572 ], [ -80.321513, 32.552574 ] ] ] } },
{ "type": "Feature", "properties": { "first_epoch": "2001", "acres": 0.88957858685499369 }, "geometry": { "type": "Polygon", "coordinates": [ [ [ -80.2771, 32.552327 ], [ -80.277103, 32.552056 ], [ -80.277422, 32.552058 ], [ -80.277424, 32.551787 ], [ -80.277105, 32.551785 ], [ -80.277107, 32.551515 ], [ -80.276787, 32.551513 ], [ -80.276781, 32.552325 ], [ -80.2771, 32.552327 ] ] ] } },
{ "type": "Feature", "properties": { "first_epoch": "1996", "acres": 0.66718394014124527 }, "geometry": { "type": "Polygon", "coordinates": [ [ [ -80.261127, 32.551963 ], [ -80.261129, 32.551693 ], [ -80.26081, 32.551691 ], [ -80.260812, 32.55142 ], [ -80.260492, 32.551418 ], [ -80.260488, 32.551959 ], [ -80.261127, 32.551963 ] ] ] } },
{ "type": "Feature", "properties": { "first_epoch": "1996", "acres": 1.1119732335687422 }, "geometry": { "type": "Polygon", "coordinates": [ [ [ -80.308096, 32.55223 ], [ -80.308102, 32.551419 ], [ -80.307782, 32.551417 ], [ -80.30778, 32.551687 ], [ -80.307461, 32.551686 ], [ -80.307457, 32.552227 ], [ -80.308096, 32.55223 ] ] ] } },
{ "type": "Feature", "properties": { "first_epoch": "2006", "acres": 1.1119732335687422 }, "geometry": { "type": "Polygon", "coordinates": [ [ [ -80.320878, 32.55203 ], [ -80.32088, 32.551759 ], [ -80.320561, 32.551757 ], [ -80.320563, 32.551487 ], [ -80.319924, 32.551483 ], [ -80.31992, 32.552024 ], [ -80.320878, 32.55203 ] ] ] } },
{ "type": "Feature", "properties": { "first_epoch": "2021", "acres": 0.88957858685499369 }, "geometry": { "type": "Polygon", "coordinates": [ [ [ -80.306181, 32.551949 ], [ -80.306183, 32.551679 ], [ -80.305863, 32.551677 ], [ -80.305865, 32.551406 ], [ -80.305226, 32.551403 ], [ -80.305224, 32.551673 ], [ -80.305544, 32.551675 ], [ -80.305542, 32.551946 ], [ -80.306181, 32.551949 ] ] ] } },
{ "type": "Feature", "properties": { "first_epoch": "2001", "acres": 0.88957858685499369 }, "geometry": { "type": "Polygon", "coordinates": [ [ [ -80.363055, 32.55225 ], [ -80.363057, 32.55198 ], [ -80.363376, 32.551981 ], [ -80.363378, 32.551711 ], [ -80.36242, 32.551706 ], [ -80.362418, 32.551976 ], [ -80.362737, 32.551978 ], [ -80.362735, 32.552249 ], [ -80.363055, 32.55225 ] ] ] } },
{ "type": "Feature", "properties": { "first_epoch": "2001", "acres": 0.88957858685499369 }, "geometry": { "type": "Polygon", "coordinates": [ [ [ -80.360818, 32.552239 ], [ -80.36082, 32.551968 ], [ -80.36114, 32.55197 ], [ -80.361142, 32.551699 ], [ -80.360503, 32.551696 ], [ -80.360501, 32.551967 ], [ -80.360181, 32.551965 ], [ -80.360179, 32.552236 ], [ -80.360818, 32.552239 ] ] ] } },
{ "type": "Feature", "properties": { "first_epoch": "1996", "acres": 0.66718394014124527 }, "geometry": { "type": "Polygon", "coordinates": [ [ [ -80.307461, 32.551686 ], [ -80.307463, 32.551415 ], [ -80.306504, 32.55141 ], [ -80.306502, 32.55168 ], [ -80.307461, 32.551686 ] ] ] } },
{ "type": "Feature", "properties": { "first_epoch": "2021", "acres": 1.3343678802824905 }, "geometry": { "type": "Polygon", "coordinates": [ [ [ -80.310013, 32.552241 ], [ -80.310017, 32.5517 ], [ -80.309697, 32.551698 ], [ -80.309701, 32.551157 ], [ -80.309382, 32.551155 ], [ -80.309378, 32.551696 ], [ -80.309058, 32.551695 ], [ -80.309056, 32.551965 ], [ -80.309695, 32.551969 ], [ -80.309693, 32.552239 ], [ -80.310013, 32.552241 ] ] ] } },
{ "type": "Feature", "properties": { "first_epoch": "2001", "acres": 0.22239464671374842 }, "geometry": { "type": "Polygon", "coordinates": [ [ [ -80.360503, 32.551696 ], [ -80.360504, 32.551425 ], [ -80.360185, 32.551424 ], [ -80.360183, 32.551694 ], [ -80.360503, 32.551696 ] ] ] } },
{ "type": "Feature", "properties": { "first_epoch": "2001", "acres": 0.22239464671374842 }, "geometry": { "type": "Polygon", "coordinates": [ [ [ -80.345805, 32.55162 ], [ -80.345807, 32.55135 ], [ -80.345487, 32.551348 ], [ -80.345485, 32.551619 ], [ -80.345805, 32.55162 ] ] ] } },
{ "type": "Feature", "properties": { "first_epoch": "2021", "acres": 0.66718394014124527 }, "geometry": { "type": "Polygon", "coordinates": [ [ [ -80.304907, 32.551401 ], [ -80.304909, 32.55113 ], [ -80.30395, 32.551125 ], [ -80.303948, 32.551396 ], [ -80.304907, 32.551401 ] ] ] } },
{ "type": "Feature", "properties": { "first_epoch": "2011", "acres": 0.22239464671374842 }, "geometry": { "type": "Polygon", "coordinates": [ [ [ -80.291807, 32.551328 ], [ -80.291809, 32.551057 ], [ -80.291489, 32.551055 ], [ -80.291487, 32.551326 ], [ -80.291807, 32.551328 ] ] ] } },
{ "type": "Feature", "properties": { "first_epoch": "2001", "acres": 0.66718394014124527 }, "geometry": { "type": "Polygon", "coordinates": [ [ [ -80.2819, 32.551542 ], [ -80.281902, 32.551272 ], [ -80.282221, 32.551274 ], [ -80.282223, 32.551003 ], [ -80.281584, 32.550999 ], [ -80.28158, 32.55154 ], [ -80.2819, 32.551542 ] ] ] } },
{ "type": "Feature", "properties": { "first_epoch": "2001", "acres": 0.66718394014124527 }, "geometry": { "type": "Polygon", "coordinates": [ [ [ -80.348361, 32.551634 ], [ -80.348365, 32.551093 ], [ -80.348045, 32.551091 ], [ -80.348043, 32.551361 ], [ -80.347724, 32.55136 ], [ -80.347722, 32.55163 ], [ -80.348361, 32.551634 ] ] ] } },
{ "type": "Feature", "properties": { "first_epoch": "1996", "acres": 0.22239464671374842 }, "geometry": { "type": "Polygon", "coordinates": [ [ [ -80.305228, 32.551132 ], [ -80.30523, 32.550862 ], [ -80.304911, 32.55086 ], [ -80.304909, 32.55113 ], [ -80.305228, 32.551132 ] ] ] } },
{ "type": "Feature", "properties": { "first_epoch": "2011", "acres": 0.22239464671374842 }, "geometry": { "type": "Polygon", "coordinates": [ [ [ -80.285419, 32.551021 ], [ -80.285421, 32.550751 ], [ -80.285101, 32.550749 ], [ -80.285099, 32.551019 ], [ -80.285419, 32.551021 ] ] ] } },
{ "type": "Feature", "properties": { "first_epoch": "2011", "acres": 0.88957858685499369 }, "geometry": { "type": "Polygon", "coordinates": [ [ [ -80.28286, 32.551277 ], [ -80.282862, 32.551007 ], [ -80.283182, 32.551008 ], [ -80.283184, 32.550738 ], [ -80.282545, 32.550734 ], [ -80.282543, 32.551005 ], [ -80.282223, 32.551003 ], [ -80.282221, 32.551274 ], [ -80.28286, 32.551277 ] ] ] } },
{ "type": "Feature", "properties": { "first_epoch": "2001", "acres": 0.88957858685499369 }, "geometry": { "type": "Polygon", "coordinates": [ [ [ -80.309062, 32.551153 ], [ -80.309067, 32.550612 ], [ -80.308428, 32.550609 ], [ -80.308423, 32.55115 ], [ -80.309062, 32.551153 ] ] ] } },
{ "type": "Feature", "properties": { "first_epoch": "2021", "acres": 0.66718394014124527 }, "geometry": { "type": "Polygon", "coordinates": [ [ [ -80.307145, 32.551143 ], [ -80.30715, 32.550602 ], [ -80.306511, 32.550598 ], [ -80.306508, 32.550869 ], [ -80.306828, 32.55087 ], [ -80.306826, 32.551141 ], [ -80.307145, 32.551143 ] ] ] } },
{ "type": "Feature", "properties": { "first_epoch": "2001", "acres": 0.66718394014124527 }, "geometry": { "type": "Polygon", "coordinates": [ [ [ -80.313216, 32.551176 ], [ -80.313218, 32.550905 ], [ -80.313538, 32.550907 ], [ -80.31354, 32.550637 ], [ -80.312901, 32.550633 ], [ -80.312897, 32.551174 ], [ -80.313216, 32.551176 ] ] ] } },
{ "type": "Feature", "properties": { "first_epoch": "1996", "acres": 0.22239464671374842 }, "geometry": { "type": "Polygon", "coordinates": [ [ [ -80.30555, 32.550863 ], [ -80.305552, 32.550593 ], [ -80.305232, 32.550591 ], [ -80.30523, 32.550862 ], [ -80.30555, 32.550863 ] ] ] } },
{ "type": "Feature", "properties": { "first_epoch": "2011", "acres": 0.22239464671374842 }, "geometry": { "type": "Polygon", "coordinates": [ [ [ -80.28574, 32.550752 ], [ -80.285742, 32.550482 ], [ -80.285423, 32.55048 ], [ -80.285421, 32.550751 ], [ -80.28574, 32.550752 ] ] ] } },
{ "type": "Feature", "properties": { "first_epoch": "2001", "acres": 0.22239464671374842 }, "geometry": { "type": "Polygon", "coordinates": [ [ [ -80.229826, 32.550422 ], [ -80.229829, 32.550152 ], [ -80.229509, 32.55015 ], [ -80.229507, 32.55042 ], [ -80.229826, 32.550422 ] ] ] } },
{ "type": "Feature", "properties": { "first_epoch": "2001", "acres": 0.22239464671374842 }, "geometry": { "type": "Polygon", "coordinates": [ [ [ -80.315137, 32.550645 ], [ -80.315139, 32.550375 ], [ -80.31482, 32.550373 ], [ -80.314818, 32.550644 ], [ -80.315137, 32.550645 ] ] ] } },
{ "type": "Feature", "properties": { "first_epoch": "2011", "acres": 0.66718394014124527 }, "geometry": { "type": "Polygon", "coordinates": [ [ [ -80.268808, 32.550384 ], [ -80.268811, 32.550114 ], [ -80.267852, 32.550108 ], [ -80.26785, 32.550379 ], [ -80.268808, 32.550384 ] ] ] } },
{ "type": "Feature", "properties": { "first_epoch": "2001", "acres": 0.22239464671374842 }, "geometry": { "type": "Polygon", "coordinates": [ [ [ -80.230148, 32.550154 ], [ -80.23015, 32.549883 ], [ -80.229831, 32.549881 ], [ -80.229829, 32.550152 ], [ -80.230148, 32.550154 ] ] ] } },
{ "type": "Feature", "properties": { "first_epoch": "2006", "acres": 0.66718394014124527 }, "geometry": { "type": "Polygon", "coordinates": [ [ [ -80.269447, 32.550388 ], [ -80.269452, 32.549847 ], [ -80.268813, 32.549843 ], [ -80.268811, 32.550114 ], [ -80.26913, 32.550116 ], [ -80.269128, 32.550386 ], [ -80.269447, 32.550388 ] ] ] } },
{ "type": "Feature", "properties": { "first_epoch": "2011", "acres": 0.66718394014124527 }, "geometry": { "type": "Polygon", "coordinates": [ [ [ -80.263377, 32.550353 ], [ -80.263381, 32.549811 ], [ -80.263062, 32.54981 ], [ -80.263059, 32.55008 ], [ -80.26274, 32.550078 ], [ -80.262738, 32.550349 ], [ -80.263377, 32.550353 ] ] ] } },
{ "type": "Feature", "properties": { "first_epoch": "2006", "acres": 0.66718394014124527 }, "geometry": { "type": "Polygon", "coordinates": [ [ [ -80.316415, 32.550652 ], [ -80.316417, 32.550382 ], [ -80.316737, 32.550383 ], [ -80.316739, 32.550113 ], [ -80.3161, 32.550109 ], [ -80.316096, 32.55065 ], [ -80.316415, 32.550652 ] ] ] } },
{ "type": "Feature", "properties": { "first_epoch": "2001", "acres": 0.22239464671374842 }, "geometry": { "type": "Polygon", "coordinates": [ [ [ -80.315459, 32.550376 ], [ -80.315461, 32.550106 ], [ -80.315141, 32.550104 ], [ -80.315139, 32.550375 ], [ -80.315459, 32.550376 ] ] ] } },
{ "type": "Feature", "properties": { "first_epoch": "2011", "acres": 0.66718394014124527 }, "geometry": { "type": "Polygon", "coordinates": [ [ [ -80.265296, 32.550093 ], [ -80.265298, 32.549823 ], [ -80.26434, 32.549817 ], [ -80.264337, 32.550088 ], [ -80.265296, 32.550093 ] ] ] } },
{ "type": "Feature", "properties": { "first_epoch": "2001", "acres": 1.7791571737099874 }, "geometry": { "type": "Polygon", "coordinates": [ [ [ -80.351558, 32.55138 ], [ -80.351562, 32.550838 ], [ -80.351242, 32.550837 ], [ -80.351244, 32.550566 ], [ -80.351564, 32.550568 ], [ -80.351568, 32.550027 ], [ -80.350929, 32.550023 ], [ -80.350921, 32.551106 ], [ -80.35124, 32.551107 ], [ -80.351238, 32.551378 ], [ -80.351558, 32.55138 ] ] ] } },
{ "type": "Feature", "properties": { "first_epoch": "2011", "acres": 0.88957858685499369 }, "geometry": { "type": "Polygon", "coordinates": [ [ [ -80.270089, 32.550121 ], [ -80.270093, 32.54958 ], [ -80.269454, 32.549576 ], [ -80.26945, 32.550117 ], [ -80.270089, 32.550121 ] ] ] } },
{ "type": "Feature", "properties": { "first_epoch": "2006", "acres": 0.88957858685499369 }, "geometry": { "type": "Polygon", "coordinates": [ [ [ -80.265935, 32.550097 ], [ -80.265937, 32.549826 ], [ -80.265618, 32.549825 ], [ -80.26562, 32.549554 ], [ -80.264981, 32.54955 ], [ -80.264979, 32.549821 ], [ -80.265298, 32.549823 ], [ -80.265296, 32.550093 ], [ -80.265935, 32.550097 ] ] ] } },
{ "type": "Feature", "properties": { "first_epoch": "2001", "acres": 0.22239464671374842 }, "geometry": { "type": "Polygon", "coordinates": [ [ [ -80.331756, 32.550193 ], [ -80.331758, 32.549923 ], [ -80.331438, 32.549921 ], [ -80.331436, 32.550192 ], [ -80.331756, 32.550193 ] ] ] } },
{ "type": "Feature", "properties": { "first_epoch": "2021", "acres": 0.66718394014124527 }, "geometry": { "type": "Polygon", "coordinates": [ [ [ -80.268493, 32.549841 ], [ -80.268495, 32.549571 ], [ -80.267537, 32.549565 ], [ -80.267535, 32.549836 ], [ -80.268493, 32.549841 ] ] ] } },
{ "type": "Feature", "properties": { "first_epoch": "2021", "acres": 0.66718394014124527 }, "geometry": { "type": "Polygon", "coordinates": [ [ [ -80.330478, 32.550187 ], [ -80.330482, 32.549645 ], [ -80.329843, 32.549642 ], [ -80.329841, 32.549913 ], [ -80.33016, 32.549914 ], [ -80.330158, 32.550185 ], [ -80.330478, 32.550187 ] ] ] } },
{ "type": "Feature", "properties": { "first_epoch": "2006", "acres": 0.88957858685499369 }, "geometry": { "type": "Polygon", "coordinates": [ [ [ -80.303, 32.550037 ], [ -80.303004, 32.549496 ], [ -80.302365, 32.549493 ], [ -80.302361, 32.550034 ], [ -80.303, 32.550037 ] ] ] } },
{ "type": "Feature", "properties": { "first_epoch": "2011", "acres": 0.66718394014124527 }, "geometry": { "type": "Polygon", "coordinates": [ [ [ -80.266896, 32.549832 ], [ -80.2669, 32.549291 ], [ -80.266261, 32.549287 ], [ -80.266259, 32.549558 ], [ -80.266578, 32.54956 ], [ -80.266576, 32.54983 ], [ -80.266896, 32.549832 ] ] ] } },
{ "type": "Feature", "properties": { "first_epoch": "1996", "acres": 0.88957858685499369 }, "geometry": { "type": "Polygon", "coordinates": [ [ [ -80.264979, 32.549821 ], [ -80.264983, 32.54928 ], [ -80.264664, 32.549278 ], [ -80.264661, 32.549548 ], [ -80.264022, 32.549545 ], [ -80.26402, 32.549815 ], [ -80.264979, 32.549821 ] ] ] } },
{ "type": "Feature", "properties": { "first_epoch": "2001", "acres": 0.22239464671374842 }, "geometry": { "type": "Polygon", "coordinates": [ [ [ -80.331438, 32.549921 ], [ -80.33144, 32.549651 ], [ -80.331121, 32.549649 ], [ -80.331119, 32.549919 ], [ -80.331438, 32.549921 ] ] ] } },
{ "type": "Feature", "properties": { "first_epoch": "2016", "acres": 0.66718394014124527 }, "geometry": { "type": "Polygon", "coordinates": [ [ [ -80.32377, 32.54988 ], [ -80.323772, 32.54961 ], [ -80.322814, 32.549604 ], [ -80.322812, 32.549875 ], [ -80.32377, 32.54988 ] ] ] } },
{ "type": "Feature", "properties": { "first_epoch": "2021", "acres": 0.22239464671374842 }, "geometry": { "type": "Polygon", "coordinates": [ [ [ -80.303322, 32.549768 ], [ -80.303324, 32.549498 ], [ -80.303004, 32.549496 ], [ -80.303002, 32.549767 ], [ -80.303322, 32.549768 ] ] ] } },
{ "type": "Feature", "properties": { "first_epoch": "2021", "acres": 0.44478929342749685 }, "geometry": { "type": "Polygon", "coordinates": [ [ [ -80.302363, 32.549763 ], [ -80.302365, 32.549493 ], [ -80.301726, 32.549489 ], [ -80.301724, 32.54976 ], [ -80.302363, 32.549763 ] ] ] } },
{ "type": "Feature", "properties": { "first_epoch": "2011", "acres": 0.22239464671374842 }, "geometry": { "type": "Polygon", "coordinates": [ [ [ -80.264661, 32.549548 ], [ -80.264664, 32.549278 ], [ -80.264344, 32.549276 ], [ -80.264342, 32.549546 ], [ -80.264661, 32.549548 ] ] ] } },
{ "type": "Feature", "properties": { "first_epoch": "2006", "acres": 0.66718394014124527 }, "geometry": { "type": "Polygon", "coordinates": [ [ [ -80.264342, 32.549546 ], [ -80.264344, 32.549276 ], [ -80.263386, 32.54927 ], [ -80.263383, 32.549541 ], [ -80.264342, 32.549546 ] ] ] } },
{ "type": "Feature", "properties": { "first_epoch": "2001", "acres": 0.66718394014124527 }, "geometry": { "type": "Polygon", "coordinates": [ [ [ -80.304917, 32.550048 ], [ -80.304923, 32.549236 ], [ -80.304604, 32.549234 ], [ -80.304598, 32.550046 ], [ -80.304917, 32.550048 ] ] ] } },
{ "type": "Feature", "properties": { "first_epoch": "2006", "acres": 0.66718394014124527 }, "geometry": { "type": "Polygon", "coordinates": [ [ [ -80.3046, 32.549776 ], [ -80.304604, 32.549234 ], [ -80.304284, 32.549233 ], [ -80.304282, 32.549503 ], [ -80.303963, 32.549501 ], [ -80.303961, 32.549772 ], [ -80.3046, 32.549776 ] ] ] } },
{ "type": "Feature", "properties": { "first_epoch": "2006", "acres": 0.88957858685499369 }, "geometry": { "type": "Polygon", "coordinates": [ [ [ -80.347095, 32.550003 ], [ -80.347096, 32.549733 ], [ -80.347416, 32.549734 ], [ -80.347418, 32.549464 ], [ -80.346779, 32.549461 ], [ -80.346777, 32.549731 ], [ -80.346457, 32.549729 ], [ -80.346456, 32.55 ], [ -80.347095, 32.550003 ] ] ] } },
{ "type": "Feature", "properties": { "first_epoch": "2011", "acres": 3.3359197007062265 }, "geometry": { "type": "Polygon", "coordinates": [ [ [ -80.293408, 32.550796 ], [ -80.293411, 32.550525 ], [ -80.29405, 32.550529 ], [ -80.294052, 32.550258 ], [ -80.294371, 32.55026 ], [ -80.294378, 32.549448 ], [ -80.294697, 32.54945 ], [ -80.294699, 32.549179 ], [ -80.293741, 32.549174 ], [ -80.293736, 32.549715 ], [ -80.293417, 32.549713 ], [ -80.293413, 32.550254 ], [ -80.293093, 32.550253 ], [ -80.293089, 32.550794 ], [ -80.293408, 32.550796 ] ] ] } },
{ "type": "Feature", "properties": { "first_epoch": "2011", "acres": 0.66718394014124527 }, "geometry": { "type": "Polygon", "coordinates": [ [ [ -80.2653, 32.549552 ], [ -80.265303, 32.549281 ], [ -80.265622, 32.549283 ], [ -80.265624, 32.549013 ], [ -80.264985, 32.549009 ], [ -80.264981, 32.54955 ], [ -80.2653, 32.549552 ] ] ] } },
{ "type": "Feature", "properties": { "first_epoch": "2011", "acres": 0.66718394014124527 }, "geometry": { "type": "Polygon", "coordinates": [ [ [ -80.323453, 32.549608 ], [ -80.323457, 32.549067 ], [ -80.322818, 32.549063 ], [ -80.322816, 32.549334 ], [ -80.323135, 32.549335 ], [ -80.323133, 32.549606 ], [ -80.323453, 32.549608 ] ] ] } },
{ "type": "Feature", "properties": { "first_epoch": "2001", "acres": 1.3343678802824905 }, "geometry": { "type": "Polygon", "coordinates": [ [ [ -80.303004, 32.549496 ], [ -80.303008, 32.548955 ], [ -80.30205, 32.54895 ], [ -80.302046, 32.549491 ], [ -80.303004, 32.549496 ] ] ] } },
{ "type": "Feature", "properties": { "first_epoch": "1996", "acres": 0.88957858685499369 }, "geometry": { "type": "Polygon", "coordinates": [ [ [ -80.312592, 32.549278 ], [ -80.312594, 32.549008 ], [ -80.313233, 32.549011 ], [ -80.313235, 32.548741 ], [ -80.312276, 32.548735 ], [ -80.312272, 32.549277 ], [ -80.312592, 32.549278 ] ] ] } },
{ "type": "Feature", "properties": { "first_epoch": "1996", "acres": 0.88957858685499369 }, "geometry": { "type": "Polygon", "coordinates": [ [ [ -80.303326, 32.549227 ], [ -80.303328, 32.548957 ], [ -80.303967, 32.54896 ], [ -80.303969, 32.54869 ], [ -80.303011, 32.548684 ], [ -80.303006, 32.549225 ], [ -80.303326, 32.549227 ] ] ] } },
{ "type": "Feature", "properties": { "first_epoch": "2021", "acres": 1.5567625269962391 }, "geometry": { "type": "Polygon", "coordinates": [ [ [ -80.301409, 32.549217 ], [ -80.301411, 32.548946 ], [ -80.30205, 32.54895 ], [ -80.302052, 32.548679 ], [ -80.300774, 32.548672 ], [ -80.300772, 32.548942 ], [ -80.300452, 32.548941 ], [ -80.30045, 32.549211 ], [ -80.301409, 32.549217 ] ] ] } },
{ "type": "Feature", "properties": { "first_epoch": "2011", "acres": 0.22239464671374842 }, "geometry": { "type": "Polygon", "coordinates": [ [ [ -80.293104, 32.5489 ], [ -80.293106, 32.548629 ], [ -80.292786, 32.548627 ], [ -80.292784, 32.548898 ], [ -80.293104, 32.5489 ] ] ] } },
{ "type": "Feature", "properties": { "first_epoch": "2001", "acres": 0.22239464671374842 }, "geometry": { "type": "Polygon", "coordinates": [ [ [ -80.352214, 32.548947 ], [ -80.352216, 32.548677 ], [ -80.351897, 32.548675 ], [ -80.351895, 32.548946 ], [ -80.352214, 32.548947 ] ] ] } },
{ "type": "Feature", "properties": { "first_epoch": "2011", "acres": 0.66718394014124527 }, "geometry": { "type": "Polygon", "coordinates": [ [ [ -80.286394, 32.548862 ], [ -80.286396, 32.548591 ], [ -80.286716, 32.548593 ], [ -80.286718, 32.548322 ], [ -80.286079, 32.548319 ], [ -80.286075, 32.54886 ], [ -80.286394, 32.548862 ] ] ] } },
{ "type": "Feature", "properties": { "first_epoch": "2001", "acres": 1.5567625269962391 }, "geometry": { "type": "Polygon", "coordinates": [ [ [ -80.318025, 32.549037 ], [ -80.318027, 32.548767 ], [ -80.318666, 32.54877 ], [ -80.318668, 32.548499 ], [ -80.318349, 32.548498 ], [ -80.318351, 32.548227 ], [ -80.317392, 32.548222 ], [ -80.31739, 32.548493 ], [ -80.31771, 32.548494 ], [ -80.317706, 32.549036 ], [ -80.318025, 32.549037 ] ] ] } },
{ "type": "Feature", "properties": { "first_epoch": "2001", "acres": 0.44478929342749685 }, "geometry": { "type": "Polygon", "coordinates": [ [ [ -80.311957, 32.548734 ], [ -80.311961, 32.548192 ], [ -80.311641, 32.548191 ], [ -80.311637, 32.548732 ], [ -80.311957, 32.548734 ] ] ] } },
{ "type": "Feature", "properties": { "first_epoch": "2001", "acres": 0.22239464671374842 }, "geometry": { "type": "Polygon", "coordinates": [ [ [ -80.31228, 32.548194 ], [ -80.312282, 32.547923 ], [ -80.311963, 32.547922 ], [ -80.311961, 32.548192 ], [ -80.31228, 32.548194 ] ] ] } },
{ "type": "Feature", "properties": { "first_epoch": "2021", "acres": 0.66718394014124527 }, "geometry": { "type": "Polygon", "coordinates": [ [ [ -80.283845, 32.548035 ], [ -80.283847, 32.547765 ], [ -80.282888, 32.547759 ], [ -80.282886, 32.54803 ], [ -80.283845, 32.548035 ] ] ] } },
{ "type": "Feature", "properties": { "first_epoch": "2001", "acres": 0.22239464671374842 }, "geometry": { "type": "Polygon", "coordinates": [ [ [ -80.315158, 32.547939 ], [ -80.31516, 32.547669 ], [ -80.31484, 32.547667 ], [ -80.314838, 32.547937 ], [ -80.315158, 32.547939 ] ] ] } },
{ "type": "Feature", "properties": { "first_epoch": "2001", "acres": 0.22239464671374842 }, "geometry": { "type": "Polygon", "coordinates": [ [ [ -80.315162, 32.547398 ], [ -80.315164, 32.547127 ], [ -80.314845, 32.547126 ], [ -80.314842, 32.547396 ], [ -80.315162, 32.547398 ] ] ] } },
{ "type": "Feature", "properties": { "first_epoch": "2001", "acres": 1.1119732335687422 }, "geometry": { "type": "Polygon", "coordinates": [ [ [ -80.317075, 32.54795 ], [ -80.317083, 32.546867 ], [ -80.316764, 32.546865 ], [ -80.316757, 32.547677 ], [ -80.316438, 32.547676 ], [ -80.316436, 32.547946 ], [ -80.317075, 32.54795 ] ] ] } },
{ "type": "Feature", "properties": { "first_epoch": "2021", "acres": 0.88957858685499369 }, "geometry": { "type": "Polygon", "coordinates": [ [ [ -80.304616, 32.547611 ], [ -80.304623, 32.546799 ], [ -80.304303, 32.546797 ], [ -80.304301, 32.547068 ], [ -80.303982, 32.547066 ], [ -80.303979, 32.547337 ], [ -80.304299, 32.547338 ], [ -80.304297, 32.547609 ], [ -80.304616, 32.547611 ] ] ] } },
{ "type": "Feature", "properties": { "first_epoch": "2001", "acres": 0.22239464671374842 }, "geometry": { "type": "Polygon", "coordinates": [ [ [ -80.241999, 32.546708 ], [ -80.242002, 32.546437 ], [ -80.241682, 32.546435 ], [ -80.24168, 32.546706 ], [ -80.241999, 32.546708 ] ] ] } },
{ "type": "Feature", "properties": { "first_epoch": "2021", "acres": 0.66718394014124527 }, "geometry": { "type": "Polygon", "coordinates": [ [ [ -80.322832, 32.547169 ], [ -80.322836, 32.546628 ], [ -80.322517, 32.546626 ], [ -80.322515, 32.546897 ], [ -80.322195, 32.546895 ], [ -80.322193, 32.547165 ], [ -80.322832, 32.547169 ] ] ] } },
{ "type": "Feature", "properties": { "first_epoch": "2016", "acres": 0.66718394014124527 }, "geometry": { "type": "Polygon", "coordinates": [ [ [ -80.320276, 32.547155 ], [ -80.32028, 32.546614 ], [ -80.319641, 32.54661 ], [ -80.319639, 32.546881 ], [ -80.319959, 32.546883 ], [ -80.319957, 32.547153 ], [ -80.320276, 32.547155 ] ] ] } },
{ "type": "Feature", "properties": { "first_epoch": "2001", "acres": 0.22239464671374842 }, "geometry": { "type": "Polygon", "coordinates": [ [ [ -80.358299, 32.547084 ], [ -80.358301, 32.546814 ], [ -80.357981, 32.546812 ], [ -80.357979, 32.547083 ], [ -80.358299, 32.547084 ] ] ] } },
{ "type": "Feature", "properties": { "first_epoch": "2001", "acres": 0.44478929342749685 }, "geometry": { "type": "Polygon", "coordinates": [ [ [ -80.322195, 32.546895 ], [ -80.322197, 32.546624 ], [ -80.321558, 32.546621 ], [ -80.321556, 32.546891 ], [ -80.322195, 32.546895 ] ] ] } },
{ "type": "Feature", "properties": { "first_epoch": "2001", "acres": 4.6702875809887168 }, "geometry": { "type": "Polygon", "coordinates": [ [ [ -80.35893, 32.54817 ], [ -80.358932, 32.547899 ], [ -80.359251, 32.547901 ], [ -80.359253, 32.54763 ], [ -80.359892, 32.547634 ], [ -80.359894, 32.547363 ], [ -80.360214, 32.547365 ], [ -80.360216, 32.547094 ], [ -80.359896, 32.547092 ], [ -80.3599, 32.546551 ], [ -80.359261, 32.546548 ], [ -80.359257, 32.547089 ], [ -80.358299, 32.547084 ], [ -80.358297, 32.547355 ], [ -80.357658, 32.547352 ], [ -80.357656, 32.547622 ], [ -80.358295, 32.547625 ], [ -80.358293, 32.547896 ], [ -80.358612, 32.547898 ], [ -80.35861, 32.548168 ], [ -80.35893, 32.54817 ] ] ] } },
{ "type": "Feature", "properties": { "first_epoch": "1991", "acres": 0.88957858685499369 }, "geometry": { "type": "Polygon", "coordinates": [ [ [ -80.357979, 32.547083 ], [ -80.357981, 32.546812 ], [ -80.357662, 32.54681 ], [ -80.357663, 32.54654 ], [ -80.357024, 32.546536 ], [ -80.357023, 32.546807 ], [ -80.357342, 32.546809 ], [ -80.35734, 32.547079 ], [ -80.357979, 32.547083 ] ] ] } },
{ "type": "Feature", "properties": { "first_epoch": "2021", "acres": 0.44478929342749685 }, "geometry": { "type": "Polygon", "coordinates": [ [ [ -80.321556, 32.546891 ], [ -80.32156, 32.54635 ], [ -80.321241, 32.546348 ], [ -80.321237, 32.54689 ], [ -80.321556, 32.546891 ] ] ] } },
{ "type": "Feature", "properties": { "first_epoch": "2021", "acres": 2.6687357605649811 }, "geometry": { "type": "Polygon", "coordinates": [ [ [ -80.318033, 32.547955 ], [ -80.318035, 32.547684 ], [ -80.317716, 32.547682 ], [ -80.317722, 32.546871 ], [ -80.318042, 32.546872 ], [ -80.318044, 32.546602 ], [ -80.317405, 32.546598 ], [ -80.317407, 32.546328 ], [ -80.317087, 32.546326 ], [ -80.317079, 32.547408 ], [ -80.317398, 32.54741 ], [ -80.317396, 32.547681 ], [ -80.317077, 32.547679 ], [ -80.317075, 32.54795 ], [ -80.318033, 32.547955 ] ] ] } },
{ "type": "Feature", "properties": { "first_epoch": "2001", "acres": 1.1119732335687422 }, "geometry": { "type": "Polygon", "coordinates": [ [ [ -80.227303, 32.546618 ], [ -80.227305, 32.546347 ], [ -80.227944, 32.546351 ], [ -80.227946, 32.546081 ], [ -80.227627, 32.546079 ], [ -80.227629, 32.545808 ], [ -80.22731, 32.545806 ], [ -80.227307, 32.546077 ], [ -80.226988, 32.546075 ], [ -80.226983, 32.546616 ], [ -80.227303, 32.546618 ] ] ] } },
{ "type": "Feature", "properties": { "first_epoch": "2001", "acres": 0.88957858685499369 }, "geometry": { "type": "Polygon", "coordinates": [ [ [ -80.316764, 32.546865 ], [ -80.316766, 32.546595 ], [ -80.317085, 32.546597 ], [ -80.317087, 32.546326 ], [ -80.316129, 32.546321 ], [ -80.316127, 32.546591 ], [ -80.316446, 32.546593 ], [ -80.316444, 32.546864 ], [ -80.316764, 32.546865 ] ] ] } },
{ "type": "Feature", "properties": { "first_epoch": "2006", "acres": 2.2239464671374845 }, "geometry": { "type": "Polygon", "coordinates": [ [ [ -80.290245, 32.546719 ], [ -80.290252, 32.545907 ], [ -80.289932, 32.545905 ], [ -80.289934, 32.545634 ], [ -80.289295, 32.545631 ], [ -80.289289, 32.546442 ], [ -80.289608, 32.546444 ], [ -80.289606, 32.546715 ], [ -80.290245, 32.546719 ] ] ] } },
{ "type": "Feature", "properties": { "first_epoch": "2001", "acres": 1.1119732335687422 }, "geometry": { "type": "Polygon", "coordinates": [ [ [ -80.229866, 32.545822 ], [ -80.229868, 32.545551 ], [ -80.229229, 32.545547 ], [ -80.229234, 32.545006 ], [ -80.228914, 32.545004 ], [ -80.228907, 32.545816 ], [ -80.229866, 32.545822 ] ] ] } },
{ "type": "Feature", "properties": { "first_epoch": "2006", "acres": 0.88957858685499369 }, "geometry": { "type": "Polygon", "coordinates": [ [ [ -80.230187, 32.545553 ], [ -80.23019, 32.545283 ], [ -80.229551, 32.545279 ], [ -80.229553, 32.545008 ], [ -80.229234, 32.545006 ], [ -80.229229, 32.545547 ], [ -80.230187, 32.545553 ] ] ] } },
{ "type": "Feature", "properties": { "first_epoch": "2001", "acres": 1.1119732335687422 }, "geometry": { "type": "Polygon", "coordinates": [ [ [ -80.357665, 32.546269 ], [ -80.357669, 32.545728 ], [ -80.357989, 32.54573 ], [ -80.357991, 32.545459 ], [ -80.357671, 32.545457 ], [ -80.357673, 32.545187 ], [ -80.357354, 32.545185 ], [ -80.357346, 32.546268 ], [ -80.357665, 32.546269 ] ] ] } },
{ "type": "Feature", "properties": { "first_epoch": "2021", "acres": 0.88957858685499369 }, "geometry": { "type": "Polygon", "coordinates": [ [ [ -80.309425, 32.545472 ], [ -80.30943, 32.544931 ], [ -80.308791, 32.544927 ], [ -80.308786, 32.545469 ], [ -80.309425, 32.545472 ] ] ] } },
{ "type": "Feature", "properties": { "first_epoch": "2021", "acres": 0.44478929342749685 }, "geometry": { "type": "Polygon", "coordinates": [ [ [ -80.23147, 32.54502 ], [ -80.231475, 32.544479 ], [ -80.231155, 32.544477 ], [ -80.231151, 32.545018 ], [ -80.23147, 32.54502 ] ] ] } },
{ "type": "Feature", "properties": { "first_epoch": "2001", "acres": 2.2239464671374845 }, "geometry": { "type": "Polygon", "coordinates": [ [ [ -80.231468, 32.54529 ], [ -80.23147, 32.54502 ], [ -80.230192, 32.545012 ], [ -80.230194, 32.544741 ], [ -80.230514, 32.544743 ], [ -80.230516, 32.544473 ], [ -80.229877, 32.544469 ], [ -80.229875, 32.54474 ], [ -80.229555, 32.544738 ], [ -80.229551, 32.545279 ], [ -80.231468, 32.54529 ] ] ] } },
{ "type": "Feature", "properties": { "first_epoch": "2011", "acres": 0.88957858685499369 }, "geometry": { "type": "Polygon", "coordinates": [ [ [ -80.328917, 32.545307 ], [ -80.328921, 32.544766 ], [ -80.328282, 32.544762 ], [ -80.328278, 32.545304 ], [ -80.328917, 32.545307 ] ] ] } },
{ "type": "Feature", "properties": { "first_epoch": "2006", "acres": 2.2239464671374845 }, "geometry": { "type": "Polygon", "coordinates": [ [ [ -80.231789, 32.545022 ], [ -80.231792, 32.544751 ], [ -80.232111, 32.544753 ], [ -80.232114, 32.544483 ], [ -80.231794, 32.544481 ], [ -80.231796, 32.54421 ], [ -80.230838, 32.544204 ], [ -80.230836, 32.544475 ], [ -80.230516, 32.544473 ], [ -80.230514, 32.544743 ], [ -80.230194, 32.544741 ], [ -80.230192, 32.545012 ], [ -80.230831, 32.545016 ], [ -80.230833, 32.544745 ], [ -80.231153, 32.544747 ], [ -80.231155, 32.544477 ], [ -80.231475, 32.544479 ], [ -80.23147, 32.54502 ], [ -80.231789, 32.545022 ] ] ] } },
{ "type": "Feature", "properties": { "first_epoch": "2001", "acres": 0.66718394014124527 }, "geometry": { "type": "Polygon", "coordinates": [ [ [ -80.357675, 32.544916 ], [ -80.357677, 32.544645 ], [ -80.356718, 32.544641 ], [ -80.356717, 32.544911 ], [ -80.357675, 32.544916 ] ] ] } },
{ "type": "Feature", "properties": { "first_epoch": "2001", "acres": 0.88957858685499369 }, "geometry": { "type": "Polygon", "coordinates": [ [ [ -80.232114, 32.544483 ], [ -80.23212, 32.543671 ], [ -80.231801, 32.543669 ], [ -80.231799, 32.543939 ], [ -80.231479, 32.543937 ], [ -80.231477, 32.544208 ], [ -80.231796, 32.54421 ], [ -80.231794, 32.544481 ], [ -80.232114, 32.544483 ] ] ] } },
{ "type": "Feature", "properties": { "first_epoch": "2021", "acres": 2.8911304072787294 }, "geometry": { "type": "Polygon", "coordinates": [ [ [ -80.232428, 32.545026 ], [ -80.232431, 32.544755 ], [ -80.23307, 32.544759 ], [ -80.233074, 32.544218 ], [ -80.234033, 32.544224 ], [ -80.234035, 32.543953 ], [ -80.233396, 32.543949 ], [ -80.233401, 32.543408 ], [ -80.233081, 32.543406 ], [ -80.233077, 32.543947 ], [ -80.232438, 32.543943 ], [ -80.232433, 32.544485 ], [ -80.232114, 32.544483 ], [ -80.232109, 32.545024 ], [ -80.232428, 32.545026 ] ] ] } },
{ "type": "Feature", "properties": { "first_epoch": "2011", "acres": 0.88957858685499369 }, "geometry": { "type": "Polygon", "coordinates": [ [ [ -80.234035, 32.543953 ], [ -80.23404, 32.543412 ], [ -80.233401, 32.543408 ], [ -80.233396, 32.543949 ], [ -80.234035, 32.543953 ] ] ] } },
{ "type": "Feature", "properties": { "first_epoch": "2001", "acres": 0.44478929342749685 }, "geometry": { "type": "Polygon", "coordinates": [ [ [ -80.279724, 32.543952 ], [ -80.279728, 32.543411 ], [ -80.279408, 32.543409 ], [ -80.279404, 32.543951 ], [ -80.279724, 32.543952 ] ] ] } },
{ "type": "Feature", "properties": { "first_epoch": "2001", "acres": 0.22239464671374842 }, "geometry": { "type": "Polygon", "coordinates": [ [ [ -80.279087, 32.543678 ], [ -80.279089, 32.543408 ], [ -80.278769, 32.543406 ], [ -80.278767, 32.543676 ], [ -80.279087, 32.543678 ] ] ] } },
{ "type": "Feature", "properties": { "first_epoch": "2001", "acres": 0.44478929342749685 }, "geometry": { "type": "Polygon", "coordinates": [ [ [ -80.357042, 32.544101 ], [ -80.357046, 32.54356 ], [ -80.356726, 32.543558 ], [ -80.356722, 32.544099 ], [ -80.357042, 32.544101 ] ] ] } },
{ "type": "Feature", "properties": { "first_epoch": "2001", "acres": 1.1119732335687422 }, "geometry": { "type": "Polygon", "coordinates": [ [ [ -80.280363, 32.543956 ], [ -80.280365, 32.543686 ], [ -80.280684, 32.543687 ], [ -80.280688, 32.543146 ], [ -80.28005, 32.543142 ], [ -80.280043, 32.543954 ], [ -80.280363, 32.543956 ] ] ] } },
{ "type": "Feature", "properties": { "first_epoch": "2001", "acres": 0.22239464671374842 }, "geometry": { "type": "Polygon", "coordinates": [ [ [ -80.307843, 32.543569 ], [ -80.307845, 32.543299 ], [ -80.307525, 32.543297 ], [ -80.307523, 32.543567 ], [ -80.307843, 32.543569 ] ] ] } },
{ "type": "Feature", "properties": { "first_epoch": "2021", "acres": 0.66718394014124527 }, "geometry": { "type": "Polygon", "coordinates": [ [ [ -80.30209, 32.543808 ], [ -80.302092, 32.543537 ], [ -80.302411, 32.543539 ], [ -80.302413, 32.543269 ], [ -80.301774, 32.543265 ], [ -80.30177, 32.543806 ], [ -80.30209, 32.543808 ] ] ] } },
{ "type": "Feature", "properties": { "first_epoch": "2001", "acres": 0.66718394014124527 }, "geometry": { "type": "Polygon", "coordinates": [ [ [ -80.278769, 32.543406 ], [ -80.278774, 32.542865 ], [ -80.278135, 32.542861 ], [ -80.278133, 32.543131 ], [ -80.278452, 32.543133 ], [ -80.27845, 32.543404 ], [ -80.278769, 32.543406 ] ] ] } },
{ "type": "Feature", "properties": { "first_epoch": "2021", "acres": 1.7791571737099874 }, "geometry": { "type": "Polygon", "coordinates": [ [ [ -80.234676, 32.543686 ], [ -80.234679, 32.543416 ], [ -80.235318, 32.54342 ], [ -80.23532, 32.543149 ], [ -80.235639, 32.543151 ], [ -80.235642, 32.54288 ], [ -80.235322, 32.542878 ], [ -80.235324, 32.542608 ], [ -80.235005, 32.542606 ], [ -80.235003, 32.542876 ], [ -80.234683, 32.542875 ], [ -80.234681, 32.543145 ], [ -80.234361, 32.543143 ], [ -80.234357, 32.543684 ], [ -80.234676, 32.543686 ] ] ] } },
{ "type": "Feature", "properties": { "first_epoch": "2006", "acres": 0.66718394014124527 }, "geometry": { "type": "Polygon", "coordinates": [ [ [ -80.238517, 32.542898 ], [ -80.238519, 32.542627 ], [ -80.237561, 32.542621 ], [ -80.237559, 32.542892 ], [ -80.238517, 32.542898 ] ] ] } },
{ "type": "Feature", "properties": { "first_epoch": "2021", "acres": 0.66718394014124527 }, "geometry": { "type": "Polygon", "coordinates": [ [ [ -80.238836, 32.5429 ], [ -80.238841, 32.542359 ], [ -80.238202, 32.542355 ], [ -80.2382, 32.542625 ], [ -80.238519, 32.542627 ], [ -80.238517, 32.542898 ], [ -80.238836, 32.5429 ] ] ] } },
{ "type": "Feature", "properties": { "first_epoch": "1991", "acres": 2.0015518204237357 }, "geometry": { "type": "Polygon", "coordinates": [ [ [ -80.358, 32.544106 ], [ -80.358002, 32.543835 ], [ -80.358322, 32.543837 ], [ -80.358324, 32.543566 ], [ -80.358643, 32.543568 ], [ -80.358645, 32.543297 ], [ -80.358326, 32.543296 ], [ -80.358329, 32.542754 ], [ -80.35801, 32.542753 ], [ -80.358006, 32.543294 ], [ -80.357687, 32.543292 ], [ -80.357685, 32.543563 ], [ -80.357365, 32.543561 ], [ -80.357363, 32.543832 ], [ -80.357683, 32.543834 ], [ -80.357681, 32.544104 ], [ -80.358, 32.544106 ] ] ] } },
{ "type": "Feature", "properties": { "first_epoch": "2021", "acres": 2.4463411138512328 }, "geometry": { "type": "Polygon", "coordinates": [ [ [ -80.2366, 32.542886 ], [ -80.236605, 32.542345 ], [ -80.236924, 32.542347 ], [ -80.236922, 32.542617 ], [ -80.237241, 32.542619 ], [ -80.237246, 32.542078 ], [ -80.235968, 32.54207 ], [ -80.235966, 32.542341 ], [ -80.235646, 32.542339 ], [ -80.235642, 32.54288 ], [ -80.2366, 32.542886 ] ] ] } },
{ "type": "Feature", "properties": { "first_epoch": "2001", "acres": 0.22239464671374842 }, "geometry": { "type": "Polygon", "coordinates": [ [ [ -80.316155, 32.542803 ], [ -80.316157, 32.542532 ], [ -80.315838, 32.54253 ], [ -80.315836, 32.542801 ], [ -80.316155, 32.542803 ] ] ] } },
{ "type": "Feature", "properties": { "first_epoch": "2006", "acres": 0.22239464671374842 }, "geometry": { "type": "Polygon", "coordinates": [ [ [ -80.28229, 32.542614 ], [ -80.282292, 32.542343 ], [ -80.281973, 32.542342 ], [ -80.281971, 32.542612 ], [ -80.28229, 32.542614 ] ] ] } },
{ "type": "Feature", "properties": { "first_epoch": "2021", "acres": 0.22239464671374842 }, "geometry": { "type": "Polygon", "coordinates": [ [ [ -80.281971, 32.542612 ], [ -80.281973, 32.542342 ], [ -80.281653, 32.54234 ], [ -80.281651, 32.54261 ], [ -80.281971, 32.542612 ] ] ] } },
{ "type": "Feature", "properties": { "first_epoch": "2021", "acres": 0.22239464671374842 }, "geometry": { "type": "Polygon", "coordinates": [ [ [ -80.281332, 32.542609 ], [ -80.281334, 32.542338 ], [ -80.281014, 32.542336 ], [ -80.281012, 32.542607 ], [ -80.281332, 32.542609 ] ] ] } },
{ "type": "Feature", "properties": { "first_epoch": "2001", "acres": 1.1119732335687422 }, "geometry": { "type": "Polygon", "coordinates": [ [ [ -80.278456, 32.542592 ], [ -80.278461, 32.542051 ], [ -80.277822, 32.542047 ], [ -80.27782, 32.542318 ], [ -80.2775, 32.542316 ], [ -80.277498, 32.542587 ], [ -80.278456, 32.542592 ] ] ] } },
{ "type": "Feature", "properties": { "first_epoch": "2006", "acres": 0.22239464671374842 }, "geometry": { "type": "Polygon", "coordinates": [ [ [ -80.360246, 32.542764 ], [ -80.360248, 32.542494 ], [ -80.359929, 32.542492 ], [ -80.359927, 32.542763 ], [ -80.360246, 32.542764 ] ] ] } },
{ "type": "Feature", "properties": { "first_epoch": "2006", "acres": 0.22239464671374842 }, "geometry": { "type": "Polygon", "coordinates": [ [ [ -80.358968, 32.542758 ], [ -80.35897, 32.542487 ], [ -80.358651, 32.542485 ], [ -80.358649, 32.542756 ], [ -80.358968, 32.542758 ] ] ] } },
{ "type": "Feature", "properties": { "first_epoch": "2006", "acres": 0.22239464671374842 }, "geometry": { "type": "Polygon", "coordinates": [ [ [ -80.358329, 32.542754 ], [ -80.358331, 32.542484 ], [ -80.358012, 32.542482 ], [ -80.35801, 32.542753 ], [ -80.358329, 32.542754 ] ] ] } },
{ "type": "Feature", "properties": { "first_epoch": "2006", "acres": 0.66718394014124527 }, "geometry": { "type": "Polygon", "coordinates": [ [ [ -80.35705, 32.543019 ], [ -80.357051, 32.542748 ], [ -80.357371, 32.54275 ], [ -80.357373, 32.542479 ], [ -80.356734, 32.542476 ], [ -80.35673, 32.543017 ], [ -80.35705, 32.543019 ] ] ] } },
{ "type": "Feature", "properties": { "first_epoch": "2001", "acres": 0.22239464671374842 }, "geometry": { "type": "Polygon", "coordinates": [ [ [ -80.316477, 32.542534 ], [ -80.316479, 32.542263 ], [ -80.316159, 32.542262 ], [ -80.316157, 32.542532 ], [ -80.316477, 32.542534 ] ] ] } },
{ "type": "Feature", "properties": { "first_epoch": "2006", "acres": 0.66718394014124527 }, "geometry": { "type": "Polygon", "coordinates": [ [ [ -80.236926, 32.542076 ], [ -80.236929, 32.541806 ], [ -80.23597, 32.5418 ], [ -80.235968, 32.54207 ], [ -80.236926, 32.542076 ] ] ] } },
{ "type": "Feature", "properties": { "first_epoch": "2006", "acres": 0.22239464671374842 }, "geometry": { "type": "Polygon", "coordinates": [ [ [ -80.359929, 32.542492 ], [ -80.359931, 32.542221 ], [ -80.359611, 32.54222 ], [ -80.359609, 32.54249 ], [ -80.359929, 32.542492 ] ] ] } },
{ "type": "Feature", "properties": { "first_epoch": "2006", "acres": 0.22239464671374842 }, "geometry": { "type": "Polygon", "coordinates": [ [ [ -80.358651, 32.542485 ], [ -80.358653, 32.542215 ], [ -80.358333, 32.542213 ], [ -80.358331, 32.542484 ], [ -80.358651, 32.542485 ] ] ] } },
{ "type": "Feature", "properties": { "first_epoch": "2001", "acres": 1.1119732335687422 }, "geometry": { "type": "Polygon", "coordinates": [ [ [ -80.235646, 32.542339 ], [ -80.235649, 32.542069 ], [ -80.235968, 32.54207 ], [ -80.23597, 32.5418 ], [ -80.23629, 32.541802 ], [ -80.236292, 32.541531 ], [ -80.235653, 32.541527 ], [ -80.235651, 32.541798 ], [ -80.235331, 32.541796 ], [ -80.235327, 32.542337 ], [ -80.235646, 32.542339 ] ] ] } },
{ "type": "Feature", "properties": { "first_epoch": "2006", "acres": 1.5567625269962391 }, "geometry": { "type": "Polygon", "coordinates": [ [ [ -80.281651, 32.54261 ], [ -80.281653, 32.54234 ], [ -80.281973, 32.542342 ], [ -80.281979, 32.54153 ], [ -80.28166, 32.541528 ], [ -80.281656, 32.542069 ], [ -80.280697, 32.542064 ], [ -80.280695, 32.542334 ], [ -80.281334, 32.542338 ], [ -80.281332, 32.542609 ], [ -80.281651, 32.54261 ] ] ] } },
{ "type": "Feature", "properties": { "first_epoch": "2001", "acres": 0.44478929342749685 }, "geometry": { "type": "Polygon", "coordinates": [ [ [ -80.27878, 32.542053 ], [ -80.278785, 32.541511 ], [ -80.278465, 32.54151 ], [ -80.278461, 32.542051 ], [ -80.27878, 32.542053 ] ] ] } },
{ "type": "Feature", "properties": { "first_epoch": "1991", "acres": 0.22239464671374842 }, "geometry": { "type": "Polygon", "coordinates": [ [ [ -80.362487, 32.542234 ], [ -80.362488, 32.541964 ], [ -80.362169, 32.541962 ], [ -80.362167, 32.542233 ], [ -80.362487, 32.542234 ] ] ] } },
{ "type": "Feature", "properties": { "first_epoch": "2011", "acres": 0.22239464671374842 }, "geometry": { "type": "Polygon", "coordinates": [ [ [ -80.361211, 32.541957 ], [ -80.361212, 32.541687 ], [ -80.360893, 32.541685 ], [ -80.360891, 32.541956 ], [ -80.361211, 32.541957 ] ] ] } },
{ "type": "Feature", "properties": { "first_epoch": "1991", "acres": 0.22239464671374842 }, "geometry": { "type": "Polygon", "coordinates": [ [ [ -80.332457, 32.541808 ], [ -80.332459, 32.541537 ], [ -80.33214, 32.541536 ], [ -80.332138, 32.541806 ], [ -80.332457, 32.541808 ] ] ] } },
{ "type": "Feature", "properties": { "first_epoch": "2011", "acres": 0.66718394014124527 }, "geometry": { "type": "Polygon", "coordinates": [ [ [ -80.364405, 32.541973 ], [ -80.364409, 32.541432 ], [ -80.36409, 32.541431 ], [ -80.364088, 32.541701 ], [ -80.363768, 32.5417 ], [ -80.363766, 32.54197 ], [ -80.364405, 32.541973 ] ] ] } },
{ "type": "Feature", "properties": { "first_epoch": "2016", "acres": 0.66718394014124527 }, "geometry": { "type": "Polygon", "coordinates": [ [ [ -80.363447, 32.541969 ], [ -80.363451, 32.541427 ], [ -80.363131, 32.541426 ], [ -80.363129, 32.541696 ], [ -80.36281, 32.541695 ], [ -80.362808, 32.541965 ], [ -80.363447, 32.541969 ] ] ] } },
{ "type": "Feature", "properties": { "first_epoch": "1991", "acres": 0.44478929342749685 }, "geometry": { "type": "Polygon", "coordinates": [ [ [ -80.36153, 32.541959 ], [ -80.361534, 32.541418 ], [ -80.361214, 32.541416 ], [ -80.361211, 32.541957 ], [ -80.36153, 32.541959 ] ] ] } },
{ "type": "Feature", "properties": { "first_epoch": "2006", "acres": 0.66718394014124527 }, "geometry": { "type": "Polygon", "coordinates": [ [ [ -80.28166, 32.541528 ], [ -80.281662, 32.541257 ], [ -80.281343, 32.541255 ], [ -80.281345, 32.540985 ], [ -80.281025, 32.540983 ], [ -80.281021, 32.541524 ], [ -80.28166, 32.541528 ] ] ] } },
{ "type": "Feature", "properties": { "first_epoch": "1991", "acres": 0.44478929342749685 }, "geometry": { "type": "Polygon", "coordinates": [ [ [ -80.36281, 32.541695 ], [ -80.362812, 32.541424 ], [ -80.362173, 32.541421 ], [ -80.362171, 32.541691 ], [ -80.36281, 32.541695 ] ] ] } },
{ "type": "Feature", "properties": { "first_epoch": "1991", "acres": 0.22239464671374842 }, "geometry": { "type": "Polygon", "coordinates": [ [ [ -80.332779, 32.541539 ], [ -80.332781, 32.541268 ], [ -80.332461, 32.541267 ], [ -80.332459, 32.541537 ], [ -80.332779, 32.541539 ] ] ] } },
{ "type": "Feature", "properties": { "first_epoch": "1996", "acres": 1.1119732335687422 }, "geometry": { "type": "Polygon", "coordinates": [ [ [ -80.298271, 32.541892 ], [ -80.298279, 32.54081 ], [ -80.29796, 32.540808 ], [ -80.297957, 32.541079 ], [ -80.297638, 32.541077 ], [ -80.297636, 32.541348 ], [ -80.297955, 32.541349 ], [ -80.297951, 32.541891 ], [ -80.298271, 32.541892 ] ] ] } },
{ "type": "Feature", "properties": { "first_epoch": "1991", "acres": 0.66718394014124527 }, "geometry": { "type": "Polygon", "coordinates": [ [ [ -80.363766, 32.54197 ], [ -80.363772, 32.541158 ], [ -80.363453, 32.541157 ], [ -80.363447, 32.541969 ], [ -80.363766, 32.54197 ] ] ] } },
{ "type": "Feature", "properties": { "first_epoch": "2016", "acres": 0.44478929342749685 }, "geometry": { "type": "Polygon", "coordinates": [ [ [ -80.364088, 32.541701 ], [ -80.364092, 32.54116 ], [ -80.363772, 32.541158 ], [ -80.363768, 32.5417 ], [ -80.364088, 32.541701 ] ] ] } },
{ "type": "Feature", "properties": { "first_epoch": "2001", "acres": 8.2286019284086915 }, "geometry": { "type": "Polygon", "coordinates": [ [ [ -80.279411, 32.543139 ], [ -80.279413, 32.542868 ], [ -80.279732, 32.54287 ], [ -80.279734, 32.542599 ], [ -80.279095, 32.542596 ], [ -80.279098, 32.542325 ], [ -80.279417, 32.542327 ], [ -80.279419, 32.542056 ], [ -80.279739, 32.542058 ], [ -80.279741, 32.541788 ], [ -80.280699, 32.541793 ], [ -80.280697, 32.542064 ], [ -80.281017, 32.542065 ], [ -80.281019, 32.541795 ], [ -80.281658, 32.541799 ], [ -80.28166, 32.541528 ], [ -80.281021, 32.541524 ], [ -80.28103, 32.540442 ], [ -80.28071, 32.54044 ], [ -80.280708, 32.540711 ], [ -80.280388, 32.540709 ], [ -80.280391, 32.540438 ], [ -80.280071, 32.540436 ], [ -80.280069, 32.540707 ], [ -80.27943, 32.540703 ], [ -80.279428, 32.540974 ], [ -80.279108, 32.540972 ], [ -80.2791, 32.542055 ], [ -80.27878, 32.542053 ], [ -80.278774, 32.542865 ], [ -80.279093, 32.542866 ], [ -80.279091, 32.543137 ], [ -80.279411, 32.543139 ] ] ] } },
{ "type": "Feature", "properties": { "first_epoch": "2001", "acres": 0.88957858685499369 }, "geometry": { "type": "Polygon", "coordinates": [ [ [ -80.365366, 32.541708 ], [ -80.365368, 32.541437 ], [ -80.365048, 32.541435 ], [ -80.365052, 32.540894 ], [ -80.364733, 32.540893 ], [ -80.364727, 32.541704 ], [ -80.365366, 32.541708 ] ] ] } },
{ "type": "Feature", "properties": { "first_epoch": "2016", "acres": 1.3343678802824905 }, "geometry": { "type": "Polygon", "coordinates": [ [ [ -80.291568, 32.541043 ], [ -80.291574, 32.540231 ], [ -80.290616, 32.540226 ], [ -80.290612, 32.540767 ], [ -80.290931, 32.540769 ], [ -80.290933, 32.540498 ], [ -80.291253, 32.5405 ], [ -80.291248, 32.541041 ], [ -80.291568, 32.541043 ] ] ] } },
{ "type": "Feature", "properties": { "first_epoch": "2001", "acres": 0.66718394014124527 }, "geometry": { "type": "Polygon", "coordinates": [ [ [ -80.300196, 32.540821 ], [ -80.300198, 32.54055 ], [ -80.300517, 32.540552 ], [ -80.30052, 32.540281 ], [ -80.299881, 32.540278 ], [ -80.299876, 32.540819 ], [ -80.300196, 32.540821 ] ] ] } },
{ "type": "Feature", "properties": { "first_epoch": "2001", "acres": 0.44478929342749685 }, "geometry": { "type": "Polygon", "coordinates": [ [ [ -80.301158, 32.540285 ], [ -80.301163, 32.539743 ], [ -80.300843, 32.539742 ], [ -80.300839, 32.540283 ], [ -80.301158, 32.540285 ] ] ] } },
{ "type": "Feature", "properties": { "first_epoch": "2021", "acres": 0.88957858685499369 }, "geometry": { "type": "Polygon", "coordinates": [ [ [ -80.285502, 32.540467 ], [ -80.285504, 32.540197 ], [ -80.285824, 32.540199 ], [ -80.285826, 32.539928 ], [ -80.285506, 32.539926 ], [ -80.285509, 32.539656 ], [ -80.285189, 32.539654 ], [ -80.285183, 32.540466 ], [ -80.285502, 32.540467 ] ] ] } },
{ "type": "Feature", "properties": { "first_epoch": "2001", "acres": 0.66718394014124527 }, "geometry": { "type": "Polygon", "coordinates": [ [ [ -80.36154, 32.540606 ], [ -80.361542, 32.540335 ], [ -80.361861, 32.540337 ], [ -80.361863, 32.540066 ], [ -80.361224, 32.540063 ], [ -80.36122, 32.540604 ], [ -80.36154, 32.540606 ] ] ] } },
{ "type": "Feature", "properties": { "first_epoch": "2011", "acres": 0.66718394014124527 }, "geometry": { "type": "Polygon", "coordinates": [ [ [ -80.28934, 32.539948 ], [ -80.289344, 32.539407 ], [ -80.289025, 32.539405 ], [ -80.289023, 32.539675 ], [ -80.288703, 32.539674 ], [ -80.288701, 32.539944 ], [ -80.28934, 32.539948 ] ] ] } },
{ "type": "Feature", "properties": { "first_epoch": "2006", "acres": 0.66718394014124527 }, "geometry": { "type": "Polygon", "coordinates": [ [ [ -80.285187, 32.539924 ], [ -80.285191, 32.539383 ], [ -80.284552, 32.539379 ], [ -80.28455, 32.53965 ], [ -80.28487, 32.539652 ], [ -80.284867, 32.539922 ], [ -80.285187, 32.539924 ] ] ] } },
{ "type": "Feature", "properties": { "first_epoch": "2006", "acres": 0.88957858685499369 }, "geometry": { "type": "Polygon", "coordinates": [ [ [ -80.288064, 32.53967 ], [ -80.288066, 32.539399 ], [ -80.287428, 32.539396 ], [ -80.28743, 32.539125 ], [ -80.28711, 32.539123 ], [ -80.287106, 32.539665 ], [ -80.288064, 32.53967 ] ] ] } },
{ "type": "Feature", "properties": { "first_epoch": "2011", "acres": 0.44478929342749685 }, "geometry": { "type": "Polygon", "coordinates": [ [ [ -80.29318, 32.539158 ], [ -80.293184, 32.538616 ], [ -80.292865, 32.538615 ], [ -80.292861, 32.539156 ], [ -80.29318, 32.539158 ] ] ] } },
{ "type": "Feature", "properties": { "first_epoch": "2021", "acres": 0.66718394014124527 }, "geometry": { "type": "Polygon", "coordinates": [ [ [ -80.292224, 32.538882 ], [ -80.292228, 32.53834 ], [ -80.291589, 32.538337 ], [ -80.291587, 32.538607 ], [ -80.291906, 32.538609 ], [ -80.291904, 32.53888 ], [ -80.292224, 32.538882 ] ] ] } },
{ "type": "Feature", "properties": { "first_epoch": "2011", "acres": 0.22239464671374842 }, "geometry": { "type": "Polygon", "coordinates": [ [ [ -80.292865, 32.538615 ], [ -80.292867, 32.538344 ], [ -80.292548, 32.538342 ], [ -80.292545, 32.538613 ], [ -80.292865, 32.538615 ] ] ] } },
{ "type": "Feature", "properties": { "first_epoch": "2016", "acres": 0.44478929342749685 }, "geometry": { "type": "Polygon", "coordinates": [ [ [ -80.298937, 32.538378 ], [ -80.298939, 32.538107 ], [ -80.2983, 32.538104 ], [ -80.298298, 32.538374 ], [ -80.298937, 32.538378 ] ] ] } },
{ "type": "Feature", "properties": { "first_epoch": "2016", "acres": 0.66718394014124527 }, "geometry": { "type": "Polygon", "coordinates": [ [ [ -80.329286, 32.538544 ], [ -80.32929, 32.538002 ], [ -80.328971, 32.538001 ], [ -80.328969, 32.538271 ], [ -80.328649, 32.538269 ], [ -80.328647, 32.53854 ], [ -80.329286, 32.538544 ] ] ] } },
{ "type": "Feature", "properties": { "first_epoch": "2006", "acres": 0.44478929342749685 }, "geometry": { "type": "Polygon", "coordinates": [ [ [ -80.298941, 32.537837 ], [ -80.298943, 32.537566 ], [ -80.298304, 32.537563 ], [ -80.298302, 32.537833 ], [ -80.298941, 32.537837 ] ] ] } },
{ "type": "Feature", "properties": { "first_epoch": "2001", "acres": 1.1119732335687422 }, "geometry": { "type": "Polygon", "coordinates": [ [ [ -80.360595, 32.538707 ], [ -80.360602, 32.537624 ], [ -80.360283, 32.537623 ], [ -80.360279, 32.538164 ], [ -80.359959, 32.538162 ], [ -80.359958, 32.538433 ], [ -80.360277, 32.538434 ], [ -80.360275, 32.538705 ], [ -80.360595, 32.538707 ] ] ] } },
{ "type": "Feature", "properties": { "first_epoch": "2021", "acres": 0.66718394014124527 }, "geometry": { "type": "Polygon", "coordinates": [ [ [ -80.321943, 32.537963 ], [ -80.321945, 32.537692 ], [ -80.321625, 32.537691 ], [ -80.321627, 32.53742 ], [ -80.321308, 32.537418 ], [ -80.321304, 32.537959 ], [ -80.321943, 32.537963 ] ] ] } },
{ "type": "Feature", "properties": { "first_epoch": "2016", "acres": 0.44478929342749685 }, "geometry": { "type": "Polygon", "coordinates": [ [ [ -80.329294, 32.537461 ], [ -80.329298, 32.53692 ], [ -80.328979, 32.536918 ], [ -80.328975, 32.537459 ], [ -80.329294, 32.537461 ] ] ] } },
{ "type": "Feature", "properties": { "first_epoch": "2021", "acres": 0.44478929342749685 }, "geometry": { "type": "Polygon", "coordinates": [ [ [ -80.329935, 32.537194 ], [ -80.329939, 32.536653 ], [ -80.32962, 32.536651 ], [ -80.329616, 32.537192 ], [ -80.329935, 32.537194 ] ] ] } },
{ "type": "Feature", "properties": { "first_epoch": "2001", "acres": 0.66718394014124527 }, "geometry": { "type": "Polygon", "coordinates": [ [ [ -80.329616, 32.537192 ], [ -80.32962, 32.536651 ], [ -80.328981, 32.536648 ], [ -80.328979, 32.536918 ], [ -80.329298, 32.53692 ], [ -80.329296, 32.53719 ], [ -80.329616, 32.537192 ] ] ] } },
{ "type": "Feature", "properties": { "first_epoch": "2016", "acres": 0.22239464671374842 }, "geometry": { "type": "Polygon", "coordinates": [ [ [ -80.328979, 32.536918 ], [ -80.328981, 32.536648 ], [ -80.328662, 32.536646 ], [ -80.32866, 32.536916 ], [ -80.328979, 32.536918 ] ] ] } },
{ "type": "Feature", "properties": { "first_epoch": "1991", "acres": 0.88957858685499369 }, "geometry": { "type": "Polygon", "coordinates": [ [ [ -80.293197, 32.536993 ], [ -80.293203, 32.536181 ], [ -80.292884, 32.536179 ], [ -80.292882, 32.53645 ], [ -80.292562, 32.536448 ], [ -80.29256, 32.536719 ], [ -80.29288, 32.53672 ], [ -80.292878, 32.536991 ], [ -80.293197, 32.536993 ] ] ] } },
{ "type": "Feature", "properties": { "first_epoch": "1996", "acres": 0.66718394014124527 }, "geometry": { "type": "Polygon", "coordinates": [ [ [ -80.293519, 32.536724 ], [ -80.293521, 32.536453 ], [ -80.29384, 32.536455 ], [ -80.293842, 32.536184 ], [ -80.293203, 32.536181 ], [ -80.293199, 32.536722 ], [ -80.293519, 32.536724 ] ] ] } },
{ "type": "Feature", "properties": { "first_epoch": "2001", "acres": 0.22239464671374842 }, "geometry": { "type": "Polygon", "coordinates": [ [ [ -80.28809, 32.536423 ], [ -80.288092, 32.536152 ], [ -80.287773, 32.53615 ], [ -80.287771, 32.536421 ], [ -80.28809, 32.536423 ] ] ] } },
{ "type": "Feature", "properties": { "first_epoch": "2016", "acres": 0.66718394014124527 }, "geometry": { "type": "Polygon", "coordinates": [ [ [ -80.328023, 32.536642 ], [ -80.328027, 32.536101 ], [ -80.327388, 32.536098 ], [ -80.327386, 32.536368 ], [ -80.327705, 32.53637 ], [ -80.327703, 32.536641 ], [ -80.328023, 32.536642 ] ] ] } },
{ "type": "Feature", "properties": { "first_epoch": "2001", "acres": 0.22239464671374842 }, "geometry": { "type": "Polygon", "coordinates": [ [ [ -80.359971, 32.536538 ], [ -80.359973, 32.536268 ], [ -80.359653, 32.536266 ], [ -80.359652, 32.536537 ], [ -80.359971, 32.536538 ] ] ] } },
{ "type": "Feature", "properties": { "first_epoch": "2001", "acres": 0.66718394014124527 }, "geometry": { "type": "Polygon", "coordinates": [ [ [ -80.293523, 32.536183 ], [ -80.293527, 32.535641 ], [ -80.293208, 32.53564 ], [ -80.293206, 32.53591 ], [ -80.292886, 32.535908 ], [ -80.292884, 32.536179 ], [ -80.293523, 32.536183 ] ] ] } },
{ "type": "Feature", "properties": { "first_epoch": "1996", "acres": 0.44478929342749685 }, "geometry": { "type": "Polygon", "coordinates": [ [ [ -80.315887, 32.536036 ], [ -80.315891, 32.535494 ], [ -80.315572, 32.535493 ], [ -80.315568, 32.536034 ], [ -80.315887, 32.536036 ] ] ] } },
{ "type": "Feature", "properties": { "first_epoch": "2021", "acres": 0.44478929342749685 }, "geometry": { "type": "Polygon", "coordinates": [ [ [ -80.293206, 32.53591 ], [ -80.29321, 32.535369 ], [ -80.29289, 32.535367 ], [ -80.292886, 32.535908 ], [ -80.293206, 32.53591 ] ] ] } },
{ "type": "Feature", "properties": { "first_epoch": "2001", "acres": 0.88957858685499369 }, "geometry": { "type": "Polygon", "coordinates": [ [ [ -80.287773, 32.53615 ], [ -80.287775, 32.53588 ], [ -80.288094, 32.535881 ], [ -80.288099, 32.53534 ], [ -80.287779, 32.535338 ], [ -80.287777, 32.535609 ], [ -80.287457, 32.535607 ], [ -80.287453, 32.536148 ], [ -80.287773, 32.53615 ] ] ] } },
{ "type": "Feature", "properties": { "first_epoch": "2001", "acres": 0.44478929342749685 }, "geometry": { "type": "Polygon", "coordinates": [ [ [ -80.338573, 32.535616 ], [ -80.338575, 32.535345 ], [ -80.337936, 32.535342 ], [ -80.337934, 32.535612 ], [ -80.338573, 32.535616 ] ] ] } },
{ "type": "Feature", "properties": { "first_epoch": "2016", "acres": 0.22239464671374842 }, "geometry": { "type": "Polygon", "coordinates": [ [ [ -80.299282, 32.535132 ], [ -80.299284, 32.534862 ], [ -80.298964, 32.53486 ], [ -80.298962, 32.535131 ], [ -80.299282, 32.535132 ] ] ] } },
{ "type": "Feature", "properties": { "first_epoch": "2001", "acres": 1.1119732335687422 }, "geometry": { "type": "Polygon", "coordinates": [ [ [ -80.361258, 32.535192 ], [ -80.36126, 32.534921 ], [ -80.360941, 32.53492 ], [ -80.360943, 32.534649 ], [ -80.360304, 32.534646 ], [ -80.3603, 32.535187 ], [ -80.361258, 32.535192 ] ] ] } },
{ "type": "Feature", "properties": { "first_epoch": "2001", "acres": 0.66718394014124527 }, "geometry": { "type": "Polygon", "coordinates": [ [ [ -80.264783, 32.534665 ], [ -80.264785, 32.534394 ], [ -80.265104, 32.534396 ], [ -80.265107, 32.534125 ], [ -80.264468, 32.534122 ], [ -80.264463, 32.534663 ], [ -80.264783, 32.534665 ] ] ] } },
{ "type": "Feature", "properties": { "first_epoch": "2001", "acres": 0.66718394014124527 }, "geometry": { "type": "Polygon", "coordinates": [ [ [ -80.357105, 32.535171 ], [ -80.357111, 32.534359 ], [ -80.356792, 32.534357 ], [ -80.356786, 32.535169 ], [ -80.357105, 32.535171 ] ] ] } },
{ "type": "Feature", "properties": { "first_epoch": "2001", "acres": 0.66718394014124527 }, "geometry": { "type": "Polygon", "coordinates": [ [ [ -80.264146, 32.53439 ], [ -80.26415, 32.533849 ], [ -80.263512, 32.533846 ], [ -80.263509, 32.534116 ], [ -80.263829, 32.534118 ], [ -80.263827, 32.534389 ], [ -80.264146, 32.53439 ] ] ] } },
{ "type": "Feature", "properties": { "first_epoch": "2001", "acres": 0.22239464671374842 }, "geometry": { "type": "Polygon", "coordinates": [ [ [ -80.361262, 32.534651 ], [ -80.361264, 32.53438 ], [ -80.360945, 32.534378 ], [ -80.360943, 32.534649 ], [ -80.361262, 32.534651 ] ] ] } },
{ "type": "Feature", "properties": { "first_epoch": "2016", "acres": 0.44478929342749685 }, "geometry": { "type": "Polygon", "coordinates": [ [ [ -80.361582, 32.534652 ], [ -80.361586, 32.534111 ], [ -80.361266, 32.534109 ], [ -80.361262, 32.534651 ], [ -80.361582, 32.534652 ] ] ] } },
{ "type": "Feature", "properties": { "first_epoch": "2001", "acres": 0.66718394014124527 }, "geometry": { "type": "Polygon", "coordinates": [ [ [ -80.296413, 32.534305 ], [ -80.296415, 32.534034 ], [ -80.296095, 32.534032 ], [ -80.296098, 32.533762 ], [ -80.295778, 32.53376 ], [ -80.295774, 32.534301 ], [ -80.296413, 32.534305 ] ] ] } },
{ "type": "Feature", "properties": { "first_epoch": "2001", "acres": 0.44478929342749685 }, "geometry": { "type": "Polygon", "coordinates": [ [ [ -80.360945, 32.534378 ], [ -80.360947, 32.534108 ], [ -80.360308, 32.534105 ], [ -80.360306, 32.534375 ], [ -80.360945, 32.534378 ] ] ] } },
{ "type": "Feature", "properties": { "first_epoch": "2001", "acres": 0.66718394014124527 }, "geometry": { "type": "Polygon", "coordinates": [ [ [ -80.297691, 32.534312 ], [ -80.297693, 32.534041 ], [ -80.298012, 32.534043 ], [ -80.298014, 32.533772 ], [ -80.297375, 32.533769 ], [ -80.297371, 32.53431 ], [ -80.297691, 32.534312 ] ] ] } },
{ "type": "Feature", "properties": { "first_epoch": "2001", "acres": 0.66718394014124527 }, "geometry": { "type": "Polygon", "coordinates": [ [ [ -80.359986, 32.534374 ], [ -80.35999, 32.533832 ], [ -80.359671, 32.533831 ], [ -80.359669, 32.534101 ], [ -80.359349, 32.5341 ], [ -80.359347, 32.53437 ], [ -80.359986, 32.534374 ] ] ] } },
{ "type": "Feature", "properties": { "first_epoch": "2021", "acres": 1.3343678802824905 }, "geometry": { "type": "Polygon", "coordinates": [ [ [ -80.304719, 32.534351 ], [ -80.304721, 32.53408 ], [ -80.30504, 32.534082 ], [ -80.305044, 32.533541 ], [ -80.304405, 32.533537 ], [ -80.304403, 32.533808 ], [ -80.304084, 32.533806 ], [ -80.304082, 32.534077 ], [ -80.304401, 32.534078 ], [ -80.304399, 32.534349 ], [ -80.304719, 32.534351 ] ] ] } },
{ "type": "Feature", "properties": { "first_epoch": "2021", "acres": 0.88957858685499369 }, "geometry": { "type": "Polygon", "coordinates": [ [ [ -80.297054, 32.534037 ], [ -80.297058, 32.533496 ], [ -80.296739, 32.533494 ], [ -80.296736, 32.533765 ], [ -80.296098, 32.533762 ], [ -80.296095, 32.534032 ], [ -80.297054, 32.534037 ] ] ] } },
{ "type": "Feature", "properties": { "first_epoch": "2021", "acres": 1.1119732335687422 }, "geometry": { "type": "Polygon", "coordinates": [ [ [ -80.357748, 32.534633 ], [ -80.357752, 32.534092 ], [ -80.358072, 32.534093 ], [ -80.358073, 32.533823 ], [ -80.357435, 32.533819 ], [ -80.357431, 32.53436 ], [ -80.357111, 32.534359 ], [ -80.357109, 32.534629 ], [ -80.357748, 32.534633 ] ] ] } },
{ "type": "Feature", "properties": { "first_epoch": "2001", "acres": 0.66718394014124527 }, "geometry": { "type": "Polygon", "coordinates": [ [ [ -80.302167, 32.533795 ], [ -80.302171, 32.533254 ], [ -80.301532, 32.533251 ], [ -80.30153, 32.533521 ], [ -80.30185, 32.533523 ], [ -80.301848, 32.533794 ], [ -80.302167, 32.533795 ] ] ] } },
{ "type": "Feature", "properties": { "first_epoch": "2021", "acres": 0.88957858685499369 }, "geometry": { "type": "Polygon", "coordinates": [ [ [ -80.321015, 32.533899 ], [ -80.321017, 32.533628 ], [ -80.321336, 32.53363 ], [ -80.321338, 32.533359 ], [ -80.320699, 32.533356 ], [ -80.320697, 32.533626 ], [ -80.320378, 32.533624 ], [ -80.320376, 32.533895 ], [ -80.321015, 32.533899 ] ] ] } },
{ "type": "Feature", "properties": { "first_epoch": "2001", "acres": 4.2254982875612201 }, "geometry": { "type": "Polygon", "coordinates": [ [ [ -80.267019, 32.534678 ], [ -80.267021, 32.534407 ], [ -80.266702, 32.534405 ], [ -80.266706, 32.533864 ], [ -80.267025, 32.533866 ], [ -80.267028, 32.533595 ], [ -80.266708, 32.533594 ], [ -80.26671, 32.533323 ], [ -80.267669, 32.533329 ], [ -80.267675, 32.532517 ], [ -80.267356, 32.532515 ], [ -80.267352, 32.533056 ], [ -80.267032, 32.533054 ], [ -80.267034, 32.532784 ], [ -80.266715, 32.532782 ], [ -80.266713, 32.533052 ], [ -80.266393, 32.533051 ], [ -80.266391, 32.533321 ], [ -80.266072, 32.533319 ], [ -80.266067, 32.53386 ], [ -80.265748, 32.533859 ], [ -80.265745, 32.534129 ], [ -80.266065, 32.534131 ], [ -80.266063, 32.534402 ], [ -80.266382, 32.534404 ], [ -80.26638, 32.534674 ], [ -80.267019, 32.534678 ] ] ] } },
{ "type": "Feature", "properties": { "first_epoch": "2006", "acres": 0.44478929342749685 }, "geometry": { "type": "Polygon", "coordinates": [ [ [ -80.307285, 32.533012 ], [ -80.307287, 32.532741 ], [ -80.306648, 32.532738 ], [ -80.306646, 32.533008 ], [ -80.307285, 32.533012 ] ] ] } },
{ "type": "Feature", "properties": { "first_epoch": "2021", "acres": 0.88957858685499369 }, "geometry": { "type": "Polygon", "coordinates": [ [ [ -80.313993, 32.533049 ], [ -80.313995, 32.532778 ], [ -80.313676, 32.532776 ], [ -80.313678, 32.532506 ], [ -80.313358, 32.532504 ], [ -80.313356, 32.532774 ], [ -80.313037, 32.532773 ], [ -80.313035, 32.533043 ], [ -80.313993, 32.533049 ] ] ] } },
{ "type": "Feature", "properties": { "first_epoch": "2001", "acres": 0.66718394014124527 }, "geometry": { "type": "Polygon", "coordinates": [ [ [ -80.305053, 32.532458 ], [ -80.305055, 32.532188 ], [ -80.305374, 32.532189 ], [ -80.305376, 32.531919 ], [ -80.304737, 32.531915 ], [ -80.304733, 32.532456 ], [ -80.305053, 32.532458 ] ] ] } },
{ "type": "Feature", "properties": { "first_epoch": "1996", "acres": 0.66718394014124527 }, "geometry": { "type": "Polygon", "coordinates": [ [ [ -80.303779, 32.53191 ], [ -80.303781, 32.531639 ], [ -80.302823, 32.531634 ], [ -80.302821, 32.531905 ], [ -80.303779, 32.53191 ] ] ] } },
{ "type": "Feature", "properties": { "first_epoch": "2021", "acres": 4.4478929342749689 }, "geometry": { "type": "Polygon", "coordinates": [ [ [ -80.314632, 32.533052 ], [ -80.314636, 32.532511 ], [ -80.314955, 32.532513 ], [ -80.314958, 32.532242 ], [ -80.315596, 32.532245 ], [ -80.315601, 32.531704 ], [ -80.314962, 32.531701 ], [ -80.314964, 32.53143 ], [ -80.314644, 32.531428 ], [ -80.314642, 32.531699 ], [ -80.313684, 32.531694 ], [ -80.313678, 32.532506 ], [ -80.313997, 32.532507 ], [ -80.313995, 32.532778 ], [ -80.314315, 32.53278 ], [ -80.314312, 32.53305 ], [ -80.314632, 32.533052 ] ] ] } },
{ "type": "Feature", "properties": { "first_epoch": "2016", "acres": 0.66718394014124527 }, "geometry": { "type": "Polygon", "coordinates": [ [ [ -80.318793, 32.531992 ], [ -80.318797, 32.531451 ], [ -80.318158, 32.531447 ], [ -80.318156, 32.531718 ], [ -80.318476, 32.53172 ], [ -80.318474, 32.53199 ], [ -80.318793, 32.531992 ] ] ] } },
{ "type": "Feature", "properties": { "first_epoch": "2006", "acres": 0.66718394014124527 }, "geometry": { "type": "Polygon", "coordinates": [ [ [ -80.317835, 32.531987 ], [ -80.317837, 32.531716 ], [ -80.318156, 32.531718 ], [ -80.318158, 32.531447 ], [ -80.317519, 32.531444 ], [ -80.317515, 32.531985 ], [ -80.317835, 32.531987 ] ] ] } },
{ "type": "Feature", "properties": { "first_epoch": "1991", "acres": 0.66718394014124527 }, "geometry": { "type": "Polygon", "coordinates": [ [ [ -80.303781, 32.531639 ], [ -80.303783, 32.531369 ], [ -80.302825, 32.531363 ], [ -80.302823, 32.531634 ], [ -80.303781, 32.531639 ] ] ] } },
{ "type": "Feature", "properties": { "first_epoch": "1991", "acres": 0.88957858685499369 }, "geometry": { "type": "Polygon", "coordinates": [ [ [ -80.305696, 32.531921 ], [ -80.305698, 32.53165 ], [ -80.306017, 32.531652 ], [ -80.306021, 32.53111 ], [ -80.305702, 32.531109 ], [ -80.3057, 32.531379 ], [ -80.30538, 32.531378 ], [ -80.305376, 32.531919 ], [ -80.305696, 32.531921 ] ] ] } },
{ "type": "Feature", "properties": { "first_epoch": "1991", "acres": 0.66718394014124527 }, "geometry": { "type": "Polygon", "coordinates": [ [ [ -80.315281, 32.531702 ], [ -80.315283, 32.531432 ], [ -80.315603, 32.531434 ], [ -80.315605, 32.531163 ], [ -80.314966, 32.531159 ], [ -80.314962, 32.531701 ], [ -80.315281, 32.531702 ] ] ] } },
{ "type": "Feature", "properties": { "first_epoch": "2016", "acres": 0.22239464671374842 }, "geometry": { "type": "Polygon", "coordinates": [ [ [ -80.285258, 32.530994 ], [ -80.28526, 32.530724 ], [ -80.28494, 32.530722 ], [ -80.284938, 32.530992 ], [ -80.285258, 32.530994 ] ] ] } },
{ "type": "Feature", "properties": { "first_epoch": "2021", "acres": 1.1119732335687422 }, "geometry": { "type": "Polygon", "coordinates": [ [ [ -80.313686, 32.531423 ], [ -80.313688, 32.531153 ], [ -80.314007, 32.531154 ], [ -80.314012, 32.530613 ], [ -80.313692, 32.530611 ], [ -80.31369, 32.530882 ], [ -80.313371, 32.53088 ], [ -80.313369, 32.531151 ], [ -80.313049, 32.531149 ], [ -80.313047, 32.53142 ], [ -80.313686, 32.531423 ] ] ] } },
{ "type": "Feature", "properties": { "first_epoch": "2021", "acres": 0.66718394014124527 }, "geometry": { "type": "Polygon", "coordinates": [ [ [ -80.296438, 32.531057 ], [ -80.29644, 32.530787 ], [ -80.296121, 32.530785 ], [ -80.296123, 32.530514 ], [ -80.295803, 32.530512 ], [ -80.295799, 32.531054 ], [ -80.296438, 32.531057 ] ] ] } },
{ "type": "Feature", "properties": { "first_epoch": "2016", "acres": 0.22239464671374842 }, "geometry": { "type": "Polygon", "coordinates": [ [ [ -80.285579, 32.530725 ], [ -80.285581, 32.530455 ], [ -80.285262, 32.530453 ], [ -80.28526, 32.530724 ], [ -80.285579, 32.530725 ] ] ] } },
{ "type": "Feature", "properties": { "first_epoch": "2021", "acres": 0.88957858685499369 }, "geometry": { "type": "Polygon", "coordinates": [ [ [ -80.317208, 32.53036 ], [ -80.31721, 32.530089 ], [ -80.317529, 32.530091 ], [ -80.317532, 32.52982 ], [ -80.316893, 32.529817 ], [ -80.316891, 32.530087 ], [ -80.316571, 32.530086 ], [ -80.316569, 32.530356 ], [ -80.317208, 32.53036 ] ] ] } },
{ "type": "Feature", "properties": { "first_epoch": "2001", "acres": 0.44478929342749685 }, "geometry": { "type": "Polygon", "coordinates": [ [ [ -80.318488, 32.530096 ], [ -80.318492, 32.529555 ], [ -80.318172, 32.529553 ], [ -80.318168, 32.530094 ], [ -80.318488, 32.530096 ] ] ] } },
{ "type": "Feature", "properties": { "first_epoch": "2001", "acres": 1.1119732335687422 }, "geometry": { "type": "Polygon", "coordinates": [ [ [ -80.310819, 32.530325 ], [ -80.310821, 32.530054 ], [ -80.311141, 32.530056 ], [ -80.311145, 32.529515 ], [ -80.310825, 32.529513 ], [ -80.310823, 32.529784 ], [ -80.310184, 32.52978 ], [ -80.310182, 32.530051 ], [ -80.310502, 32.530053 ], [ -80.3105, 32.530323 ], [ -80.310819, 32.530325 ] ] ] } },
{ "type": "Feature", "properties": { "first_epoch": "2006", "acres": 0.66718394014124527 }, "geometry": { "type": "Polygon", "coordinates": [ [ [ -80.273451, 32.529303 ], [ -80.273456, 32.528762 ], [ -80.273136, 32.52876 ], [ -80.273134, 32.52903 ], [ -80.272815, 32.529028 ], [ -80.272813, 32.529299 ], [ -80.273451, 32.529303 ] ] ] } },
{ "type": "Feature", "properties": { "first_epoch": "2001", "acres": 0.44478929342749685 }, "geometry": { "type": "Polygon", "coordinates": [ [ [ -80.274095, 32.528765 ], [ -80.274097, 32.528495 ], [ -80.273458, 32.528491 ], [ -80.273456, 32.528762 ], [ -80.274095, 32.528765 ] ] ] } },
{ "type": "Feature", "properties": { "first_epoch": "2001", "acres": 0.66718394014124527 }, "geometry": { "type": "Polygon", "coordinates": [ [ [ -80.319452, 32.529289 ], [ -80.319458, 32.528478 ], [ -80.319139, 32.528476 ], [ -80.319133, 32.529288 ], [ -80.319452, 32.529289 ] ] ] } },
{ "type": "Feature", "properties": { "first_epoch": "2016", "acres": 0.22239464671374842 }, "geometry": { "type": "Polygon", "coordinates": [ [ [ -80.312109, 32.528708 ], [ -80.312111, 32.528438 ], [ -80.311792, 32.528436 ], [ -80.31179, 32.528707 ], [ -80.312109, 32.528708 ] ] ] } },
{ "type": "Feature", "properties": { "first_epoch": "2016", "acres": 0.22239464671374842 }, "geometry": { "type": "Polygon", "coordinates": [ [ [ -80.311792, 32.528436 ], [ -80.311794, 32.528165 ], [ -80.311475, 32.528164 ], [ -80.311473, 32.528434 ], [ -80.311792, 32.528436 ] ] ] } },
{ "type": "Feature", "properties": { "first_epoch": "2001", "acres": 1.7791571737099874 }, "geometry": { "type": "Polygon", "coordinates": [ [ [ -80.275055, 32.5285 ], [ -80.275057, 32.52823 ], [ -80.275377, 32.528231 ], [ -80.275379, 32.527961 ], [ -80.27506, 32.527959 ], [ -80.275062, 32.527688 ], [ -80.274742, 32.527686 ], [ -80.27474, 32.527957 ], [ -80.274101, 32.527953 ], [ -80.274097, 32.528495 ], [ -80.275055, 32.5285 ] ] ] } },
{ "type": "Feature", "properties": { "first_epoch": "2001", "acres": 0.66718394014124527 }, "geometry": { "type": "Polygon", "coordinates": [ [ [ -80.275698, 32.527963 ], [ -80.275701, 32.527692 ], [ -80.27602, 32.527694 ], [ -80.276022, 32.527423 ], [ -80.275383, 32.52742 ], [ -80.275379, 32.527961 ], [ -80.275698, 32.527963 ] ] ] } },
{ "type": "Feature", "properties": { "first_epoch": "2011", "acres": 0.66718394014124527 }, "geometry": { "type": "Polygon", "coordinates": [ [ [ -80.301574, 32.527838 ], [ -80.301576, 32.527568 ], [ -80.301896, 32.52757 ], [ -80.301898, 32.527299 ], [ -80.301259, 32.527295 ], [ -80.301255, 32.527837 ], [ -80.301574, 32.527838 ] ] ] } },
{ "type": "Feature", "properties": { "first_epoch": "2021", "acres": 1.1119732335687422 }, "geometry": { "type": "Polygon", "coordinates": [ [ [ -80.29838, 32.527821 ], [ -80.298382, 32.52755 ], [ -80.299021, 32.527554 ], [ -80.299023, 32.527283 ], [ -80.298065, 32.527278 ], [ -80.298063, 32.527548 ], [ -80.297743, 32.527546 ], [ -80.297741, 32.527817 ], [ -80.29838, 32.527821 ] ] ] } },
{ "type": "Feature", "properties": { "first_epoch": "2001", "acres": 0.66718394014124527 }, "geometry": { "type": "Polygon", "coordinates": [ [ [ -80.299662, 32.527286 ], [ -80.299666, 32.526745 ], [ -80.299027, 32.526742 ], [ -80.299025, 32.527012 ], [ -80.299345, 32.527014 ], [ -80.299343, 32.527285 ], [ -80.299662, 32.527286 ] ] ] } },
{ "type": "Feature", "properties": { "first_epoch": "2011", "acres": 0.88957858685499369 }, "geometry": { "type": "Polygon", "coordinates": [ [ [ -80.290083, 32.526692 ], [ -80.290085, 32.526421 ], [ -80.290405, 32.526423 ], [ -80.290407, 32.526152 ], [ -80.290088, 32.52615 ], [ -80.29009, 32.52588 ], [ -80.28977, 32.525878 ], [ -80.289764, 32.52669 ], [ -80.290083, 32.526692 ] ] ] } },
{ "type": "Feature", "properties": { "first_epoch": "1991", "acres": 0.44478929342749685 }, "geometry": { "type": "Polygon", "coordinates": [ [ [ -80.314044, 32.526283 ], [ -80.314049, 32.525742 ], [ -80.313729, 32.52574 ], [ -80.313725, 32.526281 ], [ -80.314044, 32.526283 ] ] ] } },
{ "type": "Feature", "properties": { "first_epoch": "2011", "acres": 0.88957858685499369 }, "geometry": { "type": "Polygon", "coordinates": [ [ [ -80.291685, 32.526159 ], [ -80.291687, 32.525889 ], [ -80.291367, 32.525887 ], [ -80.29137, 32.525616 ], [ -80.29105, 32.525614 ], [ -80.291048, 32.525885 ], [ -80.290729, 32.525883 ], [ -80.290726, 32.526154 ], [ -80.291685, 32.526159 ] ] ] } },
{ "type": "Feature", "properties": { "first_epoch": "2011", "acres": 0.88957858685499369 }, "geometry": { "type": "Polygon", "coordinates": [ [ [ -80.297436, 32.525921 ], [ -80.297441, 32.52538 ], [ -80.297121, 32.525378 ], [ -80.297119, 32.525649 ], [ -80.29648, 32.525645 ], [ -80.296478, 32.525916 ], [ -80.297436, 32.525921 ] ] ] } },
{ "type": "Feature", "properties": { "first_epoch": "2001", "acres": 0.88957858685499369 }, "geometry": { "type": "Polygon", "coordinates": [ [ [ -80.304464, 32.52596 ], [ -80.304466, 32.525689 ], [ -80.304785, 32.525691 ], [ -80.304787, 32.525421 ], [ -80.303829, 32.525415 ], [ -80.303827, 32.525686 ], [ -80.304146, 32.525688 ], [ -80.304144, 32.525958 ], [ -80.304464, 32.52596 ] ] ] } },
{ "type": "Feature", "properties": { "first_epoch": "2016", "acres": 0.66718394014124527 }, "geometry": { "type": "Polygon", "coordinates": [ [ [ -80.314049, 32.525742 ], [ -80.314053, 32.525201 ], [ -80.313414, 32.525197 ], [ -80.313412, 32.525468 ], [ -80.313731, 32.52547 ], [ -80.313729, 32.52574 ], [ -80.314049, 32.525742 ] ] ] } },
{ "type": "Feature", "properties": { "first_epoch": "2001", "acres": 1.1119732335687422 }, "geometry": { "type": "Polygon", "coordinates": [ [ [ -80.272843, 32.525511 ], [ -80.272845, 32.52524 ], [ -80.273165, 32.525242 ], [ -80.273167, 32.524971 ], [ -80.272528, 32.524967 ], [ -80.272526, 32.525238 ], [ -80.271887, 32.525234 ], [ -80.271885, 32.525505 ], [ -80.272843, 32.525511 ] ] ] } },
{ "type": "Feature", "properties": { "first_epoch": "2001", "acres": 0.66718394014124527 }, "geometry": { "type": "Polygon", "coordinates": [ [ [ -80.321395, 32.525782 ], [ -80.321401, 32.52497 ], [ -80.321082, 32.524968 ], [ -80.321076, 32.52578 ], [ -80.321395, 32.525782 ] ] ] } },
{ "type": "Feature", "properties": { "first_epoch": "1991", "acres": 0.66718394014124527 }, "geometry": { "type": "Polygon", "coordinates": [ [ [ -80.32012, 32.525504 ], [ -80.320124, 32.524963 ], [ -80.319804, 32.524961 ], [ -80.319802, 32.525232 ], [ -80.319483, 32.52523 ], [ -80.319481, 32.525501 ], [ -80.32012, 32.525504 ] ] ] } },
{ "type": "Feature", "properties": { "first_epoch": "2021", "acres": 2.2239464671374845 }, "geometry": { "type": "Polygon", "coordinates": [ [ [ -80.321074, 32.526051 ], [ -80.321078, 32.52551 ], [ -80.320439, 32.525506 ], [ -80.320441, 32.525235 ], [ -80.320761, 32.525237 ], [ -80.320763, 32.524967 ], [ -80.320124, 32.524963 ], [ -80.32012, 32.525504 ], [ -80.319481, 32.525501 ], [ -80.319479, 32.525772 ], [ -80.320437, 32.525777 ], [ -80.320435, 32.526047 ], [ -80.321074, 32.526051 ] ] ] } },
{ "type": "Feature", "properties": { "first_epoch": "2011", "acres": 2.2239464671374845 }, "geometry": { "type": "Polygon", "coordinates": [ [ [ -80.29105, 32.525614 ], [ -80.291054, 32.525073 ], [ -80.290735, 32.525071 ], [ -80.290741, 32.52426 ], [ -80.290422, 32.524258 ], [ -80.290416, 32.52507 ], [ -80.289777, 32.525066 ], [ -80.289775, 32.525337 ], [ -80.290094, 32.525338 ], [ -80.290092, 32.525609 ], [ -80.29105, 32.525614 ] ] ] } },
{ "type": "Feature", "properties": { "first_epoch": "2021", "acres": 2.0015518204237357 }, "geometry": { "type": "Polygon", "coordinates": [ [ [ -80.298082, 32.525113 ], [ -80.298088, 32.524301 ], [ -80.297769, 32.524299 ], [ -80.297766, 32.52457 ], [ -80.297128, 32.524566 ], [ -80.297125, 32.524837 ], [ -80.296487, 32.524833 ], [ -80.296485, 32.525104 ], [ -80.298082, 32.525113 ] ] ] } },
{ "type": "Feature", "properties": { "first_epoch": "1996", "acres": 1.5567625269962391 }, "geometry": { "type": "Polygon", "coordinates": [ [ [ -80.303512, 32.525143 ], [ -80.303514, 32.524872 ], [ -80.303833, 32.524874 ], [ -80.303835, 32.524603 ], [ -80.303516, 32.524602 ], [ -80.303518, 32.524331 ], [ -80.302879, 32.524327 ], [ -80.302873, 32.525139 ], [ -80.303512, 32.525143 ] ] ] } },
{ "type": "Feature", "properties": { "first_epoch": "2011", "acres": 2.4463411138512328 }, "geometry": { "type": "Polygon", "coordinates": [ [ [ -80.292334, 32.52481 ], [ -80.292341, 32.523998 ], [ -80.292021, 32.523996 ], [ -80.292023, 32.523726 ], [ -80.291384, 32.523722 ], [ -80.291376, 32.524804 ], [ -80.292334, 32.52481 ] ] ] } },
{ "type": "Feature", "properties": { "first_epoch": "2001", "acres": 0.66718394014124527 }, "geometry": { "type": "Polygon", "coordinates": [ [ [ -80.313739, 32.524387 ], [ -80.313741, 32.524117 ], [ -80.313422, 32.524115 ], [ -80.313424, 32.523844 ], [ -80.313105, 32.523842 ], [ -80.313101, 32.524384 ], [ -80.313739, 32.524387 ] ] ] } },
{ "type": "Feature", "properties": { "first_epoch": "2001", "acres": 0.22239464671374842 }, "geometry": { "type": "Polygon", "coordinates": [ [ [ -80.314061, 32.524118 ], [ -80.314063, 32.523848 ], [ -80.313744, 32.523846 ], [ -80.313741, 32.524117 ], [ -80.314061, 32.524118 ] ] ] } },
{ "type": "Feature", "properties": { "first_epoch": "1996", "acres": 0.22239464671374842 }, "geometry": { "type": "Polygon", "coordinates": [ [ [ -80.303201, 32.524059 ], [ -80.303203, 32.523788 ], [ -80.302883, 32.523786 ], [ -80.302881, 32.524057 ], [ -80.303201, 32.524059 ] ] ] } },
{ "type": "Feature", "properties": { "first_epoch": "2021", "acres": 1.1119732335687422 }, "geometry": { "type": "Polygon", "coordinates": [ [ [ -80.30767, 32.524354 ], [ -80.307673, 32.524083 ], [ -80.307353, 32.524082 ], [ -80.307357, 32.52354 ], [ -80.307038, 32.523539 ], [ -80.307034, 32.52408 ], [ -80.306714, 32.524078 ], [ -80.306712, 32.524349 ], [ -80.30767, 32.524354 ] ] ] } },
{ "type": "Feature", "properties": { "first_epoch": "1996", "acres": 0.44478929342749685 }, "geometry": { "type": "Polygon", "coordinates": [ [ [ -80.302562, 32.524055 ], [ -80.302566, 32.523514 ], [ -80.302247, 32.523512 ], [ -80.302242, 32.524053 ], [ -80.302562, 32.524055 ] ] ] } },
{ "type": "Feature", "properties": { "first_epoch": "2016", "acres": 0.88957858685499369 }, "geometry": { "type": "Polygon", "coordinates": [ [ [ -80.334823, 32.52423 ], [ -80.334825, 32.523959 ], [ -80.335464, 32.523963 ], [ -80.335466, 32.523692 ], [ -80.334508, 32.523687 ], [ -80.334504, 32.524228 ], [ -80.334823, 32.52423 ] ] ] } },
{ "type": "Feature", "properties": { "first_epoch": "2001", "acres": 0.66718394014124527 }, "geometry": { "type": "Polygon", "coordinates": [ [ [ -80.333867, 32.523954 ], [ -80.333871, 32.523413 ], [ -80.333232, 32.52341 ], [ -80.33323, 32.52368 ], [ -80.333549, 32.523682 ], [ -80.333547, 32.523952 ], [ -80.333867, 32.523954 ] ] ] } },
{ "type": "Feature", "properties": { "first_epoch": "1996", "acres": 0.88957858685499369 }, "geometry": { "type": "Polygon", "coordinates": [ [ [ -80.308631, 32.524089 ], [ -80.308633, 32.523818 ], [ -80.308952, 32.52382 ], [ -80.308956, 32.523279 ], [ -80.308637, 32.523277 ], [ -80.308635, 32.523547 ], [ -80.308316, 32.523546 ], [ -80.308311, 32.524087 ], [ -80.308631, 32.524089 ] ] ] } },
{ "type": "Feature", "properties": { "first_epoch": "2011", "acres": 0.66718394014124527 }, "geometry": { "type": "Polygon", "coordinates": [ [ [ -80.287551, 32.5237 ], [ -80.287556, 32.523159 ], [ -80.287236, 32.523157 ], [ -80.287234, 32.523428 ], [ -80.286915, 32.523426 ], [ -80.286913, 32.523697 ], [ -80.287551, 32.5237 ] ] ] } },
{ "type": "Feature", "properties": { "first_epoch": "2001", "acres": 0.22239464671374842 }, "geometry": { "type": "Polygon", "coordinates": [ [ [ -80.315662, 32.523586 ], [ -80.315664, 32.523315 ], [ -80.315345, 32.523313 ], [ -80.315343, 32.523584 ], [ -80.315662, 32.523586 ] ] ] } },
{ "type": "Feature", "properties": { "first_epoch": "2001", "acres": 0.66718394014124527 }, "geometry": { "type": "Polygon", "coordinates": [ [ [ -80.318856, 32.523603 ], [ -80.318858, 32.523333 ], [ -80.319178, 32.523334 ], [ -80.31918, 32.523064 ], [ -80.318541, 32.52306 ], [ -80.318537, 32.523601 ], [ -80.318856, 32.523603 ] ] ] } },
{ "type": "Feature", "properties": { "first_epoch": "2001", "acres": 0.88957858685499369 }, "geometry": { "type": "Polygon", "coordinates": [ [ [ -80.314382, 32.523849 ], [ -80.314386, 32.523308 ], [ -80.314706, 32.52331 ], [ -80.314708, 32.523039 ], [ -80.314069, 32.523036 ], [ -80.314063, 32.523848 ], [ -80.314382, 32.523849 ] ] ] } },
{ "type": "Feature", "properties": { "first_epoch": "1991", "acres": 0.44478929342749685 }, "geometry": { "type": "Polygon", "coordinates": [ [ [ -80.310234, 32.523286 ], [ -80.310236, 32.523015 ], [ -80.309597, 32.523011 ], [ -80.309595, 32.523282 ], [ -80.310234, 32.523286 ] ] ] } },
{ "type": "Feature", "properties": { "first_epoch": "2016", "acres": 0.66718394014124527 }, "geometry": { "type": "Polygon", "coordinates": [ [ [ -80.332593, 32.523406 ], [ -80.332597, 32.522865 ], [ -80.331958, 32.522862 ], [ -80.331956, 32.523132 ], [ -80.332276, 32.523134 ], [ -80.332274, 32.523404 ], [ -80.332593, 32.523406 ] ] ] } },
{ "type": "Feature", "properties": { "first_epoch": "2021", "acres": 1.3343678802824905 }, "geometry": { "type": "Polygon", "coordinates": [ [ [ -80.335468, 32.523421 ], [ -80.33547, 32.523151 ], [ -80.335789, 32.523152 ], [ -80.335791, 32.522882 ], [ -80.336111, 32.522884 ], [ -80.336113, 32.522613 ], [ -80.335474, 32.52261 ], [ -80.335472, 32.52288 ], [ -80.335153, 32.522878 ], [ -80.335151, 32.523149 ], [ -80.334831, 32.523147 ], [ -80.334829, 32.523418 ], [ -80.335468, 32.523421 ] ] ] } },
{ "type": "Feature", "properties": { "first_epoch": "1991", "acres": 0.44478929342749685 }, "geometry": { "type": "Polygon", "coordinates": [ [ [ -80.309919, 32.522743 ], [ -80.309921, 32.522472 ], [ -80.309282, 32.522468 ], [ -80.30928, 32.522739 ], [ -80.309919, 32.522743 ] ] ] } },
{ "type": "Feature", "properties": { "first_epoch": "1996", "acres": 0.66718394014124527 }, "geometry": { "type": "Polygon", "coordinates": [ [ [ -80.331002, 32.522586 ], [ -80.331004, 32.522315 ], [ -80.330046, 32.52231 ], [ -80.330044, 32.522581 ], [ -80.331002, 32.522586 ] ] ] } },
{ "type": "Feature", "properties": { "first_epoch": "1991", "acres": 0.44478929342749685 }, "geometry": { "type": "Polygon", "coordinates": [ [ [ -80.306727, 32.522454 ], [ -80.306729, 32.522184 ], [ -80.30609, 32.52218 ], [ -80.306088, 32.522451 ], [ -80.306727, 32.522454 ] ] ] } },
{ "type": "Feature", "properties": { "first_epoch": "2016", "acres": 1.1119732335687422 }, "geometry": { "type": "Polygon", "coordinates": [ [ [ -80.336752, 32.522616 ], [ -80.336754, 32.522346 ], [ -80.335795, 32.522341 ], [ -80.335797, 32.52207 ], [ -80.335478, 32.522068 ], [ -80.335474, 32.52261 ], [ -80.336752, 32.522616 ] ] ] } },
{ "type": "Feature", "properties": { "first_epoch": "1991", "acres": 0.66718394014124527 }, "geometry": { "type": "Polygon", "coordinates": [ [ [ -80.328766, 32.522574 ], [ -80.32877, 32.522033 ], [ -80.328131, 32.522029 ], [ -80.328129, 32.5223 ], [ -80.328449, 32.522302 ], [ -80.328447, 32.522572 ], [ -80.328766, 32.522574 ] ] ] } },
{ "type": "Feature", "properties": { "first_epoch": "1991", "acres": 0.88957858685499369 }, "geometry": { "type": "Polygon", "coordinates": [ [ [ -80.278617, 32.522567 ], [ -80.278619, 32.522296 ], [ -80.278938, 32.522298 ], [ -80.278942, 32.521757 ], [ -80.278623, 32.521755 ], [ -80.278621, 32.522026 ], [ -80.278301, 32.522024 ], [ -80.278297, 32.522565 ], [ -80.278617, 32.522567 ] ] ] } },
{ "type": "Feature", "properties": { "first_epoch": "2006", "acres": 1.1119732335687422 }, "geometry": { "type": "Polygon", "coordinates": [ [ [ -80.331004, 32.522315 ], [ -80.331006, 32.522045 ], [ -80.330687, 32.522043 ], [ -80.330689, 32.521772 ], [ -80.33005, 32.521769 ], [ -80.330046, 32.52231 ], [ -80.331004, 32.522315 ] ] ] } },
{ "type": "Feature", "properties": { "first_epoch": "2001", "acres": 1.3343678802824905 }, "geometry": { "type": "Polygon", "coordinates": [ [ [ -80.330046, 32.52231 ], [ -80.33005, 32.521769 ], [ -80.32973, 32.521767 ], [ -80.329728, 32.522038 ], [ -80.329409, 32.522036 ], [ -80.329411, 32.521765 ], [ -80.328772, 32.521762 ], [ -80.32877, 32.522033 ], [ -80.32909, 32.522034 ], [ -80.329088, 32.522305 ], [ -80.330046, 32.52231 ] ] ] } },
{ "type": "Feature", "properties": { "first_epoch": "2021", "acres": 0.66718394014124527 }, "geometry": { "type": "Polygon", "coordinates": [ [ [ -80.275107, 32.522006 ], [ -80.275112, 32.521464 ], [ -80.274792, 32.521462 ], [ -80.27479, 32.521733 ], [ -80.274471, 32.521731 ], [ -80.274469, 32.522002 ], [ -80.275107, 32.522006 ] ] ] } },
{ "type": "Feature", "properties": { "first_epoch": "2016", "acres": 0.66718394014124527 }, "geometry": { "type": "Polygon", "coordinates": [ [ [ -80.315674, 32.521962 ], [ -80.315676, 32.521692 ], [ -80.314718, 32.521686 ], [ -80.314716, 32.521957 ], [ -80.315674, 32.521962 ] ] ] } },
{ "type": "Feature", "properties": { "first_epoch": "2021", "acres": 1.1119732335687422 }, "geometry": { "type": "Polygon", "coordinates": [ [ [ -80.309601, 32.52247 ], [ -80.309606, 32.521929 ], [ -80.309925, 32.521931 ], [ -80.309927, 32.52166 ], [ -80.309288, 32.521657 ], [ -80.309286, 32.521927 ], [ -80.308967, 32.521925 ], [ -80.308965, 32.522196 ], [ -80.309284, 32.522198 ], [ -80.309282, 32.522468 ], [ -80.309601, 32.52247 ] ] ] } },
{ "type": "Feature", "properties": { "first_epoch": "2006", "acres": 0.66718394014124527 }, "geometry": { "type": "Polygon", "coordinates": [ [ [ -80.335476, 32.522339 ], [ -80.335482, 32.521527 ], [ -80.335162, 32.521525 ], [ -80.335156, 32.522337 ], [ -80.335476, 32.522339 ] ] ] } },
{ "type": "Feature", "properties": { "first_epoch": "2021", "acres": 0.44478929342749685 }, "geometry": { "type": "Polygon", "coordinates": [ [ [ -80.335158, 32.522067 ], [ -80.335162, 32.521525 ], [ -80.334843, 32.521524 ], [ -80.334839, 32.522065 ], [ -80.335158, 32.522067 ] ] ] } },
{ "type": "Feature", "properties": { "first_epoch": "2006", "acres": 0.66718394014124527 }, "geometry": { "type": "Polygon", "coordinates": [ [ [ -80.314397, 32.521955 ], [ -80.314399, 32.521685 ], [ -80.314718, 32.521686 ], [ -80.31472, 32.521416 ], [ -80.314081, 32.521412 ], [ -80.314077, 32.521953 ], [ -80.314397, 32.521955 ] ] ] } },
{ "type": "Feature", "properties": { "first_epoch": "1991", "acres": 2.0015518204237357 }, "geometry": { "type": "Polygon", "coordinates": [ [ [ -80.308009, 32.52192 ], [ -80.308015, 32.521108 ], [ -80.307376, 32.521105 ], [ -80.307374, 32.521375 ], [ -80.307054, 32.521374 ], [ -80.307052, 32.521644 ], [ -80.306733, 32.521643 ], [ -80.306731, 32.521913 ], [ -80.308009, 32.52192 ] ] ] } },
{ "type": "Feature", "properties": { "first_epoch": "2021", "acres": 0.88957858685499369 }, "geometry": { "type": "Polygon", "coordinates": [ [ [ -80.32973, 32.521767 ], [ -80.329733, 32.521497 ], [ -80.329413, 32.521495 ], [ -80.329415, 32.521224 ], [ -80.328776, 32.521221 ], [ -80.328774, 32.521491 ], [ -80.329094, 32.521493 ], [ -80.329092, 32.521764 ], [ -80.32973, 32.521767 ] ] ] } },
{ "type": "Feature", "properties": { "first_epoch": "2021", "acres": 1.1119732335687422 }, "geometry": { "type": "Polygon", "coordinates": [ [ [ -80.279581, 32.521761 ], [ -80.279583, 32.52149 ], [ -80.279903, 32.521492 ], [ -80.279905, 32.521221 ], [ -80.279586, 32.521219 ], [ -80.279588, 32.520949 ], [ -80.278949, 32.520945 ], [ -80.278947, 32.521216 ], [ -80.279266, 32.521218 ], [ -80.279262, 32.521759 ], [ -80.279581, 32.521761 ] ] ] } },
{ "type": "Feature", "properties": { "first_epoch": "1991", "acres": 0.66718394014124527 }, "geometry": { "type": "Polygon", "coordinates": [ [ [ -80.27575, 32.521468 ], [ -80.275755, 32.520927 ], [ -80.275116, 32.520923 ], [ -80.275114, 32.521194 ], [ -80.275433, 32.521196 ], [ -80.275431, 32.521466 ], [ -80.27575, 32.521468 ] ] ] } },
{ "type": "Feature", "properties": { "first_epoch": "2001", "acres": 1.5567625269962391 }, "geometry": { "type": "Polygon", "coordinates": [ [ [ -80.274471, 32.521731 ], [ -80.274473, 32.521461 ], [ -80.275431, 32.521466 ], [ -80.275433, 32.521196 ], [ -80.274475, 32.52119 ], [ -80.274477, 32.520919 ], [ -80.274158, 32.520918 ], [ -80.274156, 32.521188 ], [ -80.273836, 32.521186 ], [ -80.273834, 32.521457 ], [ -80.274153, 32.521459 ], [ -80.274151, 32.521729 ], [ -80.274471, 32.521731 ] ] ] } },
{ "type": "Feature", "properties": { "first_epoch": "2001", "acres": 0.88957858685499369 }, "geometry": { "type": "Polygon", "coordinates": [ [ [ -80.335484, 32.521256 ], [ -80.335486, 32.520986 ], [ -80.335166, 32.520984 ], [ -80.335168, 32.520714 ], [ -80.33453, 32.52071 ], [ -80.334528, 32.520981 ], [ -80.334847, 32.520982 ], [ -80.334845, 32.521253 ], [ -80.335484, 32.521256 ] ] ] } },
{ "type": "Feature", "properties": { "first_epoch": "2006", "acres": 0.88957858685499369 }, "geometry": { "type": "Polygon", "coordinates": [ [ [ -80.334526, 32.521251 ], [ -80.334528, 32.520981 ], [ -80.334208, 32.520979 ], [ -80.33421, 32.520708 ], [ -80.333571, 32.520705 ], [ -80.333569, 32.520976 ], [ -80.333889, 32.520977 ], [ -80.333887, 32.521248 ], [ -80.334526, 32.521251 ] ] ] } },
{ "type": "Feature", "properties": { "first_epoch": "2001", "acres": 0.44478929342749685 }, "geometry": { "type": "Polygon", "coordinates": [ [ [ -80.330695, 32.52096 ], [ -80.330699, 32.520419 ], [ -80.330379, 32.520418 ], [ -80.330375, 32.520959 ], [ -80.330695, 32.52096 ] ] ] } },
{ "type": "Feature", "properties": { "first_epoch": "1991", "acres": 0.66718394014124527 }, "geometry": { "type": "Polygon", "coordinates": [ [ [ -80.307697, 32.520836 ], [ -80.307702, 32.520295 ], [ -80.307063, 32.520291 ], [ -80.307061, 32.520562 ], [ -80.30738, 32.520564 ], [ -80.307378, 32.520834 ], [ -80.307697, 32.520836 ] ] ] } },
{ "type": "Feature", "properties": { "first_epoch": "2016", "acres": 0.66718394014124527 }, "geometry": { "type": "Polygon", "coordinates": [ [ [ -80.277673, 32.520667 ], [ -80.277676, 32.520397 ], [ -80.277995, 32.520398 ], [ -80.277997, 32.520128 ], [ -80.277358, 32.520124 ], [ -80.277354, 32.520665 ], [ -80.277673, 32.520667 ] ] ] } },
{ "type": "Feature", "properties": { "first_epoch": "2021", "acres": 1.1119732335687422 }, "geometry": { "type": "Polygon", "coordinates": [ [ [ -80.325904, 32.520935 ], [ -80.325908, 32.520394 ], [ -80.325588, 32.520392 ], [ -80.32559, 32.520121 ], [ -80.325271, 32.52012 ], [ -80.325265, 32.520931 ], [ -80.325904, 32.520935 ] ] ] } },
{ "type": "Feature", "properties": { "first_epoch": "2006", "acres": 0.88957858685499369 }, "geometry": { "type": "Polygon", "coordinates": [ [ [ -80.298435, 32.520785 ], [ -80.298437, 32.520514 ], [ -80.298756, 32.520516 ], [ -80.29876, 32.519975 ], [ -80.298441, 32.519973 ], [ -80.298439, 32.520243 ], [ -80.298119, 32.520242 ], [ -80.298115, 32.520783 ], [ -80.298435, 32.520785 ] ] ] } },
{ "type": "Feature", "properties": { "first_epoch": "2001", "acres": 0.88957858685499369 }, "geometry": { "type": "Polygon", "coordinates": [ [ [ -80.305144, 32.520551 ], [ -80.305146, 32.520281 ], [ -80.305466, 32.520282 ], [ -80.305468, 32.520012 ], [ -80.30451, 32.520007 ], [ -80.304508, 32.520277 ], [ -80.304827, 32.520279 ], [ -80.304825, 32.52055 ], [ -80.305144, 32.520551 ] ] ] } },
{ "type": "Feature", "properties": { "first_epoch": "2001", "acres": 0.88957858685499369 }, "geometry": { "type": "Polygon", "coordinates": [ [ [ -80.310257, 32.520309 ], [ -80.310259, 32.520038 ], [ -80.30994, 32.520036 ], [ -80.309942, 32.519766 ], [ -80.309622, 32.519764 ], [ -80.30962, 32.520035 ], [ -80.309301, 32.520033 ], [ -80.309299, 32.520304 ], [ -80.310257, 32.520309 ] ] ] } },
{ "type": "Feature", "properties": { "first_epoch": "2001", "acres": 0.88957858685499369 }, "geometry": { "type": "Polygon", "coordinates": [ [ [ -80.299395, 32.520519 ], [ -80.299399, 32.519978 ], [ -80.299719, 32.51998 ], [ -80.299721, 32.519709 ], [ -80.299082, 32.519706 ], [ -80.299076, 32.520518 ], [ -80.299395, 32.520519 ] ] ] } },
{ "type": "Feature", "properties": { "first_epoch": "1991", "acres": 1.1119732335687422 }, "geometry": { "type": "Polygon", "coordinates": [ [ [ -80.306105, 32.520286 ], [ -80.306111, 32.519474 ], [ -80.305791, 32.519472 ], [ -80.305789, 32.519743 ], [ -80.30547, 32.519741 ], [ -80.305466, 32.520282 ], [ -80.306105, 32.520286 ] ] ] } },
{ "type": "Feature", "properties": { "first_epoch": "2021", "acres": 0.66718394014124527 }, "geometry": { "type": "Polygon", "coordinates": [ [ [ -80.305468, 32.520012 ], [ -80.30547, 32.519741 ], [ -80.305789, 32.519743 ], [ -80.305791, 32.519472 ], [ -80.305153, 32.519469 ], [ -80.305148, 32.52001 ], [ -80.305468, 32.520012 ] ] ] } },
{ "type": "Feature", "properties": { "first_epoch": "1991", "acres": 7.3390233415536983 }, "geometry": { "type": "Polygon", "coordinates": [ [ [ -80.278629, 32.520943 ], [ -80.278632, 32.520673 ], [ -80.278312, 32.520671 ], [ -80.278314, 32.5204 ], [ -80.278634, 32.520402 ], [ -80.278636, 32.520131 ], [ -80.278955, 32.520133 ], [ -80.278958, 32.519863 ], [ -80.279916, 32.519868 ], [ -80.279918, 32.519598 ], [ -80.278321, 32.519588 ], [ -80.278323, 32.519318 ], [ -80.278642, 32.51932 ], [ -80.278645, 32.519049 ], [ -80.278006, 32.519045 ], [ -80.278004, 32.519316 ], [ -80.277684, 32.519314 ], [ -80.277682, 32.519585 ], [ -80.277363, 32.519583 ], [ -80.277361, 32.519853 ], [ -80.276083, 32.519846 ], [ -80.276076, 32.520658 ], [ -80.276396, 32.52066 ], [ -80.2764, 32.520119 ], [ -80.27672, 32.52012 ], [ -80.276717, 32.520391 ], [ -80.277037, 32.520393 ], [ -80.277035, 32.520663 ], [ -80.277354, 32.520665 ], [ -80.277352, 32.520936 ], [ -80.278629, 32.520943 ] ], [ [ -80.277673, 32.520667 ], [ -80.277354, 32.520665 ], [ -80.277358, 32.520124 ], [ -80.277997, 32.520128 ], [ -80.277995, 32.520398 ], [ -80.277676, 32.520397 ], [ -80.277673, 32.520667 ] ], [ [ -80.277999, 32.519857 ], [ -80.27768, 32.519855 ], [ -80.277682, 32.519585 ], [ -80.278001, 32.519587 ], [ -80.277999, 32.519857 ] ] ] } },
{ "type": "Feature", "properties": { "first_epoch": "2021", "acres": 0.88957858685499369 }, "geometry": { "type": "Polygon", "coordinates": [ [ [ -80.336452, 32.519908 ], [ -80.336454, 32.519638 ], [ -80.336773, 32.51964 ], [ -80.336775, 32.519369 ], [ -80.336456, 32.519367 ], [ -80.336458, 32.519097 ], [ -80.336139, 32.519095 ], [ -80.336133, 32.519907 ], [ -80.336452, 32.519908 ] ] ] } },
{ "type": "Feature", "properties": { "first_epoch": "2016", "acres": 2.4463411138512328 }, "geometry": { "type": "Polygon", "coordinates": [ [ [ -80.330381, 32.520147 ], [ -80.330383, 32.519876 ], [ -80.330703, 32.519878 ], [ -80.330705, 32.519607 ], [ -80.331024, 32.519609 ], [ -80.331026, 32.519338 ], [ -80.330707, 32.519337 ], [ -80.330709, 32.519066 ], [ -80.330389, 32.519064 ], [ -80.330387, 32.519335 ], [ -80.329749, 32.519332 ], [ -80.329745, 32.519873 ], [ -80.329425, 32.519871 ], [ -80.329423, 32.520142 ], [ -80.330381, 32.520147 ] ] ] } },
{ "type": "Feature", "properties": { "first_epoch": "2016", "acres": 0.66718394014124527 }, "geometry": { "type": "Polygon", "coordinates": [ [ [ -80.325914, 32.519582 ], [ -80.325916, 32.519311 ], [ -80.325596, 32.519309 ], [ -80.325598, 32.519039 ], [ -80.325279, 32.519037 ], [ -80.325275, 32.519578 ], [ -80.325914, 32.519582 ] ] ] } },
{ "type": "Feature", "properties": { "first_epoch": "2001", "acres": 0.66718394014124527 }, "geometry": { "type": "Polygon", "coordinates": [ [ [ -80.284072, 32.519351 ], [ -80.284074, 32.51908 ], [ -80.284394, 32.519082 ], [ -80.284396, 32.518811 ], [ -80.283757, 32.518808 ], [ -80.283753, 32.519349 ], [ -80.284072, 32.519351 ] ] ] } },
{ "type": "Feature", "properties": { "first_epoch": "2021", "acres": 0.66718394014124527 }, "geometry": { "type": "Polygon", "coordinates": [ [ [ -80.285033, 32.519085 ], [ -80.285037, 32.518544 ], [ -80.284398, 32.518541 ], [ -80.284396, 32.518811 ], [ -80.284715, 32.518813 ], [ -80.284713, 32.519084 ], [ -80.285033, 32.519085 ] ] ] } },
{ "type": "Feature", "properties": { "first_epoch": "2006", "acres": 1.3343678802824905 }, "geometry": { "type": "Polygon", "coordinates": [ [ [ -80.299723, 32.519439 ], [ -80.299725, 32.519168 ], [ -80.299406, 32.519166 ], [ -80.299408, 32.518896 ], [ -80.300046, 32.518899 ], [ -80.300049, 32.518629 ], [ -80.29909, 32.518623 ], [ -80.299084, 32.519435 ], [ -80.299723, 32.519439 ] ] ] } },
{ "type": "Feature", "properties": { "first_epoch": "2021", "acres": 1.1119732335687422 }, "geometry": { "type": "Polygon", "coordinates": [ [ [ -80.337097, 32.5191 ], [ -80.337099, 32.518829 ], [ -80.337418, 32.518831 ], [ -80.337422, 32.51829 ], [ -80.337103, 32.518288 ], [ -80.337101, 32.518559 ], [ -80.336781, 32.518557 ], [ -80.336779, 32.518828 ], [ -80.33646, 32.518826 ], [ -80.336458, 32.519097 ], [ -80.337097, 32.5191 ] ] ] } },
{ "type": "Feature", "properties": { "first_epoch": "2021", "acres": 1.1119732335687422 }, "geometry": { "type": "Polygon", "coordinates": [ [ [ -80.325281, 32.518767 ], [ -80.325285, 32.518225 ], [ -80.324327, 32.51822 ], [ -80.324325, 32.518491 ], [ -80.324644, 32.518493 ], [ -80.324642, 32.518763 ], [ -80.325281, 32.518767 ] ] ] } },
{ "type": "Feature", "properties": { "first_epoch": "2011", "acres": 0.66718394014124527 }, "geometry": { "type": "Polygon", "coordinates": [ [ [ -80.337738, 32.518833 ], [ -80.337744, 32.518021 ], [ -80.337424, 32.518019 ], [ -80.337418, 32.518831 ], [ -80.337738, 32.518833 ] ] ] } },
{ "type": "Feature", "properties": { "first_epoch": "2011", "acres": 0.66718394014124527 }, "geometry": { "type": "Polygon", "coordinates": [ [ [ -80.326243, 32.51823 ], [ -80.326245, 32.51796 ], [ -80.325287, 32.517955 ], [ -80.325285, 32.518225 ], [ -80.326243, 32.51823 ] ] ] } },
{ "type": "Feature", "properties": { "first_epoch": "2016", "acres": 0.44478929342749685 }, "geometry": { "type": "Polygon", "coordinates": [ [ [ -80.321452, 32.518205 ], [ -80.321456, 32.517663 ], [ -80.321137, 32.517662 ], [ -80.321133, 32.518203 ], [ -80.321452, 32.518205 ] ] ] } },
{ "type": "Feature", "properties": { "first_epoch": "2021", "acres": 0.66718394014124527 }, "geometry": { "type": "Polygon", "coordinates": [ [ [ -80.285361, 32.518005 ], [ -80.285363, 32.517734 ], [ -80.285043, 32.517732 ], [ -80.285045, 32.517462 ], [ -80.284726, 32.51746 ], [ -80.284722, 32.518001 ], [ -80.285361, 32.518005 ] ] ] } },
{ "type": "Feature", "properties": { "first_epoch": "2016", "acres": 0.66718394014124527 }, "geometry": { "type": "Polygon", "coordinates": [ [ [ -80.306123, 32.51785 ], [ -80.306127, 32.517309 ], [ -80.305489, 32.517306 ], [ -80.305487, 32.517576 ], [ -80.305806, 32.517578 ], [ -80.305804, 32.517849 ], [ -80.306123, 32.51785 ] ] ] } },
{ "type": "Feature", "properties": { "first_epoch": "2001", "acres": 0.66718394014124527 }, "geometry": { "type": "Polygon", "coordinates": [ [ [ -80.321776, 32.517665 ], [ -80.321778, 32.517395 ], [ -80.321458, 32.517393 ], [ -80.32146, 32.517122 ], [ -80.321141, 32.517121 ], [ -80.321137, 32.517662 ], [ -80.321776, 32.517665 ] ] ] } },
{ "type": "Feature", "properties": { "first_epoch": "2016", "acres": 0.44478929342749685 }, "geometry": { "type": "Polygon", "coordinates": [ [ [ -80.313791, 32.517622 ], [ -80.313795, 32.517081 ], [ -80.313476, 32.517079 ], [ -80.313471, 32.51762 ], [ -80.313791, 32.517622 ] ] ] } },
{ "type": "Feature", "properties": { "first_epoch": "2006", "acres": 0.66718394014124527 }, "geometry": { "type": "Polygon", "coordinates": [ [ [ -80.317624, 32.517643 ], [ -80.31763, 32.516831 ], [ -80.31731, 32.516829 ], [ -80.317304, 32.517641 ], [ -80.317624, 32.517643 ] ] ] } },
{ "type": "Feature", "properties": { "first_epoch": "2021", "acres": 1.7791571737099874 }, "geometry": { "type": "Polygon", "coordinates": [ [ [ -80.311874, 32.517611 ], [ -80.311877, 32.517341 ], [ -80.312196, 32.517343 ], [ -80.312198, 32.517072 ], [ -80.312517, 32.517074 ], [ -80.312522, 32.516532 ], [ -80.311883, 32.516529 ], [ -80.311881, 32.5168 ], [ -80.311561, 32.516798 ], [ -80.311555, 32.51761 ], [ -80.311874, 32.517611 ] ] ] } },
{ "type": "Feature", "properties": { "first_epoch": "2016", "acres": 0.22239464671374842 }, "geometry": { "type": "Polygon", "coordinates": [ [ [ -80.313797, 32.51681 ], [ -80.313799, 32.516539 ], [ -80.31348, 32.516538 ], [ -80.313478, 32.516808 ], [ -80.313797, 32.51681 ] ] ] } },
{ "type": "Feature", "properties": { "first_epoch": "2021", "acres": 1.3343678802824905 }, "geometry": { "type": "Polygon", "coordinates": [ [ [ -80.321778, 32.517395 ], [ -80.321786, 32.516312 ], [ -80.321467, 32.51631 ], [ -80.321464, 32.516581 ], [ -80.321145, 32.516579 ], [ -80.321141, 32.517121 ], [ -80.32146, 32.517122 ], [ -80.321458, 32.517393 ], [ -80.321778, 32.517395 ] ] ] } },
{ "type": "Feature", "properties": { "first_epoch": "2001", "acres": 0.88957858685499369 }, "geometry": { "type": "Polygon", "coordinates": [ [ [ -80.318269, 32.516834 ], [ -80.318271, 32.516564 ], [ -80.317632, 32.51656 ], [ -80.317634, 32.51629 ], [ -80.317314, 32.516288 ], [ -80.31731, 32.516829 ], [ -80.318269, 32.516834 ] ] ] } },
{ "type": "Feature", "properties": { "first_epoch": "1991", "acres": 0.66718394014124527 }, "geometry": { "type": "Polygon", "coordinates": [ [ [ -80.31859, 32.516565 ], [ -80.318592, 32.516295 ], [ -80.317634, 32.51629 ], [ -80.317632, 32.51656 ], [ -80.31859, 32.516565 ] ] ] } },
{ "type": "Feature", "properties": { "first_epoch": "2016", "acres": 0.22239464671374842 }, "geometry": { "type": "Polygon", "coordinates": [ [ [ -80.286651, 32.516388 ], [ -80.286653, 32.516118 ], [ -80.286334, 32.516116 ], [ -80.286332, 32.516387 ], [ -80.286651, 32.516388 ] ] ] } },
{ "type": "Feature", "properties": { "first_epoch": "2006", "acres": 0.44478929342749685 }, "geometry": { "type": "Polygon", "coordinates": [ [ [ -80.330088, 32.516627 ], [ -80.330092, 32.516086 ], [ -80.329773, 32.516084 ], [ -80.329769, 32.516626 ], [ -80.330088, 32.516627 ] ] ] } },
{ "type": "Feature", "properties": { "first_epoch": "2021", "acres": 1.1119732335687422 }, "geometry": { "type": "Polygon", "coordinates": [ [ [ -80.336474, 32.516932 ], [ -80.336478, 32.51639 ], [ -80.336797, 32.516392 ], [ -80.336799, 32.516122 ], [ -80.33616, 32.516118 ], [ -80.336159, 32.516389 ], [ -80.335839, 32.516387 ], [ -80.335837, 32.516658 ], [ -80.336157, 32.516659 ], [ -80.336155, 32.51693 ], [ -80.336474, 32.516932 ] ] ] } },
{ "type": "Feature", "properties": { "first_epoch": "2016", "acres": 0.22239464671374842 }, "geometry": { "type": "Polygon", "coordinates": [ [ [ -80.286972, 32.51612 ], [ -80.286975, 32.515849 ], [ -80.286655, 32.515847 ], [ -80.286653, 32.516118 ], [ -80.286972, 32.51612 ] ] ] } },
{ "type": "Feature", "properties": { "first_epoch": "1996", "acres": 0.66718394014124527 }, "geometry": { "type": "Polygon", "coordinates": [ [ [ -80.318273, 32.516293 ], [ -80.318277, 32.515752 ], [ -80.317957, 32.51575 ], [ -80.317955, 32.516021 ], [ -80.317636, 32.516019 ], [ -80.317634, 32.51629 ], [ -80.318273, 32.516293 ] ] ] } },
{ "type": "Feature", "properties": { "first_epoch": "2001", "acres": 0.44478929342749685 }, "geometry": { "type": "Polygon", "coordinates": [ [ [ -80.291127, 32.515872 ], [ -80.291131, 32.515331 ], [ -80.290811, 32.515329 ], [ -80.290807, 32.515871 ], [ -80.291127, 32.515872 ] ] ] } },
{ "type": "Feature", "properties": { "first_epoch": "2016", "acres": 0.44478929342749685 }, "geometry": { "type": "Polygon", "coordinates": [ [ [ -80.31668, 32.515743 ], [ -80.316682, 32.515473 ], [ -80.316043, 32.515469 ], [ -80.316041, 32.51574 ], [ -80.31668, 32.515743 ] ] ] } },
{ "type": "Feature", "properties": { "first_epoch": "2011", "acres": 0.66718394014124527 }, "geometry": { "type": "Polygon", "coordinates": [ [ [ -80.316041, 32.51574 ], [ -80.316043, 32.515469 ], [ -80.315085, 32.515464 ], [ -80.315083, 32.515735 ], [ -80.316041, 32.51574 ] ] ] } },
{ "type": "Feature", "properties": { "first_epoch": "2001", "acres": 0.66718394014124527 }, "geometry": { "type": "Polygon", "coordinates": [ [ [ -80.290168, 32.515867 ], [ -80.290171, 32.515596 ], [ -80.29049, 32.515598 ], [ -80.290492, 32.515328 ], [ -80.289853, 32.515324 ], [ -80.289849, 32.515865 ], [ -80.290168, 32.515867 ] ] ] } },
{ "type": "Feature", "properties": { "first_epoch": "2016", "acres": 1.7791571737099874 }, "geometry": { "type": "Polygon", "coordinates": [ [ [ -80.288572, 32.515858 ], [ -80.288574, 32.515587 ], [ -80.288893, 32.515589 ], [ -80.288895, 32.515319 ], [ -80.287937, 32.515313 ], [ -80.287939, 32.515043 ], [ -80.28762, 32.515041 ], [ -80.287618, 32.515311 ], [ -80.287298, 32.51531 ], [ -80.287296, 32.51558 ], [ -80.287935, 32.515584 ], [ -80.287933, 32.515854 ], [ -80.288572, 32.515858 ] ] ] } },
{ "type": "Feature", "properties": { "first_epoch": "2016", "acres": 0.22239464671374842 }, "geometry": { "type": "Polygon", "coordinates": [ [ [ -80.316043, 32.515469 ], [ -80.316045, 32.515199 ], [ -80.315726, 32.515197 ], [ -80.315724, 32.515467 ], [ -80.316043, 32.515469 ] ] ] } },
{ "type": "Feature", "properties": { "first_epoch": "2016", "acres": 0.88957858685499369 }, "geometry": { "type": "Polygon", "coordinates": [ [ [ -80.309971, 32.515977 ], [ -80.309975, 32.515436 ], [ -80.310294, 32.515438 ], [ -80.310296, 32.515167 ], [ -80.309657, 32.515164 ], [ -80.309651, 32.515976 ], [ -80.309971, 32.515977 ] ] ] } },
{ "type": "Feature", "properties": { "first_epoch": "2001", "acres": 3.7807089941337235 }, "geometry": { "type": "Polygon", "coordinates": [ [ [ -80.286332, 32.516387 ], [ -80.286334, 32.516116 ], [ -80.286653, 32.516118 ], [ -80.286655, 32.515847 ], [ -80.287613, 32.515853 ], [ -80.287616, 32.515582 ], [ -80.287296, 32.51558 ], [ -80.287298, 32.51531 ], [ -80.287618, 32.515311 ], [ -80.28762, 32.515041 ], [ -80.286981, 32.515037 ], [ -80.286979, 32.515308 ], [ -80.286021, 32.515302 ], [ -80.286019, 32.515573 ], [ -80.285699, 32.515571 ], [ -80.285697, 32.515842 ], [ -80.285058, 32.515838 ], [ -80.285056, 32.516109 ], [ -80.286014, 32.516114 ], [ -80.286012, 32.516385 ], [ -80.286332, 32.516387 ] ], [ [ -80.286336, 32.515845 ], [ -80.286016, 32.515844 ], [ -80.286019, 32.515573 ], [ -80.286338, 32.515575 ], [ -80.286336, 32.515845 ] ] ] } },
{ "type": "Feature", "properties": { "first_epoch": "2006", "acres": 0.66718394014124527 }, "geometry": { "type": "Polygon", "coordinates": [ [ [ -80.334568, 32.515569 ], [ -80.33457, 32.515298 ], [ -80.33425, 32.515296 ], [ -80.334252, 32.515026 ], [ -80.333933, 32.515024 ], [ -80.333929, 32.515565 ], [ -80.334568, 32.515569 ] ] ] } },
{ "type": "Feature", "properties": { "first_epoch": "2021", "acres": 1.1119732335687422 }, "geometry": { "type": "Polygon", "coordinates": [ [ [ -80.289532, 32.515593 ], [ -80.289534, 32.515322 ], [ -80.289853, 32.515324 ], [ -80.289855, 32.515053 ], [ -80.289536, 32.515052 ], [ -80.289538, 32.514781 ], [ -80.289219, 32.514779 ], [ -80.289215, 32.51532 ], [ -80.288895, 32.515319 ], [ -80.288893, 32.515589 ], [ -80.289532, 32.515593 ] ] ] } },
{ "type": "Feature", "properties": { "first_epoch": "1991", "acres": 0.66718394014124527 }, "geometry": { "type": "Polygon", "coordinates": [ [ [ -80.332651, 32.515558 ], [ -80.332657, 32.514747 ], [ -80.332338, 32.514745 ], [ -80.332332, 32.515557 ], [ -80.332651, 32.515558 ] ] ] } },
{ "type": "Feature", "properties": { "first_epoch": "2001", "acres": 1.1119732335687422 }, "geometry": { "type": "Polygon", "coordinates": [ [ [ -80.318917, 32.515485 ], [ -80.31892, 32.515214 ], [ -80.319239, 32.515216 ], [ -80.319241, 32.514945 ], [ -80.318922, 32.514944 ], [ -80.318924, 32.514673 ], [ -80.318604, 32.514671 ], [ -80.318602, 32.514942 ], [ -80.318283, 32.51494 ], [ -80.318281, 32.515211 ], [ -80.3186, 32.515212 ], [ -80.318598, 32.515483 ], [ -80.318917, 32.515485 ] ] ] } },
{ "type": "Feature", "properties": { "first_epoch": "2006", "acres": 3.5583143474199748 }, "geometry": { "type": "Polygon", "coordinates": [ [ [ -80.314759, 32.516274 ], [ -80.314761, 32.516003 ], [ -80.3154, 32.516007 ], [ -80.315402, 32.515736 ], [ -80.315083, 32.515735 ], [ -80.315085, 32.515464 ], [ -80.315404, 32.515466 ], [ -80.315406, 32.515195 ], [ -80.316045, 32.515199 ], [ -80.316047, 32.514928 ], [ -80.315089, 32.514923 ], [ -80.315091, 32.514652 ], [ -80.314772, 32.51465 ], [ -80.31477, 32.514921 ], [ -80.31445, 32.514919 ], [ -80.314448, 32.51519 ], [ -80.314768, 32.515192 ], [ -80.314765, 32.515462 ], [ -80.314446, 32.51546 ], [ -80.314444, 32.515731 ], [ -80.314125, 32.515729 ], [ -80.314121, 32.516271 ], [ -80.314759, 32.516274 ] ] ] } },
{ "type": "Feature", "properties": { "first_epoch": "2001", "acres": 1.1119732335687422 }, "geometry": { "type": "Polygon", "coordinates": [ [ [ -80.289858, 32.514783 ], [ -80.289862, 32.514242 ], [ -80.288904, 32.514236 ], [ -80.288902, 32.514507 ], [ -80.289221, 32.514509 ], [ -80.289219, 32.514779 ], [ -80.289858, 32.514783 ] ] ] } },
{ "type": "Feature", "properties": { "first_epoch": "2001", "acres": 1.1119732335687422 }, "geometry": { "type": "Polygon", "coordinates": [ [ [ -80.288578, 32.515046 ], [ -80.288586, 32.513964 ], [ -80.288267, 32.513962 ], [ -80.288263, 32.514503 ], [ -80.287943, 32.514501 ], [ -80.287941, 32.514772 ], [ -80.288261, 32.514774 ], [ -80.288259, 32.515044 ], [ -80.288578, 32.515046 ] ] ] } },
{ "type": "Feature", "properties": { "first_epoch": "2001", "acres": 0.88957858685499369 }, "geometry": { "type": "Polygon", "coordinates": [ [ [ -80.332336, 32.515015 ], [ -80.332342, 32.514204 ], [ -80.332022, 32.514202 ], [ -80.33202, 32.514473 ], [ -80.331701, 32.514471 ], [ -80.331699, 32.514741 ], [ -80.332018, 32.514743 ], [ -80.332016, 32.515014 ], [ -80.332336, 32.515015 ] ] ] } },
{ "type": "Feature", "properties": { "first_epoch": "2021", "acres": 0.88957858685499369 }, "geometry": { "type": "Polygon", "coordinates": [ [ [ -80.309659, 32.514893 ], [ -80.309666, 32.514081 ], [ -80.309346, 32.514079 ], [ -80.309344, 32.51435 ], [ -80.309025, 32.514348 ], [ -80.309023, 32.514619 ], [ -80.309342, 32.514621 ], [ -80.30934, 32.514891 ], [ -80.309659, 32.514893 ] ] ] } },
{ "type": "Feature", "properties": { "first_epoch": "2021", "acres": 0.66718394014124527 }, "geometry": { "type": "Polygon", "coordinates": [ [ [ -80.331699, 32.514741 ], [ -80.331701, 32.514471 ], [ -80.331382, 32.514469 ], [ -80.331384, 32.514199 ], [ -80.331064, 32.514197 ], [ -80.33106, 32.514738 ], [ -80.331699, 32.514741 ] ] ] } },
{ "type": "Feature", "properties": { "first_epoch": "2006", "acres": 2.2239464671374845 }, "geometry": { "type": "Polygon", "coordinates": [ [ [ -80.29401, 32.514806 ], [ -80.294012, 32.514536 ], [ -80.29497, 32.514541 ], [ -80.294972, 32.51427 ], [ -80.294014, 32.514265 ], [ -80.294016, 32.513994 ], [ -80.293697, 32.513993 ], [ -80.293694, 32.514263 ], [ -80.293056, 32.51426 ], [ -80.293051, 32.514801 ], [ -80.29401, 32.514806 ] ] ] } },
{ "type": "Feature", "properties": { "first_epoch": "2011", "acres": 1.1119732335687422 }, "geometry": { "type": "Polygon", "coordinates": [ [ [ -80.313494, 32.514643 ], [ -80.3135, 32.513832 ], [ -80.312861, 32.513828 ], [ -80.312857, 32.514369 ], [ -80.313177, 32.514371 ], [ -80.313175, 32.514642 ], [ -80.313494, 32.514643 ] ] ] } },
{ "type": "Feature", "properties": { "first_epoch": "2001", "acres": 0.88957858685499369 }, "geometry": { "type": "Polygon", "coordinates": [ [ [ -80.319243, 32.514675 ], [ -80.319245, 32.514404 ], [ -80.319564, 32.514406 ], [ -80.319566, 32.514135 ], [ -80.319247, 32.514133 ], [ -80.319249, 32.513863 ], [ -80.31893, 32.513861 ], [ -80.318924, 32.514673 ], [ -80.319243, 32.514675 ] ] ] } },
{ "type": "Feature", "properties": { "first_epoch": "2001", "acres": 1.3343678802824905 }, "geometry": { "type": "Polygon", "coordinates": [ [ [ -80.315412, 32.514383 ], [ -80.315414, 32.514113 ], [ -80.315095, 32.514111 ], [ -80.315097, 32.51384 ], [ -80.314458, 32.513837 ], [ -80.31446, 32.513566 ], [ -80.314141, 32.513564 ], [ -80.314137, 32.514106 ], [ -80.314776, 32.514109 ], [ -80.314774, 32.51438 ], [ -80.315412, 32.514383 ] ] ] } },
{ "type": "Feature", "properties": { "first_epoch": "2001", "acres": 0.44478929342749685 }, "geometry": { "type": "Polygon", "coordinates": [ [ [ -80.324359, 32.51389 ], [ -80.324361, 32.51362 ], [ -80.323723, 32.513616 ], [ -80.32372, 32.513887 ], [ -80.324359, 32.51389 ] ] ] } },
{ "type": "Feature", "properties": { "first_epoch": "2001", "acres": 0.22239464671374842 }, "geometry": { "type": "Polygon", "coordinates": [ [ [ -80.299767, 32.513756 ], [ -80.299769, 32.513485 ], [ -80.29945, 32.513483 ], [ -80.299447, 32.513754 ], [ -80.299767, 32.513756 ] ] ] } },
{ "type": "Feature", "properties": { "first_epoch": "2016", "acres": 0.66718394014124527 }, "geometry": { "type": "Polygon", "coordinates": [ [ [ -80.296895, 32.513469 ], [ -80.296901, 32.512657 ], [ -80.296582, 32.512656 ], [ -80.296575, 32.513467 ], [ -80.296895, 32.513469 ] ] ] } },
{ "type": "Feature", "properties": { "first_epoch": "2001", "acres": 0.22239464671374842 }, "geometry": { "type": "Polygon", "coordinates": [ [ [ -80.295941, 32.512923 ], [ -80.295943, 32.512652 ], [ -80.295623, 32.51265 ], [ -80.295621, 32.512921 ], [ -80.295941, 32.512923 ] ] ] } },
{ "type": "Feature", "properties": { "first_epoch": "1991", "acres": 0.88957858685499369 }, "geometry": { "type": "Polygon", "coordinates": [ [ [ -80.329803, 32.512025 ], [ -80.329807, 32.511484 ], [ -80.329168, 32.51148 ], [ -80.329164, 32.512022 ], [ -80.329803, 32.512025 ] ] ] } },
{ "type": "Feature", "properties": { "first_epoch": "2001", "acres": 0.22239464671374842 }, "geometry": { "type": "Polygon", "coordinates": [ [ [ -80.319587, 32.511429 ], [ -80.319589, 32.511158 ], [ -80.31927, 32.511157 ], [ -80.319267, 32.511427 ], [ -80.319587, 32.511429 ] ] ] } },
{ "type": "Feature", "properties": { "first_epoch": "2001", "acres": 0.22239464671374842 }, "geometry": { "type": "Polygon", "coordinates": [ [ [ -80.318948, 32.511426 ], [ -80.31895, 32.511155 ], [ -80.318631, 32.511153 ], [ -80.318629, 32.511424 ], [ -80.318948, 32.511426 ] ] ] } },
{ "type": "Feature", "properties": { "first_epoch": "2001", "acres": 1.1119732335687422 }, "geometry": { "type": "Polygon", "coordinates": [ [ [ -80.327254, 32.5112 ], [ -80.327256, 32.510929 ], [ -80.327575, 32.510931 ], [ -80.327579, 32.510389 ], [ -80.32726, 32.510388 ], [ -80.327258, 32.510658 ], [ -80.326939, 32.510657 ], [ -80.326936, 32.510927 ], [ -80.326617, 32.510926 ], [ -80.326615, 32.511196 ], [ -80.327254, 32.5112 ] ] ] } },
{ "type": "Feature", "properties": { "first_epoch": "2001", "acres": 0.66718394014124527 }, "geometry": { "type": "Polygon", "coordinates": [ [ [ -80.302028, 32.510521 ], [ -80.30203, 32.51025 ], [ -80.301072, 32.510245 ], [ -80.30107, 32.510516 ], [ -80.302028, 32.510521 ] ] ] } },
{ "type": "Feature", "properties": { "first_epoch": "2021", "acres": 0.66718394014124527 }, "geometry": { "type": "Polygon", "coordinates": [ [ [ -80.299473, 32.510507 ], [ -80.299479, 32.509695 ], [ -80.29916, 32.509693 ], [ -80.299153, 32.510505 ], [ -80.299473, 32.510507 ] ] ] } },
{ "type": "Feature", "properties": { "first_epoch": "2001", "acres": 0.44478929342749685 }, "geometry": { "type": "Polygon", "coordinates": [ [ [ -80.327266, 32.509576 ], [ -80.32727, 32.509035 ], [ -80.326951, 32.509033 ], [ -80.326947, 32.509574 ], [ -80.327266, 32.509576 ] ] ] } },
{ "type": "Feature", "properties": { "first_epoch": "2001", "acres": 0.66718394014124527 }, "geometry": { "type": "Polygon", "coordinates": [ [ [ -80.314827, 32.507344 ], [ -80.314831, 32.506803 ], [ -80.314512, 32.506801 ], [ -80.31451, 32.507071 ], [ -80.31419, 32.50707 ], [ -80.314188, 32.50734 ], [ -80.314827, 32.507344 ] ] ] } },
{ "type": "Feature", "properties": { "first_epoch": "2001", "acres": 0.22239464671374842 }, "geometry": { "type": "Polygon", "coordinates": [ [ [ -80.31547, 32.506806 ], [ -80.315472, 32.506535 ], [ -80.315153, 32.506534 ], [ -80.315151, 32.506804 ], [ -80.31547, 32.506806 ] ] ] } },
{ "type": "Feature", "properties": { "first_epoch": "2001", "acres": 0.44478929342749685 }, "geometry": { "type": "Polygon", "coordinates": [ [ [ -80.314512, 32.506801 ], [ -80.314516, 32.50626 ], [ -80.314197, 32.506258 ], [ -80.314192, 32.506799 ], [ -80.314512, 32.506801 ] ] ] } },
{ "type": "Feature", "properties": { "first_epoch": "2001", "acres": 0.22239464671374842 }, "geometry": { "type": "Polygon", "coordinates": [ [ [ -80.315791, 32.506537 ], [ -80.315793, 32.506267 ], [ -80.315474, 32.506265 ], [ -80.315472, 32.506535 ], [ -80.315791, 32.506537 ] ] ] } },
{ "type": "Feature", "properties": { "first_epoch": "2001", "acres": 1.1119732335687422 }, "geometry": { "type": "Polygon", "coordinates": [ [ [ -80.365297, 32.505985 ], [ -80.365301, 32.505444 ], [ -80.364343, 32.505439 ], [ -80.364341, 32.505709 ], [ -80.364661, 32.505711 ], [ -80.364659, 32.505982 ], [ -80.365297, 32.505985 ] ] ] } },
{ "type": "Feature", "properties": { "first_epoch": "2016", "acres": 0.44478929342749685 }, "geometry": { "type": "Polygon", "coordinates": [ [ [ -80.31037, 32.505425 ], [ -80.310373, 32.505154 ], [ -80.309734, 32.505151 ], [ -80.309732, 32.505422 ], [ -80.31037, 32.505425 ] ] ] } },
{ "type": "Feature", "properties": { "first_epoch": "2001", "acres": 0.66718394014124527 }, "geometry": { "type": "Polygon", "coordinates": [ [ [ -80.308454, 32.505415 ], [ -80.308456, 32.505144 ], [ -80.307498, 32.505139 ], [ -80.307496, 32.505409 ], [ -80.308454, 32.505415 ] ] ] } },
{ "type": "Feature", "properties": { "first_epoch": "2021", "acres": 0.88957858685499369 }, "geometry": { "type": "Polygon", "coordinates": [ [ [ -80.317724, 32.504383 ], [ -80.317732, 32.5033 ], [ -80.317413, 32.503299 ], [ -80.317404, 32.504381 ], [ -80.317724, 32.504383 ] ] ] } },
{ "type": "Feature", "properties": { "first_epoch": "2001", "acres": 2.2239464671374845 }, "geometry": { "type": "Polygon", "coordinates": [ [ [ -80.299527, 32.503471 ], [ -80.299529, 32.5032 ], [ -80.299849, 32.503202 ], [ -80.299851, 32.502931 ], [ -80.30017, 32.502933 ], [ -80.300172, 32.502663 ], [ -80.300492, 32.502664 ], [ -80.300494, 32.502394 ], [ -80.300813, 32.502395 ], [ -80.300815, 32.502125 ], [ -80.300176, 32.502121 ], [ -80.300174, 32.502392 ], [ -80.299536, 32.502388 ], [ -80.299531, 32.50293 ], [ -80.299212, 32.502928 ], [ -80.299208, 32.503469 ], [ -80.299527, 32.503471 ] ] ] } },
{ "type": "Feature", "properties": { "first_epoch": "2001", "acres": 0.88957858685499369 }, "geometry": { "type": "Polygon", "coordinates": [ [ [ -80.301773, 32.50213 ], [ -80.301775, 32.50186 ], [ -80.302095, 32.501861 ], [ -80.302097, 32.501591 ], [ -80.301458, 32.501587 ], [ -80.301456, 32.501858 ], [ -80.301137, 32.501856 ], [ -80.301134, 32.502127 ], [ -80.301773, 32.50213 ] ] ] } },
{ "type": "Feature", "properties": { "first_epoch": "2001", "acres": 0.66718394014124527 }, "geometry": { "type": "Polygon", "coordinates": [ [ [ -80.315187, 32.501933 ], [ -80.315189, 32.501663 ], [ -80.31487, 32.501661 ], [ -80.314872, 32.50139 ], [ -80.314553, 32.501389 ], [ -80.314549, 32.50193 ], [ -80.315187, 32.501933 ] ] ] } },
{ "type": "Feature", "properties": { "first_epoch": "2001", "acres": 0.66718394014124527 }, "geometry": { "type": "Polygon", "coordinates": [ [ [ -80.320301, 32.50142 ], [ -80.320307, 32.500608 ], [ -80.319988, 32.500606 ], [ -80.319982, 32.501418 ], [ -80.320301, 32.50142 ] ] ] } },
{ "type": "Feature", "properties": { "first_epoch": "2001", "acres": 2.0015518204237357 }, "geometry": { "type": "Polygon", "coordinates": [ [ [ -80.304332, 32.501603 ], [ -80.304334, 32.501333 ], [ -80.304653, 32.501334 ], [ -80.304655, 32.501064 ], [ -80.304017, 32.50106 ], [ -80.304021, 32.500519 ], [ -80.303702, 32.500517 ], [ -80.3037, 32.500788 ], [ -80.30338, 32.500786 ], [ -80.303376, 32.501327 ], [ -80.303695, 32.501329 ], [ -80.303693, 32.5016 ], [ -80.304332, 32.501603 ] ] ] } },
{ "type": "Feature", "properties": { "first_epoch": "2001", "acres": 2.6687357605649811 }, "geometry": { "type": "Polygon", "coordinates": [ [ [ -80.306582, 32.499721 ], [ -80.306588, 32.498909 ], [ -80.305949, 32.498906 ], [ -80.305947, 32.499176 ], [ -80.305309, 32.499173 ], [ -80.305313, 32.498632 ], [ -80.304994, 32.49863 ], [ -80.304987, 32.499442 ], [ -80.305307, 32.499444 ], [ -80.305305, 32.499714 ], [ -80.305943, 32.499718 ], [ -80.305945, 32.499447 ], [ -80.306265, 32.499449 ], [ -80.306263, 32.499719 ], [ -80.306582, 32.499721 ] ] ] } },
{ "type": "Feature", "properties": { "first_epoch": "2021", "acres": 0.44478929342749685 }, "geometry": { "type": "Polygon", "coordinates": [ [ [ -80.306905, 32.499182 ], [ -80.30691, 32.49864 ], [ -80.30659, 32.498639 ], [ -80.306586, 32.49918 ], [ -80.306905, 32.499182 ] ] ] } },
{ "type": "Feature", "properties": { "first_epoch": "1996", "acres": 0.66718394014124527 }, "geometry": { "type": "Polygon", "coordinates": [ [ [ -80.30563, 32.498904 ], [ -80.305632, 32.498633 ], [ -80.305952, 32.498635 ], [ -80.305954, 32.498365 ], [ -80.305315, 32.498361 ], [ -80.305311, 32.498902 ], [ -80.30563, 32.498904 ] ] ] } },
{ "type": "Feature", "properties": { "first_epoch": "1991", "acres": 0.66718394014124527 }, "geometry": { "type": "Polygon", "coordinates": [ [ [ -80.30659, 32.498639 ], [ -80.306594, 32.498097 ], [ -80.306275, 32.498096 ], [ -80.306273, 32.498366 ], [ -80.305954, 32.498365 ], [ -80.305952, 32.498635 ], [ -80.30659, 32.498639 ] ] ] } },
{ "type": "Feature", "properties": { "first_epoch": "2001", "acres": 0.66718394014124527 }, "geometry": { "type": "Polygon", "coordinates": [ [ [ -80.308189, 32.498377 ], [ -80.308193, 32.497836 ], [ -80.307874, 32.497834 ], [ -80.307872, 32.498105 ], [ -80.307552, 32.498103 ], [ -80.30755, 32.498373 ], [ -80.308189, 32.498377 ] ] ] } },
{ "type": "Feature", "properties": { "first_epoch": "2016", "acres": 1.1119732335687422 }, "geometry": { "type": "Polygon", "coordinates": [ [ [ -80.313315, 32.49624 ], [ -80.313317, 32.495969 ], [ -80.313636, 32.495971 ], [ -80.313638, 32.4957 ], [ -80.313957, 32.495702 ], [ -80.313959, 32.495432 ], [ -80.313321, 32.495428 ], [ -80.313319, 32.495699 ], [ -80.312999, 32.495697 ], [ -80.312995, 32.496238 ], [ -80.313315, 32.49624 ] ] ] } },
{ "type": "Feature", "properties": { "first_epoch": "2006", "acres": 1.1119732335687422 }, "geometry": { "type": "Polygon", "coordinates": [ [ [ -80.313961, 32.495161 ], [ -80.313963, 32.49489 ], [ -80.314602, 32.494894 ], [ -80.314604, 32.494623 ], [ -80.313966, 32.49462 ], [ -80.313968, 32.494349 ], [ -80.313648, 32.494347 ], [ -80.313642, 32.495159 ], [ -80.313961, 32.495161 ] ] ] } },
{ "type": "Feature", "properties": { "first_epoch": "2001", "acres": 0.66718394014124527 }, "geometry": { "type": "Polygon", "coordinates": [ [ [ -80.314923, 32.494625 ], [ -80.314926, 32.494354 ], [ -80.313968, 32.494349 ], [ -80.313966, 32.49462 ], [ -80.314923, 32.494625 ] ] ] } },
{ "type": "Feature", "properties": { "first_epoch": "2006", "acres": 0.88957858685499369 }, "geometry": { "type": "Polygon", "coordinates": [ [ [ -80.315243, 32.494627 ], [ -80.315249, 32.493815 ], [ -80.31493, 32.493813 ], [ -80.314928, 32.494084 ], [ -80.314608, 32.494082 ], [ -80.314606, 32.494353 ], [ -80.314926, 32.494354 ], [ -80.314923, 32.494625 ], [ -80.315243, 32.494627 ] ] ] } },
{ "type": "Feature", "properties": { "first_epoch": "2006", "acres": 0.66718394014124527 }, "geometry": { "type": "Polygon", "coordinates": [ [ [ -80.316524, 32.494092 ], [ -80.316528, 32.493551 ], [ -80.316209, 32.493549 ], [ -80.316207, 32.49382 ], [ -80.315888, 32.493818 ], [ -80.315886, 32.494089 ], [ -80.316524, 32.494092 ] ] ] } },
{ "type": "Feature", "properties": { "first_epoch": "2016", "acres": 0.88957858685499369 }, "geometry": { "type": "Polygon", "coordinates": [ [ [ -80.315564, 32.494358 ], [ -80.315566, 32.494087 ], [ -80.315886, 32.494089 ], [ -80.31589, 32.493548 ], [ -80.31557, 32.493546 ], [ -80.315568, 32.493817 ], [ -80.315249, 32.493815 ], [ -80.315245, 32.494356 ], [ -80.315564, 32.494358 ] ] ] } },
{ "type": "Feature", "properties": { "first_epoch": "1996", "acres": 1.3343678802824905 }, "geometry": { "type": "Polygon", "coordinates": [ [ [ -80.317808, 32.493288 ], [ -80.31781, 32.493017 ], [ -80.318448, 32.49302 ], [ -80.318452, 32.492479 ], [ -80.317814, 32.492476 ], [ -80.317812, 32.492746 ], [ -80.317492, 32.492745 ], [ -80.317488, 32.493286 ], [ -80.317808, 32.493288 ] ] ] } },
{ "type": "Feature", "properties": { "first_epoch": "1991", "acres": 2.6687357605649811 }, "geometry": { "type": "Polygon", "coordinates": [ [ [ -80.313972, 32.493808 ], [ -80.313974, 32.493537 ], [ -80.314293, 32.493539 ], [ -80.314295, 32.493268 ], [ -80.314934, 32.493272 ], [ -80.314936, 32.493001 ], [ -80.315574, 32.493005 ], [ -80.315576, 32.492734 ], [ -80.314619, 32.492729 ], [ -80.314621, 32.492458 ], [ -80.314301, 32.492457 ], [ -80.314299, 32.492727 ], [ -80.31398, 32.492725 ], [ -80.313976, 32.493267 ], [ -80.313657, 32.493265 ], [ -80.313652, 32.493806 ], [ -80.313972, 32.493808 ] ] ] } },
{ "type": "Feature", "properties": { "first_epoch": "1996", "acres": 0.66718394014124527 }, "geometry": { "type": "Polygon", "coordinates": [ [ [ -80.319089, 32.492753 ], [ -80.319093, 32.492212 ], [ -80.318454, 32.492209 ], [ -80.318452, 32.492479 ], [ -80.318772, 32.492481 ], [ -80.31877, 32.492751 ], [ -80.319089, 32.492753 ] ] ] } },
{ "type": "Feature", "properties": { "first_epoch": "1991", "acres": 0.66718394014124527 }, "geometry": { "type": "Polygon", "coordinates": [ [ [ -80.31941, 32.492484 ], [ -80.319414, 32.491943 ], [ -80.318776, 32.49194 ], [ -80.318774, 32.49221 ], [ -80.319093, 32.492212 ], [ -80.319091, 32.492483 ], [ -80.31941, 32.492484 ] ] ] } },
{ "type": "Feature", "properties": { "first_epoch": "2006", "acres": 0.88957858685499369 }, "geometry": { "type": "Polygon", "coordinates": [ [ [ -80.321019, 32.490869 ], [ -80.321021, 32.490599 ], [ -80.320702, 32.490597 ], [ -80.320704, 32.490326 ], [ -80.320384, 32.490325 ], [ -80.320382, 32.490595 ], [ -80.320063, 32.490593 ], [ -80.320061, 32.490864 ], [ -80.321019, 32.490869 ] ] ] } },
{ "type": "Feature", "properties": { "first_epoch": "2001", "acres": 0.66718394014124527 }, "geometry": { "type": "Polygon", "coordinates": [ [ [ -80.33986, 32.490699 ], [ -80.339862, 32.490428 ], [ -80.340181, 32.49043 ], [ -80.340183, 32.490159 ], [ -80.339544, 32.490156 ], [ -80.33954, 32.490697 ], [ -80.33986, 32.490699 ] ] ] } },
{ "type": "Feature", "properties": { "first_epoch": "2001", "acres": 0.88957858685499369 }, "geometry": { "type": "Polygon", "coordinates": [ [ [ -80.331239, 32.490653 ], [ -80.331241, 32.490383 ], [ -80.33156, 32.490384 ], [ -80.331562, 32.490114 ], [ -80.330604, 32.490109 ], [ -80.330602, 32.490379 ], [ -80.330921, 32.490381 ], [ -80.330919, 32.490652 ], [ -80.331239, 32.490653 ] ] ] } },
{ "type": "Feature", "properties": { "first_epoch": "1991", "acres": 1.1119732335687422 }, "geometry": { "type": "Polygon", "coordinates": [ [ [ -80.341772, 32.49125 ], [ -80.341781, 32.489897 ], [ -80.341462, 32.489895 ], [ -80.341452, 32.491248 ], [ -80.341772, 32.49125 ] ] ] } },
{ "type": "Feature", "properties": { "first_epoch": "2016", "acres": 0.66718394014124527 }, "geometry": { "type": "Polygon", "coordinates": [ [ [ -80.334436, 32.490129 ], [ -80.334442, 32.489317 ], [ -80.334122, 32.489316 ], [ -80.334116, 32.490127 ], [ -80.334436, 32.490129 ] ] ] } },
{ "type": "Feature", "properties": { "first_epoch": "1991", "acres": 0.66718394014124527 }, "geometry": { "type": "Polygon", "coordinates": [ [ [ -80.342101, 32.489899 ], [ -80.342105, 32.489358 ], [ -80.341466, 32.489354 ], [ -80.341464, 32.489625 ], [ -80.341783, 32.489626 ], [ -80.341781, 32.489897 ], [ -80.342101, 32.489899 ] ] ] } },
{ "type": "Feature", "properties": { "first_epoch": "2001", "acres": 0.66718394014124527 }, "geometry": { "type": "Polygon", "coordinates": [ [ [ -80.322624, 32.489795 ], [ -80.322626, 32.489525 ], [ -80.322306, 32.489523 ], [ -80.322308, 32.489252 ], [ -80.321989, 32.489251 ], [ -80.321985, 32.489792 ], [ -80.322624, 32.489795 ] ] ] } },
{ "type": "Feature", "properties": { "first_epoch": "2001", "acres": 0.66718394014124527 }, "geometry": { "type": "Polygon", "coordinates": [ [ [ -80.32614, 32.489273 ], [ -80.326142, 32.489002 ], [ -80.325823, 32.489001 ], [ -80.325825, 32.48873 ], [ -80.325505, 32.488728 ], [ -80.325501, 32.48927 ], [ -80.32614, 32.489273 ] ] ] } },
{ "type": "Feature", "properties": { "first_epoch": "2021", "acres": 0.66718394014124527 }, "geometry": { "type": "Polygon", "coordinates": [ [ [ -80.331887, 32.489304 ], [ -80.331889, 32.489033 ], [ -80.332208, 32.489035 ], [ -80.33221, 32.488764 ], [ -80.331572, 32.488761 ], [ -80.331568, 32.489302 ], [ -80.331887, 32.489304 ] ] ] } },
{ "type": "Feature", "properties": { "first_epoch": "1991", "acres": 1.1119732335687422 }, "geometry": { "type": "Polygon", "coordinates": [ [ [ -80.324865, 32.488996 ], [ -80.324867, 32.488725 ], [ -80.324547, 32.488723 ], [ -80.324549, 32.488453 ], [ -80.323911, 32.488449 ], [ -80.323907, 32.48899 ], [ -80.324865, 32.488996 ] ] ] } },
{ "type": "Feature", "properties": { "first_epoch": "2006", "acres": 0.44478929342749685 }, "geometry": { "type": "Polygon", "coordinates": [ [ [ -80.323907, 32.48899 ], [ -80.323911, 32.488449 ], [ -80.323592, 32.488447 ], [ -80.323587, 32.488989 ], [ -80.323907, 32.48899 ] ] ] } },
{ "type": "Feature", "properties": { "first_epoch": "1991", "acres": 0.88957858685499369 }, "geometry": { "type": "Polygon", "coordinates": [ [ [ -80.333809, 32.488502 ], [ -80.333811, 32.488231 ], [ -80.333492, 32.48823 ], [ -80.333494, 32.487959 ], [ -80.333174, 32.487957 ], [ -80.333172, 32.488228 ], [ -80.332853, 32.488226 ], [ -80.332851, 32.488497 ], [ -80.333809, 32.488502 ] ] ] } },
{ "type": "Feature", "properties": { "first_epoch": "2001", "acres": 0.88957858685499369 }, "geometry": { "type": "Polygon", "coordinates": [ [ [ -80.330297, 32.488483 ], [ -80.330299, 32.488213 ], [ -80.329979, 32.488211 ], [ -80.329981, 32.48794 ], [ -80.329343, 32.487937 ], [ -80.329341, 32.488208 ], [ -80.32966, 32.488209 ], [ -80.329658, 32.48848 ], [ -80.330297, 32.488483 ] ] ] } },
{ "type": "Feature", "properties": { "first_epoch": "2016", "acres": 0.66718394014124527 }, "geometry": { "type": "Polygon", "coordinates": [ [ [ -80.335727, 32.488242 ], [ -80.335731, 32.4877 ], [ -80.335092, 32.487697 ], [ -80.33509, 32.487968 ], [ -80.335409, 32.487969 ], [ -80.335407, 32.48824 ], [ -80.335727, 32.488242 ] ] ] } },
{ "type": "Feature", "properties": { "first_epoch": "2001", "acres": 1.5567625269962391 }, "geometry": { "type": "Polygon", "coordinates": [ [ [ -80.328385, 32.487932 ], [ -80.328387, 32.487661 ], [ -80.328706, 32.487663 ], [ -80.328708, 32.487392 ], [ -80.32807, 32.487389 ], [ -80.328068, 32.48766 ], [ -80.327748, 32.487658 ], [ -80.32775, 32.487387 ], [ -80.327431, 32.487386 ], [ -80.327429, 32.487656 ], [ -80.32711, 32.487654 ], [ -80.327108, 32.487925 ], [ -80.328385, 32.487932 ] ] ] } },
{ "type": "Feature", "properties": { "first_epoch": "2011", "acres": 1.1119732335687422 }, "geometry": { "type": "Polygon", "coordinates": [ [ [ -80.331899, 32.48768 ], [ -80.331901, 32.487409 ], [ -80.331582, 32.487408 ], [ -80.331586, 32.486866 ], [ -80.330947, 32.486863 ], [ -80.330945, 32.487134 ], [ -80.331265, 32.487135 ], [ -80.331261, 32.487677 ], [ -80.331899, 32.48768 ] ] ] } },
{ "type": "Feature", "properties": { "first_epoch": "2006", "acres": 0.66718394014124527 }, "geometry": { "type": "Polygon", "coordinates": [ [ [ -80.330307, 32.48713 ], [ -80.330309, 32.48686 ], [ -80.329351, 32.486855 ], [ -80.329349, 32.487125 ], [ -80.330307, 32.48713 ] ] ] } },
{ "type": "Feature", "properties": { "first_epoch": "2006", "acres": 0.44478929342749685 }, "geometry": { "type": "Polygon", "coordinates": [ [ [ -80.331267, 32.486865 ], [ -80.331269, 32.486594 ], [ -80.33063, 32.486591 ], [ -80.330628, 32.486861 ], [ -80.331267, 32.486865 ] ] ] } },
{ "type": "Feature", "properties": { "first_epoch": "2001", "acres": 0.44478929342749685 }, "geometry": { "type": "Polygon", "coordinates": [ [ [ -80.340526, 32.486914 ], [ -80.34053, 32.486372 ], [ -80.340211, 32.486371 ], [ -80.340207, 32.486912 ], [ -80.340526, 32.486914 ] ] ] } },
{ "type": "Feature", "properties": { "first_epoch": "2021", "acres": 1.7791571737099874 }, "geometry": { "type": "Polygon", "coordinates": [ [ [ -80.338285, 32.487714 ], [ -80.338289, 32.487173 ], [ -80.338608, 32.487174 ], [ -80.33861, 32.486904 ], [ -80.338291, 32.486902 ], [ -80.338297, 32.48609 ], [ -80.337978, 32.486088 ], [ -80.337972, 32.4869 ], [ -80.337652, 32.486899 ], [ -80.33765, 32.487169 ], [ -80.33797, 32.487171 ], [ -80.337966, 32.487712 ], [ -80.338285, 32.487714 ] ] ] } },
{ "type": "Feature", "properties": { "first_epoch": "2021", "acres": 0.66718394014124527 }, "geometry": { "type": "Polygon", "coordinates": [ [ [ -80.332228, 32.486329 ], [ -80.33223, 32.486058 ], [ -80.331273, 32.486053 ], [ -80.331271, 32.486324 ], [ -80.332228, 32.486329 ] ] ] } },
{ "type": "Feature", "properties": { "first_epoch": "2016", "acres": 0.66718394014124527 }, "geometry": { "type": "Polygon", "coordinates": [ [ [ -80.337028, 32.485001 ], [ -80.33703, 32.48473 ], [ -80.336072, 32.484725 ], [ -80.33607, 32.484996 ], [ -80.337028, 32.485001 ] ] ] } },
{ "type": "Feature", "properties": { "first_epoch": "2001", "acres": 0.88957858685499369 }, "geometry": { "type": "Polygon", "coordinates": [ [ [ -80.328726, 32.484957 ], [ -80.32873, 32.484416 ], [ -80.328411, 32.484414 ], [ -80.328409, 32.484685 ], [ -80.327771, 32.484681 ], [ -80.327769, 32.484952 ], [ -80.328726, 32.484957 ] ] ] } },
{ "type": "Feature", "properties": { "first_epoch": "2001", "acres": 1.5567625269962391 }, "geometry": { "type": "Polygon", "coordinates": [ [ [ -80.334473, 32.484987 ], [ -80.334475, 32.484717 ], [ -80.334795, 32.484718 ], [ -80.334797, 32.484448 ], [ -80.334477, 32.484446 ], [ -80.334479, 32.484176 ], [ -80.33416, 32.484174 ], [ -80.334158, 32.484444 ], [ -80.33352, 32.484441 ], [ -80.333518, 32.484712 ], [ -80.333837, 32.484713 ], [ -80.333835, 32.484984 ], [ -80.334473, 32.484987 ] ] ] } },
{ "type": "Feature", "properties": { "first_epoch": "2001", "acres": 1.5567625269962391 }, "geometry": { "type": "Polygon", "coordinates": [ [ [ -80.330963, 32.484698 ], [ -80.330965, 32.484428 ], [ -80.330327, 32.484424 ], [ -80.330331, 32.483883 ], [ -80.329692, 32.48388 ], [ -80.329688, 32.484421 ], [ -80.330007, 32.484422 ], [ -80.330005, 32.484693 ], [ -80.330963, 32.484698 ] ] ] } }
]
}
