{
"type": "FeatureCollection",
"name": "shorelines_annual",
"crs": { "type": "name", "properties": { "name": "urn:ogc:def:crs:OGC:1.3:CRS84" } },
"xy_coordinate_resolution": 1e-06,
"features": [
{ "type": "Feature", "properties": { "year": 1984 }, "geometry": { "type": "MultiLineString", "coordinates": [ [ [ -80.196235, 32.56516 ], [ -80.196431, 32.564157 ], [ -80.196632, 32.563637 ] ], [ [ -80.196766, 32.562844 ], [ -80.196519, 32.562545 ], [ -80.19658, 32.562286 ], [ -80.196951, 32.561617 ] ], [ [ -80.196292, 32.560863 ], [ -80.197179, 32.559649 ], [ -80.197439, 32.559366 ], [ -80.19833, 32.559581 ], [ -80.198707, 32.559096 ], [ -80.199203, 32.558625 ], [ -80.199806, 32.557909 ], [ -80.20048, 32.557211 ], [ -80.200774, 32.556764 ], [ -80.20112, 32.556387 ], [ -80.201519, 32.556078 ], [ -80.202479, 32.55651 ], [ -80.204107, 32.556152 ], [ -80.205507, 32.556329 ], [ -80.206089, 32.556261 ], [ -80.206777, 32.556334 ], [ -80.207332, 32.556231 ], [ -80.207149, 32.555155 ], [ -80.207678, 32.555018 ], [ -80.208086, 32.554721 ], [ -80.208644, 32.554622 ], [ -80.210098, 32.554036 ], [ -80.211453, 32.553363 ], [ -80.212682, 32.552611 ], [ -80.214013, 32.552 ], [ -80.214889, 32.551528 ], [ -80.216737, 32.550632 ], [ -80.218026, 32.549815 ], [ -80.218576, 32.54881 ], [ -80.220266, 32.547677 ], [ -80.222514, 32.546464 ], [ -80.225279, 32.545108 ], [ -80.227071, 32.544128 ], [ -80.228035, 32.543738 ], [ -80.228909, 32.543216 ], [ -80.229831, 32.542764 ], [ -80.235884, 32.539008 ], [ -80.239438, 32.537003 ], [ -80.240396, 32.536604 ], [ -80.240925, 32.536481 ], [ -80.241646, 32.536642 ], [ -80.242203, 32.536558 ], [ -80.242366, 32.535866 ], [ -80.242718, 32.53546 ], [ -80.243579, 32.534886 ], [ -80.244482, 32.534375 ], [ -80.246799, 32.533223 ], [ -80.249014, 32.531972 ], [ -80.249446, 32.531708 ], [ -80.249814, 32.531362 ], [ -80.251112, 32.531389 ], [ -80.251853, 32.531521 ], [ -80.252522, 32.531561 ], [ -80.253379, 32.531842 ], [ -80.252882, 32.530386 ], [ -80.253183, 32.529953 ], [ -80.254554, 32.529257 ], [ -80.255045, 32.529069 ], [ -80.259052, 32.526843 ], [ -80.261335, 32.525679 ], [ -80.267035, 32.522352 ], [ -80.269209, 32.521048 ], [ -80.270045, 32.520484 ], [ -80.271837, 32.519493 ], [ -80.274054, 32.518163 ], [ -80.275756, 32.517046 ], [ -80.277228, 32.516457 ], [ -80.277507, 32.516018 ], [ -80.279342, 32.515086 ], [ -80.281104, 32.514071 ], [ -80.28238, 32.513257 ], [ -80.283203, 32.512671 ], [ -80.286629, 32.510419 ], [ -80.289899, 32.508106 ], [ -80.290652, 32.507462 ], [ -80.294174, 32.504698 ], [ -80.294843, 32.503965 ], [ -80.295217, 32.50364 ], [ -80.296082, 32.503112 ], [ -80.296874, 32.502507 ], [ -80.29734, 32.502278 ], [ -80.298138, 32.50168 ], [ -80.299002, 32.50115 ], [ -80.299798, 32.50055 ], [ -80.300701, 32.500065 ], [ -80.301071, 32.49974 ], [ -80.301483, 32.499458 ], [ -80.301958, 32.499244 ], [ -80.302746, 32.498645 ], [ -80.303645, 32.498164 ], [ -80.304421, 32.497542 ], [ -80.304884, 32.497311 ], [ -80.305287, 32.497016 ], [ -80.305642, 32.496668 ], [ -80.306049, 32.496377 ], [ -80.306506, 32.496141 ], [ -80.307267, 32.4955 ], [ -80.308185, 32.495031 ], [ -80.308952, 32.494398 ], [ -80.309773, 32.493823 ], [ -80.31049, 32.493135 ], [ -80.310916, 32.492864 ], [ -80.311672, 32.492219 ], [ -80.312542, 32.491698 ], [ -80.314498, 32.490156 ], [ -80.315325, 32.489587 ], [ -80.316454, 32.488614 ], [ -80.318941, 32.486916 ], [ -80.319375, 32.486655 ], [ -80.31985, 32.486438 ], [ -80.320642, 32.485831 ], [ -80.321059, 32.485551 ], [ -80.321518, 32.485317 ], [ -80.32273, 32.484448 ], [ -80.323606, 32.483966 ], [ -80.325129, 32.482639 ], [ -80.325972, 32.48205 ], [ -80.326774, 32.481399 ], [ -80.32805, 32.480541 ], [ -80.328935, 32.480027 ], [ -80.33027, 32.479111 ], [ -80.331191, 32.478378 ], [ -80.332275, 32.477741 ], [ -80.332971, 32.477441 ], [ -80.333725, 32.477319 ], [ -80.334428, 32.477355 ], [ -80.336431, 32.477584 ], [ -80.337166, 32.477818 ], [ -80.337789, 32.478116 ], [ -80.339345, 32.479127 ], [ -80.339804, 32.479638 ], [ -80.340205, 32.480142 ], [ -80.340719, 32.481125 ], [ -80.341303, 32.482544 ], [ -80.341894, 32.484308 ], [ -80.342412, 32.485592 ], [ -80.343228, 32.487258 ], [ -80.343874, 32.488986 ], [ -80.344156, 32.490355 ], [ -80.34446, 32.491211 ], [ -80.345343, 32.492362 ], [ -80.345613, 32.492766 ], [ -80.345808, 32.493194 ] ] ] } },
{ "type": "Feature", "properties": { "year": 1985 }, "geometry": { "type": "MultiLineString", "coordinates": [ [ [ -80.196867, 32.564917 ], [ -80.196519, 32.564584 ], [ -80.196457, 32.563695 ] ], [ [ -80.196472, 32.562918 ], [ -80.196504, 32.562548 ], [ -80.196597, 32.562284 ], [ -80.196953, 32.561618 ] ], [ [ -80.197074, 32.561152 ], [ -80.197358, 32.560575 ], [ -80.197957, 32.559703 ], [ -80.198251, 32.559523 ], [ -80.198659, 32.559052 ], [ -80.199866, 32.557984 ], [ -80.200636, 32.557417 ], [ -80.201094, 32.557187 ], [ -80.20112, 32.556386 ], [ -80.202516, 32.556557 ], [ -80.203007, 32.556371 ], [ -80.204134, 32.556187 ], [ -80.206087, 32.556258 ], [ -80.207344, 32.556246 ], [ -80.208034, 32.556322 ], [ -80.209353, 32.554723 ], [ -80.209712, 32.554362 ], [ -80.210113, 32.554056 ], [ -80.210542, 32.553787 ], [ -80.211437, 32.553342 ], [ -80.212657, 32.552576 ], [ -80.213513, 32.552122 ], [ -80.215353, 32.551308 ], [ -80.217119, 32.550288 ], [ -80.217967, 32.549727 ], [ -80.218365, 32.549407 ], [ -80.219428, 32.548254 ], [ -80.21982, 32.547926 ], [ -80.220247, 32.547649 ], [ -80.221112, 32.547113 ], [ -80.222062, 32.546702 ], [ -80.222931, 32.546173 ], [ -80.223393, 32.545949 ], [ -80.223877, 32.545757 ], [ -80.224426, 32.545662 ], [ -80.224757, 32.545243 ], [ -80.225247, 32.545061 ], [ -80.228006, 32.543695 ], [ -80.229771, 32.542676 ], [ -80.232352, 32.541046 ], [ -80.233691, 32.540303 ], [ -80.234966, 32.539465 ], [ -80.237172, 32.53819 ], [ -80.237962, 32.537542 ], [ -80.23851, 32.537445 ], [ -80.239411, 32.536963 ], [ -80.239891, 32.536765 ], [ -80.240927, 32.536483 ], [ -80.241578, 32.53654 ], [ -80.242499, 32.536998 ], [ -80.242539, 32.536116 ], [ -80.242641, 32.53535 ], [ -80.243034, 32.535012 ], [ -80.246771, 32.533187 ], [ -80.249013, 32.531971 ], [ -80.249869, 32.531432 ], [ -80.250352, 32.531233 ], [ -80.250961, 32.531196 ], [ -80.253163, 32.531565 ], [ -80.253167, 32.530751 ], [ -80.25343, 32.53027 ], [ -80.253774, 32.529893 ], [ -80.254615, 32.529335 ], [ -80.255961, 32.528607 ], [ -80.257666, 32.527521 ], [ -80.258581, 32.527057 ], [ -80.260008, 32.526433 ], [ -80.26091, 32.525952 ], [ -80.261431, 32.525802 ], [ -80.262083, 32.525001 ], [ -80.262609, 32.524859 ], [ -80.265694, 32.523087 ], [ -80.266087, 32.522773 ], [ -80.268235, 32.521436 ], [ -80.269127, 32.520943 ], [ -80.270412, 32.520137 ], [ -80.27178, 32.519421 ], [ -80.273486, 32.518279 ], [ -80.274023, 32.518126 ], [ -80.275285, 32.517265 ], [ -80.275727, 32.517012 ], [ -80.276205, 32.516801 ], [ -80.277699, 32.516997 ], [ -80.277704, 32.516244 ], [ -80.277837, 32.515637 ], [ -80.278368, 32.515487 ], [ -80.279282, 32.515017 ], [ -80.281018, 32.513972 ], [ -80.282237, 32.513093 ], [ -80.28312, 32.512577 ], [ -80.284818, 32.511433 ], [ -80.287695, 32.509384 ], [ -80.288956, 32.508554 ], [ -80.290944, 32.507051 ], [ -80.292053, 32.506062 ], [ -80.293652, 32.504868 ], [ -80.295109, 32.503527 ], [ -80.295917, 32.502939 ], [ -80.296283, 32.502606 ], [ -80.297111, 32.502039 ], [ -80.297385, 32.50161 ], [ -80.297786, 32.501313 ], [ -80.298834, 32.500975 ], [ -80.299659, 32.500405 ], [ -80.300567, 32.499924 ], [ -80.30135, 32.499318 ], [ -80.301788, 32.499063 ], [ -80.302598, 32.498485 ], [ -80.30516, 32.496877 ], [ -80.305912, 32.496228 ], [ -80.307131, 32.495352 ], [ -80.308027, 32.494858 ], [ -80.308817, 32.49425 ], [ -80.309242, 32.493979 ], [ -80.311535, 32.49207 ], [ -80.313982, 32.490329 ], [ -80.317149, 32.487903 ], [ -80.318817, 32.486782 ], [ -80.319728, 32.486305 ], [ -80.323071, 32.484087 ], [ -80.323479, 32.483804 ], [ -80.325041, 32.4825 ], [ -80.325885, 32.481906 ], [ -80.326677, 32.481238 ], [ -80.330168, 32.478916 ], [ -80.331114, 32.478199 ], [ -80.331618, 32.477868 ], [ -80.332224, 32.477576 ], [ -80.332945, 32.477308 ], [ -80.333707, 32.477115 ], [ -80.334427, 32.477106 ], [ -80.336443, 32.477527 ], [ -80.337805, 32.478079 ], [ -80.338831, 32.478719 ], [ -80.339357, 32.479111 ], [ -80.339816, 32.479624 ], [ -80.340229, 32.480121 ], [ -80.340807, 32.48107 ], [ -80.341013, 32.481552 ], [ -80.341553, 32.48296 ], [ -80.341776, 32.48386 ], [ -80.342138, 32.48471 ], [ -80.342259, 32.485157 ], [ -80.342446, 32.485579 ], [ -80.343184, 32.486784 ], [ -80.34335, 32.487214 ], [ -80.343813, 32.488518 ], [ -80.343977, 32.489439 ], [ -80.344255, 32.490319 ], [ -80.344674, 32.491142 ], [ -80.345754, 32.492737 ], [ -80.345959, 32.493166 ] ] ] } },
{ "type": "Feature", "properties": { "year": 1986 }, "geometry": { "type": "MultiLineString", "coordinates": [ [ [ -80.195948, 32.565271 ], [ -80.19561, 32.564444 ], [ -80.195511, 32.564011 ] ], [ [ -80.196121, 32.563007 ], [ -80.196194, 32.562614 ], [ -80.196761, 32.561575 ] ], [ [ -80.196617, 32.560983 ], [ -80.197112, 32.560456 ], [ -80.197771, 32.559583 ], [ -80.198325, 32.559578 ], [ -80.199715, 32.557794 ], [ -80.200439, 32.557158 ], [ -80.200788, 32.556783 ], [ -80.201698, 32.556314 ], [ -80.202186, 32.556122 ], [ -80.202729, 32.556005 ], [ -80.203169, 32.55575 ], [ -80.203567, 32.55544 ], [ -80.204156, 32.555381 ], [ -80.204856, 32.55547 ], [ -80.205944, 32.55607 ], [ -80.20658, 32.556074 ], [ -80.20654, 32.555187 ], [ -80.207891, 32.556134 ], [ -80.20808, 32.555548 ], [ -80.20871, 32.555544 ], [ -80.208926, 32.554994 ], [ -80.209772, 32.554441 ], [ -80.210544, 32.553789 ], [ -80.211406, 32.5533 ], [ -80.212294, 32.552892 ], [ -80.21271, 32.552649 ], [ -80.215401, 32.551378 ], [ -80.21625, 32.550818 ], [ -80.217589, 32.550076 ], [ -80.218417, 32.549485 ], [ -80.219128, 32.54872 ], [ -80.220302, 32.547731 ], [ -80.221626, 32.546966 ], [ -80.223899, 32.545789 ], [ -80.225769, 32.544925 ], [ -80.228876, 32.543167 ], [ -80.229819, 32.542747 ], [ -80.231149, 32.54199 ], [ -80.231996, 32.541427 ], [ -80.232867, 32.540899 ], [ -80.233326, 32.540672 ], [ -80.234171, 32.540106 ], [ -80.235048, 32.539588 ], [ -80.237724, 32.538098 ], [ -80.239406, 32.536955 ], [ -80.240451, 32.536688 ], [ -80.241041, 32.536652 ], [ -80.241701, 32.536723 ], [ -80.242302, 32.535772 ], [ -80.24271, 32.535449 ], [ -80.243581, 32.53489 ], [ -80.245463, 32.533964 ], [ -80.247257, 32.532993 ], [ -80.247684, 32.532721 ], [ -80.248073, 32.532402 ], [ -80.249455, 32.531719 ], [ -80.249892, 32.531461 ], [ -80.250857, 32.531062 ], [ -80.251372, 32.530904 ], [ -80.252238, 32.531197 ], [ -80.253293, 32.531731 ], [ -80.25309, 32.530653 ], [ -80.253314, 32.530122 ], [ -80.253725, 32.529831 ], [ -80.255996, 32.528651 ], [ -80.258188, 32.527371 ], [ -80.260504, 32.52625 ], [ -80.264413, 32.523899 ], [ -80.267835, 32.521741 ], [ -80.27136, 32.519715 ], [ -80.275349, 32.517338 ], [ -80.276248, 32.516851 ], [ -80.277313, 32.516554 ], [ -80.277564, 32.516083 ], [ -80.277937, 32.515752 ], [ -80.278361, 32.51548 ], [ -80.280192, 32.514542 ], [ -80.283182, 32.512648 ], [ -80.286108, 32.510593 ], [ -80.286567, 32.510354 ], [ -80.286976, 32.510065 ], [ -80.289356, 32.508255 ], [ -80.291296, 32.506702 ], [ -80.293689, 32.504907 ], [ -80.295524, 32.503245 ], [ -80.296745, 32.502372 ], [ -80.297633, 32.501869 ], [ -80.29802, 32.501557 ], [ -80.298857, 32.500999 ], [ -80.299314, 32.50076 ], [ -80.301389, 32.499359 ], [ -80.302284, 32.498872 ], [ -80.303056, 32.498253 ], [ -80.303919, 32.497729 ], [ -80.304725, 32.497138 ], [ -80.30559, 32.496611 ], [ -80.305964, 32.496284 ], [ -80.307622, 32.495153 ], [ -80.308081, 32.494918 ], [ -80.30848, 32.494618 ], [ -80.308836, 32.494271 ], [ -80.310031, 32.493369 ], [ -80.310357, 32.492991 ], [ -80.310786, 32.492723 ], [ -80.311538, 32.492073 ], [ -80.311985, 32.491825 ], [ -80.312805, 32.49125 ], [ -80.314777, 32.489726 ], [ -80.315607, 32.48916 ], [ -80.316339, 32.488489 ], [ -80.317189, 32.487946 ], [ -80.317988, 32.487348 ], [ -80.318847, 32.486814 ], [ -80.31924, 32.486508 ], [ -80.32057, 32.485753 ], [ -80.320952, 32.485435 ], [ -80.321853, 32.484948 ], [ -80.322654, 32.48436 ], [ -80.323494, 32.483823 ], [ -80.323876, 32.483504 ], [ -80.324707, 32.48293 ], [ -80.325475, 32.482216 ], [ -80.326327, 32.481648 ], [ -80.327123, 32.480986 ], [ -80.328846, 32.479881 ], [ -80.331608, 32.477844 ], [ -80.332218, 32.477554 ], [ -80.332935, 32.477256 ], [ -80.333703, 32.477064 ], [ -80.334427, 32.476939 ], [ -80.335111, 32.476997 ], [ -80.335785, 32.477159 ], [ -80.33721, 32.477691 ], [ -80.338863, 32.478663 ], [ -80.33937, 32.479092 ], [ -80.340231, 32.480119 ], [ -80.340512, 32.48064 ], [ -80.341456, 32.482995 ], [ -80.34221, 32.485174 ], [ -80.342599, 32.486014 ], [ -80.343084, 32.48682 ], [ -80.343733, 32.488547 ], [ -80.344062, 32.489898 ], [ -80.344394, 32.490757 ], [ -80.344588, 32.49117 ], [ -80.345696, 32.492749 ], [ -80.34592, 32.493173 ] ] ] } },
{ "type": "Feature", "properties": { "year": 1987 }, "geometry": { "type": "MultiLineString", "coordinates": [ [ [ -80.195624, 32.565396 ], [ -80.195293, 32.564556 ], [ -80.195226, 32.564106 ] ], [ [ -80.195855, 32.563074 ], [ -80.196276, 32.562327 ], [ -80.196923, 32.561611 ] ], [ [ -80.196885, 32.561082 ], [ -80.197413, 32.560204 ], [ -80.197477, 32.559825 ], [ -80.197478, 32.559391 ], [ -80.197879, 32.559252 ], [ -80.198068, 32.558975 ], [ -80.19841, 32.558819 ], [ -80.198493, 32.558398 ], [ -80.198762, 32.558107 ], [ -80.199556, 32.557594 ], [ -80.200335, 32.55702 ], [ -80.202179, 32.556114 ], [ -80.204108, 32.555318 ], [ -80.205149, 32.555022 ], [ -80.205733, 32.554958 ], [ -80.206458, 32.555078 ], [ -80.207743, 32.555938 ], [ -80.207961, 32.555392 ], [ -80.208293, 32.554995 ], [ -80.208545, 32.554492 ], [ -80.209035, 32.554304 ], [ -80.209668, 32.554304 ], [ -80.210431, 32.55364 ], [ -80.211345, 32.553219 ], [ -80.213173, 32.552474 ], [ -80.214969, 32.551648 ], [ -80.21721, 32.550424 ], [ -80.218072, 32.549883 ], [ -80.218468, 32.549561 ], [ -80.21885, 32.549216 ], [ -80.219189, 32.54881 ], [ -80.219578, 32.548478 ], [ -80.2204, 32.547877 ], [ -80.221696, 32.54707 ], [ -80.223482, 32.546081 ], [ -80.228958, 32.543289 ], [ -80.230731, 32.54228 ], [ -80.232542, 32.541328 ], [ -80.234287, 32.540277 ], [ -80.234692, 32.539969 ], [ -80.236918, 32.538723 ], [ -80.239074, 32.537373 ], [ -80.240328, 32.536504 ], [ -80.24089, 32.536429 ], [ -80.241665, 32.53667 ], [ -80.241661, 32.535752 ], [ -80.242275, 32.535733 ], [ -80.242734, 32.535484 ], [ -80.243158, 32.535186 ], [ -80.244552, 32.534468 ], [ -80.245516, 32.534033 ], [ -80.246415, 32.533549 ], [ -80.247718, 32.532765 ], [ -80.250397, 32.53129 ], [ -80.251377, 32.53091 ], [ -80.252172, 32.531112 ], [ -80.253287, 32.531724 ], [ -80.253207, 32.530803 ], [ -80.253427, 32.530266 ], [ -80.254189, 32.529607 ], [ -80.256467, 32.528438 ], [ -80.257778, 32.527664 ], [ -80.259633, 32.52677 ], [ -80.262327, 32.525315 ], [ -80.266228, 32.522953 ], [ -80.268336, 32.521566 ], [ -80.269654, 32.520801 ], [ -80.271913, 32.519589 ], [ -80.275766, 32.517057 ], [ -80.276211, 32.516808 ], [ -80.277207, 32.516433 ], [ -80.27796, 32.515778 ], [ -80.278396, 32.515519 ], [ -80.278897, 32.515335 ], [ -80.279348, 32.515093 ], [ -80.281983, 32.513561 ], [ -80.284557, 32.511898 ], [ -80.286226, 32.510717 ], [ -80.286991, 32.510081 ], [ -80.288233, 32.509231 ], [ -80.29023, 32.507736 ], [ -80.290973, 32.507081 ], [ -80.292532, 32.505846 ], [ -80.293752, 32.504973 ], [ -80.295162, 32.503583 ], [ -80.295613, 32.503338 ], [ -80.296374, 32.502701 ], [ -80.296782, 32.502411 ], [ -80.297265, 32.5022 ], [ -80.297683, 32.501921 ], [ -80.298056, 32.501595 ], [ -80.29894, 32.501086 ], [ -80.29974, 32.500489 ], [ -80.300222, 32.500276 ], [ -80.301431, 32.499404 ], [ -80.301886, 32.499168 ], [ -80.302641, 32.498531 ], [ -80.303545, 32.498055 ], [ -80.304361, 32.497476 ], [ -80.30483, 32.497253 ], [ -80.306016, 32.496341 ], [ -80.306488, 32.496121 ], [ -80.307225, 32.495455 ], [ -80.308112, 32.494952 ], [ -80.3089, 32.494341 ], [ -80.309329, 32.494074 ], [ -80.310031, 32.493369 ], [ -80.310874, 32.492819 ], [ -80.311582, 32.492121 ], [ -80.312458, 32.491606 ], [ -80.313224, 32.490972 ], [ -80.315247, 32.489503 ], [ -80.316386, 32.48854 ], [ -80.317612, 32.487672 ], [ -80.318472, 32.48714 ], [ -80.318858, 32.486827 ], [ -80.319767, 32.486347 ], [ -80.320576, 32.48576 ], [ -80.321447, 32.48524 ], [ -80.322673, 32.484382 ], [ -80.323112, 32.484138 ], [ -80.323931, 32.483578 ], [ -80.325107, 32.482604 ], [ -80.325541, 32.482326 ], [ -80.326324, 32.481643 ], [ -80.327612, 32.480807 ], [ -80.328013, 32.48048 ], [ -80.328896, 32.479963 ], [ -80.331646, 32.477941 ], [ -80.332235, 32.47761 ], [ -80.332947, 32.477316 ], [ -80.333704, 32.477082 ], [ -80.334427, 32.476961 ], [ -80.335117, 32.476903 ], [ -80.335813, 32.476954 ], [ -80.336529, 32.477134 ], [ -80.337296, 32.477441 ], [ -80.337921, 32.477817 ], [ -80.338961, 32.478492 ], [ -80.339929, 32.479499 ], [ -80.340339, 32.480024 ], [ -80.340658, 32.480535 ], [ -80.341039, 32.481538 ], [ -80.341628, 32.483424 ], [ -80.342436, 32.485583 ], [ -80.343285, 32.487237 ], [ -80.343383, 32.487692 ], [ -80.343761, 32.488536 ], [ -80.344448, 32.490738 ], [ -80.344882, 32.491552 ], [ -80.345701, 32.492747 ], [ -80.345941, 32.49317 ] ] ] } },
{ "type": "Feature", "properties": { "year": 1988 }, "geometry": { "type": "MultiLineString", "coordinates": [ [ [ -80.195069, 32.56561 ], [ -80.195257, 32.564095 ] ], [ [ -80.196292, 32.562964 ], [ -80.196642, 32.562278 ], [ -80.196657, 32.561552 ] ], [ [ -80.195848, 32.560699 ], [ -80.196076, 32.559486 ], [ -80.196283, 32.559118 ], [ -80.196569, 32.558799 ], [ -80.197604, 32.55905 ], [ -80.198125, 32.558552 ], [ -80.198728, 32.558067 ], [ -80.199537, 32.557571 ], [ -80.200461, 32.557187 ], [ -80.200905, 32.556938 ], [ -80.20144, 32.556808 ], [ -80.202764, 32.556051 ], [ -80.20324, 32.555844 ], [ -80.203675, 32.555583 ], [ -80.204036, 32.555224 ], [ -80.204445, 32.554929 ], [ -80.205111, 32.554971 ], [ -80.205866, 32.555132 ], [ -80.207348, 32.554584 ], [ -80.207871, 32.554438 ], [ -80.208321, 32.554198 ], [ -80.20892, 32.554152 ], [ -80.209317, 32.553841 ], [ -80.209922, 32.553804 ], [ -80.211309, 32.55317 ], [ -80.211766, 32.552982 ], [ -80.212258, 32.552842 ], [ -80.213142, 32.552429 ], [ -80.214065, 32.552075 ], [ -80.217662, 32.550185 ], [ -80.218096, 32.549919 ], [ -80.219329, 32.549019 ], [ -80.219683, 32.548633 ], [ -80.220874, 32.54767 ], [ -80.221734, 32.547126 ], [ -80.223973, 32.5459 ], [ -80.225393, 32.545277 ], [ -80.227188, 32.544302 ], [ -80.22857, 32.543623 ], [ -80.231682, 32.541871 ], [ -80.234304, 32.540303 ], [ -80.234792, 32.540117 ], [ -80.236532, 32.53906 ], [ -80.237898, 32.538357 ], [ -80.239147, 32.537481 ], [ -80.239934, 32.53683 ], [ -80.240367, 32.536563 ], [ -80.240602, 32.536 ], [ -80.241507, 32.536435 ], [ -80.242215, 32.535644 ], [ -80.242643, 32.535353 ], [ -80.243113, 32.535122 ], [ -80.243635, 32.534963 ], [ -80.245924, 32.533737 ], [ -80.247348, 32.533109 ], [ -80.248688, 32.532372 ], [ -80.250084, 32.531708 ], [ -80.250983, 32.531223 ], [ -80.251391, 32.530929 ], [ -80.252012, 32.530907 ], [ -80.253121, 32.531511 ], [ -80.25337, 32.530194 ], [ -80.253731, 32.529839 ], [ -80.254129, 32.529531 ], [ -80.262321, 32.525307 ], [ -80.264028, 32.524224 ], [ -80.264487, 32.523993 ], [ -80.266663, 32.522692 ], [ -80.267565, 32.522213 ], [ -80.269304, 32.521171 ], [ -80.270136, 32.520601 ], [ -80.272347, 32.519309 ], [ -80.273274, 32.518824 ], [ -80.274589, 32.518002 ], [ -80.275359, 32.517349 ], [ -80.276198, 32.516794 ], [ -80.277109, 32.51632 ], [ -80.277513, 32.516025 ], [ -80.278422, 32.515549 ], [ -80.279398, 32.515151 ], [ -80.279841, 32.5149 ], [ -80.28067, 32.514332 ], [ -80.282837, 32.513022 ], [ -80.283677, 32.51244 ], [ -80.285031, 32.511665 ], [ -80.285455, 32.511375 ], [ -80.287796, 32.50949 ], [ -80.288659, 32.508959 ], [ -80.289449, 32.508352 ], [ -80.290978, 32.507086 ], [ -80.292179, 32.506193 ], [ -80.293728, 32.504948 ], [ -80.294861, 32.503984 ], [ -80.295195, 32.503617 ], [ -80.296046, 32.503073 ], [ -80.296407, 32.502735 ], [ -80.296809, 32.502439 ], [ -80.297295, 32.502231 ], [ -80.298097, 32.501637 ], [ -80.299767, 32.500517 ], [ -80.300248, 32.500304 ], [ -80.300667, 32.500029 ], [ -80.301453, 32.499427 ], [ -80.30189, 32.499173 ], [ -80.30267, 32.498563 ], [ -80.303569, 32.498082 ], [ -80.304346, 32.49746 ], [ -80.304839, 32.497262 ], [ -80.306051, 32.496379 ], [ -80.306495, 32.496128 ], [ -80.307233, 32.495463 ], [ -80.308166, 32.49501 ], [ -80.308912, 32.494353 ], [ -80.309338, 32.494084 ], [ -80.310075, 32.493417 ], [ -80.311637, 32.492181 ], [ -80.312532, 32.491687 ], [ -80.314049, 32.490402 ], [ -80.315678, 32.489238 ], [ -80.317643, 32.487706 ], [ -80.318101, 32.487471 ], [ -80.31891, 32.486883 ], [ -80.320249, 32.486138 ], [ -80.320636, 32.485825 ], [ -80.321507, 32.485305 ], [ -80.322302, 32.484705 ], [ -80.323555, 32.483901 ], [ -80.323953, 32.483607 ], [ -80.324679, 32.482889 ], [ -80.325086, 32.482571 ], [ -80.325535, 32.482316 ], [ -80.326742, 32.481346 ], [ -80.327186, 32.481091 ], [ -80.328005, 32.480468 ], [ -80.328907, 32.479982 ], [ -80.3312, 32.4784 ], [ -80.332975, 32.477459 ], [ -80.333712, 32.477173 ], [ -80.334427, 32.477084 ], [ -80.335794, 32.477096 ], [ -80.336517, 32.477188 ], [ -80.338495, 32.478071 ], [ -80.339021, 32.478388 ], [ -80.33958, 32.478792 ], [ -80.340058, 32.479355 ], [ -80.340758, 32.480463 ], [ -80.341368, 32.481959 ], [ -80.341815, 32.483846 ], [ -80.342459, 32.485575 ], [ -80.343294, 32.487234 ], [ -80.343397, 32.487687 ], [ -80.343701, 32.488558 ], [ -80.343741, 32.489034 ], [ -80.344564, 32.490697 ], [ -80.344886, 32.491551 ], [ -80.34538, 32.492353 ], [ -80.345973, 32.493164 ] ] ] } },
{ "type": "Feature", "properties": { "year": 1989 }, "geometry": { "type": "MultiLineString", "coordinates": [ [ [ -80.19545, 32.565463 ], [ -80.195581, 32.563987 ] ], [ [ -80.196387, 32.56294 ], [ -80.196366, 32.562315 ], [ -80.196413, 32.561498 ] ], [ [ -80.195614, 32.560613 ], [ -80.195717, 32.56025 ], [ -80.195925, 32.55988 ], [ -80.196172, 32.559538 ], [ -80.196777, 32.558935 ], [ -80.197637, 32.559074 ], [ -80.198591, 32.558502 ], [ -80.200476, 32.557207 ], [ -80.201356, 32.556697 ], [ -80.201671, 32.556278 ], [ -80.202094, 32.556002 ], [ -80.203075, 32.555626 ], [ -80.203486, 32.555333 ], [ -80.203932, 32.555086 ], [ -80.20461, 32.555146 ], [ -80.205376, 32.555322 ], [ -80.205437, 32.554567 ], [ -80.206097, 32.554603 ], [ -80.206937, 32.554876 ], [ -80.207495, 32.554777 ], [ -80.20794, 32.554529 ], [ -80.208487, 32.554415 ], [ -80.2089, 32.554126 ], [ -80.209851, 32.55371 ], [ -80.21225, 32.552832 ], [ -80.214039, 32.552037 ], [ -80.215465, 32.551474 ], [ -80.217273, 32.550517 ], [ -80.21816, 32.550014 ], [ -80.219411, 32.54914 ], [ -80.22096, 32.547797 ], [ -80.222228, 32.546949 ], [ -80.223114, 32.546445 ], [ -80.224062, 32.546032 ], [ -80.227243, 32.544383 ], [ -80.228184, 32.54396 ], [ -80.228609, 32.543681 ], [ -80.230872, 32.54249 ], [ -80.232201, 32.541731 ], [ -80.233912, 32.540632 ], [ -80.235248, 32.539884 ], [ -80.238307, 32.538055 ], [ -80.239585, 32.537221 ], [ -80.240352, 32.53654 ], [ -80.241493, 32.536413 ], [ -80.241831, 32.536005 ], [ -80.24225, 32.535696 ], [ -80.245044, 32.534264 ], [ -80.246922, 32.533381 ], [ -80.247799, 32.532868 ], [ -80.248284, 32.532673 ], [ -80.249661, 32.531984 ], [ -80.250983, 32.531225 ], [ -80.251578, 32.531169 ], [ -80.252514, 32.531551 ], [ -80.253162, 32.531564 ], [ -80.253294, 32.530096 ], [ -80.253671, 32.529761 ], [ -80.260065, 32.526506 ], [ -80.262301, 32.525281 ], [ -80.263672, 32.524585 ], [ -80.264519, 32.524035 ], [ -80.267608, 32.522268 ], [ -80.269289, 32.521152 ], [ -80.271081, 32.520177 ], [ -80.272821, 32.519079 ], [ -80.274186, 32.518318 ], [ -80.275021, 32.517722 ], [ -80.275463, 32.517468 ], [ -80.27584, 32.517142 ], [ -80.277193, 32.516417 ], [ -80.277548, 32.516065 ], [ -80.278516, 32.515657 ], [ -80.282015, 32.513598 ], [ -80.282914, 32.51311 ], [ -80.285865, 32.511072 ], [ -80.287067, 32.51016 ], [ -80.287435, 32.509829 ], [ -80.289889, 32.508096 ], [ -80.291373, 32.506783 ], [ -80.293388, 32.505308 ], [ -80.294508, 32.504331 ], [ -80.295218, 32.503641 ], [ -80.295613, 32.503338 ], [ -80.297262, 32.502196 ], [ -80.297711, 32.50195 ], [ -80.29849, 32.501332 ], [ -80.299384, 32.500834 ], [ -80.29977, 32.500521 ], [ -80.300652, 32.500014 ], [ -80.301064, 32.499732 ], [ -80.301427, 32.499399 ], [ -80.303138, 32.498342 ], [ -80.303618, 32.498135 ], [ -80.304049, 32.49787 ], [ -80.304412, 32.497532 ], [ -80.304817, 32.497238 ], [ -80.305704, 32.496736 ], [ -80.306045, 32.496373 ], [ -80.306886, 32.495819 ], [ -80.307683, 32.495218 ], [ -80.3086, 32.494749 ], [ -80.308908, 32.494349 ], [ -80.310143, 32.493492 ], [ -80.310449, 32.49309 ], [ -80.311279, 32.492525 ], [ -80.312048, 32.491894 ], [ -80.312907, 32.491361 ], [ -80.313283, 32.491036 ], [ -80.314118, 32.490477 ], [ -80.314508, 32.490166 ], [ -80.314843, 32.489797 ], [ -80.315686, 32.489247 ], [ -80.316832, 32.488292 ], [ -80.317275, 32.488039 ], [ -80.318065, 32.487431 ], [ -80.318517, 32.48719 ], [ -80.319345, 32.486622 ], [ -80.320269, 32.48616 ], [ -80.321048, 32.48554 ], [ -80.321934, 32.485036 ], [ -80.322704, 32.484418 ], [ -80.324013, 32.483689 ], [ -80.325549, 32.48234 ], [ -80.325978, 32.48206 ], [ -80.327608, 32.4808 ], [ -80.330756, 32.478813 ], [ -80.332287, 32.477778 ], [ -80.33372, 32.477258 ], [ -80.335104, 32.477109 ], [ -80.335795, 32.477088 ], [ -80.336512, 32.47721 ], [ -80.337932, 32.477792 ], [ -80.339024, 32.478382 ], [ -80.339577, 32.478796 ], [ -80.340502, 32.47988 ], [ -80.340819, 32.480419 ], [ -80.340986, 32.480958 ], [ -80.341429, 32.481931 ], [ -80.341597, 32.48243 ], [ -80.342422, 32.485588 ], [ -80.342796, 32.486433 ], [ -80.343054, 32.486831 ], [ -80.343367, 32.487698 ], [ -80.343746, 32.488542 ], [ -80.343948, 32.489449 ], [ -80.344415, 32.49075 ], [ -80.344643, 32.491152 ], [ -80.345761, 32.492735 ], [ -80.345935, 32.493171 ] ] ] } },
{ "type": "Feature", "properties": { "year": 1990 }, "geometry": { "type": "MultiLineString", "coordinates": [ [ [ -80.195731, 32.565354 ], [ -80.195443, 32.564033 ] ], [ [ -80.195504, 32.560572 ], [ -80.196685, 32.559356 ], [ -80.197053, 32.559114 ], [ -80.197945, 32.5593 ], [ -80.199294, 32.558016 ], [ -80.200823, 32.556829 ], [ -80.201273, 32.556588 ], [ -80.202239, 32.556193 ], [ -80.202656, 32.555908 ], [ -80.203117, 32.555682 ], [ -80.203601, 32.555485 ], [ -80.20416, 32.555387 ], [ -80.204837, 32.555445 ], [ -80.205361, 32.555302 ], [ -80.205578, 32.554754 ], [ -80.206097, 32.554603 ], [ -80.20666, 32.55451 ], [ -80.20727, 32.55448 ], [ -80.207817, 32.554366 ], [ -80.212732, 32.55268 ], [ -80.213627, 32.552286 ], [ -80.214587, 32.55199 ], [ -80.215552, 32.551604 ], [ -80.216875, 32.550836 ], [ -80.218245, 32.550141 ], [ -80.219113, 32.549608 ], [ -80.220375, 32.54875 ], [ -80.220736, 32.548376 ], [ -80.22151, 32.547705 ], [ -80.222771, 32.546846 ], [ -80.224534, 32.545822 ], [ -80.228644, 32.543733 ], [ -80.23176, 32.541987 ], [ -80.233932, 32.540661 ], [ -80.235296, 32.539956 ], [ -80.237512, 32.538695 ], [ -80.238796, 32.537871 ], [ -80.239198, 32.537558 ], [ -80.239918, 32.536805 ], [ -80.240415, 32.536634 ], [ -80.2411, 32.536741 ], [ -80.241358, 32.536213 ], [ -80.242309, 32.535782 ], [ -80.243675, 32.535019 ], [ -80.244652, 32.5346 ], [ -80.246045, 32.533892 ], [ -80.246528, 32.533694 ], [ -80.248771, 32.532479 ], [ -80.251408, 32.53095 ], [ -80.25237, 32.531366 ], [ -80.252949, 32.53129 ], [ -80.253278, 32.530894 ], [ -80.253498, 32.530358 ], [ -80.253804, 32.529932 ], [ -80.254168, 32.52958 ], [ -80.254611, 32.529331 ], [ -80.255553, 32.528901 ], [ -80.256887, 32.528158 ], [ -80.259212, 32.527048 ], [ -80.260542, 32.526299 ], [ -80.261037, 32.526116 ], [ -80.262409, 32.52542 ], [ -80.264182, 32.52442 ], [ -80.265465, 32.523612 ], [ -80.266795, 32.522863 ], [ -80.269804, 32.520994 ], [ -80.27158, 32.519998 ], [ -80.27243, 32.519413 ], [ -80.274624, 32.518044 ], [ -80.275452, 32.517456 ], [ -80.275828, 32.517129 ], [ -80.276253, 32.516857 ], [ -80.277227, 32.516455 ], [ -80.277548, 32.516065 ], [ -80.278506, 32.515645 ], [ -80.280294, 32.514659 ], [ -80.285088, 32.511726 ], [ -80.286311, 32.510806 ], [ -80.287457, 32.509851 ], [ -80.289546, 32.508454 ], [ -80.290276, 32.507785 ], [ -80.291103, 32.507216 ], [ -80.292212, 32.506228 ], [ -80.294174, 32.504698 ], [ -80.29525, 32.503674 ], [ -80.29607, 32.503099 ], [ -80.296428, 32.502757 ], [ -80.296839, 32.50247 ], [ -80.297327, 32.502265 ], [ -80.297772, 32.502013 ], [ -80.299381, 32.50083 ], [ -80.300277, 32.500334 ], [ -80.301071, 32.49974 ], [ -80.301947, 32.499233 ], [ -80.30272, 32.498616 ], [ -80.303638, 32.498156 ], [ -80.305301, 32.497031 ], [ -80.305685, 32.496714 ], [ -80.306539, 32.496175 ], [ -80.307274, 32.495507 ], [ -80.308158, 32.495001 ], [ -80.308929, 32.494372 ], [ -80.309368, 32.494116 ], [ -80.311676, 32.492224 ], [ -80.314099, 32.490456 ], [ -80.314869, 32.489826 ], [ -80.315294, 32.489554 ], [ -80.316406, 32.488562 ], [ -80.316837, 32.488297 ], [ -80.317625, 32.487686 ], [ -80.318509, 32.487181 ], [ -80.31892, 32.486893 ], [ -80.319863, 32.486452 ], [ -80.320683, 32.485876 ], [ -80.321975, 32.485081 ], [ -80.322767, 32.484491 ], [ -80.323617, 32.48398 ], [ -80.324401, 32.483376 ], [ -80.325148, 32.48267 ], [ -80.325998, 32.482093 ], [ -80.326796, 32.481435 ], [ -80.327655, 32.480878 ], [ -80.328049, 32.480541 ], [ -80.328939, 32.480035 ], [ -80.329348, 32.479722 ], [ -80.32981, 32.479442 ], [ -80.330328, 32.479221 ], [ -80.331799, 32.478339 ], [ -80.333023, 32.477704 ], [ -80.334428, 32.477223 ], [ -80.335799, 32.477062 ], [ -80.336505, 32.477244 ], [ -80.337946, 32.47776 ], [ -80.339024, 32.478382 ], [ -80.339571, 32.478805 ], [ -80.340091, 32.479318 ], [ -80.340477, 32.479901 ], [ -80.341012, 32.480943 ], [ -80.34154, 32.482452 ], [ -80.342141, 32.484709 ], [ -80.342616, 32.486008 ], [ -80.343077, 32.486822 ], [ -80.343343, 32.487707 ], [ -80.344178, 32.489857 ], [ -80.344459, 32.490734 ], [ -80.345381, 32.492353 ], [ -80.345924, 32.493173 ] ] ] } },
{ "type": "Feature", "properties": { "year": 1991 }, "geometry": { "type": "MultiLineString", "coordinates": [ [ [ -80.195357, 32.565499 ], [ -80.195325, 32.565024 ], [ -80.195033, 32.56417 ] ], [ [ -80.195271, 32.560486 ], [ -80.195862, 32.559849 ], [ -80.196396, 32.559185 ], [ -80.196741, 32.558911 ], [ -80.19781, 32.559201 ], [ -80.198638, 32.558552 ], [ -80.199219, 32.557924 ], [ -80.199954, 32.557335 ], [ -80.200503, 32.557242 ], [ -80.200897, 32.556926 ], [ -80.201174, 32.556458 ], [ -80.203041, 32.555581 ], [ -80.20467, 32.555225 ], [ -80.205706, 32.554922 ], [ -80.206143, 32.554664 ], [ -80.206703, 32.554567 ], [ -80.20731, 32.554533 ], [ -80.208879, 32.554099 ], [ -80.209843, 32.553701 ], [ -80.211323, 32.553189 ], [ -80.21231, 32.552915 ], [ -80.213236, 32.552564 ], [ -80.215076, 32.551806 ], [ -80.215531, 32.551573 ], [ -80.216409, 32.551056 ], [ -80.216881, 32.550846 ], [ -80.217296, 32.550552 ], [ -80.218231, 32.550119 ], [ -80.219572, 32.549379 ], [ -80.220831, 32.548518 ], [ -80.221151, 32.548081 ], [ -80.221947, 32.547443 ], [ -80.224081, 32.54606 ], [ -80.226391, 32.544939 ], [ -80.227735, 32.544203 ], [ -80.22912, 32.543529 ], [ -80.229543, 32.543248 ], [ -80.229999, 32.543013 ], [ -80.230942, 32.542594 ], [ -80.232242, 32.541793 ], [ -80.232637, 32.541469 ], [ -80.233543, 32.540994 ], [ -80.234395, 32.540438 ], [ -80.238004, 32.538515 ], [ -80.239686, 32.537372 ], [ -80.23999, 32.536913 ], [ -80.241084, 32.536717 ], [ -80.241567, 32.536525 ], [ -80.241905, 32.536115 ], [ -80.242858, 32.53566 ], [ -80.243744, 32.535113 ], [ -80.245602, 32.534143 ], [ -80.24654, 32.533709 ], [ -80.247877, 32.532968 ], [ -80.248827, 32.53255 ], [ -80.249734, 32.532078 ], [ -80.250096, 32.531723 ], [ -80.250522, 32.531452 ], [ -80.25101, 32.531259 ], [ -80.251615, 32.531216 ], [ -80.252336, 32.531322 ], [ -80.252877, 32.531198 ], [ -80.253323, 32.530951 ], [ -80.253177, 32.529946 ], [ -80.253603, 32.529674 ], [ -80.25405, 32.529428 ], [ -80.255601, 32.528963 ], [ -80.257353, 32.527936 ], [ -80.258722, 32.527238 ], [ -80.259205, 32.527038 ], [ -80.260994, 32.526061 ], [ -80.262859, 32.525178 ], [ -80.263268, 32.524885 ], [ -80.266404, 32.523179 ], [ -80.270276, 32.52078 ], [ -80.271618, 32.520047 ], [ -80.27249, 32.519488 ], [ -80.27375, 32.518595 ], [ -80.275057, 32.517763 ], [ -80.275455, 32.51746 ], [ -80.275799, 32.517095 ], [ -80.276291, 32.5169 ], [ -80.27769, 32.516227 ], [ -80.278946, 32.515391 ], [ -80.279868, 32.51493 ], [ -80.280663, 32.514324 ], [ -80.281099, 32.514065 ], [ -80.281603, 32.513884 ], [ -80.281992, 32.513571 ], [ -80.282472, 32.513362 ], [ -80.282911, 32.513107 ], [ -80.284659, 32.51201 ], [ -80.288322, 32.509323 ], [ -80.288647, 32.508947 ], [ -80.289131, 32.508736 ], [ -80.289546, 32.508454 ], [ -80.290721, 32.507534 ], [ -80.291479, 32.506894 ], [ -80.291808, 32.506521 ], [ -80.292628, 32.505946 ], [ -80.294575, 32.5044 ], [ -80.294935, 32.504061 ], [ -80.295254, 32.503678 ], [ -80.296901, 32.502535 ], [ -80.297807, 32.50205 ], [ -80.298587, 32.501433 ], [ -80.299845, 32.500599 ], [ -80.300725, 32.50009 ], [ -80.301524, 32.499502 ], [ -80.302374, 32.498968 ], [ -80.30276, 32.498659 ], [ -80.304079, 32.497904 ], [ -80.304475, 32.4976 ], [ -80.305327, 32.49706 ], [ -80.306099, 32.496432 ], [ -80.306551, 32.49619 ], [ -80.307346, 32.495586 ], [ -80.308219, 32.495067 ], [ -80.309782, 32.493833 ], [ -80.310514, 32.493161 ], [ -80.310933, 32.492882 ], [ -80.31168, 32.492228 ], [ -80.312517, 32.49167 ], [ -80.313692, 32.490748 ], [ -80.315329, 32.489592 ], [ -80.316456, 32.488617 ], [ -80.3169, 32.488366 ], [ -80.317698, 32.487766 ], [ -80.318145, 32.487519 ], [ -80.318957, 32.486934 ], [ -80.320298, 32.486192 ], [ -80.321108, 32.485605 ], [ -80.321594, 32.485399 ], [ -80.32278, 32.484506 ], [ -80.323636, 32.484005 ], [ -80.325168, 32.482702 ], [ -80.326006, 32.482107 ], [ -80.326793, 32.48143 ], [ -80.32768, 32.480918 ], [ -80.328086, 32.480602 ], [ -80.328974, 32.480092 ], [ -80.329383, 32.479779 ], [ -80.329849, 32.479511 ], [ -80.333742, 32.477513 ], [ -80.3351, 32.477167 ], [ -80.335786, 32.477158 ], [ -80.336494, 32.477296 ], [ -80.337943, 32.477766 ], [ -80.339035, 32.478363 ], [ -80.339579, 32.478794 ], [ -80.340036, 32.479378 ], [ -80.340411, 32.47996 ], [ -80.34093, 32.480993 ], [ -80.341128, 32.48149 ], [ -80.342094, 32.484726 ], [ -80.343649, 32.488577 ], [ -80.34387, 32.489477 ], [ -80.34403, 32.48991 ], [ -80.344864, 32.491557 ], [ -80.3458, 32.493195 ] ] ] } },
{ "type": "Feature", "properties": { "year": 1992 }, "geometry": { "type": "MultiLineString", "coordinates": [ [ [ -80.19567, 32.565378 ], [ -80.19562, 32.564915 ], [ -80.195321, 32.564074 ] ], [ [ -80.195853, 32.560701 ], [ -80.196172, 32.56 ], [ -80.19696, 32.559054 ], [ -80.197514, 32.558985 ], [ -80.197789, 32.558744 ], [ -80.198752, 32.558095 ], [ -80.201874, 32.556546 ], [ -80.202764, 32.556051 ], [ -80.203251, 32.555858 ], [ -80.203787, 32.55573 ], [ -80.204392, 32.555693 ], [ -80.205682, 32.555724 ], [ -80.20601, 32.555323 ], [ -80.206551, 32.555202 ], [ -80.206715, 32.554584 ], [ -80.207224, 32.55442 ], [ -80.207688, 32.554197 ], [ -80.209752, 32.55358 ], [ -80.212654, 32.552572 ], [ -80.214039, 32.552037 ], [ -80.215932, 32.551258 ], [ -80.21823, 32.550117 ], [ -80.219081, 32.549561 ], [ -80.219977, 32.54907 ], [ -80.221957, 32.547458 ], [ -80.223668, 32.546357 ], [ -80.226332, 32.544851 ], [ -80.227707, 32.544162 ], [ -80.232192, 32.541718 ], [ -80.233922, 32.540646 ], [ -80.235285, 32.53994 ], [ -80.237043, 32.538909 ], [ -80.237952, 32.538438 ], [ -80.239228, 32.537602 ], [ -80.240106, 32.537086 ], [ -80.240518, 32.536786 ], [ -80.241021, 32.536624 ], [ -80.241791, 32.536856 ], [ -80.242303, 32.536705 ], [ -80.242456, 32.535997 ], [ -80.242812, 32.535595 ], [ -80.244289, 32.534981 ], [ -80.246622, 32.533815 ], [ -80.247949, 32.533062 ], [ -80.250503, 32.531427 ], [ -80.250989, 32.531232 ], [ -80.25157, 32.531158 ], [ -80.252432, 32.531446 ], [ -80.253818, 32.532405 ], [ -80.253356, 32.530995 ], [ -80.253516, 32.53038 ], [ -80.253844, 32.529984 ], [ -80.254653, 32.529384 ], [ -80.255544, 32.52889 ], [ -80.256496, 32.528474 ], [ -80.258732, 32.527251 ], [ -80.261958, 32.52566 ], [ -80.264152, 32.524383 ], [ -80.265952, 32.523417 ], [ -80.269408, 32.521303 ], [ -80.269814, 32.521006 ], [ -80.270715, 32.520525 ], [ -80.271556, 32.519968 ], [ -80.273343, 32.518907 ], [ -80.275456, 32.517461 ], [ -80.275898, 32.517208 ], [ -80.276423, 32.517052 ], [ -80.277403, 32.516658 ], [ -80.277747, 32.516293 ], [ -80.278577, 32.515727 ], [ -80.282905, 32.5131 ], [ -80.284171, 32.512228 ], [ -80.285058, 32.511694 ], [ -80.285906, 32.511115 ], [ -80.286683, 32.510474 ], [ -80.289097, 32.508701 ], [ -80.290662, 32.507472 ], [ -80.294475, 32.504296 ], [ -80.295195, 32.503617 ], [ -80.29602, 32.503046 ], [ -80.296388, 32.502716 ], [ -80.296819, 32.50245 ], [ -80.297764, 32.502005 ], [ -80.298542, 32.501386 ], [ -80.299784, 32.500535 ], [ -80.300247, 32.500303 ], [ -80.301479, 32.499454 ], [ -80.301932, 32.499217 ], [ -80.302705, 32.4986 ], [ -80.303617, 32.498134 ], [ -80.304411, 32.49753 ], [ -80.305282, 32.49701 ], [ -80.307299, 32.495535 ], [ -80.308191, 32.495038 ], [ -80.308548, 32.494692 ], [ -80.30893, 32.494373 ], [ -80.309359, 32.494106 ], [ -80.311621, 32.492164 ], [ -80.312485, 32.491636 ], [ -80.313217, 32.490965 ], [ -80.314808, 32.489759 ], [ -80.315655, 32.489214 ], [ -80.316422, 32.48858 ], [ -80.317641, 32.487704 ], [ -80.318513, 32.487185 ], [ -80.318904, 32.486876 ], [ -80.319831, 32.486418 ], [ -80.320651, 32.485842 ], [ -80.321552, 32.485354 ], [ -80.322762, 32.484485 ], [ -80.323618, 32.483982 ], [ -80.324379, 32.483345 ], [ -80.325128, 32.482637 ], [ -80.325974, 32.482053 ], [ -80.326773, 32.481397 ], [ -80.327644, 32.480859 ], [ -80.328047, 32.480538 ], [ -80.328949, 32.480051 ], [ -80.329816, 32.479452 ], [ -80.331309, 32.478652 ], [ -80.331839, 32.478442 ], [ -80.334429, 32.477667 ], [ -80.335751, 32.477415 ], [ -80.336469, 32.477412 ], [ -80.337266, 32.477529 ], [ -80.337959, 32.477731 ], [ -80.339126, 32.478204 ], [ -80.339712, 32.478603 ], [ -80.340225, 32.479168 ], [ -80.340662, 32.479738 ], [ -80.340923, 32.480345 ], [ -80.341509, 32.481894 ], [ -80.341769, 32.482883 ], [ -80.342219, 32.484191 ], [ -80.342796, 32.486433 ], [ -80.34302, 32.486843 ], [ -80.343253, 32.487739 ], [ -80.343725, 32.488549 ], [ -80.344061, 32.489409 ], [ -80.344197, 32.49034 ], [ -80.344399, 32.490756 ], [ -80.345009, 32.491515 ], [ -80.345523, 32.49232 ], [ -80.345847, 32.493187 ] ] ] } },
{ "type": "Feature", "properties": { "year": 1993 }, "geometry": { "type": "MultiLineString", "coordinates": [ [ [ -80.195567, 32.565418 ], [ -80.19558, 32.564455 ], [ -80.195465, 32.564026 ] ], [ [ -80.195471, 32.56056 ], [ -80.196103, 32.559501 ], [ -80.196753, 32.558919 ], [ -80.197434, 32.558926 ], [ -80.198488, 32.558393 ], [ -80.199658, 32.557723 ], [ -80.200105, 32.557532 ], [ -80.201454, 32.556827 ], [ -80.202778, 32.556069 ], [ -80.203267, 32.555879 ], [ -80.203795, 32.555741 ], [ -80.204373, 32.555668 ], [ -80.205071, 32.555754 ], [ -80.205649, 32.555681 ], [ -80.205937, 32.555226 ], [ -80.206277, 32.554841 ], [ -80.206698, 32.55456 ], [ -80.207629, 32.554119 ], [ -80.212174, 32.552727 ], [ -80.214079, 32.552096 ], [ -80.216468, 32.551143 ], [ -80.218325, 32.550259 ], [ -80.219651, 32.549496 ], [ -80.220574, 32.549047 ], [ -80.222473, 32.547313 ], [ -80.222878, 32.547006 ], [ -80.225038, 32.54566 ], [ -80.228224, 32.54402 ], [ -80.231326, 32.542254 ], [ -80.232257, 32.541815 ], [ -80.234036, 32.540816 ], [ -80.234888, 32.54026 ], [ -80.238047, 32.538579 ], [ -80.238906, 32.538035 ], [ -80.240137, 32.537131 ], [ -80.240582, 32.536882 ], [ -80.241729, 32.536765 ], [ -80.242008, 32.536268 ], [ -80.242378, 32.535882 ], [ -80.243325, 32.53542 ], [ -80.243837, 32.535242 ], [ -80.24526, 32.534545 ], [ -80.24568, 32.534243 ], [ -80.246126, 32.533996 ], [ -80.247062, 32.533561 ], [ -80.248865, 32.5326 ], [ -80.250116, 32.531748 ], [ -80.250462, 32.531374 ], [ -80.250973, 32.53121 ], [ -80.251635, 32.531242 ], [ -80.253141, 32.531536 ], [ -80.253227, 32.530829 ], [ -80.253408, 32.530243 ], [ -80.259216, 32.527053 ], [ -80.260144, 32.526606 ], [ -80.263288, 32.524911 ], [ -80.265134, 32.524005 ], [ -80.26648, 32.523277 ], [ -80.271219, 32.520353 ], [ -80.27205, 32.519762 ], [ -80.273356, 32.518923 ], [ -80.273756, 32.518602 ], [ -80.275482, 32.517491 ], [ -80.276419, 32.517047 ], [ -80.277549, 32.516825 ], [ -80.277833, 32.516392 ], [ -80.278625, 32.515782 ], [ -80.281224, 32.514208 ], [ -80.283749, 32.51252 ], [ -80.28506, 32.511696 ], [ -80.287909, 32.509608 ], [ -80.291037, 32.507148 ], [ -80.292153, 32.506166 ], [ -80.294831, 32.503953 ], [ -80.295171, 32.503591 ], [ -80.296372, 32.502699 ], [ -80.29679, 32.50242 ], [ -80.297689, 32.501927 ], [ -80.298092, 32.501631 ], [ -80.299394, 32.500843 ], [ -80.300658, 32.50002 ], [ -80.301036, 32.499702 ], [ -80.302326, 32.498917 ], [ -80.302699, 32.498594 ], [ -80.30362, 32.498136 ], [ -80.304403, 32.497522 ], [ -80.305271, 32.496998 ], [ -80.305629, 32.496654 ], [ -80.306943, 32.495881 ], [ -80.307293, 32.495529 ], [ -80.308164, 32.495008 ], [ -80.308932, 32.494376 ], [ -80.309376, 32.494125 ], [ -80.311623, 32.492166 ], [ -80.312486, 32.491637 ], [ -80.313225, 32.490973 ], [ -80.315232, 32.489487 ], [ -80.316364, 32.488516 ], [ -80.316807, 32.488265 ], [ -80.318887, 32.486858 ], [ -80.320253, 32.486142 ], [ -80.321068, 32.485562 ], [ -80.32195, 32.485053 ], [ -80.322753, 32.484475 ], [ -80.323211, 32.484258 ], [ -80.323618, 32.483982 ], [ -80.324785, 32.483047 ], [ -80.325145, 32.482665 ], [ -80.326383, 32.481741 ], [ -80.326765, 32.481384 ], [ -80.328042, 32.48053 ], [ -80.328939, 32.480034 ], [ -80.330306, 32.479181 ], [ -80.331317, 32.47867 ], [ -80.33243, 32.478243 ], [ -80.333778, 32.47793 ], [ -80.334429, 32.477732 ], [ -80.33646, 32.47745 ], [ -80.33725, 32.477575 ], [ -80.338511, 32.478039 ], [ -80.339075, 32.478293 ], [ -80.339651, 32.478691 ], [ -80.340182, 32.479216 ], [ -80.340551, 32.479837 ], [ -80.341288, 32.481405 ], [ -80.342044, 32.483764 ], [ -80.342689, 32.485492 ], [ -80.342891, 32.485909 ], [ -80.343175, 32.486787 ], [ -80.343273, 32.487732 ], [ -80.343669, 32.48857 ], [ -80.343929, 32.489456 ], [ -80.344399, 32.490267 ], [ -80.344919, 32.491541 ], [ -80.345731, 32.492741 ], [ -80.34593, 32.493172 ] ] ] } },
{ "type": "Feature", "properties": { "year": 1994 }, "geometry": { "type": "MultiLineString", "coordinates": [ [ [ -80.194942, 32.565659 ], [ -80.194843, 32.564713 ], [ -80.194893, 32.564217 ] ], [ [ -80.194812, 32.559848 ], [ -80.195116, 32.559487 ], [ -80.195477, 32.559165 ], [ -80.196332, 32.558645 ], [ -80.19753, 32.558996 ], [ -80.198582, 32.558492 ], [ -80.200586, 32.557351 ], [ -80.202228, 32.556178 ], [ -80.203151, 32.555726 ], [ -80.204134, 32.555353 ], [ -80.204653, 32.555203 ], [ -80.20521, 32.555103 ], [ -80.206152, 32.554675 ], [ -80.206651, 32.554499 ], [ -80.210815, 32.553312 ], [ -80.213195, 32.552506 ], [ -80.214167, 32.552225 ], [ -80.216102, 32.55151 ], [ -80.217522, 32.550887 ], [ -80.220576, 32.54905 ], [ -80.222137, 32.547725 ], [ -80.224752, 32.546146 ], [ -80.225167, 32.545852 ], [ -80.226061, 32.545359 ], [ -80.228359, 32.54422 ], [ -80.2297, 32.543481 ], [ -80.230121, 32.543195 ], [ -80.231488, 32.542495 ], [ -80.235433, 32.540159 ], [ -80.237279, 32.539259 ], [ -80.237701, 32.538976 ], [ -80.238596, 32.538485 ], [ -80.238977, 32.53814 ], [ -80.239802, 32.537545 ], [ -80.240121, 32.537107 ], [ -80.240725, 32.537094 ], [ -80.241583, 32.536547 ], [ -80.242214, 32.536574 ], [ -80.242502, 32.536063 ], [ -80.242924, 32.535755 ], [ -80.243431, 32.53557 ], [ -80.244787, 32.53478 ], [ -80.247145, 32.533667 ], [ -80.248049, 32.533189 ], [ -80.248904, 32.532649 ], [ -80.249826, 32.532195 ], [ -80.250224, 32.531887 ], [ -80.250585, 32.531532 ], [ -80.250997, 32.531242 ], [ -80.251516, 32.531089 ], [ -80.252297, 32.531273 ], [ -80.253504, 32.532002 ], [ -80.25349, 32.531167 ], [ -80.253613, 32.530506 ], [ -80.253943, 32.53011 ], [ -80.254328, 32.529785 ], [ -80.254764, 32.529527 ], [ -80.255267, 32.529354 ], [ -80.256174, 32.52888 ], [ -80.258845, 32.527396 ], [ -80.266098, 32.523605 ], [ -80.269999, 32.521244 ], [ -80.270403, 32.520943 ], [ -80.27128, 32.520431 ], [ -80.275178, 32.517902 ], [ -80.276493, 32.517132 ], [ -80.277414, 32.516669 ], [ -80.277758, 32.516305 ], [ -80.279554, 32.515329 ], [ -80.279966, 32.515043 ], [ -80.282144, 32.513746 ], [ -80.282975, 32.51318 ], [ -80.283873, 32.512659 ], [ -80.285106, 32.511745 ], [ -80.286421, 32.510921 ], [ -80.287579, 32.509978 ], [ -80.288396, 32.5094 ], [ -80.291872, 32.506588 ], [ -80.294615, 32.504442 ], [ -80.294998, 32.504127 ], [ -80.295307, 32.503734 ], [ -80.296912, 32.502547 ], [ -80.297826, 32.50207 ], [ -80.29821, 32.501755 ], [ -80.298671, 32.50152 ], [ -80.29909, 32.501242 ], [ -80.299839, 32.500592 ], [ -80.300328, 32.500387 ], [ -80.300773, 32.50014 ], [ -80.301176, 32.49985 ], [ -80.302044, 32.499336 ], [ -80.302824, 32.498728 ], [ -80.303679, 32.498201 ], [ -80.304482, 32.497608 ], [ -80.304929, 32.49736 ], [ -80.305708, 32.49674 ], [ -80.30613, 32.496465 ], [ -80.306619, 32.496263 ], [ -80.307397, 32.495641 ], [ -80.308266, 32.495119 ], [ -80.309003, 32.494453 ], [ -80.30982, 32.493874 ], [ -80.310176, 32.493528 ], [ -80.310975, 32.492929 ], [ -80.311712, 32.492263 ], [ -80.312162, 32.492018 ], [ -80.312564, 32.491722 ], [ -80.314493, 32.490151 ], [ -80.315322, 32.489585 ], [ -80.316065, 32.488925 ], [ -80.316951, 32.488421 ], [ -80.317735, 32.487807 ], [ -80.319006, 32.486987 ], [ -80.319888, 32.48648 ], [ -80.320716, 32.485912 ], [ -80.321156, 32.485657 ], [ -80.321642, 32.485452 ], [ -80.322854, 32.484592 ], [ -80.32371, 32.484099 ], [ -80.32448, 32.48349 ], [ -80.325212, 32.482771 ], [ -80.326817, 32.481469 ], [ -80.327297, 32.481275 ], [ -80.327747, 32.48103 ], [ -80.328139, 32.48069 ], [ -80.329022, 32.480173 ], [ -80.329428, 32.479854 ], [ -80.32989, 32.479582 ], [ -80.330862, 32.479035 ], [ -80.331883, 32.478556 ], [ -80.33378, 32.477957 ], [ -80.335708, 32.477735 ], [ -80.336407, 32.477694 ], [ -80.337187, 32.477758 ], [ -80.337841, 32.477997 ], [ -80.338956, 32.4785 ], [ -80.339511, 32.47889 ], [ -80.340036, 32.479378 ], [ -80.340468, 32.47991 ], [ -80.340795, 32.480437 ], [ -80.342216, 32.484682 ], [ -80.343266, 32.487244 ], [ -80.344062, 32.489899 ], [ -80.344683, 32.491139 ], [ -80.34552, 32.49232 ], [ -80.345903, 32.493177 ] ] ] } },
{ "type": "Feature", "properties": { "year": 1995 }, "geometry": { "type": "MultiLineString", "coordinates": [ [ [ -80.195418, 32.565475 ], [ -80.195327, 32.565023 ], [ -80.195129, 32.564613 ], [ -80.195364, 32.56406 ] ], [ [ -80.195093, 32.559973 ], [ -80.195482, 32.559665 ], [ -80.196326, 32.559143 ], [ -80.196768, 32.558929 ], [ -80.197517, 32.558987 ], [ -80.19865, 32.558564 ], [ -80.201002, 32.557065 ], [ -80.201404, 32.556761 ], [ -80.202275, 32.55624 ], [ -80.203195, 32.555784 ], [ -80.204825, 32.55543 ], [ -80.205306, 32.55523 ], [ -80.206197, 32.554735 ], [ -80.206677, 32.554533 ], [ -80.209679, 32.553485 ], [ -80.210731, 32.553201 ], [ -80.212648, 32.552563 ], [ -80.215009, 32.551707 ], [ -80.216025, 32.551396 ], [ -80.217441, 32.550767 ], [ -80.218355, 32.550304 ], [ -80.220129, 32.549296 ], [ -80.221792, 32.548124 ], [ -80.222169, 32.547773 ], [ -80.223922, 32.546735 ], [ -80.225184, 32.545878 ], [ -80.226544, 32.545167 ], [ -80.227023, 32.544968 ], [ -80.22746, 32.544707 ], [ -80.228398, 32.544279 ], [ -80.229723, 32.543515 ], [ -80.231593, 32.54265 ], [ -80.232831, 32.541758 ], [ -80.235397, 32.540106 ], [ -80.236724, 32.539345 ], [ -80.237655, 32.538907 ], [ -80.238059, 32.538597 ], [ -80.240677, 32.537023 ], [ -80.24119, 32.536874 ], [ -80.241781, 32.536842 ], [ -80.242512, 32.537016 ], [ -80.242575, 32.53617 ], [ -80.242954, 32.535797 ], [ -80.243405, 32.535533 ], [ -80.243907, 32.535338 ], [ -80.246187, 32.534075 ], [ -80.246611, 32.5338 ], [ -80.247536, 32.53335 ], [ -80.249767, 32.53212 ], [ -80.250596, 32.531546 ], [ -80.251557, 32.531142 ], [ -80.253347, 32.531801 ], [ -80.253675, 32.530585 ], [ -80.25395, 32.530119 ], [ -80.25432, 32.529775 ], [ -80.254726, 32.529478 ], [ -80.26157, 32.525981 ], [ -80.262918, 32.525254 ], [ -80.263343, 32.524981 ], [ -80.264724, 32.524297 ], [ -80.267392, 32.522809 ], [ -80.270364, 32.520894 ], [ -80.271263, 32.52041 ], [ -80.272988, 32.519285 ], [ -80.273887, 32.518759 ], [ -80.275577, 32.517599 ], [ -80.276013, 32.51734 ], [ -80.277486, 32.516752 ], [ -80.277806, 32.516361 ], [ -80.27826, 32.516122 ], [ -80.279088, 32.515554 ], [ -80.27955, 32.515325 ], [ -80.28383, 32.512611 ], [ -80.285504, 32.511428 ], [ -80.289458, 32.508362 ], [ -80.290279, 32.507788 ], [ -80.292906, 32.505521 ], [ -80.294834, 32.503956 ], [ -80.295523, 32.503244 ], [ -80.295969, 32.502994 ], [ -80.296762, 32.50239 ], [ -80.297643, 32.501879 ], [ -80.29803, 32.501567 ], [ -80.298922, 32.501067 ], [ -80.299295, 32.500741 ], [ -80.300206, 32.50026 ], [ -80.301011, 32.499677 ], [ -80.3023, 32.498889 ], [ -80.302685, 32.498578 ], [ -80.303546, 32.498056 ], [ -80.304334, 32.497447 ], [ -80.30482, 32.497242 ], [ -80.305999, 32.496322 ], [ -80.306878, 32.495811 ], [ -80.307665, 32.495199 ], [ -80.308118, 32.494958 ], [ -80.308877, 32.494315 ], [ -80.30934, 32.494086 ], [ -80.31009, 32.493434 ], [ -80.310432, 32.493071 ], [ -80.310868, 32.492812 ], [ -80.311617, 32.492159 ], [ -80.312051, 32.491898 ], [ -80.312773, 32.491215 ], [ -80.314315, 32.489956 ], [ -80.31592, 32.488767 ], [ -80.316765, 32.488219 ], [ -80.317145, 32.487898 ], [ -80.318024, 32.487387 ], [ -80.318852, 32.48682 ], [ -80.319809, 32.486393 ], [ -80.321502, 32.4853 ], [ -80.321962, 32.485066 ], [ -80.322749, 32.48447 ], [ -80.323633, 32.484001 ], [ -80.324401, 32.483377 ], [ -80.325147, 32.482667 ], [ -80.326779, 32.481406 ], [ -80.327642, 32.480857 ], [ -80.328044, 32.480532 ], [ -80.329382, 32.479778 ], [ -80.329818, 32.479456 ], [ -80.330805, 32.478916 ], [ -80.331834, 32.47843 ], [ -80.333088, 32.478036 ], [ -80.334429, 32.47772 ], [ -80.336423, 32.477621 ], [ -80.33718, 32.477778 ], [ -80.337844, 32.477991 ], [ -80.338399, 32.478261 ], [ -80.339485, 32.478927 ], [ -80.340014, 32.479403 ], [ -80.340464, 32.479913 ], [ -80.340784, 32.480445 ], [ -80.341015, 32.48094 ], [ -80.34173, 32.482896 ], [ -80.341829, 32.483351 ], [ -80.342256, 32.484667 ], [ -80.343146, 32.486797 ], [ -80.343745, 32.488542 ], [ -80.343799, 32.489013 ], [ -80.343926, 32.489457 ], [ -80.344264, 32.490316 ], [ -80.344495, 32.490722 ], [ -80.345025, 32.49151 ], [ -80.345351, 32.491893 ], [ -80.345598, 32.492302 ], [ -80.345821, 32.492723 ], [ -80.345928, 32.493172 ] ] ] } },
{ "type": "Feature", "properties": { "year": 1996 }, "geometry": { "type": "MultiLineString", "coordinates": [ [ [ -80.194917, 32.565668 ], [ -80.194758, 32.565232 ], [ -80.194687, 32.564768 ] ], [ [ -80.194744, 32.559817 ], [ -80.195094, 32.559477 ], [ -80.196493, 32.55875 ], [ -80.197501, 32.558975 ], [ -80.198303, 32.558719 ], [ -80.198639, 32.558553 ], [ -80.199756, 32.557845 ], [ -80.201078, 32.557165 ], [ -80.202759, 32.556043 ], [ -80.203673, 32.55558 ], [ -80.205165, 32.555044 ], [ -80.20774, 32.554265 ], [ -80.210235, 32.553382 ], [ -80.212686, 32.552617 ], [ -80.215046, 32.551762 ], [ -80.216559, 32.551278 ], [ -80.219403, 32.55004 ], [ -80.221152, 32.548994 ], [ -80.223231, 32.54753 ], [ -80.224162, 32.547092 ], [ -80.224563, 32.546777 ], [ -80.225448, 32.546271 ], [ -80.225852, 32.545959 ], [ -80.227185, 32.545209 ], [ -80.228104, 32.544752 ], [ -80.230746, 32.543214 ], [ -80.232094, 32.542484 ], [ -80.233848, 32.541448 ], [ -80.23511, 32.54059 ], [ -80.236891, 32.539594 ], [ -80.237809, 32.539136 ], [ -80.239129, 32.538366 ], [ -80.240355, 32.537455 ], [ -80.240738, 32.537114 ], [ -80.241268, 32.536991 ], [ -80.241881, 32.536991 ], [ -80.242243, 32.536616 ], [ -80.242534, 32.53611 ], [ -80.242965, 32.535814 ], [ -80.24349, 32.535651 ], [ -80.245773, 32.534362 ], [ -80.248507, 32.532959 ], [ -80.24984, 32.532213 ], [ -80.250648, 32.531613 ], [ -80.251093, 32.531365 ], [ -80.251569, 32.531157 ], [ -80.252791, 32.531906 ], [ -80.253145, 32.531542 ], [ -80.2534, 32.531051 ], [ -80.253583, 32.530467 ], [ -80.253925, 32.530087 ], [ -80.254309, 32.529761 ], [ -80.254737, 32.529492 ], [ -80.256152, 32.528851 ], [ -80.258839, 32.527388 ], [ -80.25933, 32.5272 ], [ -80.260673, 32.526467 ], [ -80.262524, 32.525567 ], [ -80.267446, 32.522879 ], [ -80.268705, 32.522039 ], [ -80.269154, 32.521796 ], [ -80.269643, 32.521605 ], [ -80.270872, 32.520727 ], [ -80.272643, 32.519678 ], [ -80.274805, 32.518254 ], [ -80.275603, 32.51763 ], [ -80.276053, 32.517386 ], [ -80.276451, 32.517084 ], [ -80.277878, 32.516443 ], [ -80.278233, 32.516091 ], [ -80.278697, 32.515864 ], [ -80.279203, 32.515686 ], [ -80.279644, 32.515432 ], [ -80.283089, 32.513311 ], [ -80.285696, 32.511633 ], [ -80.288457, 32.509464 ], [ -80.29266, 32.505979 ], [ -80.29345, 32.505373 ], [ -80.295289, 32.503715 ], [ -80.29688, 32.502513 ], [ -80.297325, 32.502262 ], [ -80.298125, 32.501666 ], [ -80.298996, 32.501144 ], [ -80.299793, 32.500545 ], [ -80.300289, 32.500346 ], [ -80.300718, 32.500083 ], [ -80.301092, 32.499762 ], [ -80.301982, 32.49927 ], [ -80.302779, 32.49868 ], [ -80.303673, 32.498194 ], [ -80.304476, 32.497601 ], [ -80.304918, 32.497349 ], [ -80.305688, 32.496718 ], [ -80.306571, 32.496211 ], [ -80.307333, 32.495572 ], [ -80.308205, 32.495053 ], [ -80.309791, 32.493842 ], [ -80.310524, 32.493172 ], [ -80.311681, 32.492229 ], [ -80.312131, 32.491985 ], [ -80.312536, 32.491692 ], [ -80.316451, 32.488611 ], [ -80.317671, 32.487737 ], [ -80.318113, 32.487484 ], [ -80.318938, 32.486913 ], [ -80.319855, 32.486443 ], [ -80.321118, 32.485615 ], [ -80.32157, 32.485374 ], [ -80.322781, 32.484507 ], [ -80.32326, 32.484317 ], [ -80.32369, 32.484073 ], [ -80.325208, 32.482765 ], [ -80.325653, 32.482511 ], [ -80.326849, 32.481523 ], [ -80.327715, 32.480977 ], [ -80.328122, 32.48066 ], [ -80.329025, 32.480176 ], [ -80.330845, 32.478998 ], [ -80.331873, 32.47853 ], [ -80.333098, 32.478086 ], [ -80.33443, 32.477772 ], [ -80.335715, 32.477685 ], [ -80.336405, 32.477704 ], [ -80.337162, 32.477831 ], [ -80.337828, 32.478027 ], [ -80.338361, 32.478335 ], [ -80.33939, 32.479063 ], [ -80.339891, 32.479541 ], [ -80.34033, 32.480032 ], [ -80.340897, 32.481014 ], [ -80.342348, 32.485125 ], [ -80.343085, 32.48682 ], [ -80.343515, 32.488135 ], [ -80.344326, 32.490294 ], [ -80.344947, 32.491533 ], [ -80.345751, 32.492737 ], [ -80.345973, 32.493164 ] ] ] } },
{ "type": "Feature", "properties": { "year": 1997 }, "geometry": { "type": "MultiLineString", "coordinates": [ [ [ -80.19485, 32.565694 ], [ -80.194773, 32.565227 ], [ -80.194851, 32.564711 ] ], [ [ -80.194878, 32.559877 ], [ -80.19573, 32.5593 ], [ -80.196198, 32.559068 ], [ -80.196695, 32.558881 ], [ -80.197459, 32.558945 ], [ -80.198203, 32.558625 ], [ -80.199305, 32.558029 ], [ -80.200209, 32.557668 ], [ -80.201541, 32.556942 ], [ -80.204161, 32.555388 ], [ -80.204624, 32.555164 ], [ -80.206678, 32.554535 ], [ -80.207232, 32.55443 ], [ -80.208709, 32.553874 ], [ -80.210225, 32.55337 ], [ -80.214594, 32.552 ], [ -80.21657, 32.551295 ], [ -80.217999, 32.550686 ], [ -80.219393, 32.550024 ], [ -80.221199, 32.549065 ], [ -80.223292, 32.547621 ], [ -80.225043, 32.54658 ], [ -80.226301, 32.545716 ], [ -80.229876, 32.543743 ], [ -80.230741, 32.543206 ], [ -80.231666, 32.542759 ], [ -80.233394, 32.541683 ], [ -80.235494, 32.54025 ], [ -80.235965, 32.540039 ], [ -80.23777, 32.539078 ], [ -80.239082, 32.538295 ], [ -80.240353, 32.537452 ], [ -80.240753, 32.537136 ], [ -80.241254, 32.536969 ], [ -80.24186, 32.536959 ], [ -80.242304, 32.536708 ], [ -80.24258, 32.536177 ], [ -80.24298, 32.535836 ], [ -80.244827, 32.534833 ], [ -80.246257, 32.534164 ], [ -80.248493, 32.532941 ], [ -80.249905, 32.532296 ], [ -80.250764, 32.531762 ], [ -80.251261, 32.531581 ], [ -80.25201, 32.531723 ], [ -80.252877, 32.532017 ], [ -80.253416, 32.531889 ], [ -80.253399, 32.53105 ], [ -80.253572, 32.530453 ], [ -80.253897, 32.530051 ], [ -80.254292, 32.529739 ], [ -80.25478, 32.529547 ], [ -80.256548, 32.528541 ], [ -80.259308, 32.527171 ], [ -80.259728, 32.526891 ], [ -80.260641, 32.526426 ], [ -80.262511, 32.52555 ], [ -80.26429, 32.52456 ], [ -80.265664, 32.523867 ], [ -80.271345, 32.520515 ], [ -80.271771, 32.520243 ], [ -80.272172, 32.519917 ], [ -80.274391, 32.51856 ], [ -80.276481, 32.517118 ], [ -80.277579, 32.516859 ], [ -80.277878, 32.516443 ], [ -80.278258, 32.51612 ], [ -80.279172, 32.51565 ], [ -80.280033, 32.515119 ], [ -80.280935, 32.514636 ], [ -80.283064, 32.513282 ], [ -80.286427, 32.510928 ], [ -80.287616, 32.510017 ], [ -80.287969, 32.50967 ], [ -80.292647, 32.505966 ], [ -80.293746, 32.504967 ], [ -80.294906, 32.504031 ], [ -80.295221, 32.503644 ], [ -80.295584, 32.503307 ], [ -80.297663, 32.5019 ], [ -80.298048, 32.501586 ], [ -80.298931, 32.501076 ], [ -80.299741, 32.500491 ], [ -80.300219, 32.500273 ], [ -80.301436, 32.499409 ], [ -80.302331, 32.498922 ], [ -80.302725, 32.498621 ], [ -80.303597, 32.498112 ], [ -80.304397, 32.497515 ], [ -80.304856, 32.497281 ], [ -80.306037, 32.496364 ], [ -80.306888, 32.495822 ], [ -80.307692, 32.495228 ], [ -80.308146, 32.494989 ], [ -80.30891, 32.494352 ], [ -80.309355, 32.494102 ], [ -80.310468, 32.493111 ], [ -80.311622, 32.492165 ], [ -80.312861, 32.491311 ], [ -80.313212, 32.490959 ], [ -80.314434, 32.490086 ], [ -80.315943, 32.488792 ], [ -80.318866, 32.486836 ], [ -80.319798, 32.486381 ], [ -80.320614, 32.485801 ], [ -80.321495, 32.485292 ], [ -80.322737, 32.484457 ], [ -80.323197, 32.484241 ], [ -80.324017, 32.483694 ], [ -80.32515, 32.482674 ], [ -80.325987, 32.482074 ], [ -80.326772, 32.481396 ], [ -80.328489, 32.480279 ], [ -80.329409, 32.479822 ], [ -80.329841, 32.479497 ], [ -80.330332, 32.47923 ], [ -80.332422, 32.478218 ], [ -80.333079, 32.477989 ], [ -80.334429, 32.477704 ], [ -80.335068, 32.47765 ], [ -80.33642, 32.477632 ], [ -80.337171, 32.477804 ], [ -80.33782, 32.478044 ], [ -80.339374, 32.479086 ], [ -80.340353, 32.480011 ], [ -80.340712, 32.480496 ], [ -80.341209, 32.481447 ], [ -80.341748, 32.48289 ], [ -80.341855, 32.483341 ], [ -80.342449, 32.485088 ], [ -80.343518, 32.487644 ], [ -80.343881, 32.488983 ], [ -80.3442, 32.489849 ], [ -80.345037, 32.491507 ], [ -80.345833, 32.49272 ], [ -80.346059, 32.493148 ] ] ] } },
{ "type": "Feature", "properties": { "year": 1998 }, "geometry": { "type": "MultiLineString", "coordinates": [ [ [ -80.19428, 32.565914 ], [ -80.194534, 32.565315 ], [ -80.19512, 32.564616 ] ], [ [ -80.194582, 32.559746 ], [ -80.19489, 32.559378 ], [ -80.1953, 32.55907 ], [ -80.196217, 32.55857 ], [ -80.197254, 32.558794 ], [ -80.198103, 32.558531 ], [ -80.201167, 32.557282 ], [ -80.202527, 32.556572 ], [ -80.204717, 32.555286 ], [ -80.206646, 32.554492 ], [ -80.207717, 32.554236 ], [ -80.209711, 32.553526 ], [ -80.21075, 32.553227 ], [ -80.212658, 32.552577 ], [ -80.213649, 32.552318 ], [ -80.216044, 32.551424 ], [ -80.218064, 32.550782 ], [ -80.218539, 32.550577 ], [ -80.220361, 32.549641 ], [ -80.222118, 32.548609 ], [ -80.22376, 32.547406 ], [ -80.224205, 32.547155 ], [ -80.225887, 32.546013 ], [ -80.232149, 32.542566 ], [ -80.232959, 32.541948 ], [ -80.235101, 32.540576 ], [ -80.237381, 32.539411 ], [ -80.239165, 32.53842 ], [ -80.239992, 32.537826 ], [ -80.240332, 32.537421 ], [ -80.240725, 32.537094 ], [ -80.241291, 32.537024 ], [ -80.241892, 32.537007 ], [ -80.242265, 32.53665 ], [ -80.242583, 32.536182 ], [ -80.243014, 32.535884 ], [ -80.243953, 32.535402 ], [ -80.244377, 32.535099 ], [ -80.246222, 32.53412 ], [ -80.246714, 32.533932 ], [ -80.248085, 32.533235 ], [ -80.248507, 32.532959 ], [ -80.249433, 32.532509 ], [ -80.249837, 32.532209 ], [ -80.250279, 32.531958 ], [ -80.25082, 32.531833 ], [ -80.251449, 32.531821 ], [ -80.252006, 32.531717 ], [ -80.252777, 32.531888 ], [ -80.253157, 32.531557 ], [ -80.25312, 32.530692 ], [ -80.254815, 32.529592 ], [ -80.258355, 32.527586 ], [ -80.258813, 32.527355 ], [ -80.259314, 32.527179 ], [ -80.261122, 32.526224 ], [ -80.262998, 32.525357 ], [ -80.264757, 32.52434 ], [ -80.265226, 32.524123 ], [ -80.267886, 32.522625 ], [ -80.268734, 32.522076 ], [ -80.269187, 32.521839 ], [ -80.270022, 32.521272 ], [ -80.271343, 32.520512 ], [ -80.272185, 32.519933 ], [ -80.273095, 32.519416 ], [ -80.276068, 32.517403 ], [ -80.27758, 32.516861 ], [ -80.278277, 32.516142 ], [ -80.27918, 32.515659 ], [ -80.279591, 32.515371 ], [ -80.280927, 32.514626 ], [ -80.282195, 32.513803 ], [ -80.282658, 32.513575 ], [ -80.284348, 32.512425 ], [ -80.285561, 32.511489 ], [ -80.286004, 32.511219 ], [ -80.28682, 32.510618 ], [ -80.287957, 32.509658 ], [ -80.288753, 32.509058 ], [ -80.289107, 32.508711 ], [ -80.289926, 32.508134 ], [ -80.290279, 32.507787 ], [ -80.291155, 32.507271 ], [ -80.291453, 32.506866 ], [ -80.292642, 32.50596 ], [ -80.293396, 32.505317 ], [ -80.29372, 32.504939 ], [ -80.294168, 32.504691 ], [ -80.294554, 32.504379 ], [ -80.295194, 32.503616 ], [ -80.296125, 32.503156 ], [ -80.297228, 32.502161 ], [ -80.297668, 32.501905 ], [ -80.298444, 32.501283 ], [ -80.298947, 32.501092 ], [ -80.299378, 32.500827 ], [ -80.299778, 32.500529 ], [ -80.301071, 32.49974 ], [ -80.301459, 32.499434 ], [ -80.302349, 32.498942 ], [ -80.302764, 32.498664 ], [ -80.303132, 32.498335 ], [ -80.304017, 32.497836 ], [ -80.304393, 32.497512 ], [ -80.30568, 32.49671 ], [ -80.306072, 32.496401 ], [ -80.306971, 32.495912 ], [ -80.307707, 32.495245 ], [ -80.308582, 32.494729 ], [ -80.308912, 32.494354 ], [ -80.310167, 32.493517 ], [ -80.310468, 32.49311 ], [ -80.311308, 32.492557 ], [ -80.31165, 32.492196 ], [ -80.312037, 32.491883 ], [ -80.312903, 32.491356 ], [ -80.313608, 32.490656 ], [ -80.314057, 32.49041 ], [ -80.314446, 32.490099 ], [ -80.314748, 32.489695 ], [ -80.315602, 32.489155 ], [ -80.316403, 32.488559 ], [ -80.317275, 32.48804 ], [ -80.318065, 32.487432 ], [ -80.320697, 32.485891 ], [ -80.321073, 32.485566 ], [ -80.321541, 32.485342 ], [ -80.322391, 32.484803 ], [ -80.322748, 32.484469 ], [ -80.323613, 32.483975 ], [ -80.324008, 32.483682 ], [ -80.325544, 32.482331 ], [ -80.326803, 32.481446 ], [ -80.327696, 32.480945 ], [ -80.328098, 32.480622 ], [ -80.328988, 32.480116 ], [ -80.329854, 32.479519 ], [ -80.330825, 32.478957 ], [ -80.332434, 32.478256 ], [ -80.33309, 32.478043 ], [ -80.334429, 32.47776 ], [ -80.335715, 32.477683 ], [ -80.336404, 32.477707 ], [ -80.337134, 32.477909 ], [ -80.338313, 32.478431 ], [ -80.33933, 32.479149 ], [ -80.34027, 32.480085 ], [ -80.340627, 32.480558 ], [ -80.340884, 32.481022 ], [ -80.341331, 32.481976 ], [ -80.341929, 32.483805 ], [ -80.34264, 32.485509 ], [ -80.342931, 32.486385 ], [ -80.343148, 32.486797 ], [ -80.343484, 32.487656 ], [ -80.344402, 32.490266 ], [ -80.344659, 32.490664 ], [ -80.344851, 32.491085 ], [ -80.345878, 32.492711 ], [ -80.346073, 32.493146 ] ] ] } },
{ "type": "Feature", "properties": { "year": 1999 }, "geometry": { "type": "LineString", "coordinates": [ [ -80.194563, 32.559737 ], [ -80.194894, 32.559379 ], [ -80.195307, 32.559073 ], [ -80.19573, 32.558791 ], [ -80.196233, 32.55858 ], [ -80.197242, 32.558786 ], [ -80.198418, 32.558319 ], [ -80.200247, 32.557718 ], [ -80.201205, 32.557334 ], [ -80.202583, 32.556647 ], [ -80.205725, 32.554947 ], [ -80.207732, 32.554256 ], [ -80.209791, 32.553632 ], [ -80.211845, 32.553089 ], [ -80.214684, 32.552134 ], [ -80.218119, 32.550865 ], [ -80.220025, 32.550053 ], [ -80.22091, 32.549546 ], [ -80.221381, 32.549336 ], [ -80.222629, 32.548458 ], [ -80.223426, 32.54782 ], [ -80.224287, 32.547278 ], [ -80.224686, 32.54696 ], [ -80.22512, 32.546693 ], [ -80.225586, 32.546476 ], [ -80.22728, 32.54535 ], [ -80.227749, 32.545135 ], [ -80.23174, 32.542868 ], [ -80.236943, 32.539671 ], [ -80.238326, 32.538994 ], [ -80.239213, 32.53849 ], [ -80.240057, 32.537923 ], [ -80.240814, 32.537227 ], [ -80.241315, 32.53706 ], [ -80.241934, 32.53707 ], [ -80.24231, 32.536716 ], [ -80.24265, 32.536278 ], [ -80.243067, 32.53596 ], [ -80.244021, 32.535496 ], [ -80.246738, 32.533963 ], [ -80.247665, 32.533515 ], [ -80.249454, 32.532536 ], [ -80.250313, 32.532001 ], [ -80.250781, 32.531783 ], [ -80.251312, 32.531645 ], [ -80.251964, 32.531664 ], [ -80.252776, 32.531887 ], [ -80.253102, 32.531487 ], [ -80.253253, 32.530862 ], [ -80.253675, 32.530585 ], [ -80.254034, 32.530227 ], [ -80.254462, 32.529958 ], [ -80.258876, 32.527435 ], [ -80.26257, 32.525626 ], [ -80.265307, 32.524227 ], [ -80.267537, 32.522995 ], [ -80.268361, 32.522416 ], [ -80.269224, 32.521887 ], [ -80.270124, 32.521404 ], [ -80.270527, 32.521102 ], [ -80.271842, 32.520334 ], [ -80.27657, 32.51722 ], [ -80.277611, 32.516896 ], [ -80.277929, 32.516501 ], [ -80.278331, 32.516203 ], [ -80.279714, 32.515512 ], [ -80.283145, 32.513375 ], [ -80.28442, 32.512504 ], [ -80.288875, 32.509184 ], [ -80.289235, 32.508844 ], [ -80.29195, 32.506669 ], [ -80.29305, 32.505671 ], [ -80.294597, 32.504424 ], [ -80.294972, 32.5041 ], [ -80.295283, 32.503709 ], [ -80.295637, 32.503362 ], [ -80.296906, 32.502541 ], [ -80.297358, 32.502297 ], [ -80.298547, 32.501391 ], [ -80.300696, 32.500059 ], [ -80.301091, 32.499761 ], [ -80.302406, 32.499002 ], [ -80.303184, 32.498391 ], [ -80.304078, 32.497902 ], [ -80.304871, 32.497297 ], [ -80.305714, 32.496746 ], [ -80.306075, 32.496405 ], [ -80.306934, 32.495871 ], [ -80.307751, 32.495293 ], [ -80.308222, 32.495072 ], [ -80.310211, 32.493565 ], [ -80.31057, 32.493222 ], [ -80.311393, 32.49265 ], [ -80.311718, 32.492269 ], [ -80.312954, 32.491412 ], [ -80.313644, 32.490695 ], [ -80.314494, 32.490152 ], [ -80.314833, 32.489787 ], [ -80.315654, 32.489211 ], [ -80.316408, 32.488564 ], [ -80.316816, 32.488274 ], [ -80.318592, 32.487271 ], [ -80.318979, 32.486958 ], [ -80.319887, 32.486478 ], [ -80.32115, 32.485651 ], [ -80.321615, 32.485422 ], [ -80.322437, 32.484854 ], [ -80.32281, 32.484541 ], [ -80.323667, 32.484045 ], [ -80.324063, 32.483756 ], [ -80.325574, 32.482381 ], [ -80.326001, 32.482098 ], [ -80.327207, 32.481126 ], [ -80.327631, 32.480839 ], [ -80.328062, 32.480562 ], [ -80.329424, 32.479847 ], [ -80.329848, 32.479508 ], [ -80.331347, 32.478739 ], [ -80.332453, 32.478318 ], [ -80.333779, 32.477946 ], [ -80.335061, 32.477761 ], [ -80.335711, 32.477716 ], [ -80.336393, 32.477757 ], [ -80.337121, 32.477949 ], [ -80.337755, 32.478191 ], [ -80.338805, 32.478765 ], [ -80.339282, 32.479217 ], [ -80.340179, 32.480165 ], [ -80.340804, 32.481072 ], [ -80.341039, 32.481538 ], [ -80.341457, 32.482484 ], [ -80.341893, 32.483818 ], [ -80.342903, 32.486395 ], [ -80.343122, 32.486806 ], [ -80.344242, 32.489833 ], [ -80.344788, 32.491105 ], [ -80.345817, 32.492723 ], [ -80.346028, 32.493154 ] ] } },
{ "type": "Feature", "properties": { "year": 2000 }, "geometry": { "type": "LineString", "coordinates": [ [ -80.19453, 32.559723 ], [ -80.194922, 32.559393 ], [ -80.195361, 32.559102 ], [ -80.196286, 32.558615 ], [ -80.197152, 32.55872 ], [ -80.197994, 32.558429 ], [ -80.198761, 32.558106 ], [ -80.19924, 32.55795 ], [ -80.199756, 32.557846 ], [ -80.200706, 32.55751 ], [ -80.201681, 32.557125 ], [ -80.203471, 32.556148 ], [ -80.206766, 32.554651 ], [ -80.208281, 32.554145 ], [ -80.208823, 32.554025 ], [ -80.21037, 32.553561 ], [ -80.211342, 32.553214 ], [ -80.212801, 32.552777 ], [ -80.214659, 32.552097 ], [ -80.216173, 32.551616 ], [ -80.217161, 32.551262 ], [ -80.219525, 32.550221 ], [ -80.220442, 32.549762 ], [ -80.222208, 32.548743 ], [ -80.223442, 32.547844 ], [ -80.226882, 32.545669 ], [ -80.232644, 32.542391 ], [ -80.236575, 32.540035 ], [ -80.239696, 32.538297 ], [ -80.240483, 32.537646 ], [ -80.240788, 32.537188 ], [ -80.241318, 32.537065 ], [ -80.241996, 32.537162 ], [ -80.242264, 32.536647 ], [ -80.243096, 32.536 ], [ -80.249466, 32.532552 ], [ -80.250291, 32.531973 ], [ -80.250732, 32.53172 ], [ -80.251227, 32.531537 ], [ -80.252819, 32.531942 ], [ -80.253218, 32.531635 ], [ -80.254161, 32.53039 ], [ -80.255398, 32.529521 ], [ -80.257571, 32.528216 ], [ -80.25891, 32.527479 ], [ -80.261181, 32.526299 ], [ -80.261666, 32.526103 ], [ -80.263508, 32.525193 ], [ -80.267102, 32.523256 ], [ -80.267944, 32.522699 ], [ -80.26972, 32.521703 ], [ -80.270551, 32.521134 ], [ -80.27449, 32.518676 ], [ -80.276164, 32.517514 ], [ -80.276603, 32.517258 ], [ -80.277638, 32.516927 ], [ -80.277932, 32.516505 ], [ -80.278344, 32.516219 ], [ -80.279252, 32.515742 ], [ -80.280997, 32.514707 ], [ -80.283978, 32.512777 ], [ -80.287298, 32.510401 ], [ -80.289257, 32.508867 ], [ -80.294988, 32.504116 ], [ -80.295295, 32.503721 ], [ -80.295667, 32.503394 ], [ -80.296891, 32.502524 ], [ -80.297768, 32.502008 ], [ -80.29815, 32.501692 ], [ -80.299439, 32.500891 ], [ -80.30109, 32.49976 ], [ -80.302419, 32.499016 ], [ -80.30279, 32.498691 ], [ -80.305337, 32.497071 ], [ -80.305738, 32.496772 ], [ -80.306086, 32.496417 ], [ -80.306956, 32.495896 ], [ -80.307741, 32.495282 ], [ -80.308594, 32.494742 ], [ -80.30898, 32.494428 ], [ -80.309846, 32.493902 ], [ -80.310602, 32.493256 ], [ -80.311402, 32.49266 ], [ -80.311754, 32.492308 ], [ -80.312983, 32.491444 ], [ -80.313687, 32.490741 ], [ -80.3145, 32.490158 ], [ -80.314853, 32.489808 ], [ -80.31569, 32.489251 ], [ -80.316427, 32.488585 ], [ -80.319387, 32.486668 ], [ -80.319876, 32.486467 ], [ -80.322033, 32.485143 ], [ -80.322831, 32.484565 ], [ -80.324067, 32.483762 ], [ -80.32483, 32.483115 ], [ -80.325574, 32.48238 ], [ -80.327241, 32.481182 ], [ -80.329002, 32.480139 ], [ -80.330336, 32.479238 ], [ -80.331361, 32.478772 ], [ -80.332465, 32.478356 ], [ -80.333782, 32.477974 ], [ -80.335062, 32.477742 ], [ -80.33571, 32.477721 ], [ -80.336398, 32.477734 ], [ -80.337731, 32.478245 ], [ -80.338268, 32.478519 ], [ -80.338763, 32.478839 ], [ -80.339694, 32.47976 ], [ -80.340101, 32.480233 ], [ -80.340724, 32.481122 ], [ -80.340972, 32.481574 ], [ -80.341401, 32.482506 ], [ -80.342015, 32.484264 ], [ -80.343426, 32.487677 ], [ -80.34419, 32.489852 ], [ -80.345045, 32.491504 ], [ -80.345824, 32.492722 ], [ -80.346031, 32.493153 ] ] } },
{ "type": "Feature", "properties": { "year": 2001 }, "geometry": { "type": "MultiLineString", "coordinates": [ [ [ -80.194486, 32.559703 ], [ -80.194879, 32.559372 ], [ -80.19532, 32.559081 ], [ -80.196255, 32.558595 ], [ -80.197125, 32.558701 ], [ -80.19795, 32.558388 ], [ -80.20022, 32.557683 ], [ -80.201658, 32.557096 ], [ -80.203469, 32.556145 ], [ -80.204454, 32.555775 ], [ -80.205837, 32.555094 ], [ -80.2068, 32.554696 ], [ -80.211866, 32.553118 ], [ -80.213732, 32.552438 ], [ -80.21469, 32.552143 ], [ -80.217138, 32.551228 ], [ -80.219011, 32.550368 ], [ -80.220388, 32.549681 ], [ -80.222625, 32.548452 ], [ -80.223447, 32.547851 ], [ -80.224324, 32.547333 ], [ -80.224725, 32.547018 ], [ -80.227341, 32.54544 ], [ -80.228658, 32.544664 ], [ -80.229565, 32.544191 ], [ -80.231299, 32.543125 ], [ -80.23396, 32.541614 ], [ -80.234808, 32.541053 ], [ -80.235714, 32.540577 ], [ -80.236135, 32.540293 ], [ -80.238368, 32.539056 ], [ -80.239661, 32.538246 ], [ -80.240419, 32.53755 ], [ -80.240856, 32.537289 ], [ -80.241389, 32.53717 ], [ -80.241988, 32.53715 ], [ -80.242475, 32.536961 ], [ -80.242687, 32.536333 ], [ -80.243104, 32.536013 ], [ -80.243595, 32.535799 ], [ -80.244133, 32.535649 ], [ -80.244509, 32.535278 ], [ -80.247267, 32.533823 ], [ -80.247688, 32.533545 ], [ -80.251275, 32.531599 ], [ -80.251765, 32.531408 ], [ -80.252377, 32.531375 ] ], [ [ -80.253986, 32.53262 ], [ -80.253772, 32.531528 ], [ -80.253919, 32.530898 ], [ -80.254187, 32.530423 ], [ -80.254584, 32.530114 ], [ -80.255494, 32.529645 ], [ -80.257186, 32.528542 ], [ -80.259373, 32.527255 ], [ -80.263941, 32.524929 ], [ -80.265722, 32.523941 ], [ -80.266644, 32.523487 ], [ -80.269705, 32.521685 ], [ -80.27054, 32.521119 ], [ -80.274044, 32.518947 ], [ -80.275348, 32.518097 ], [ -80.27574, 32.517787 ], [ -80.276603, 32.517258 ], [ -80.277685, 32.516981 ], [ -80.27836, 32.516237 ], [ -80.280974, 32.51468 ], [ -80.283107, 32.513332 ], [ -80.284814, 32.51218 ], [ -80.287666, 32.510069 ], [ -80.289945, 32.508154 ], [ -80.293033, 32.505653 ], [ -80.295631, 32.503356 ], [ -80.296435, 32.502764 ], [ -80.297744, 32.501984 ], [ -80.298526, 32.501369 ], [ -80.298959, 32.501106 ], [ -80.299757, 32.500507 ], [ -80.300623, 32.499983 ], [ -80.301001, 32.499666 ], [ -80.301912, 32.499196 ], [ -80.302711, 32.498606 ], [ -80.303156, 32.498361 ], [ -80.304397, 32.497515 ], [ -80.304869, 32.497294 ], [ -80.305293, 32.497023 ], [ -80.305663, 32.496691 ], [ -80.306906, 32.495841 ], [ -80.30727, 32.495503 ], [ -80.308144, 32.494986 ], [ -80.308931, 32.494375 ], [ -80.309381, 32.49413 ], [ -80.309789, 32.49384 ], [ -80.311706, 32.492257 ], [ -80.312554, 32.491711 ], [ -80.313273, 32.491025 ], [ -80.315249, 32.489505 ], [ -80.316363, 32.488515 ], [ -80.318915, 32.486889 ], [ -80.319814, 32.486399 ], [ -80.320639, 32.485828 ], [ -80.32198, 32.485086 ], [ -80.322349, 32.484757 ], [ -80.323223, 32.484273 ], [ -80.324018, 32.483695 ], [ -80.325147, 32.482669 ], [ -80.326768, 32.481389 ], [ -80.328073, 32.48058 ], [ -80.328973, 32.48009 ], [ -80.330306, 32.479181 ], [ -80.331312, 32.47866 ], [ -80.333099, 32.478093 ], [ -80.33443, 32.477771 ], [ -80.335067, 32.477675 ], [ -80.336411, 32.477675 ], [ -80.337731, 32.478245 ], [ -80.33877, 32.478826 ], [ -80.339732, 32.479718 ], [ -80.340123, 32.480215 ], [ -80.340376, 32.480738 ], [ -80.341268, 32.482005 ], [ -80.341495, 32.482469 ], [ -80.342735, 32.485965 ], [ -80.343485, 32.487655 ], [ -80.344159, 32.489863 ], [ -80.344807, 32.491099 ], [ -80.345893, 32.492708 ], [ -80.346106, 32.49314 ] ] ] } },
{ "type": "Feature", "properties": { "year": 2002 }, "geometry": { "type": "MultiLineString", "coordinates": [ [ [ -80.194282, 32.559612 ], [ -80.195163, 32.558996 ], [ -80.195624, 32.558728 ], [ -80.196121, 32.558508 ], [ -80.197131, 32.558705 ], [ -80.201193, 32.557317 ], [ -80.202623, 32.556698 ], [ -80.205407, 32.555362 ], [ -80.206839, 32.554747 ], [ -80.208891, 32.554114 ], [ -80.210386, 32.553581 ], [ -80.212345, 32.552962 ], [ -80.21567, 32.551779 ], [ -80.217588, 32.550986 ], [ -80.219412, 32.550053 ], [ -80.221307, 32.549225 ], [ -80.222188, 32.548713 ], [ -80.223101, 32.548249 ], [ -80.223959, 32.547701 ], [ -80.224783, 32.547105 ], [ -80.225247, 32.546882 ], [ -80.226951, 32.545772 ], [ -80.228289, 32.545027 ], [ -80.230016, 32.543951 ], [ -80.230912, 32.54346 ], [ -80.231763, 32.542903 ], [ -80.23224, 32.542702 ], [ -80.233133, 32.542206 ], [ -80.236163, 32.540334 ], [ -80.237082, 32.539878 ], [ -80.238832, 32.538836 ], [ -80.240928, 32.537396 ], [ -80.241406, 32.537195 ], [ -80.241948, 32.53709 ], [ -80.24235, 32.536775 ], [ -80.242682, 32.536326 ], [ -80.243099, 32.536005 ], [ -80.244113, 32.535622 ], [ -80.24452, 32.535293 ], [ -80.24502, 32.53509 ], [ -80.245441, 32.534782 ], [ -80.24684, 32.534093 ], [ -80.247286, 32.533848 ], [ -80.247684, 32.533539 ], [ -80.249938, 32.532339 ], [ -80.251335, 32.531675 ], [ -80.251847, 32.531514 ], [ -80.252299, 32.531275 ] ], [ [ -80.254, 32.532639 ], [ -80.253988, 32.530986 ], [ -80.25415, 32.530376 ], [ -80.254533, 32.530048 ], [ -80.25538, 32.529499 ], [ -80.255863, 32.5293 ], [ -80.256707, 32.528745 ], [ -80.260769, 32.526589 ], [ -80.263079, 32.525461 ], [ -80.266216, 32.523757 ], [ -80.267978, 32.522743 ], [ -80.268828, 32.522196 ], [ -80.270597, 32.521193 ], [ -80.271428, 32.520621 ], [ -80.273214, 32.519562 ], [ -80.273622, 32.519246 ], [ -80.275385, 32.518139 ], [ -80.276203, 32.517558 ], [ -80.27664, 32.5173 ], [ -80.277653, 32.516944 ], [ -80.27793, 32.516503 ], [ -80.278348, 32.516223 ], [ -80.27922, 32.515705 ], [ -80.280576, 32.514982 ], [ -80.285294, 32.511948 ], [ -80.287721, 32.510127 ], [ -80.288886, 32.509195 ], [ -80.290768, 32.507583 ], [ -80.295003, 32.504132 ], [ -80.295334, 32.503761 ], [ -80.295713, 32.503442 ], [ -80.296506, 32.502838 ], [ -80.297801, 32.502043 ], [ -80.298176, 32.501719 ], [ -80.299012, 32.501161 ], [ -80.299795, 32.500547 ], [ -80.300264, 32.50032 ], [ -80.30107, 32.499738 ], [ -80.301981, 32.499269 ], [ -80.302779, 32.49868 ], [ -80.303664, 32.498184 ], [ -80.304447, 32.49757 ], [ -80.304942, 32.497374 ], [ -80.30537, 32.497106 ], [ -80.306121, 32.496456 ], [ -80.306582, 32.496223 ], [ -80.307329, 32.495568 ], [ -80.308194, 32.495041 ], [ -80.308968, 32.494415 ], [ -80.309434, 32.494188 ], [ -80.30984, 32.493896 ], [ -80.310592, 32.493246 ], [ -80.311014, 32.492971 ], [ -80.311744, 32.492298 ], [ -80.312628, 32.491791 ], [ -80.313737, 32.490796 ], [ -80.315345, 32.489609 ], [ -80.316457, 32.488618 ], [ -80.317675, 32.487741 ], [ -80.318131, 32.487503 ], [ -80.318913, 32.486887 ], [ -80.319903, 32.486496 ], [ -80.320711, 32.485907 ], [ -80.321609, 32.485416 ], [ -80.322399, 32.484812 ], [ -80.32283, 32.484564 ], [ -80.323305, 32.484372 ], [ -80.323696, 32.484081 ], [ -80.325185, 32.482729 ], [ -80.326038, 32.48216 ], [ -80.326829, 32.48149 ], [ -80.328096, 32.480619 ], [ -80.329031, 32.480187 ], [ -80.329867, 32.479541 ], [ -80.330831, 32.478969 ], [ -80.33134, 32.478723 ], [ -80.331893, 32.478581 ], [ -80.332462, 32.478347 ], [ -80.33311, 32.478145 ], [ -80.33443, 32.477796 ], [ -80.335712, 32.477708 ], [ -80.336401, 32.477721 ], [ -80.337116, 32.477962 ], [ -80.337737, 32.478232 ], [ -80.338776, 32.478816 ], [ -80.339225, 32.479297 ], [ -80.339717, 32.479735 ], [ -80.340122, 32.480215 ], [ -80.340335, 32.480768 ], [ -80.341795, 32.483363 ], [ -80.342871, 32.486406 ], [ -80.343445, 32.48767 ], [ -80.344115, 32.489389 ], [ -80.344404, 32.490265 ], [ -80.344785, 32.491106 ], [ -80.345885, 32.492709 ], [ -80.346113, 32.493138 ] ] ] } },
{ "type": "Feature", "properties": { "year": 2003 }, "geometry": { "type": "LineString", "coordinates": [ [ -80.194397, 32.559663 ], [ -80.195256, 32.559046 ], [ -80.196194, 32.558555 ], [ -80.197071, 32.558661 ], [ -80.197927, 32.558367 ], [ -80.200242, 32.557711 ], [ -80.204041, 32.556065 ], [ -80.204937, 32.555577 ], [ -80.206371, 32.554964 ], [ -80.208863, 32.554077 ], [ -80.211891, 32.553152 ], [ -80.216594, 32.551331 ], [ -80.217987, 32.550668 ], [ -80.218475, 32.550482 ], [ -80.220786, 32.549362 ], [ -80.224802, 32.547132 ], [ -80.225649, 32.546569 ], [ -80.226111, 32.546344 ], [ -80.227851, 32.545287 ], [ -80.230952, 32.54352 ], [ -80.233145, 32.542225 ], [ -80.233991, 32.54166 ], [ -80.234869, 32.541143 ], [ -80.237562, 32.53968 ], [ -80.238443, 32.539168 ], [ -80.238857, 32.538872 ], [ -80.239752, 32.53838 ], [ -80.240178, 32.538103 ], [ -80.240938, 32.537411 ], [ -80.241427, 32.537227 ], [ -80.241996, 32.537161 ], [ -80.242274, 32.536662 ], [ -80.243117, 32.536031 ], [ -80.245458, 32.534804 ], [ -80.246769, 32.534003 ], [ -80.247736, 32.533607 ], [ -80.248638, 32.533126 ], [ -80.251014, 32.532082 ], [ -80.251848, 32.531515 ], [ -80.252424, 32.531435 ], [ -80.253558, 32.532071 ], [ -80.253805, 32.53157 ], [ -80.25376, 32.530694 ], [ -80.253994, 32.530176 ], [ -80.254888, 32.529686 ], [ -80.255746, 32.52915 ], [ -80.257178, 32.528531 ], [ -80.26076, 32.526578 ], [ -80.263526, 32.525217 ], [ -80.266233, 32.523778 ], [ -80.271013, 32.520907 ], [ -80.27539, 32.518144 ], [ -80.27662, 32.517278 ], [ -80.277667, 32.516959 ], [ -80.277869, 32.516433 ], [ -80.279238, 32.515726 ], [ -80.280983, 32.514691 ], [ -80.283527, 32.513038 ], [ -80.286508, 32.511012 ], [ -80.288108, 32.509815 ], [ -80.289992, 32.508203 ], [ -80.292681, 32.506002 ], [ -80.295308, 32.503734 ], [ -80.296494, 32.502826 ], [ -80.296919, 32.502554 ], [ -80.297399, 32.50234 ], [ -80.299365, 32.500813 ], [ -80.299792, 32.500543 ], [ -80.30027, 32.500327 ], [ -80.30105, 32.499718 ], [ -80.301967, 32.499254 ], [ -80.302756, 32.498655 ], [ -80.303635, 32.498152 ], [ -80.304439, 32.497561 ], [ -80.304918, 32.497348 ], [ -80.306121, 32.496455 ], [ -80.306556, 32.496194 ], [ -80.307311, 32.495547 ], [ -80.308166, 32.49501 ], [ -80.308945, 32.49439 ], [ -80.309432, 32.494186 ], [ -80.31059, 32.493244 ], [ -80.31102, 32.492978 ], [ -80.311765, 32.49232 ], [ -80.312216, 32.492077 ], [ -80.312627, 32.49179 ], [ -80.313354, 32.491113 ], [ -80.315319, 32.489581 ], [ -80.316432, 32.48859 ], [ -80.317645, 32.487709 ], [ -80.318108, 32.487478 ], [ -80.318924, 32.486899 ], [ -80.319876, 32.486466 ], [ -80.320701, 32.485896 ], [ -80.321616, 32.485423 ], [ -80.322837, 32.484572 ], [ -80.323281, 32.484343 ], [ -80.324437, 32.483427 ], [ -80.325175, 32.482712 ], [ -80.326018, 32.482127 ], [ -80.326813, 32.481463 ], [ -80.328087, 32.480603 ], [ -80.329005, 32.480143 ], [ -80.329846, 32.479506 ], [ -80.330816, 32.478937 ], [ -80.331327, 32.478694 ], [ -80.331852, 32.478475 ], [ -80.3331, 32.478095 ], [ -80.333782, 32.477983 ], [ -80.33443, 32.477813 ], [ -80.335063, 32.477723 ], [ -80.335715, 32.477687 ], [ -80.336394, 32.477755 ], [ -80.337717, 32.478278 ], [ -80.338765, 32.478835 ], [ -80.339224, 32.4793 ], [ -80.339727, 32.479723 ], [ -80.340179, 32.480165 ], [ -80.340473, 32.480669 ], [ -80.341839, 32.483347 ], [ -80.342513, 32.485065 ], [ -80.342922, 32.486388 ], [ -80.343664, 32.488081 ], [ -80.343794, 32.488525 ], [ -80.344872, 32.491078 ], [ -80.345568, 32.492309 ], [ -80.345894, 32.492707 ], [ -80.346144, 32.493133 ] ] } },
{ "type": "Feature", "properties": { "year": 2004 }, "geometry": { "type": "LineString", "coordinates": [ [ -80.194327, 32.559632 ], [ -80.195101, 32.558963 ], [ -80.195535, 32.558675 ], [ -80.196034, 32.558451 ], [ -80.196964, 32.558582 ], [ -80.197849, 32.558293 ], [ -80.199239, 32.557949 ], [ -80.200202, 32.557659 ], [ -80.20167, 32.557111 ], [ -80.20308, 32.556467 ], [ -80.204545, 32.555895 ], [ -80.205456, 32.555427 ], [ -80.20688, 32.554801 ], [ -80.20942, 32.553977 ], [ -80.211379, 32.553264 ], [ -80.212818, 32.5528 ], [ -80.216082, 32.55148 ], [ -80.219401, 32.550036 ], [ -80.22397, 32.547717 ], [ -80.227014, 32.545865 ], [ -80.2297, 32.544391 ], [ -80.231432, 32.543322 ], [ -80.235836, 32.540759 ], [ -80.237117, 32.53993 ], [ -80.239332, 32.538667 ], [ -80.239761, 32.538394 ], [ -80.240982, 32.537477 ], [ -80.241448, 32.537259 ], [ -80.241962, 32.537112 ], [ -80.242261, 32.536644 ], [ -80.242672, 32.53631 ], [ -80.244109, 32.535617 ], [ -80.246412, 32.534364 ], [ -80.248284, 32.533491 ], [ -80.250532, 32.532283 ], [ -80.2509, 32.531936 ], [ -80.251175, 32.53147 ], [ -80.251954, 32.531651 ], [ -80.25282, 32.531943 ], [ -80.25327, 32.531703 ], [ -80.253009, 32.53055 ], [ -80.25384, 32.529978 ], [ -80.25529, 32.529383 ], [ -80.255798, 32.529216 ], [ -80.256731, 32.528776 ], [ -80.258464, 32.527725 ], [ -80.263518, 32.525205 ], [ -80.266633, 32.523473 ], [ -80.270129, 32.521411 ], [ -80.274012, 32.518909 ], [ -80.274926, 32.518395 ], [ -80.276526, 32.51717 ], [ -80.277522, 32.516793 ], [ -80.277915, 32.516485 ], [ -80.278843, 32.516031 ], [ -80.279258, 32.515748 ], [ -80.280579, 32.514986 ], [ -80.283071, 32.51329 ], [ -80.285265, 32.511917 ], [ -80.286054, 32.511272 ], [ -80.287703, 32.510107 ], [ -80.289995, 32.508207 ], [ -80.290723, 32.507535 ], [ -80.291513, 32.506929 ], [ -80.29495, 32.504076 ], [ -80.295268, 32.503693 ], [ -80.296104, 32.503134 ], [ -80.296478, 32.502809 ], [ -80.299013, 32.501162 ], [ -80.299793, 32.500545 ], [ -80.300237, 32.500292 ], [ -80.301049, 32.499717 ], [ -80.301954, 32.499241 ], [ -80.302739, 32.498637 ], [ -80.304455, 32.497578 ], [ -80.304918, 32.497348 ], [ -80.308529, 32.494671 ], [ -80.308961, 32.494407 ], [ -80.309436, 32.49419 ], [ -80.310202, 32.493555 ], [ -80.311009, 32.492966 ], [ -80.311764, 32.492319 ], [ -80.3122, 32.49206 ], [ -80.313729, 32.490788 ], [ -80.315327, 32.48959 ], [ -80.316424, 32.488581 ], [ -80.317632, 32.487694 ], [ -80.318514, 32.487186 ], [ -80.318917, 32.48689 ], [ -80.319885, 32.486476 ], [ -80.320703, 32.485898 ], [ -80.321623, 32.485431 ], [ -80.322817, 32.48455 ], [ -80.323262, 32.48432 ], [ -80.323667, 32.484045 ], [ -80.325197, 32.482748 ], [ -80.326019, 32.482129 ], [ -80.326811, 32.481459 ], [ -80.328081, 32.480594 ], [ -80.328996, 32.480128 ], [ -80.329853, 32.479517 ], [ -80.331357, 32.478763 ], [ -80.333105, 32.478123 ], [ -80.33443, 32.477821 ], [ -80.335717, 32.477673 ], [ -80.3364, 32.477726 ], [ -80.337715, 32.478282 ], [ -80.338747, 32.478867 ], [ -80.339197, 32.479339 ], [ -80.339704, 32.479749 ], [ -80.34012, 32.480217 ], [ -80.340341, 32.480763 ], [ -80.340939, 32.481591 ], [ -80.341446, 32.482488 ], [ -80.341843, 32.483346 ], [ -80.34214, 32.484219 ], [ -80.343052, 32.486341 ], [ -80.34348, 32.487657 ], [ -80.343571, 32.488115 ], [ -80.343741, 32.488544 ], [ -80.344, 32.488941 ], [ -80.34416, 32.489373 ], [ -80.344423, 32.489768 ], [ -80.344836, 32.490601 ], [ -80.345327, 32.491899 ], [ -80.346129, 32.493136 ] ] } },
{ "type": "Feature", "properties": { "year": 2005 }, "geometry": { "type": "LineString", "coordinates": [ [ -80.193766, 32.559383 ], [ -80.194588, 32.558687 ], [ -80.195612, 32.558176 ], [ -80.197012, 32.558618 ], [ -80.198397, 32.558296 ], [ -80.199309, 32.558034 ], [ -80.200662, 32.557452 ], [ -80.203652, 32.556386 ], [ -80.205529, 32.555523 ], [ -80.206422, 32.555031 ], [ -80.208478, 32.554404 ], [ -80.211959, 32.553244 ], [ -80.215652, 32.551753 ], [ -80.218004, 32.550693 ], [ -80.218451, 32.550447 ], [ -80.219409, 32.550048 ], [ -80.222185, 32.548709 ], [ -80.224009, 32.547776 ], [ -80.225802, 32.546798 ], [ -80.228438, 32.545248 ], [ -80.229807, 32.544552 ], [ -80.230655, 32.54399 ], [ -80.231545, 32.54349 ], [ -80.232467, 32.543039 ], [ -80.233339, 32.542512 ], [ -80.234249, 32.542044 ], [ -80.236389, 32.54067 ], [ -80.238636, 32.539455 ], [ -80.239493, 32.538907 ], [ -80.239911, 32.538617 ], [ -80.240296, 32.538278 ], [ -80.240949, 32.537427 ], [ -80.241584, 32.53746 ], [ -80.242138, 32.537373 ], [ -80.242589, 32.53713 ], [ -80.24281, 32.536512 ], [ -80.243343, 32.536354 ], [ -80.24428, 32.535853 ], [ -80.24471, 32.53555 ], [ -80.249739, 32.532902 ], [ -80.250177, 32.532645 ], [ -80.250989, 32.532049 ], [ -80.251364, 32.531713 ], [ -80.251866, 32.531539 ], [ -80.252806, 32.531926 ], [ -80.253134, 32.531528 ], [ -80.253401, 32.531052 ], [ -80.253721, 32.530643 ], [ -80.254065, 32.530267 ], [ -80.25445, 32.529942 ], [ -80.254905, 32.529707 ], [ -80.25587, 32.529308 ], [ -80.259913, 32.527128 ], [ -80.264478, 32.5248 ], [ -80.266266, 32.523821 ], [ -80.267986, 32.522753 ], [ -80.269756, 32.52175 ], [ -80.270586, 32.521177 ], [ -80.271473, 32.520679 ], [ -80.273625, 32.519249 ], [ -80.276243, 32.517604 ], [ -80.276641, 32.517301 ], [ -80.277817, 32.517131 ], [ -80.278015, 32.5166 ], [ -80.278412, 32.516296 ], [ -80.280175, 32.515282 ], [ -80.282727, 32.513655 ], [ -80.284438, 32.512524 ], [ -80.28775, 32.510157 ], [ -80.290393, 32.507907 ], [ -80.292711, 32.506032 ], [ -80.294591, 32.504417 ], [ -80.295311, 32.503738 ], [ -80.296155, 32.503187 ], [ -80.296943, 32.502579 ], [ -80.297425, 32.502366 ], [ -80.298205, 32.50175 ], [ -80.299047, 32.501197 ], [ -80.29983, 32.500583 ], [ -80.300292, 32.50035 ], [ -80.301055, 32.499723 ], [ -80.301996, 32.499285 ], [ -80.302761, 32.498661 ], [ -80.303233, 32.498445 ], [ -80.303664, 32.498184 ], [ -80.304456, 32.497579 ], [ -80.304938, 32.49737 ], [ -80.30536, 32.497096 ], [ -80.305733, 32.496767 ], [ -80.306597, 32.496239 ], [ -80.307345, 32.495585 ], [ -80.308219, 32.495068 ], [ -80.308988, 32.494437 ], [ -80.309467, 32.494224 ], [ -80.309873, 32.493931 ], [ -80.310226, 32.493581 ], [ -80.310623, 32.49328 ], [ -80.311072, 32.493035 ], [ -80.311799, 32.492357 ], [ -80.312267, 32.492133 ], [ -80.312671, 32.491838 ], [ -80.313392, 32.491155 ], [ -80.315375, 32.489642 ], [ -80.316478, 32.488641 ], [ -80.31769, 32.487758 ], [ -80.318166, 32.487541 ], [ -80.318964, 32.486942 ], [ -80.319931, 32.486526 ], [ -80.320737, 32.485935 ], [ -80.321647, 32.485457 ], [ -80.322865, 32.484604 ], [ -80.323314, 32.484383 ], [ -80.32372, 32.484113 ], [ -80.32409, 32.483792 ], [ -80.325197, 32.482748 ], [ -80.32605, 32.482178 ], [ -80.326835, 32.4815 ], [ -80.32773, 32.481001 ], [ -80.328127, 32.48067 ], [ -80.329041, 32.480204 ], [ -80.330363, 32.479288 ], [ -80.33137, 32.478794 ], [ -80.33311, 32.478148 ], [ -80.33443, 32.477876 ], [ -80.335708, 32.477737 ], [ -80.336395, 32.477748 ], [ -80.337102, 32.478004 ], [ -80.338232, 32.47859 ], [ -80.338781, 32.478807 ], [ -80.33971, 32.479743 ], [ -80.340054, 32.480275 ], [ -80.340185, 32.480876 ], [ -80.340688, 32.481726 ], [ -80.341293, 32.482548 ], [ -80.341758, 32.483377 ], [ -80.342925, 32.486387 ], [ -80.343534, 32.488128 ], [ -80.344075, 32.489404 ], [ -80.344752, 32.490631 ], [ -80.345096, 32.491489 ], [ -80.345553, 32.492312 ], [ -80.3461, 32.493141 ] ] } },
{ "type": "Feature", "properties": { "year": 2006 }, "geometry": { "type": "LineString", "coordinates": [ [ -80.193987, 32.559481 ], [ -80.194168, 32.559027 ], [ -80.194676, 32.558735 ], [ -80.195761, 32.558273 ], [ -80.197053, 32.558648 ], [ -80.199289, 32.55801 ], [ -80.201228, 32.557363 ], [ -80.203671, 32.556411 ], [ -80.206443, 32.55506 ], [ -80.207444, 32.554709 ], [ -80.208508, 32.554443 ], [ -80.213336, 32.552706 ], [ -80.218032, 32.550735 ], [ -80.220364, 32.549646 ], [ -80.223587, 32.548059 ], [ -80.224538, 32.547651 ], [ -80.228081, 32.545629 ], [ -80.230368, 32.544474 ], [ -80.232969, 32.542875 ], [ -80.234318, 32.542147 ], [ -80.235563, 32.541264 ], [ -80.239071, 32.539191 ], [ -80.239907, 32.538611 ], [ -80.240678, 32.537935 ], [ -80.24112, 32.537682 ], [ -80.241682, 32.537606 ], [ -80.242193, 32.537455 ], [ -80.243373, 32.536397 ], [ -80.243819, 32.536114 ], [ -80.246625, 32.534637 ], [ -80.248957, 32.533536 ], [ -80.24984, 32.533032 ], [ -80.250271, 32.532766 ], [ -80.250622, 32.532397 ], [ -80.250893, 32.531926 ], [ -80.251398, 32.531756 ], [ -80.252217, 32.531989 ], [ -80.25293, 32.532085 ], [ -80.252995, 32.531349 ], [ -80.253273, 32.530888 ], [ -80.253624, 32.53052 ], [ -80.254115, 32.53033 ], [ -80.254992, 32.529819 ], [ -80.255463, 32.529605 ], [ -80.25631, 32.529054 ], [ -80.258972, 32.527559 ], [ -80.263104, 32.525493 ], [ -80.263535, 32.525227 ], [ -80.264911, 32.524537 ], [ -80.266698, 32.523556 ], [ -80.270179, 32.521474 ], [ -80.271428, 32.520621 ], [ -80.274536, 32.518731 ], [ -80.276624, 32.517281 ], [ -80.277511, 32.516781 ], [ -80.277988, 32.516569 ], [ -80.278782, 32.515962 ], [ -80.279733, 32.515534 ], [ -80.280626, 32.515041 ], [ -80.28358, 32.513099 ], [ -80.285687, 32.511624 ], [ -80.28728, 32.510382 ], [ -80.288045, 32.509749 ], [ -80.291336, 32.506744 ], [ -80.293227, 32.505141 ], [ -80.294027, 32.504544 ], [ -80.29517, 32.503591 ], [ -80.296795, 32.502425 ], [ -80.299366, 32.500815 ], [ -80.30305, 32.498246 ], [ -80.304721, 32.497134 ], [ -80.305168, 32.496886 ], [ -80.305961, 32.496281 ], [ -80.306799, 32.495725 ], [ -80.307581, 32.495107 ], [ -80.309672, 32.493713 ], [ -80.311291, 32.492538 ], [ -80.311644, 32.492188 ], [ -80.312448, 32.491596 ], [ -80.313203, 32.490949 ], [ -80.314413, 32.490064 ], [ -80.31635, 32.488501 ], [ -80.317174, 32.487929 ], [ -80.318848, 32.486815 ], [ -80.319762, 32.486342 ], [ -80.320635, 32.485824 ], [ -80.322323, 32.484729 ], [ -80.323941, 32.483592 ], [ -80.32677, 32.481391 ], [ -80.32805, 32.480541 ], [ -80.329834, 32.479484 ], [ -80.331345, 32.478736 ], [ -80.333098, 32.478087 ], [ -80.334429, 32.477726 ], [ -80.335717, 32.477667 ], [ -80.336403, 32.477713 ], [ -80.337116, 32.477962 ], [ -80.338223, 32.478607 ], [ -80.338755, 32.478853 ], [ -80.339703, 32.47975 ], [ -80.340126, 32.480212 ], [ -80.340287, 32.480802 ], [ -80.340692, 32.481724 ], [ -80.341698, 32.483398 ], [ -80.342024, 32.484261 ], [ -80.342803, 32.485941 ], [ -80.343852, 32.488994 ], [ -80.344267, 32.489824 ], [ -80.345063, 32.491016 ], [ -80.345421, 32.491874 ], [ -80.346101, 32.493141 ] ] } },
{ "type": "Feature", "properties": { "year": 2007 }, "geometry": { "type": "LineString", "coordinates": [ [ -80.194241, 32.559594 ], [ -80.195191, 32.559011 ], [ -80.195732, 32.558792 ], [ -80.19629, 32.558618 ], [ -80.19707, 32.55866 ], [ -80.197533, 32.558532 ], [ -80.199233, 32.557941 ], [ -80.199675, 32.557743 ], [ -80.200171, 32.557619 ], [ -80.202163, 32.556926 ], [ -80.204083, 32.556121 ], [ -80.206901, 32.554829 ], [ -80.207872, 32.554439 ], [ -80.208391, 32.554289 ], [ -80.210334, 32.553512 ], [ -80.21322, 32.55254 ], [ -80.21555, 32.5516 ], [ -80.218855, 32.550136 ], [ -80.219365, 32.549983 ], [ -80.220281, 32.549522 ], [ -80.221257, 32.549151 ], [ -80.22264, 32.548474 ], [ -80.223529, 32.547973 ], [ -80.224472, 32.547553 ], [ -80.22492, 32.547307 ], [ -80.225328, 32.547003 ], [ -80.225797, 32.546789 ], [ -80.226684, 32.546286 ], [ -80.228098, 32.545655 ], [ -80.229402, 32.54486 ], [ -80.230747, 32.544126 ], [ -80.231595, 32.543565 ], [ -80.232511, 32.543105 ], [ -80.233796, 32.542281 ], [ -80.234297, 32.542114 ], [ -80.234674, 32.541764 ], [ -80.235912, 32.540871 ], [ -80.236787, 32.54035 ], [ -80.237253, 32.540133 ], [ -80.238537, 32.539307 ], [ -80.239862, 32.538544 ], [ -80.240646, 32.537888 ], [ -80.241575, 32.537448 ], [ -80.24274, 32.537355 ], [ -80.24385, 32.536157 ], [ -80.244291, 32.535868 ], [ -80.246205, 32.534916 ], [ -80.247544, 32.534179 ], [ -80.251407, 32.531767 ], [ -80.251932, 32.531623 ], [ -80.25286, 32.531994 ], [ -80.253193, 32.531604 ], [ -80.253446, 32.531109 ], [ -80.253748, 32.530679 ], [ -80.254127, 32.530346 ], [ -80.254567, 32.530093 ], [ -80.25496, 32.529778 ], [ -80.255391, 32.529513 ], [ -80.255855, 32.529289 ], [ -80.258502, 32.527774 ], [ -80.258986, 32.527576 ], [ -80.259861, 32.527062 ], [ -80.26034, 32.526858 ], [ -80.261678, 32.526119 ], [ -80.263069, 32.525448 ], [ -80.265327, 32.524253 ], [ -80.266193, 32.523726 ], [ -80.267098, 32.52325 ], [ -80.268368, 32.522425 ], [ -80.271415, 32.520605 ], [ -80.271841, 32.520332 ], [ -80.272234, 32.519995 ], [ -80.276184, 32.517536 ], [ -80.276628, 32.517287 ], [ -80.277675, 32.516969 ], [ -80.278331, 32.516203 ], [ -80.278719, 32.515889 ], [ -80.280085, 32.515179 ], [ -80.281788, 32.514096 ], [ -80.283898, 32.512687 ], [ -80.285566, 32.511494 ], [ -80.287915, 32.509614 ], [ -80.290845, 32.506948 ], [ -80.294787, 32.503907 ], [ -80.295504, 32.503224 ], [ -80.297182, 32.502113 ], [ -80.297971, 32.501506 ], [ -80.300516, 32.499871 ], [ -80.3009, 32.499559 ], [ -80.30383, 32.497632 ], [ -80.304197, 32.497297 ], [ -80.30507, 32.496779 ], [ -80.305475, 32.496487 ], [ -80.305838, 32.496147 ], [ -80.306685, 32.495601 ], [ -80.307073, 32.495289 ], [ -80.309545, 32.493575 ], [ -80.310306, 32.492935 ], [ -80.31074, 32.492673 ], [ -80.31191, 32.491744 ], [ -80.312736, 32.491175 ], [ -80.313495, 32.490532 ], [ -80.314307, 32.489948 ], [ -80.316649, 32.488092 ], [ -80.31711, 32.48786 ], [ -80.318779, 32.48674 ], [ -80.320136, 32.486015 ], [ -80.320954, 32.485437 ], [ -80.321828, 32.48492 ], [ -80.323847, 32.483464 ], [ -80.325443, 32.482165 ], [ -80.327116, 32.480975 ], [ -80.328888, 32.47995 ], [ -80.329774, 32.479379 ], [ -80.331282, 32.478591 ], [ -80.333755, 32.477669 ], [ -80.334429, 32.477525 ], [ -80.336454, 32.477478 ], [ -80.337218, 32.477668 ], [ -80.337859, 32.477957 ], [ -80.338903, 32.478593 ], [ -80.339939, 32.479487 ], [ -80.340677, 32.480522 ], [ -80.340869, 32.481031 ], [ -80.341138, 32.482064 ], [ -80.341341, 32.482529 ], [ -80.341643, 32.482928 ], [ -80.342647, 32.485507 ], [ -80.34305, 32.486342 ], [ -80.343322, 32.487224 ], [ -80.344114, 32.48939 ], [ -80.344576, 32.490203 ], [ -80.345685, 32.491805 ], [ -80.345878, 32.492236 ], [ -80.346138, 32.493134 ] ] } },
{ "type": "Feature", "properties": { "year": 2008 }, "geometry": { "type": "LineString", "coordinates": [ [ -80.194105, 32.559534 ], [ -80.194275, 32.559079 ], [ -80.194796, 32.558799 ], [ -80.195425, 32.55861 ], [ -80.196018, 32.55844 ], [ -80.197132, 32.558705 ], [ -80.198415, 32.558315 ], [ -80.199269, 32.557986 ], [ -80.200733, 32.557546 ], [ -80.204095, 32.556136 ], [ -80.20787, 32.554436 ], [ -80.208919, 32.554151 ], [ -80.212384, 32.553016 ], [ -80.217579, 32.550972 ], [ -80.218965, 32.550299 ], [ -80.220406, 32.549708 ], [ -80.223663, 32.548173 ], [ -80.225018, 32.547453 ], [ -80.225966, 32.547041 ], [ -80.226329, 32.546669 ], [ -80.226753, 32.546388 ], [ -80.228591, 32.545477 ], [ -80.229451, 32.544933 ], [ -80.232146, 32.543473 ], [ -80.235186, 32.541615 ], [ -80.235585, 32.541296 ], [ -80.236452, 32.540764 ], [ -80.236919, 32.540547 ], [ -80.238679, 32.539519 ], [ -80.240335, 32.538336 ], [ -80.241088, 32.537634 ], [ -80.242148, 32.537387 ], [ -80.242623, 32.537181 ], [ -80.243016, 32.536812 ], [ -80.244011, 32.536384 ], [ -80.245252, 32.535399 ], [ -80.247576, 32.53422 ], [ -80.250216, 32.532695 ], [ -80.25116, 32.532269 ], [ -80.251501, 32.531889 ], [ -80.252127, 32.531873 ], [ -80.253029, 32.532211 ], [ -80.253336, 32.531787 ], [ -80.253352, 32.530989 ], [ -80.253661, 32.530567 ], [ -80.254418, 32.529901 ], [ -80.254852, 32.529639 ], [ -80.255357, 32.529469 ], [ -80.257193, 32.528551 ], [ -80.261245, 32.526382 ], [ -80.263098, 32.525486 ], [ -80.265772, 32.524005 ], [ -80.267501, 32.522949 ], [ -80.268399, 32.522465 ], [ -80.270986, 32.520872 ], [ -80.275348, 32.518096 ], [ -80.275799, 32.517854 ], [ -80.276192, 32.517546 ], [ -80.27756, 32.516838 ], [ -80.277911, 32.516481 ], [ -80.279174, 32.515653 ], [ -80.280922, 32.514621 ], [ -80.281319, 32.514317 ], [ -80.283457, 32.51296 ], [ -80.283852, 32.512635 ], [ -80.285541, 32.511467 ], [ -80.286714, 32.510507 ], [ -80.28754, 32.509938 ], [ -80.288689, 32.508991 ], [ -80.290882, 32.506987 ], [ -80.292066, 32.506076 ], [ -80.29321, 32.505123 ], [ -80.294852, 32.503975 ], [ -80.29516, 32.503581 ], [ -80.295519, 32.50324 ], [ -80.296337, 32.502663 ], [ -80.297227, 32.50216 ], [ -80.300511, 32.499866 ], [ -80.303061, 32.498258 ], [ -80.303827, 32.497629 ], [ -80.304693, 32.497103 ], [ -80.305476, 32.496488 ], [ -80.306722, 32.495641 ], [ -80.308324, 32.494448 ], [ -80.309172, 32.493903 ], [ -80.309538, 32.493567 ], [ -80.310754, 32.492688 ], [ -80.31153, 32.492064 ], [ -80.312356, 32.491495 ], [ -80.31626, 32.488403 ], [ -80.317076, 32.487823 ], [ -80.318797, 32.48676 ], [ -80.319711, 32.486286 ], [ -80.323487, 32.483814 ], [ -80.324648, 32.482841 ], [ -80.3255, 32.482258 ], [ -80.326307, 32.481616 ], [ -80.327578, 32.48075 ], [ -80.329785, 32.479399 ], [ -80.331287, 32.478602 ], [ -80.331815, 32.478379 ], [ -80.333076, 32.477973 ], [ -80.335077, 32.477517 ], [ -80.335735, 32.477538 ], [ -80.336418, 32.477644 ], [ -80.338342, 32.478372 ], [ -80.338891, 32.478614 ], [ -80.339477, 32.478938 ], [ -80.340018, 32.479399 ], [ -80.340486, 32.479894 ], [ -80.340841, 32.480404 ], [ -80.341571, 32.48244 ], [ -80.341775, 32.48288 ], [ -80.34246, 32.485084 ], [ -80.342985, 32.486365 ], [ -80.343241, 32.487254 ], [ -80.343579, 32.488112 ], [ -80.344034, 32.488928 ], [ -80.344541, 32.490216 ], [ -80.345749, 32.492266 ], [ -80.346175, 32.493127 ] ] } },
{ "type": "Feature", "properties": { "year": 2009 }, "geometry": { "type": "LineString", "coordinates": [ [ -80.194173, 32.559564 ], [ -80.194287, 32.559085 ], [ -80.194885, 32.558847 ], [ -80.196196, 32.558556 ], [ -80.197035, 32.558635 ], [ -80.197509, 32.558512 ], [ -80.20067, 32.557462 ], [ -80.203642, 32.556373 ], [ -80.204084, 32.556121 ], [ -80.206, 32.55531 ], [ -80.206888, 32.554811 ], [ -80.209334, 32.553863 ], [ -80.212297, 32.552896 ], [ -80.214599, 32.552008 ], [ -80.215595, 32.551667 ], [ -80.218962, 32.550295 ], [ -80.223627, 32.548119 ], [ -80.224139, 32.547969 ], [ -80.227655, 32.545907 ], [ -80.229001, 32.545174 ], [ -80.229928, 32.544731 ], [ -80.230357, 32.544457 ], [ -80.231715, 32.543743 ], [ -80.232575, 32.543199 ], [ -80.233037, 32.542975 ], [ -80.234799, 32.54195 ], [ -80.23607, 32.541107 ], [ -80.237002, 32.540669 ], [ -80.238302, 32.53987 ], [ -80.238768, 32.539652 ], [ -80.240775, 32.538079 ], [ -80.241237, 32.537855 ], [ -80.241793, 32.537771 ], [ -80.242286, 32.537593 ], [ -80.242727, 32.537336 ], [ -80.243246, 32.537148 ], [ -80.243856, 32.537089 ], [ -80.244215, 32.536669 ], [ -80.245011, 32.535958 ], [ -80.247733, 32.534421 ], [ -80.248577, 32.533866 ], [ -80.249031, 32.533631 ], [ -80.250607, 32.532379 ], [ -80.2511, 32.532192 ], [ -80.251649, 32.532078 ], [ -80.252445, 32.532281 ], [ -80.253033, 32.532217 ], [ -80.253249, 32.531675 ], [ -80.253795, 32.530739 ], [ -80.254178, 32.530412 ], [ -80.257261, 32.528638 ], [ -80.258987, 32.527577 ], [ -80.260363, 32.526887 ], [ -80.261237, 32.526372 ], [ -80.264437, 32.524747 ], [ -80.265294, 32.52421 ], [ -80.2662, 32.523735 ], [ -80.266692, 32.523549 ], [ -80.267147, 32.523314 ], [ -80.271864, 32.520363 ], [ -80.272337, 32.520125 ], [ -80.273685, 32.519322 ], [ -80.274088, 32.518999 ], [ -80.275424, 32.518184 ], [ -80.276683, 32.517349 ], [ -80.277743, 32.517047 ], [ -80.278022, 32.516608 ], [ -80.278353, 32.516229 ], [ -80.278751, 32.515926 ], [ -80.280111, 32.515209 ], [ -80.283436, 32.512936 ], [ -80.284744, 32.512103 ], [ -80.285532, 32.511457 ], [ -80.28638, 32.510878 ], [ -80.289121, 32.508725 ], [ -80.290239, 32.507746 ], [ -80.291418, 32.50683 ], [ -80.29178, 32.506492 ], [ -80.293761, 32.504982 ], [ -80.294146, 32.504669 ], [ -80.295219, 32.503642 ], [ -80.295683, 32.50341 ], [ -80.296068, 32.503097 ], [ -80.296406, 32.502734 ], [ -80.296815, 32.502445 ], [ -80.297281, 32.502216 ], [ -80.298051, 32.501589 ], [ -80.298567, 32.501412 ], [ -80.298975, 32.501122 ], [ -80.299716, 32.500465 ], [ -80.300239, 32.500295 ], [ -80.300662, 32.500024 ], [ -80.300993, 32.499658 ], [ -80.30191, 32.499193 ], [ -80.302623, 32.498512 ], [ -80.303555, 32.498066 ], [ -80.303907, 32.497716 ], [ -80.304303, 32.497413 ], [ -80.304799, 32.497219 ], [ -80.305199, 32.49692 ], [ -80.305556, 32.496574 ], [ -80.306423, 32.49605 ], [ -80.307153, 32.495376 ], [ -80.308017, 32.494848 ], [ -80.308794, 32.494226 ], [ -80.309246, 32.493984 ], [ -80.309978, 32.493312 ], [ -80.310828, 32.492769 ], [ -80.311549, 32.492085 ], [ -80.312052, 32.491899 ], [ -80.313172, 32.490915 ], [ -80.313617, 32.490665 ], [ -80.314394, 32.490043 ], [ -80.315218, 32.489472 ], [ -80.315939, 32.488788 ], [ -80.317524, 32.487577 ], [ -80.318001, 32.487362 ], [ -80.3188, 32.486764 ], [ -80.319782, 32.486364 ], [ -80.320575, 32.485759 ], [ -80.321511, 32.485309 ], [ -80.32228, 32.484681 ], [ -80.322692, 32.484405 ], [ -80.323155, 32.48419 ], [ -80.323904, 32.483542 ], [ -80.324315, 32.483254 ], [ -80.325061, 32.482531 ], [ -80.325533, 32.482312 ], [ -80.326736, 32.481336 ], [ -80.327622, 32.480822 ], [ -80.328017, 32.480487 ], [ -80.328924, 32.480009 ], [ -80.329807, 32.479436 ], [ -80.330786, 32.478875 ], [ -80.333088, 32.478032 ], [ -80.33378, 32.477949 ], [ -80.33443, 32.477784 ], [ -80.336413, 32.477664 ], [ -80.337133, 32.477915 ], [ -80.337741, 32.478223 ], [ -80.338865, 32.47866 ], [ -80.339466, 32.478955 ], [ -80.340042, 32.479372 ], [ -80.34053, 32.479855 ], [ -80.341118, 32.480876 ], [ -80.34134, 32.481376 ], [ -80.341682, 32.482397 ], [ -80.342515, 32.485064 ], [ -80.343021, 32.486352 ], [ -80.343266, 32.487244 ], [ -80.344408, 32.489774 ], [ -80.346259, 32.493112 ] ] } },
{ "type": "Feature", "properties": { "year": 2010 }, "geometry": { "type": "LineString", "coordinates": [ [ -80.194192, 32.559573 ], [ -80.19448, 32.559179 ], [ -80.195011, 32.558915 ], [ -80.196107, 32.558498 ], [ -80.196767, 32.558439 ], [ -80.197732, 32.558184 ], [ -80.199202, 32.557904 ], [ -80.200163, 32.557608 ], [ -80.203126, 32.556527 ], [ -80.206011, 32.555324 ], [ -80.207804, 32.55435 ], [ -80.210296, 32.553463 ], [ -80.212749, 32.552704 ], [ -80.217003, 32.551027 ], [ -80.221252, 32.549144 ], [ -80.223585, 32.548057 ], [ -80.224508, 32.547606 ], [ -80.226687, 32.54629 ], [ -80.228076, 32.545622 ], [ -80.230288, 32.544355 ], [ -80.231646, 32.543641 ], [ -80.232962, 32.542863 ], [ -80.234763, 32.541897 ], [ -80.236477, 32.5408 ], [ -80.238674, 32.539512 ], [ -80.240327, 32.538325 ], [ -80.240781, 32.538089 ], [ -80.242266, 32.537563 ], [ -80.242822, 32.537477 ], [ -80.243923, 32.537184 ], [ -80.24453, 32.537111 ], [ -80.245071, 32.536944 ], [ -80.245271, 32.53631 ], [ -80.245573, 32.535824 ], [ -80.245945, 32.535439 ], [ -80.246772, 32.534825 ], [ -80.249386, 32.533268 ], [ -80.250576, 32.532339 ], [ -80.251012, 32.532079 ], [ -80.251535, 32.531932 ], [ -80.252149, 32.531901 ], [ -80.252872, 32.53201 ], [ -80.25428, 32.532997 ], [ -80.254038, 32.531868 ], [ -80.254039, 32.531052 ], [ -80.254335, 32.530614 ], [ -80.255092, 32.529947 ], [ -80.256832, 32.528905 ], [ -80.25936, 32.527238 ], [ -80.260258, 32.526753 ], [ -80.261691, 32.526135 ], [ -80.263059, 32.525436 ], [ -80.267946, 32.522702 ], [ -80.270101, 32.521374 ], [ -80.271788, 32.520265 ], [ -80.274526, 32.518719 ], [ -80.276261, 32.517624 ], [ -80.276703, 32.517373 ], [ -80.277753, 32.517058 ], [ -80.277981, 32.516561 ], [ -80.27831, 32.516179 ], [ -80.279569, 32.515346 ], [ -80.280442, 32.514829 ], [ -80.282925, 32.513123 ], [ -80.284667, 32.512019 ], [ -80.285503, 32.511426 ], [ -80.287887, 32.509585 ], [ -80.292048, 32.506057 ], [ -80.294018, 32.504535 ], [ -80.296337, 32.502662 ], [ -80.297209, 32.502141 ], [ -80.299667, 32.500413 ], [ -80.300127, 32.500178 ], [ -80.300914, 32.499575 ], [ -80.301806, 32.499083 ], [ -80.302587, 32.498473 ], [ -80.303819, 32.497621 ], [ -80.305109, 32.496822 ], [ -80.305492, 32.496504 ], [ -80.306327, 32.495945 ], [ -80.307105, 32.495323 ], [ -80.307929, 32.494752 ], [ -80.30989, 32.493216 ], [ -80.311507, 32.49204 ], [ -80.311943, 32.49178 ], [ -80.313083, 32.490819 ], [ -80.314716, 32.48966 ], [ -80.316256, 32.488399 ], [ -80.317071, 32.487818 ], [ -80.318736, 32.486694 ], [ -80.319672, 32.486245 ], [ -80.322623, 32.484325 ], [ -80.323066, 32.484082 ], [ -80.325029, 32.48248 ], [ -80.32589, 32.481915 ], [ -80.326685, 32.481251 ], [ -80.327978, 32.480422 ], [ -80.328876, 32.479931 ], [ -80.329732, 32.479306 ], [ -80.330731, 32.478761 ], [ -80.332396, 32.478132 ], [ -80.333066, 32.477921 ], [ -80.333769, 32.477827 ], [ -80.334429, 32.477666 ], [ -80.335728, 32.47759 ], [ -80.336414, 32.477662 ], [ -80.337768, 32.478163 ], [ -80.339487, 32.478924 ], [ -80.34006, 32.479352 ], [ -80.340549, 32.479838 ], [ -80.341197, 32.480827 ], [ -80.341945, 32.482819 ], [ -80.342718, 32.485481 ], [ -80.343325, 32.487223 ], [ -80.343834, 32.48851 ], [ -80.34426, 32.489337 ], [ -80.344803, 32.490121 ], [ -80.345583, 32.491832 ], [ -80.346373, 32.493092 ] ] } },
{ "type": "Feature", "properties": { "year": 2011 }, "geometry": { "type": "LineString", "coordinates": [ [ -80.194142, 32.55955 ], [ -80.195081, 32.558952 ], [ -80.196096, 32.558491 ], [ -80.196791, 32.558456 ], [ -80.197763, 32.558213 ], [ -80.198767, 32.558113 ], [ -80.19975, 32.557838 ], [ -80.202162, 32.556926 ], [ -80.203177, 32.556595 ], [ -80.204126, 32.556176 ], [ -80.205112, 32.555808 ], [ -80.207393, 32.554642 ], [ -80.209819, 32.553668 ], [ -80.210345, 32.553527 ], [ -80.211777, 32.552997 ], [ -80.212279, 32.552871 ], [ -80.212734, 32.552683 ], [ -80.214177, 32.55224 ], [ -80.215093, 32.551832 ], [ -80.217038, 32.551079 ], [ -80.218444, 32.550436 ], [ -80.219904, 32.549873 ], [ -80.220824, 32.549419 ], [ -80.222737, 32.548619 ], [ -80.225409, 32.547124 ], [ -80.228604, 32.545496 ], [ -80.229491, 32.544992 ], [ -80.229965, 32.544786 ], [ -80.232629, 32.54328 ], [ -80.233997, 32.54258 ], [ -80.241783, 32.537757 ], [ -80.242297, 32.53761 ], [ -80.242854, 32.537524 ], [ -80.243859, 32.537093 ], [ -80.245053, 32.536918 ], [ -80.245673, 32.535958 ], [ -80.246492, 32.535285 ], [ -80.247369, 32.534772 ], [ -80.248199, 32.534201 ], [ -80.249916, 32.533129 ], [ -80.250283, 32.532781 ], [ -80.251097, 32.532189 ], [ -80.251557, 32.53196 ], [ -80.252058, 32.531784 ], [ -80.252842, 32.531972 ], [ -80.254278, 32.532995 ], [ -80.253829, 32.531601 ], [ -80.254015, 32.531021 ], [ -80.2543, 32.530568 ], [ -80.254667, 32.530221 ], [ -80.255584, 32.52976 ], [ -80.257358, 32.528762 ], [ -80.258636, 32.527946 ], [ -80.260395, 32.526928 ], [ -80.263588, 32.525296 ], [ -80.265823, 32.52407 ], [ -80.268021, 32.522798 ], [ -80.274582, 32.518785 ], [ -80.275023, 32.518507 ], [ -80.275834, 32.517894 ], [ -80.276687, 32.517354 ], [ -80.277777, 32.517086 ], [ -80.278085, 32.51668 ], [ -80.278342, 32.516216 ], [ -80.278761, 32.515938 ], [ -80.2801, 32.515196 ], [ -80.281798, 32.514107 ], [ -80.284318, 32.512391 ], [ -80.286382, 32.51088 ], [ -80.287957, 32.509658 ], [ -80.291014, 32.507124 ], [ -80.291789, 32.506502 ], [ -80.293004, 32.505623 ], [ -80.296453, 32.502783 ], [ -80.297311, 32.502247 ], [ -80.298106, 32.501646 ], [ -80.299769, 32.50052 ], [ -80.30023, 32.500286 ], [ -80.301006, 32.499671 ], [ -80.301902, 32.499184 ], [ -80.30269, 32.498584 ], [ -80.303134, 32.498338 ], [ -80.304347, 32.497461 ], [ -80.305209, 32.496931 ], [ -80.305586, 32.496607 ], [ -80.306455, 32.496085 ], [ -80.307189, 32.495415 ], [ -80.308022, 32.494854 ], [ -80.311192, 32.492431 ], [ -80.312454, 32.491602 ], [ -80.316329, 32.488478 ], [ -80.318423, 32.487088 ], [ -80.318853, 32.486821 ], [ -80.319777, 32.486358 ], [ -80.320604, 32.48579 ], [ -80.321489, 32.485285 ], [ -80.323145, 32.484178 ], [ -80.323945, 32.483597 ], [ -80.32675, 32.481359 ], [ -80.328039, 32.480523 ], [ -80.328958, 32.480067 ], [ -80.3303, 32.479168 ], [ -80.331322, 32.478682 ], [ -80.333093, 32.47806 ], [ -80.33443, 32.477807 ], [ -80.335709, 32.477732 ], [ -80.33638, 32.477819 ], [ -80.337034, 32.4782 ], [ -80.338747, 32.478865 ], [ -80.339927, 32.479501 ], [ -80.340447, 32.479929 ], [ -80.340799, 32.480434 ], [ -80.341336, 32.481379 ], [ -80.342964, 32.486373 ], [ -80.343755, 32.488539 ], [ -80.344618, 32.490188 ], [ -80.34542, 32.491394 ], [ -80.346032, 32.492679 ], [ -80.346284, 32.493108 ] ] } },
{ "type": "Feature", "properties": { "year": 2013 }, "geometry": { "type": "LineString", "coordinates": [ [ -80.194358, 32.55912 ], [ -80.196201, 32.55856 ], [ -80.197158, 32.558724 ], [ -80.199192, 32.557891 ], [ -80.200152, 32.557594 ], [ -80.200697, 32.557497 ], [ -80.201736, 32.557198 ], [ -80.204584, 32.555946 ], [ -80.20509, 32.555778 ], [ -80.206006, 32.555318 ], [ -80.209436, 32.553998 ], [ -80.210332, 32.553511 ], [ -80.210817, 32.553315 ], [ -80.213168, 32.552467 ], [ -80.213685, 32.55237 ], [ -80.214156, 32.552208 ], [ -80.215584, 32.551651 ], [ -80.21603, 32.551403 ], [ -80.21796, 32.550628 ], [ -80.222198, 32.548729 ], [ -80.224045, 32.547829 ], [ -80.226775, 32.546421 ], [ -80.228176, 32.545771 ], [ -80.232651, 32.543312 ], [ -80.234912, 32.542118 ], [ -80.237965, 32.54028 ], [ -80.238871, 32.539804 ], [ -80.239718, 32.539241 ], [ -80.240529, 32.538625 ], [ -80.241415, 32.538121 ], [ -80.243406, 32.537381 ], [ -80.244539, 32.537124 ], [ -80.245742, 32.536947 ], [ -80.245842, 32.536182 ], [ -80.246212, 32.535788 ], [ -80.246633, 32.535465 ], [ -80.248, 32.534764 ], [ -80.250131, 32.533405 ], [ -80.250549, 32.533123 ], [ -80.251707, 32.532153 ], [ -80.252474, 32.532318 ], [ -80.253181, 32.532407 ], [ -80.254523, 32.53331 ], [ -80.254936, 32.533021 ], [ -80.254496, 32.531638 ], [ -80.254515, 32.530843 ], [ -80.254876, 32.530488 ], [ -80.255283, 32.530192 ], [ -80.255763, 32.529989 ], [ -80.256611, 32.52944 ], [ -80.259726, 32.527707 ], [ -80.260069, 32.527329 ], [ -80.260515, 32.527082 ], [ -80.261042, 32.52694 ], [ -80.261856, 32.526347 ], [ -80.263263, 32.525697 ], [ -80.264084, 32.525113 ], [ -80.267635, 32.523121 ], [ -80.270601, 32.521198 ], [ -80.276345, 32.51772 ], [ -80.276788, 32.51747 ], [ -80.277899, 32.517226 ], [ -80.278441, 32.516329 ], [ -80.279176, 32.515654 ], [ -80.280506, 32.514902 ], [ -80.284315, 32.512388 ], [ -80.286344, 32.51084 ], [ -80.287976, 32.509677 ], [ -80.289512, 32.508418 ], [ -80.290619, 32.507427 ], [ -80.292983, 32.505602 ], [ -80.295288, 32.503714 ], [ -80.2961, 32.50313 ], [ -80.296466, 32.502797 ], [ -80.297381, 32.50232 ], [ -80.298141, 32.501682 ], [ -80.300251, 32.500307 ], [ -80.30104, 32.499707 ], [ -80.301943, 32.499229 ], [ -80.302698, 32.498593 ], [ -80.303573, 32.498085 ], [ -80.304373, 32.497489 ], [ -80.304829, 32.497251 ], [ -80.3056, 32.496623 ], [ -80.306443, 32.496071 ], [ -80.311222, 32.492463 ], [ -80.31163, 32.492174 ], [ -80.312087, 32.491937 ], [ -80.313225, 32.490973 ], [ -80.314054, 32.490407 ], [ -80.31635, 32.488501 ], [ -80.317154, 32.487908 ], [ -80.318836, 32.486803 ], [ -80.319777, 32.486358 ], [ -80.320603, 32.48579 ], [ -80.321528, 32.485328 ], [ -80.322319, 32.484724 ], [ -80.323571, 32.483922 ], [ -80.324717, 32.482945 ], [ -80.325561, 32.482359 ], [ -80.326765, 32.481384 ], [ -80.327633, 32.480841 ], [ -80.328039, 32.480523 ], [ -80.328939, 32.480035 ], [ -80.330298, 32.479164 ], [ -80.330798, 32.4789 ], [ -80.332434, 32.478256 ], [ -80.333092, 32.478055 ], [ -80.334429, 32.477749 ], [ -80.335711, 32.477718 ], [ -80.33638, 32.477816 ], [ -80.337026, 32.478224 ], [ -80.338736, 32.478885 ], [ -80.33916, 32.479391 ], [ -80.340235, 32.480115 ], [ -80.34068, 32.480519 ], [ -80.34105, 32.480919 ], [ -80.341337, 32.481378 ], [ -80.34198, 32.482806 ], [ -80.342258, 32.483686 ], [ -80.34244, 32.484601 ], [ -80.342884, 32.485912 ], [ -80.34308, 32.486821 ], [ -80.343365, 32.487699 ], [ -80.343894, 32.488979 ], [ -80.344618, 32.490188 ], [ -80.345745, 32.491789 ], [ -80.34597, 32.492214 ], [ -80.346151, 32.493132 ] ] } },
{ "type": "Feature", "properties": { "year": 2014 }, "geometry": { "type": "LineString", "coordinates": [ [ -80.194181, 32.559568 ], [ -80.194142, 32.559015 ], [ -80.194884, 32.558846 ], [ -80.195491, 32.558649 ], [ -80.195975, 32.558412 ], [ -80.197192, 32.55875 ], [ -80.200194, 32.557648 ], [ -80.201592, 32.557008 ], [ -80.203126, 32.556528 ], [ -80.205103, 32.555795 ], [ -80.206999, 32.554957 ], [ -80.209921, 32.553803 ], [ -80.211401, 32.553293 ], [ -80.216546, 32.55126 ], [ -80.218475, 32.550482 ], [ -80.222256, 32.548813 ], [ -80.225484, 32.547235 ], [ -80.226821, 32.546489 ], [ -80.231845, 32.543936 ], [ -80.234086, 32.542712 ], [ -80.239368, 32.539632 ], [ -80.240603, 32.538735 ], [ -80.24104, 32.538474 ], [ -80.242389, 32.537746 ], [ -80.242878, 32.537561 ], [ -80.243319, 32.537254 ], [ -80.243944, 32.537214 ], [ -80.244489, 32.537055 ], [ -80.245528, 32.536657 ], [ -80.246007, 32.536401 ], [ -80.246367, 32.535991 ], [ -80.247136, 32.535293 ], [ -80.248804, 32.534158 ], [ -80.249597, 32.533538 ], [ -80.250041, 32.533289 ], [ -80.250873, 32.53272 ], [ -80.251324, 32.53248 ], [ -80.251811, 32.532286 ], [ -80.252449, 32.532285 ], [ -80.253249, 32.532494 ], [ -80.254459, 32.533227 ], [ -80.254168, 32.532036 ], [ -80.254398, 32.530694 ], [ -80.254859, 32.530467 ], [ -80.255274, 32.530181 ], [ -80.255803, 32.530041 ], [ -80.256612, 32.529442 ], [ -80.257112, 32.529264 ], [ -80.257568, 32.529031 ], [ -80.258831, 32.528197 ], [ -80.26016, 32.527446 ], [ -80.262451, 32.526292 ], [ -80.262874, 32.526017 ], [ -80.263779, 32.525541 ], [ -80.2646, 32.524957 ], [ -80.267657, 32.523149 ], [ -80.271488, 32.520698 ], [ -80.275067, 32.518558 ], [ -80.27635, 32.517726 ], [ -80.276696, 32.517364 ], [ -80.277645, 32.516935 ], [ -80.277953, 32.516529 ], [ -80.278329, 32.516201 ], [ -80.278805, 32.515988 ], [ -80.280506, 32.514903 ], [ -80.284724, 32.512081 ], [ -80.285938, 32.511149 ], [ -80.287177, 32.510275 ], [ -80.28914, 32.508746 ], [ -80.290629, 32.507437 ], [ -80.292168, 32.506182 ], [ -80.293359, 32.505278 ], [ -80.29448, 32.504302 ], [ -80.295272, 32.503697 ], [ -80.296102, 32.503132 ], [ -80.29648, 32.502811 ], [ -80.29735, 32.502289 ], [ -80.298144, 32.501686 ], [ -80.299437, 32.500889 ], [ -80.29982, 32.500573 ], [ -80.301054, 32.499722 ], [ -80.30195, 32.499236 ], [ -80.302326, 32.498917 ], [ -80.303967, 32.497781 ], [ -80.30483, 32.497252 ], [ -80.30601, 32.496334 ], [ -80.306453, 32.496082 ], [ -80.307217, 32.495446 ], [ -80.308813, 32.494247 ], [ -80.309284, 32.494025 ], [ -80.310035, 32.493374 ], [ -80.310859, 32.492802 ], [ -80.311226, 32.492467 ], [ -80.311642, 32.492186 ], [ -80.312114, 32.491966 ], [ -80.313248, 32.490998 ], [ -80.313662, 32.490714 ], [ -80.316362, 32.488514 ], [ -80.317164, 32.487919 ], [ -80.318862, 32.486831 ], [ -80.319782, 32.486363 ], [ -80.320605, 32.485792 ], [ -80.321489, 32.485285 ], [ -80.322287, 32.484688 ], [ -80.323161, 32.484197 ], [ -80.325113, 32.482615 ], [ -80.325964, 32.482037 ], [ -80.326767, 32.481386 ], [ -80.32803, 32.480509 ], [ -80.328937, 32.480031 ], [ -80.329343, 32.479714 ], [ -80.331317, 32.47867 ], [ -80.333096, 32.478073 ], [ -80.334429, 32.477767 ], [ -80.335704, 32.477764 ], [ -80.336373, 32.47785 ], [ -80.337035, 32.478198 ], [ -80.338751, 32.47886 ], [ -80.339139, 32.479421 ], [ -80.339668, 32.479789 ], [ -80.34087, 32.481031 ], [ -80.341232, 32.481435 ], [ -80.341502, 32.481898 ], [ -80.342356, 32.484141 ], [ -80.343099, 32.486324 ], [ -80.343769, 32.488534 ], [ -80.344864, 32.490591 ], [ -80.345758, 32.491785 ], [ -80.345993, 32.492208 ], [ -80.346225, 32.493118 ] ] } },
{ "type": "Feature", "properties": { "year": 2015 }, "geometry": { "type": "LineString", "coordinates": [ [ -80.194177, 32.559566 ], [ -80.194709, 32.559289 ], [ -80.195977, 32.558937 ], [ -80.196582, 32.558808 ], [ -80.19723, 32.558777 ], [ -80.198487, 32.558392 ], [ -80.199336, 32.558067 ], [ -80.20111, 32.557207 ], [ -80.201594, 32.557012 ], [ -80.20314, 32.556546 ], [ -80.205139, 32.555843 ], [ -80.20655, 32.555201 ], [ -80.207556, 32.554857 ], [ -80.212303, 32.552904 ], [ -80.214172, 32.552232 ], [ -80.216563, 32.551284 ], [ -80.219911, 32.549883 ], [ -80.221287, 32.549196 ], [ -80.222713, 32.548583 ], [ -80.225008, 32.547439 ], [ -80.226805, 32.546466 ], [ -80.228215, 32.545828 ], [ -80.229561, 32.545096 ], [ -80.231402, 32.544189 ], [ -80.232732, 32.543433 ], [ -80.233651, 32.542977 ], [ -80.234512, 32.542435 ], [ -80.234979, 32.542217 ], [ -80.239013, 32.540016 ], [ -80.240716, 32.538903 ], [ -80.241107, 32.538573 ], [ -80.242846, 32.537512 ], [ -80.243325, 32.537263 ], [ -80.243821, 32.537038 ], [ -80.244364, 32.536879 ], [ -80.244979, 32.536816 ], [ -80.245508, 32.53663 ], [ -80.246133, 32.536569 ], [ -80.246643, 32.536351 ], [ -80.246953, 32.535875 ], [ -80.247298, 32.5355 ], [ -80.247684, 32.535177 ], [ -80.24976, 32.533747 ], [ -80.25097, 32.532844 ], [ -80.251438, 32.532626 ], [ -80.252552, 32.532418 ], [ -80.253277, 32.53253 ], [ -80.254507, 32.533289 ], [ -80.254262, 32.532156 ], [ -80.254438, 32.531563 ], [ -80.25472, 32.531107 ], [ -80.255042, 32.530701 ], [ -80.255436, 32.530388 ], [ -80.256311, 32.529874 ], [ -80.256717, 32.529576 ], [ -80.260243, 32.527551 ], [ -80.262181, 32.526764 ], [ -80.263188, 32.526419 ], [ -80.263543, 32.526057 ], [ -80.267288, 32.523495 ], [ -80.26899, 32.522404 ], [ -80.271075, 32.520987 ], [ -80.27417, 32.519097 ], [ -80.276305, 32.517676 ], [ -80.276756, 32.517434 ], [ -80.277849, 32.517168 ], [ -80.27836, 32.516236 ], [ -80.278747, 32.515921 ], [ -80.280499, 32.514894 ], [ -80.282589, 32.513496 ], [ -80.284683, 32.512036 ], [ -80.287938, 32.509638 ], [ -80.289488, 32.508393 ], [ -80.290208, 32.507714 ], [ -80.291004, 32.507114 ], [ -80.291744, 32.506455 ], [ -80.294864, 32.503987 ], [ -80.295207, 32.503629 ], [ -80.296061, 32.503089 ], [ -80.296854, 32.502486 ], [ -80.297759, 32.502 ], [ -80.298171, 32.501714 ], [ -80.298521, 32.501364 ], [ -80.299422, 32.500873 ], [ -80.300194, 32.500248 ], [ -80.301445, 32.499418 ], [ -80.302321, 32.498911 ], [ -80.303088, 32.498288 ], [ -80.303975, 32.49779 ], [ -80.304334, 32.497447 ], [ -80.304749, 32.497165 ], [ -80.305638, 32.496664 ], [ -80.30597, 32.496291 ], [ -80.307232, 32.495461 ], [ -80.307556, 32.49508 ], [ -80.308431, 32.494565 ], [ -80.309188, 32.49392 ], [ -80.310048, 32.493388 ], [ -80.310375, 32.49301 ], [ -80.310785, 32.492722 ], [ -80.311238, 32.492481 ], [ -80.311604, 32.492146 ], [ -80.312015, 32.491858 ], [ -80.312913, 32.491367 ], [ -80.313591, 32.490637 ], [ -80.314451, 32.490105 ], [ -80.314737, 32.489682 ], [ -80.316001, 32.488856 ], [ -80.316703, 32.488152 ], [ -80.317149, 32.487902 ], [ -80.317964, 32.487321 ], [ -80.318424, 32.487088 ], [ -80.319276, 32.486548 ], [ -80.320641, 32.485831 ], [ -80.320993, 32.485479 ], [ -80.322332, 32.484738 ], [ -80.322676, 32.484386 ], [ -80.324335, 32.483282 ], [ -80.325125, 32.482633 ], [ -80.32549, 32.482242 ], [ -80.326767, 32.481386 ], [ -80.327152, 32.481034 ], [ -80.330275, 32.479121 ], [ -80.331292, 32.478612 ], [ -80.331819, 32.47839 ], [ -80.333774, 32.477885 ], [ -80.335065, 32.477699 ], [ -80.335711, 32.477714 ], [ -80.336379, 32.477824 ], [ -80.337048, 32.478159 ], [ -80.338756, 32.47885 ], [ -80.339145, 32.479413 ], [ -80.339697, 32.479756 ], [ -80.340135, 32.480203 ], [ -80.340473, 32.480669 ], [ -80.341174, 32.481466 ], [ -80.341779, 32.482359 ], [ -80.342318, 32.483665 ], [ -80.343547, 32.487143 ], [ -80.343718, 32.488062 ], [ -80.343688, 32.488563 ], [ -80.343822, 32.489005 ], [ -80.344028, 32.489421 ], [ -80.344293, 32.489815 ], [ -80.345806, 32.491773 ], [ -80.346237, 32.492636 ], [ -80.34633, 32.493099 ] ] } },
{ "type": "Feature", "properties": { "year": 2016 }, "geometry": { "type": "LineString", "coordinates": [ [ -80.194166, 32.559561 ], [ -80.194556, 32.559216 ], [ -80.195243, 32.559039 ], [ -80.196528, 32.558773 ], [ -80.197359, 32.558871 ], [ -80.198208, 32.558629 ], [ -80.198574, 32.558483 ], [ -80.201099, 32.557193 ], [ -80.203133, 32.556537 ], [ -80.206121, 32.555468 ], [ -80.208076, 32.554709 ], [ -80.210936, 32.553473 ], [ -80.217077, 32.551136 ], [ -80.219951, 32.549943 ], [ -80.220466, 32.549798 ], [ -80.220891, 32.549518 ], [ -80.222768, 32.548664 ], [ -80.226001, 32.547092 ], [ -80.226902, 32.54661 ], [ -80.229224, 32.545506 ], [ -80.231909, 32.544032 ], [ -80.23238, 32.543821 ], [ -80.235543, 32.542145 ], [ -80.235973, 32.541873 ], [ -80.239578, 32.539944 ], [ -80.241231, 32.538757 ], [ -80.241662, 32.538487 ], [ -80.243085, 32.537867 ], [ -80.243503, 32.537522 ], [ -80.244391, 32.536917 ], [ -80.244905, 32.536715 ], [ -80.245512, 32.536635 ], [ -80.246162, 32.536607 ], [ -80.247038, 32.536866 ], [ -80.247293, 32.536312 ], [ -80.247898, 32.535451 ], [ -80.248651, 32.534781 ], [ -80.251156, 32.533083 ], [ -80.251535, 32.53275 ], [ -80.25204, 32.53258 ], [ -80.25259, 32.532467 ], [ -80.253318, 32.532582 ], [ -80.254552, 32.533347 ], [ -80.254209, 32.532088 ], [ -80.254677, 32.53187 ], [ -80.25498, 32.53144 ], [ -80.255381, 32.531136 ], [ -80.255718, 32.53075 ], [ -80.256882, 32.529788 ], [ -80.25821, 32.529036 ], [ -80.260357, 32.527699 ], [ -80.260866, 32.527532 ], [ -80.261824, 32.527124 ], [ -80.263665, 32.526212 ], [ -80.265465, 32.525248 ], [ -80.2659, 32.524987 ], [ -80.267112, 32.524087 ], [ -80.267992, 32.523579 ], [ -80.270027, 32.522097 ], [ -80.270474, 32.521852 ], [ -80.271693, 32.520961 ], [ -80.272059, 32.520612 ], [ -80.272925, 32.52003 ], [ -80.274252, 32.519195 ], [ -80.274724, 32.518952 ], [ -80.276884, 32.51758 ], [ -80.277897, 32.517223 ], [ -80.278136, 32.516738 ], [ -80.278441, 32.51633 ], [ -80.278832, 32.516018 ], [ -80.280602, 32.515013 ], [ -80.283126, 32.513353 ], [ -80.286454, 32.510956 ], [ -80.288436, 32.509442 ], [ -80.289581, 32.50849 ], [ -80.290684, 32.507495 ], [ -80.295297, 32.503724 ], [ -80.296161, 32.503194 ], [ -80.296954, 32.502591 ], [ -80.297828, 32.502072 ], [ -80.299085, 32.501236 ], [ -80.299891, 32.500647 ], [ -80.30076, 32.500126 ], [ -80.301548, 32.499527 ], [ -80.30201, 32.499299 ], [ -80.302803, 32.498706 ], [ -80.303669, 32.49819 ], [ -80.304459, 32.497582 ], [ -80.305313, 32.497043 ], [ -80.306102, 32.496434 ], [ -80.306535, 32.496171 ], [ -80.307714, 32.495252 ], [ -80.308158, 32.495002 ], [ -80.308924, 32.494367 ], [ -80.311727, 32.492279 ], [ -80.312187, 32.492046 ], [ -80.312602, 32.491763 ], [ -80.313363, 32.491123 ], [ -80.314559, 32.490222 ], [ -80.316446, 32.488606 ], [ -80.318956, 32.486933 ], [ -80.319899, 32.486491 ], [ -80.32033, 32.486226 ], [ -80.321154, 32.485655 ], [ -80.321598, 32.485404 ], [ -80.322807, 32.484538 ], [ -80.323651, 32.484024 ], [ -80.325174, 32.482712 ], [ -80.326436, 32.481829 ], [ -80.327241, 32.481182 ], [ -80.328551, 32.480381 ], [ -80.329009, 32.480151 ], [ -80.329861, 32.479531 ], [ -80.331367, 32.478787 ], [ -80.332463, 32.47835 ], [ -80.333112, 32.478157 ], [ -80.33443, 32.477888 ], [ -80.335055, 32.477859 ], [ -80.33636, 32.477908 ], [ -80.336986, 32.478341 ], [ -80.337598, 32.478546 ], [ -80.338127, 32.478799 ], [ -80.338699, 32.47895 ], [ -80.339095, 32.479484 ], [ -80.33963, 32.479831 ], [ -80.340098, 32.480237 ], [ -80.340301, 32.480792 ], [ -80.341357, 32.481964 ], [ -80.341902, 32.482834 ], [ -80.342563, 32.484557 ], [ -80.342998, 32.485871 ], [ -80.343527, 32.48715 ], [ -80.344, 32.488941 ], [ -80.344065, 32.489407 ], [ -80.34507, 32.491014 ], [ -80.345916, 32.492227 ], [ -80.346307, 32.493103 ] ] } },
{ "type": "Feature", "properties": { "year": 2017 }, "geometry": { "type": "LineString", "coordinates": [ [ -80.193984, 32.55948 ], [ -80.194191, 32.559038 ], [ -80.196307, 32.558628 ], [ -80.197409, 32.558908 ], [ -80.199368, 32.558106 ], [ -80.200683, 32.557479 ], [ -80.201195, 32.55732 ], [ -80.202093, 32.556834 ], [ -80.204042, 32.556066 ], [ -80.204565, 32.555921 ], [ -80.205507, 32.555494 ], [ -80.206007, 32.555319 ], [ -80.206444, 32.555061 ], [ -80.206972, 32.554923 ], [ -80.208446, 32.554362 ], [ -80.208969, 32.554217 ], [ -80.209429, 32.553989 ], [ -80.212354, 32.552975 ], [ -80.215102, 32.551845 ], [ -80.216583, 32.551313 ], [ -80.217535, 32.550907 ], [ -80.218044, 32.550753 ], [ -80.219936, 32.549921 ], [ -80.222345, 32.548947 ], [ -80.222761, 32.548653 ], [ -80.223229, 32.548439 ], [ -80.223737, 32.548282 ], [ -80.224166, 32.548009 ], [ -80.225072, 32.547534 ], [ -80.227912, 32.546289 ], [ -80.230184, 32.545111 ], [ -80.230608, 32.544831 ], [ -80.232012, 32.544185 ], [ -80.237375, 32.541225 ], [ -80.238769, 32.540564 ], [ -80.24049, 32.539478 ], [ -80.241291, 32.538847 ], [ -80.241717, 32.538569 ], [ -80.243114, 32.537911 ], [ -80.243562, 32.537609 ], [ -80.244075, 32.537402 ], [ -80.244474, 32.537034 ], [ -80.244962, 32.536792 ], [ -80.246135, 32.536571 ], [ -80.246515, 32.536184 ], [ -80.247297, 32.536318 ], [ -80.248297, 32.535145 ], [ -80.248687, 32.534826 ], [ -80.249085, 32.534519 ], [ -80.249944, 32.533983 ], [ -80.250338, 32.533671 ], [ -80.251606, 32.532841 ], [ -80.252087, 32.53264 ], [ -80.252648, 32.532541 ], [ -80.253348, 32.532621 ], [ -80.25378, 32.532356 ], [ -80.254912, 32.532171 ], [ -80.255351, 32.531916 ], [ -80.255534, 32.531333 ], [ -80.255926, 32.531017 ], [ -80.256174, 32.530517 ], [ -80.256528, 32.530152 ], [ -80.25692, 32.529837 ], [ -80.257386, 32.529616 ], [ -80.257798, 32.529326 ], [ -80.259135, 32.528586 ], [ -80.260402, 32.527756 ], [ -80.260888, 32.52756 ], [ -80.263178, 32.526407 ], [ -80.264122, 32.52598 ], [ -80.26453, 32.525686 ], [ -80.264976, 32.525439 ], [ -80.265907, 32.524997 ], [ -80.266732, 32.524418 ], [ -80.268474, 32.523379 ], [ -80.270559, 32.521962 ], [ -80.272189, 32.520778 ], [ -80.273091, 32.520237 ], [ -80.275273, 32.518798 ], [ -80.276932, 32.517635 ], [ -80.277842, 32.517161 ], [ -80.278414, 32.516298 ], [ -80.278801, 32.515983 ], [ -80.279215, 32.515699 ], [ -80.279716, 32.515515 ], [ -80.281447, 32.514463 ], [ -80.284377, 32.512456 ], [ -80.285168, 32.511813 ], [ -80.286025, 32.51124 ], [ -80.288705, 32.509007 ], [ -80.290148, 32.507651 ], [ -80.291268, 32.506673 ], [ -80.295131, 32.50355 ], [ -80.295605, 32.503329 ], [ -80.296019, 32.503045 ], [ -80.296779, 32.502408 ], [ -80.297209, 32.502141 ], [ -80.298007, 32.501543 ], [ -80.298894, 32.501038 ], [ -80.299687, 32.500434 ], [ -80.300174, 32.500227 ], [ -80.300604, 32.499963 ], [ -80.301368, 32.499337 ], [ -80.301834, 32.499113 ], [ -80.303019, 32.498213 ], [ -80.303472, 32.497976 ], [ -80.304268, 32.497375 ], [ -80.305523, 32.496539 ], [ -80.305905, 32.49622 ], [ -80.306329, 32.495948 ], [ -80.30709, 32.495307 ], [ -80.307932, 32.494755 ], [ -80.309491, 32.493515 ], [ -80.310769, 32.492705 ], [ -80.311178, 32.492415 ], [ -80.311547, 32.492083 ], [ -80.312002, 32.491844 ], [ -80.313149, 32.490891 ], [ -80.314389, 32.490037 ], [ -80.314746, 32.489692 ], [ -80.315169, 32.489419 ], [ -80.31593, 32.488778 ], [ -80.31758, 32.487638 ], [ -80.318825, 32.486791 ], [ -80.319767, 32.486348 ], [ -80.320592, 32.485778 ], [ -80.321909, 32.485008 ], [ -80.323123, 32.484152 ], [ -80.32469, 32.482905 ], [ -80.325943, 32.482002 ], [ -80.326748, 32.481355 ], [ -80.327614, 32.48081 ], [ -80.328017, 32.480487 ], [ -80.328929, 32.480018 ], [ -80.329331, 32.479694 ], [ -80.329795, 32.479417 ], [ -80.331305, 32.478643 ], [ -80.333088, 32.478035 ], [ -80.33443, 32.477774 ], [ -80.335707, 32.477748 ], [ -80.336372, 32.477857 ], [ -80.337038, 32.478188 ], [ -80.338252, 32.478551 ], [ -80.338774, 32.478818 ], [ -80.339255, 32.479256 ], [ -80.339811, 32.47963 ], [ -80.340254, 32.480099 ], [ -80.340448, 32.480686 ], [ -80.340485, 32.48127 ], [ -80.341234, 32.48202 ], [ -80.341564, 32.482443 ], [ -80.342067, 32.483265 ], [ -80.343523, 32.487152 ], [ -80.344105, 32.488902 ], [ -80.344305, 32.489811 ], [ -80.345037, 32.491025 ], [ -80.345863, 32.492239 ], [ -80.346282, 32.493108 ] ] } },
{ "type": "Feature", "properties": { "year": 2018 }, "geometry": { "type": "LineString", "coordinates": [ [ -80.194254, 32.559069 ], [ -80.196435, 32.558712 ], [ -80.197424, 32.558919 ], [ -80.197831, 32.558778 ], [ -80.198925, 32.558299 ], [ -80.199741, 32.557827 ], [ -80.20024, 32.557708 ], [ -80.20068, 32.557475 ], [ -80.201219, 32.557351 ], [ -80.202209, 32.556988 ], [ -80.203123, 32.556524 ], [ -80.20355, 32.556252 ], [ -80.20452, 32.555861 ], [ -80.205894, 32.55517 ], [ -80.206403, 32.555007 ], [ -80.206866, 32.554782 ], [ -80.208938, 32.554176 ], [ -80.211938, 32.553215 ], [ -80.215617, 32.5517 ], [ -80.217085, 32.551149 ], [ -80.220418, 32.549726 ], [ -80.221394, 32.549356 ], [ -80.223282, 32.548517 ], [ -80.226063, 32.547185 ], [ -80.228452, 32.546181 ], [ -80.229766, 32.545401 ], [ -80.234753, 32.542793 ], [ -80.235164, 32.542493 ], [ -80.236533, 32.541795 ], [ -80.237404, 32.541268 ], [ -80.238413, 32.540945 ], [ -80.238889, 32.540743 ], [ -80.241349, 32.538933 ], [ -80.242219, 32.538405 ], [ -80.242721, 32.538239 ], [ -80.243704, 32.537816 ], [ -80.244636, 32.53726 ], [ -80.246088, 32.53651 ], [ -80.246527, 32.5362 ], [ -80.247122, 32.536093 ], [ -80.247573, 32.535853 ], [ -80.248342, 32.535203 ], [ -80.248698, 32.534841 ], [ -80.250398, 32.533747 ], [ -80.251183, 32.533118 ], [ -80.252153, 32.532725 ], [ -80.252732, 32.532649 ], [ -80.253197, 32.532426 ], [ -80.254277, 32.532176 ], [ -80.254759, 32.531975 ], [ -80.255307, 32.531859 ], [ -80.256021, 32.531957 ], [ -80.256065, 32.531196 ], [ -80.256255, 32.530621 ], [ -80.256958, 32.529885 ], [ -80.260457, 32.527826 ], [ -80.262717, 32.526634 ], [ -80.263673, 32.526222 ], [ -80.266337, 32.52473 ], [ -80.267173, 32.524166 ], [ -80.268057, 32.523662 ], [ -80.268871, 32.52307 ], [ -80.26931, 32.522814 ], [ -80.269701, 32.522497 ], [ -80.270572, 32.521979 ], [ -80.270963, 32.521661 ], [ -80.273153, 32.520314 ], [ -80.273979, 32.519678 ], [ -80.274846, 32.519097 ], [ -80.275309, 32.51884 ], [ -80.276528, 32.517931 ], [ -80.277819, 32.517134 ], [ -80.278077, 32.516671 ], [ -80.278455, 32.516346 ], [ -80.279296, 32.515792 ], [ -80.280191, 32.515301 ], [ -80.280581, 32.514989 ], [ -80.281436, 32.514451 ], [ -80.283923, 32.512715 ], [ -80.286396, 32.510895 ], [ -80.287941, 32.509641 ], [ -80.290521, 32.507325 ], [ -80.292429, 32.505738 ], [ -80.294815, 32.503936 ], [ -80.29518, 32.503601 ], [ -80.295622, 32.503347 ], [ -80.296437, 32.502767 ], [ -80.296782, 32.502412 ], [ -80.297253, 32.502187 ], [ -80.298039, 32.501576 ], [ -80.300181, 32.500234 ], [ -80.300998, 32.499663 ], [ -80.301376, 32.499346 ], [ -80.301838, 32.499117 ], [ -80.302214, 32.498797 ], [ -80.303039, 32.498235 ], [ -80.303491, 32.497997 ], [ -80.304265, 32.497371 ], [ -80.304718, 32.497131 ], [ -80.305534, 32.49655 ], [ -80.30591, 32.496226 ], [ -80.306331, 32.495949 ], [ -80.307084, 32.495301 ], [ -80.307913, 32.494735 ], [ -80.308694, 32.494117 ], [ -80.310323, 32.492953 ], [ -80.310758, 32.492693 ], [ -80.311552, 32.492089 ], [ -80.31199, 32.491831 ], [ -80.313157, 32.490899 ], [ -80.314378, 32.490025 ], [ -80.314746, 32.489692 ], [ -80.315985, 32.488838 ], [ -80.316327, 32.488477 ], [ -80.318867, 32.486836 ], [ -80.32019, 32.486074 ], [ -80.32232, 32.484725 ], [ -80.322685, 32.484397 ], [ -80.323118, 32.484145 ], [ -80.325522, 32.482295 ], [ -80.327602, 32.480789 ], [ -80.329803, 32.47943 ], [ -80.331319, 32.478675 ], [ -80.332432, 32.47825 ], [ -80.333777, 32.477921 ], [ -80.33443, 32.477814 ], [ -80.335695, 32.477835 ], [ -80.336352, 32.477946 ], [ -80.336994, 32.478317 ], [ -80.337627, 32.47848 ], [ -80.338157, 32.478739 ], [ -80.338729, 32.478897 ], [ -80.340024, 32.479392 ], [ -80.340902, 32.48036 ], [ -80.340867, 32.481033 ], [ -80.34092, 32.481602 ], [ -80.341049, 32.482105 ], [ -80.342026, 32.48328 ], [ -80.342233, 32.483695 ], [ -80.343828, 32.488022 ], [ -80.344317, 32.489807 ], [ -80.344782, 32.49062 ], [ -80.345655, 32.491813 ], [ -80.345908, 32.492229 ], [ -80.346271, 32.49311 ] ] } },
{ "type": "Feature", "properties": { "year": 2019 }, "geometry": { "type": "LineString", "coordinates": [ [ -80.194144, 32.559551 ], [ -80.194346, 32.559113 ], [ -80.195149, 32.558989 ], [ -80.196418, 32.558701 ], [ -80.197506, 32.558978 ], [ -80.199019, 32.558409 ], [ -80.199436, 32.558188 ], [ -80.201893, 32.557406 ], [ -80.203277, 32.556727 ], [ -80.204623, 32.555998 ], [ -80.205471, 32.555446 ], [ -80.206406, 32.55501 ], [ -80.207378, 32.554622 ], [ -80.209989, 32.553892 ], [ -80.211497, 32.553422 ], [ -80.211924, 32.553196 ], [ -80.217183, 32.551294 ], [ -80.220507, 32.549859 ], [ -80.221487, 32.549493 ], [ -80.227601, 32.546738 ], [ -80.228088, 32.546551 ], [ -80.228616, 32.546424 ], [ -80.229062, 32.546177 ], [ -80.229438, 32.545825 ], [ -80.231224, 32.544835 ], [ -80.232154, 32.544396 ], [ -80.23573, 32.542424 ], [ -80.236649, 32.541967 ], [ -80.237135, 32.54178 ], [ -80.237546, 32.541478 ], [ -80.23806, 32.541332 ], [ -80.238724, 32.541408 ], [ -80.240384, 32.540232 ], [ -80.240822, 32.539972 ], [ -80.241592, 32.539295 ], [ -80.242437, 32.538728 ], [ -80.244241, 32.537638 ], [ -80.24473, 32.537393 ], [ -80.245177, 32.537089 ], [ -80.246144, 32.536583 ], [ -80.247965, 32.535536 ], [ -80.248826, 32.535004 ], [ -80.249647, 32.53442 ], [ -80.251388, 32.53338 ], [ -80.251866, 32.533175 ], [ -80.254541, 32.532513 ], [ -80.255069, 32.532372 ], [ -80.255559, 32.532183 ], [ -80.2561, 32.532059 ], [ -80.257204, 32.530201 ], [ -80.257599, 32.529889 ], [ -80.259755, 32.528562 ], [ -80.260564, 32.527964 ], [ -80.261501, 32.527528 ], [ -80.26327, 32.526524 ], [ -80.265548, 32.525355 ], [ -80.266883, 32.524611 ], [ -80.269026, 32.523268 ], [ -80.269486, 32.52304 ], [ -80.270696, 32.522137 ], [ -80.271945, 32.521284 ], [ -80.272415, 32.521069 ], [ -80.273322, 32.520525 ], [ -80.274141, 32.519874 ], [ -80.275477, 32.519036 ], [ -80.275856, 32.518679 ], [ -80.276259, 32.518381 ], [ -80.277134, 32.517866 ], [ -80.277919, 32.517248 ], [ -80.278178, 32.516786 ], [ -80.278931, 32.516133 ], [ -80.281459, 32.514477 ], [ -80.283532, 32.513044 ], [ -80.285626, 32.511558 ], [ -80.28641, 32.510909 ], [ -80.287615, 32.510016 ], [ -80.290618, 32.507426 ], [ -80.29291, 32.505525 ], [ -80.29452, 32.504343 ], [ -80.294893, 32.504018 ], [ -80.295224, 32.503647 ], [ -80.295688, 32.503415 ], [ -80.296109, 32.503139 ], [ -80.296873, 32.502506 ], [ -80.297338, 32.502275 ], [ -80.298111, 32.501652 ], [ -80.298987, 32.501135 ], [ -80.299769, 32.50052 ], [ -80.300246, 32.500302 ], [ -80.301448, 32.499422 ], [ -80.301902, 32.499185 ], [ -80.302679, 32.498572 ], [ -80.303538, 32.498047 ], [ -80.304314, 32.497425 ], [ -80.305198, 32.496918 ], [ -80.30596, 32.496279 ], [ -80.306384, 32.496007 ], [ -80.307551, 32.495075 ], [ -80.308007, 32.494837 ], [ -80.308748, 32.494175 ], [ -80.309197, 32.49393 ], [ -80.309984, 32.493319 ], [ -80.31083, 32.492771 ], [ -80.311616, 32.492158 ], [ -80.312445, 32.491593 ], [ -80.314786, 32.489736 ], [ -80.315244, 32.4895 ], [ -80.316017, 32.488873 ], [ -80.316359, 32.488511 ], [ -80.317608, 32.487668 ], [ -80.318076, 32.487444 ], [ -80.318505, 32.487176 ], [ -80.318897, 32.486868 ], [ -80.319842, 32.48643 ], [ -80.320661, 32.485853 ], [ -80.322006, 32.485114 ], [ -80.322765, 32.484489 ], [ -80.323597, 32.483955 ], [ -80.324728, 32.482962 ], [ -80.325988, 32.482076 ], [ -80.326379, 32.481733 ], [ -80.327208, 32.481128 ], [ -80.328106, 32.480634 ], [ -80.328494, 32.480288 ], [ -80.328948, 32.480048 ], [ -80.32982, 32.47946 ], [ -80.331327, 32.478694 ], [ -80.333094, 32.478065 ], [ -80.33443, 32.47783 ], [ -80.336359, 32.477912 ], [ -80.336973, 32.478376 ], [ -80.337602, 32.478538 ], [ -80.338093, 32.478866 ], [ -80.338671, 32.478999 ], [ -80.339135, 32.479427 ], [ -80.339803, 32.479639 ], [ -80.340447, 32.479928 ], [ -80.340916, 32.48035 ], [ -80.34121, 32.480819 ], [ -80.341403, 32.481343 ], [ -80.341413, 32.482501 ], [ -80.342765, 32.484974 ], [ -80.342938, 32.485402 ], [ -80.343693, 32.48758 ], [ -80.34437, 32.489787 ], [ -80.344701, 32.490649 ], [ -80.345224, 32.491452 ], [ -80.346167, 32.49265 ], [ -80.346386, 32.493089 ] ] } },
{ "type": "Feature", "properties": { "year": 2020 }, "geometry": { "type": "LineString", "coordinates": [ [ -80.194193, 32.559573 ], [ -80.194386, 32.559133 ], [ -80.196525, 32.558771 ], [ -80.197367, 32.558877 ], [ -80.19852, 32.558426 ], [ -80.200838, 32.557684 ], [ -80.202316, 32.557129 ], [ -80.204204, 32.55628 ], [ -80.20778, 32.554318 ], [ -80.208263, 32.554121 ], [ -80.209281, 32.553793 ], [ -80.211346, 32.55322 ], [ -80.215641, 32.551736 ], [ -80.216157, 32.551592 ], [ -80.219065, 32.550449 ], [ -80.219572, 32.550291 ], [ -80.221001, 32.549681 ], [ -80.221512, 32.54953 ], [ -80.221959, 32.549283 ], [ -80.222458, 32.549115 ], [ -80.22479, 32.548026 ], [ -80.2257, 32.547556 ], [ -80.226694, 32.547211 ], [ -80.227135, 32.546957 ], [ -80.229002, 32.546088 ], [ -80.231235, 32.544852 ], [ -80.234451, 32.543255 ], [ -80.236699, 32.542042 ], [ -80.237624, 32.541595 ], [ -80.238135, 32.541444 ], [ -80.238863, 32.541615 ], [ -80.239144, 32.541121 ], [ -80.24071, 32.539805 ], [ -80.241132, 32.539522 ], [ -80.242012, 32.539007 ], [ -80.242857, 32.538441 ], [ -80.243327, 32.538226 ], [ -80.244254, 32.537657 ], [ -80.247554, 32.535828 ], [ -80.248392, 32.535267 ], [ -80.248773, 32.534937 ], [ -80.25053, 32.533916 ], [ -80.251371, 32.533359 ], [ -80.251837, 32.533138 ], [ -80.252972, 32.532957 ], [ -80.254058, 32.532712 ], [ -80.254569, 32.53255 ], [ -80.255673, 32.532329 ], [ -80.256322, 32.532343 ], [ -80.256666, 32.531148 ], [ -80.25693, 32.530667 ], [ -80.257235, 32.530241 ], [ -80.258048, 32.529646 ], [ -80.259781, 32.528597 ], [ -80.260619, 32.528034 ], [ -80.26237, 32.527007 ], [ -80.26416, 32.526029 ], [ -80.265536, 32.525339 ], [ -80.267728, 32.524058 ], [ -80.269851, 32.52269 ], [ -80.27148, 32.521506 ], [ -80.272332, 32.520962 ], [ -80.273273, 32.520464 ], [ -80.274095, 32.519818 ], [ -80.275834, 32.518654 ], [ -80.276625, 32.518042 ], [ -80.277068, 32.51779 ], [ -80.277865, 32.517187 ], [ -80.278464, 32.516356 ], [ -80.279782, 32.515591 ], [ -80.281051, 32.514769 ], [ -80.283532, 32.513045 ], [ -80.2856, 32.51153 ], [ -80.287597, 32.509998 ], [ -80.289523, 32.50843 ], [ -80.290625, 32.507434 ], [ -80.293735, 32.504955 ], [ -80.294871, 32.503994 ], [ -80.295217, 32.50364 ], [ -80.296097, 32.503127 ], [ -80.296873, 32.502506 ], [ -80.297317, 32.502254 ], [ -80.298113, 32.501654 ], [ -80.298994, 32.501142 ], [ -80.299774, 32.500525 ], [ -80.300237, 32.500292 ], [ -80.300653, 32.500014 ], [ -80.301011, 32.499676 ], [ -80.301423, 32.499396 ], [ -80.301914, 32.499198 ], [ -80.302676, 32.498569 ], [ -80.303556, 32.498067 ], [ -80.304327, 32.497439 ], [ -80.304793, 32.497212 ], [ -80.305206, 32.496928 ], [ -80.30599, 32.496312 ], [ -80.306428, 32.496055 ], [ -80.307168, 32.495392 ], [ -80.308011, 32.494841 ], [ -80.308758, 32.494186 ], [ -80.309198, 32.493932 ], [ -80.310382, 32.493018 ], [ -80.310823, 32.492764 ], [ -80.312467, 32.491616 ], [ -80.313217, 32.490964 ], [ -80.313636, 32.490686 ], [ -80.3148, 32.489751 ], [ -80.31603, 32.488887 ], [ -80.316379, 32.488533 ], [ -80.316827, 32.488287 ], [ -80.31763, 32.487692 ], [ -80.318098, 32.487468 ], [ -80.318521, 32.487194 ], [ -80.318912, 32.486885 ], [ -80.319822, 32.486407 ], [ -80.321091, 32.485586 ], [ -80.321592, 32.485397 ], [ -80.322025, 32.485135 ], [ -80.322788, 32.484515 ], [ -80.323992, 32.48366 ], [ -80.325154, 32.482679 ], [ -80.327223, 32.481153 ], [ -80.329835, 32.479485 ], [ -80.331328, 32.478697 ], [ -80.332445, 32.478293 ], [ -80.33443, 32.477815 ], [ -80.335057, 32.477819 ], [ -80.336356, 32.47793 ], [ -80.336986, 32.478341 ], [ -80.337596, 32.47855 ], [ -80.338096, 32.478859 ], [ -80.338681, 32.478981 ], [ -80.339136, 32.479424 ], [ -80.340408, 32.479963 ], [ -80.340879, 32.480376 ], [ -80.34146, 32.481312 ], [ -80.341667, 32.481822 ], [ -80.341792, 32.482874 ], [ -80.341953, 32.483306 ], [ -80.342781, 32.484968 ], [ -80.343486, 32.486675 ], [ -80.343959, 32.487975 ], [ -80.344436, 32.489763 ], [ -80.344606, 32.490193 ], [ -80.345021, 32.49103 ], [ -80.345895, 32.492231 ], [ -80.346375, 32.493091 ] ] } },
{ "type": "Feature", "properties": { "year": 2021 }, "geometry": { "type": "LineString", "coordinates": [ [ -80.194279, 32.559611 ], [ -80.194445, 32.559161 ], [ -80.195261, 32.559049 ], [ -80.196459, 32.558728 ], [ -80.197331, 32.558851 ], [ -80.197714, 32.558682 ], [ -80.198151, 32.558576 ], [ -80.199883, 32.558006 ], [ -80.200776, 32.557601 ], [ -80.202796, 32.556927 ], [ -80.204244, 32.556333 ], [ -80.205156, 32.555866 ], [ -80.207315, 32.55454 ], [ -80.20776, 32.554292 ], [ -80.208711, 32.553877 ], [ -80.20972, 32.553537 ], [ -80.212256, 32.55284 ], [ -80.216615, 32.551362 ], [ -80.221005, 32.549688 ], [ -80.22339, 32.548678 ], [ -80.228989, 32.546068 ], [ -80.231239, 32.544858 ], [ -80.232177, 32.544429 ], [ -80.233064, 32.543927 ], [ -80.235381, 32.542815 ], [ -80.236735, 32.542095 ], [ -80.237703, 32.541713 ], [ -80.238959, 32.541758 ], [ -80.23914, 32.541115 ], [ -80.239458, 32.540677 ], [ -80.239864, 32.540369 ], [ -80.242861, 32.538448 ], [ -80.247122, 32.536092 ], [ -80.250111, 32.534198 ], [ -80.251445, 32.533454 ], [ -80.252962, 32.532944 ], [ -80.253924, 32.532541 ], [ -80.254442, 32.532388 ], [ -80.255042, 32.532338 ], [ -80.256372, 32.532407 ], [ -80.256643, 32.531936 ], [ -80.256748, 32.531252 ], [ -80.257765, 32.530102 ], [ -80.258135, 32.529758 ], [ -80.259459, 32.529001 ], [ -80.26066, 32.528087 ], [ -80.262867, 32.526825 ], [ -80.263285, 32.526543 ], [ -80.26417, 32.526042 ], [ -80.264644, 32.525832 ], [ -80.267731, 32.524062 ], [ -80.269002, 32.523237 ], [ -80.269452, 32.522996 ], [ -80.271486, 32.521514 ], [ -80.273702, 32.520163 ], [ -80.2741, 32.519826 ], [ -80.275828, 32.518647 ], [ -80.276604, 32.518018 ], [ -80.277872, 32.517194 ], [ -80.278135, 32.516737 ], [ -80.278511, 32.51641 ], [ -80.281038, 32.514754 ], [ -80.283515, 32.513025 ], [ -80.286783, 32.510579 ], [ -80.288729, 32.509032 ], [ -80.290974, 32.507082 ], [ -80.29331, 32.505227 ], [ -80.294418, 32.504237 ], [ -80.295193, 32.503615 ], [ -80.296058, 32.503086 ], [ -80.296472, 32.502803 ], [ -80.296837, 32.502468 ], [ -80.298096, 32.501635 ], [ -80.298985, 32.501133 ], [ -80.299771, 32.500522 ], [ -80.300618, 32.499978 ], [ -80.301399, 32.49937 ], [ -80.301888, 32.49917 ], [ -80.302671, 32.498564 ], [ -80.303523, 32.498031 ], [ -80.30433, 32.497443 ], [ -80.305196, 32.496916 ], [ -80.305978, 32.4963 ], [ -80.306431, 32.496058 ], [ -80.307188, 32.495414 ], [ -80.308779, 32.494209 ], [ -80.309606, 32.493641 ], [ -80.310372, 32.493006 ], [ -80.312442, 32.491589 ], [ -80.313582, 32.490628 ], [ -80.314391, 32.490039 ], [ -80.31475, 32.489696 ], [ -80.315991, 32.488845 ], [ -80.316359, 32.488511 ], [ -80.316769, 32.488224 ], [ -80.31803, 32.487394 ], [ -80.320223, 32.48611 ], [ -80.321057, 32.485549 ], [ -80.321527, 32.485326 ], [ -80.322388, 32.4848 ], [ -80.324745, 32.482987 ], [ -80.325505, 32.482267 ], [ -80.325965, 32.482038 ], [ -80.326796, 32.481435 ], [ -80.327184, 32.481088 ], [ -80.328067, 32.480571 ], [ -80.32847, 32.480248 ], [ -80.329799, 32.479423 ], [ -80.330787, 32.478877 ], [ -80.332429, 32.47824 ], [ -80.333091, 32.47805 ], [ -80.334429, 32.477755 ], [ -80.335699, 32.477801 ], [ -80.336358, 32.477917 ], [ -80.336993, 32.47832 ], [ -80.337605, 32.478529 ], [ -80.338134, 32.478784 ], [ -80.338704, 32.478941 ], [ -80.339098, 32.479479 ], [ -80.340302, 32.480056 ], [ -80.340795, 32.480437 ], [ -80.341149, 32.480857 ], [ -80.341444, 32.481321 ], [ -80.341672, 32.48182 ], [ -80.341841, 32.482856 ], [ -80.341974, 32.483299 ], [ -80.342553, 32.48456 ], [ -80.343619, 32.487117 ], [ -80.344085, 32.488419 ], [ -80.34461, 32.490191 ], [ -80.346323, 32.493101 ] ] } },
{ "type": "Feature", "properties": { "year": 2022 }, "geometry": { "type": "LineString", "coordinates": [ [ -80.194079, 32.559522 ], [ -80.194348, 32.559114 ], [ -80.196366, 32.558667 ], [ -80.197296, 32.558826 ], [ -80.198937, 32.558313 ], [ -80.201794, 32.557275 ], [ -80.203326, 32.556791 ], [ -80.204792, 32.55622 ], [ -80.205695, 32.555742 ], [ -80.206959, 32.554905 ], [ -80.207767, 32.554301 ], [ -80.208216, 32.554059 ], [ -80.209197, 32.553683 ], [ -80.211811, 32.553042 ], [ -80.213189, 32.552497 ], [ -80.216629, 32.551382 ], [ -80.220545, 32.549915 ], [ -80.222466, 32.549127 ], [ -80.229018, 32.546112 ], [ -80.229916, 32.545624 ], [ -80.23039, 32.545417 ], [ -80.231272, 32.544907 ], [ -80.234061, 32.543586 ], [ -80.236786, 32.542171 ], [ -80.237729, 32.541752 ], [ -80.238287, 32.541669 ], [ -80.239005, 32.541825 ], [ -80.239178, 32.541172 ], [ -80.239479, 32.540709 ], [ -80.239921, 32.540454 ], [ -80.240741, 32.539851 ], [ -80.242467, 32.538773 ], [ -80.244349, 32.537794 ], [ -80.247633, 32.53593 ], [ -80.248937, 32.535148 ], [ -80.249766, 32.534573 ], [ -80.251093, 32.53382 ], [ -80.251505, 32.533531 ], [ -80.251976, 32.533316 ], [ -80.252483, 32.533148 ], [ -80.253398, 32.532685 ], [ -80.254408, 32.532343 ], [ -80.256197, 32.532182 ], [ -80.256731, 32.53205 ], [ -80.256823, 32.531349 ], [ -80.258265, 32.529925 ], [ -80.258708, 32.529674 ], [ -80.260755, 32.528209 ], [ -80.262048, 32.527411 ], [ -80.264243, 32.526136 ], [ -80.266483, 32.524917 ], [ -80.267784, 32.52413 ], [ -80.269908, 32.522763 ], [ -80.271559, 32.521607 ], [ -80.274585, 32.519593 ], [ -80.276274, 32.518398 ], [ -80.277051, 32.517771 ], [ -80.277913, 32.517242 ], [ -80.278147, 32.516751 ], [ -80.278531, 32.516433 ], [ -80.280644, 32.51506 ], [ -80.283952, 32.512748 ], [ -80.287196, 32.510294 ], [ -80.289147, 32.508753 ], [ -80.291407, 32.506818 ], [ -80.293749, 32.50497 ], [ -80.295213, 32.503636 ], [ -80.295696, 32.503424 ], [ -80.296857, 32.502489 ], [ -80.297324, 32.502261 ], [ -80.298107, 32.501647 ], [ -80.299016, 32.501165 ], [ -80.299778, 32.500529 ], [ -80.300248, 32.500304 ], [ -80.300662, 32.500024 ], [ -80.301426, 32.499398 ], [ -80.301931, 32.499216 ], [ -80.302692, 32.498587 ], [ -80.303569, 32.498081 ], [ -80.30434, 32.497453 ], [ -80.304825, 32.497247 ], [ -80.306009, 32.496333 ], [ -80.306485, 32.496117 ], [ -80.307212, 32.49544 ], [ -80.308043, 32.494876 ], [ -80.308792, 32.494224 ], [ -80.309235, 32.493971 ], [ -80.310397, 32.493034 ], [ -80.310828, 32.492769 ], [ -80.311624, 32.492166 ], [ -80.312481, 32.491631 ], [ -80.313227, 32.490976 ], [ -80.314038, 32.49039 ], [ -80.314795, 32.489745 ], [ -80.315623, 32.489178 ], [ -80.316384, 32.488538 ], [ -80.318904, 32.486877 ], [ -80.319817, 32.486402 ], [ -80.321086, 32.485581 ], [ -80.321583, 32.485388 ], [ -80.322003, 32.48511 ], [ -80.324019, 32.483696 ], [ -80.325144, 32.482664 ], [ -80.327184, 32.481087 ], [ -80.327624, 32.480827 ], [ -80.328034, 32.480515 ], [ -80.328939, 32.480034 ], [ -80.329817, 32.479455 ], [ -80.331324, 32.478686 ], [ -80.333099, 32.47809 ], [ -80.33443, 32.477795 ], [ -80.335695, 32.477837 ], [ -80.336357, 32.477925 ], [ -80.336988, 32.478335 ], [ -80.337617, 32.478504 ], [ -80.33814, 32.478773 ], [ -80.338698, 32.478952 ], [ -80.339072, 32.479516 ], [ -80.340148, 32.480192 ], [ -80.340983, 32.48096 ], [ -80.341646, 32.481831 ], [ -80.341841, 32.482335 ], [ -80.342239, 32.483693 ], [ -80.343932, 32.487985 ], [ -80.344639, 32.490181 ], [ -80.344825, 32.490605 ], [ -80.346311, 32.493103 ] ] } },
{ "type": "Feature", "properties": { "year": 2023 }, "geometry": { "type": "LineString", "coordinates": [ [ -80.19424, 32.559594 ], [ -80.194331, 32.559106 ], [ -80.196462, 32.55873 ], [ -80.1972, 32.558755 ], [ -80.199793, 32.557892 ], [ -80.201225, 32.55736 ], [ -80.203281, 32.556732 ], [ -80.204774, 32.556197 ], [ -80.206139, 32.555493 ], [ -80.208183, 32.554015 ], [ -80.209132, 32.553597 ], [ -80.210784, 32.553271 ], [ -80.211775, 32.552994 ], [ -80.214116, 32.55215 ], [ -80.217113, 32.551191 ], [ -80.219561, 32.550275 ], [ -80.221976, 32.549309 ], [ -80.222485, 32.549155 ], [ -80.22304, 32.549068 ], [ -80.223469, 32.548796 ], [ -80.22534, 32.547932 ], [ -80.225753, 32.547635 ], [ -80.228553, 32.546331 ], [ -80.229915, 32.545623 ], [ -80.230455, 32.545514 ], [ -80.231285, 32.544926 ], [ -80.232242, 32.544527 ], [ -80.234545, 32.543394 ], [ -80.236815, 32.542214 ], [ -80.237757, 32.541793 ], [ -80.238332, 32.541736 ], [ -80.23904, 32.541878 ], [ -80.23921, 32.541219 ], [ -80.239538, 32.540796 ], [ -80.239923, 32.540458 ], [ -80.24076, 32.53988 ], [ -80.242521, 32.538854 ], [ -80.243444, 32.5384 ], [ -80.244377, 32.537834 ], [ -80.245822, 32.537055 ], [ -80.248992, 32.535217 ], [ -80.249823, 32.534647 ], [ -80.252017, 32.533369 ], [ -80.252974, 32.532959 ], [ -80.254341, 32.532257 ], [ -80.254867, 32.532113 ], [ -80.256073, 32.532024 ], [ -80.25672, 32.532035 ], [ -80.257018, 32.5316 ], [ -80.257266, 32.531098 ], [ -80.257631, 32.530749 ], [ -80.258398, 32.530096 ], [ -80.260449, 32.528635 ], [ -80.260865, 32.52835 ], [ -80.261758, 32.527858 ], [ -80.264288, 32.526193 ], [ -80.266071, 32.525206 ], [ -80.267813, 32.524168 ], [ -80.269923, 32.522782 ], [ -80.271142, 32.521891 ], [ -80.274187, 32.51993 ], [ -80.276329, 32.518461 ], [ -80.277129, 32.51786 ], [ -80.277869, 32.517191 ], [ -80.278084, 32.516679 ], [ -80.278452, 32.516342 ], [ -80.281417, 32.514429 ], [ -80.282617, 32.513529 ], [ -80.284306, 32.512378 ], [ -80.286343, 32.510839 ], [ -80.289471, 32.508376 ], [ -80.290947, 32.507054 ], [ -80.29292, 32.505536 ], [ -80.295144, 32.503564 ], [ -80.295624, 32.503349 ], [ -80.296039, 32.503067 ], [ -80.296403, 32.502731 ], [ -80.297648, 32.501884 ], [ -80.298028, 32.501565 ], [ -80.298531, 32.501375 ], [ -80.298964, 32.501111 ], [ -80.299732, 32.500481 ], [ -80.300206, 32.50026 ], [ -80.300964, 32.499627 ], [ -80.30138, 32.499349 ], [ -80.301885, 32.499167 ], [ -80.30264, 32.49853 ], [ -80.303531, 32.49804 ], [ -80.304288, 32.497397 ], [ -80.304747, 32.497162 ], [ -80.30553, 32.496546 ], [ -80.305953, 32.496273 ], [ -80.306452, 32.496081 ], [ -80.307181, 32.495407 ], [ -80.307596, 32.495124 ], [ -80.308757, 32.494185 ], [ -80.311579, 32.492118 ], [ -80.312444, 32.491591 ], [ -80.313181, 32.490925 ], [ -80.314017, 32.490367 ], [ -80.314372, 32.490018 ], [ -80.315589, 32.489142 ], [ -80.316336, 32.488486 ], [ -80.316772, 32.488227 ], [ -80.317147, 32.4879 ], [ -80.318013, 32.487375 ], [ -80.318828, 32.486794 ], [ -80.319759, 32.486339 ], [ -80.320589, 32.485774 ], [ -80.321516, 32.485315 ], [ -80.322742, 32.484462 ], [ -80.323192, 32.484235 ], [ -80.323987, 32.483654 ], [ -80.325114, 32.482616 ], [ -80.327157, 32.481044 ], [ -80.328002, 32.480462 ], [ -80.328899, 32.479969 ], [ -80.329313, 32.479663 ], [ -80.330775, 32.478852 ], [ -80.332421, 32.478215 ], [ -80.333085, 32.478018 ], [ -80.334429, 32.477708 ], [ -80.335065, 32.477696 ], [ -80.336368, 32.477872 ], [ -80.337027, 32.478222 ], [ -80.33766, 32.478405 ], [ -80.338752, 32.478857 ], [ -80.339169, 32.479377 ], [ -80.340324, 32.480037 ], [ -80.340819, 32.48042 ], [ -80.341196, 32.480828 ], [ -80.341787, 32.481767 ], [ -80.342, 32.482273 ], [ -80.342397, 32.483636 ], [ -80.343202, 32.485797 ], [ -80.343453, 32.486687 ], [ -80.344312, 32.488828 ], [ -80.344946, 32.490562 ], [ -80.345135, 32.490993 ], [ -80.346389, 32.493089 ] ] } },
{ "type": "Feature", "properties": { "year": 2024 }, "geometry": { "type": "LineString", "coordinates": [ [ -80.194157, 32.559557 ], [ -80.194312, 32.559097 ], [ -80.196189, 32.558552 ], [ -80.197273, 32.558808 ], [ -80.198065, 32.558495 ], [ -80.200568, 32.557328 ], [ -80.202122, 32.556873 ], [ -80.203756, 32.556524 ], [ -80.205261, 32.556004 ], [ -80.206185, 32.555554 ], [ -80.207038, 32.555009 ], [ -80.209089, 32.55354 ], [ -80.209573, 32.553344 ], [ -80.210097, 32.553201 ], [ -80.211205, 32.553031 ], [ -80.212716, 32.552659 ], [ -80.215593, 32.551664 ], [ -80.220116, 32.550189 ], [ -80.221548, 32.549584 ], [ -80.223021, 32.549041 ], [ -80.224433, 32.548406 ], [ -80.224959, 32.548276 ], [ -80.225386, 32.548001 ], [ -80.226292, 32.547526 ], [ -80.229997, 32.545744 ], [ -80.2305, 32.545581 ], [ -80.231352, 32.545025 ], [ -80.2323, 32.544614 ], [ -80.235506, 32.543002 ], [ -80.236844, 32.542257 ], [ -80.237328, 32.542066 ], [ -80.237769, 32.54181 ], [ -80.238277, 32.541655 ], [ -80.239007, 32.541828 ], [ -80.239128, 32.541098 ], [ -80.24081, 32.539954 ], [ -80.242573, 32.538931 ], [ -80.243509, 32.538497 ], [ -80.244442, 32.537927 ], [ -80.246849, 32.53662 ], [ -80.248179, 32.535812 ], [ -80.248648, 32.535595 ], [ -80.249912, 32.534761 ], [ -80.252089, 32.533461 ], [ -80.253014, 32.53301 ], [ -80.253838, 32.53243 ], [ -80.254721, 32.531927 ], [ -80.255246, 32.531782 ], [ -80.256672, 32.531974 ], [ -80.257675, 32.530805 ], [ -80.258048, 32.530465 ], [ -80.258456, 32.53017 ], [ -80.258905, 32.529928 ], [ -80.259699, 32.529309 ], [ -80.263968, 32.526601 ], [ -80.265725, 32.525581 ], [ -80.266131, 32.525284 ], [ -80.268312, 32.52399 ], [ -80.269557, 32.523131 ], [ -80.270001, 32.522883 ], [ -80.2712, 32.521965 ], [ -80.273799, 32.520282 ], [ -80.275088, 32.519382 ], [ -80.276266, 32.518389 ], [ -80.276597, 32.518009 ], [ -80.277924, 32.517254 ], [ -80.27862, 32.516535 ], [ -80.278999, 32.516211 ], [ -80.280674, 32.515096 ], [ -80.282689, 32.513611 ], [ -80.284383, 32.512464 ], [ -80.288382, 32.509386 ], [ -80.289537, 32.508444 ], [ -80.291023, 32.507134 ], [ -80.291442, 32.506855 ], [ -80.292946, 32.505563 ], [ -80.294114, 32.504635 ], [ -80.295224, 32.503647 ], [ -80.296109, 32.503139 ], [ -80.296889, 32.502523 ], [ -80.297335, 32.502272 ], [ -80.298126, 32.501667 ], [ -80.299045, 32.501195 ], [ -80.299457, 32.50091 ], [ -80.299815, 32.500568 ], [ -80.300673, 32.500035 ], [ -80.301425, 32.499398 ], [ -80.30195, 32.499236 ], [ -80.302374, 32.498968 ], [ -80.302745, 32.498643 ], [ -80.303598, 32.498113 ], [ -80.304378, 32.497494 ], [ -80.305246, 32.496971 ], [ -80.305989, 32.496312 ], [ -80.306501, 32.496134 ], [ -80.307642, 32.495174 ], [ -80.308478, 32.494616 ], [ -80.309231, 32.493967 ], [ -80.310428, 32.493067 ], [ -80.312509, 32.491662 ], [ -80.313669, 32.490722 ], [ -80.314484, 32.49014 ], [ -80.314833, 32.489787 ], [ -80.315672, 32.489232 ], [ -80.317236, 32.487997 ], [ -80.318529, 32.487202 ], [ -80.318931, 32.486906 ], [ -80.320271, 32.486162 ], [ -80.321119, 32.485616 ], [ -80.321591, 32.485396 ], [ -80.322445, 32.484862 ], [ -80.324435, 32.483425 ], [ -80.325552, 32.482344 ], [ -80.326398, 32.481765 ], [ -80.327196, 32.481107 ], [ -80.327646, 32.480862 ], [ -80.329829, 32.479475 ], [ -80.330334, 32.479232 ], [ -80.330814, 32.478934 ], [ -80.331865, 32.478509 ], [ -80.3331, 32.478094 ], [ -80.33443, 32.477802 ], [ -80.336357, 32.477922 ], [ -80.337028, 32.478218 ], [ -80.337652, 32.478424 ], [ -80.338728, 32.478899 ], [ -80.33911, 32.479462 ], [ -80.339646, 32.479814 ], [ -80.34024, 32.480111 ], [ -80.340721, 32.48049 ], [ -80.34143, 32.481329 ], [ -80.341898, 32.482313 ], [ -80.342483, 32.484095 ], [ -80.343187, 32.485802 ], [ -80.343659, 32.487102 ], [ -80.344352, 32.489304 ], [ -80.344908, 32.490576 ], [ -80.345346, 32.491416 ], [ -80.346123, 32.49266 ], [ -80.346322, 32.493101 ] ] } },
{ "type": "Feature", "properties": { "year": 2025 }, "geometry": { "type": "LineString", "coordinates": [ [ -80.194075, 32.559521 ], [ -80.194398, 32.559139 ], [ -80.195855, 32.558865 ], [ -80.196401, 32.55869 ], [ -80.197403, 32.558903 ], [ -80.197811, 32.558762 ], [ -80.198516, 32.558423 ], [ -80.199674, 32.557743 ], [ -80.200573, 32.557334 ], [ -80.202113, 32.556861 ], [ -80.203742, 32.556505 ], [ -80.204767, 32.556187 ], [ -80.205744, 32.555807 ], [ -80.206648, 32.55533 ], [ -80.207957, 32.554551 ], [ -80.20879, 32.55398 ], [ -80.209572, 32.553344 ], [ -80.210019, 32.553097 ], [ -80.210521, 32.552926 ], [ -80.211646, 32.552819 ], [ -80.213174, 32.552476 ], [ -80.215061, 32.551785 ], [ -80.219122, 32.550533 ], [ -80.221553, 32.549592 ], [ -80.222059, 32.549432 ], [ -80.225394, 32.548012 ], [ -80.230509, 32.545595 ], [ -80.231378, 32.545064 ], [ -80.23233, 32.544658 ], [ -80.233228, 32.544171 ], [ -80.235073, 32.543269 ], [ -80.236408, 32.54252 ], [ -80.237339, 32.542082 ], [ -80.237777, 32.541822 ], [ -80.23829, 32.541673 ], [ -80.238937, 32.541725 ], [ -80.239189, 32.541188 ], [ -80.239553, 32.540818 ], [ -80.240012, 32.540589 ], [ -80.24126, 32.539712 ], [ -80.244008, 32.538258 ], [ -80.244464, 32.537958 ], [ -80.245447, 32.537462 ], [ -80.247812, 32.536159 ], [ -80.249519, 32.535075 ], [ -80.249923, 32.534775 ], [ -80.250385, 32.534549 ], [ -80.250791, 32.534252 ], [ -80.252085, 32.533456 ], [ -80.253005, 32.533 ], [ -80.254719, 32.531924 ], [ -80.255206, 32.53173 ], [ -80.255906, 32.53181 ], [ -80.256664, 32.531963 ], [ -80.256954, 32.531517 ], [ -80.258088, 32.530517 ], [ -80.258933, 32.529964 ], [ -80.259735, 32.529355 ], [ -80.263133, 32.527166 ], [ -80.263583, 32.526925 ], [ -80.265727, 32.525584 ], [ -80.267056, 32.524833 ], [ -80.268767, 32.523755 ], [ -80.275482, 32.519041 ], [ -80.275931, 32.518765 ], [ -80.276331, 32.518463 ], [ -80.27668, 32.518105 ], [ -80.277116, 32.517846 ], [ -80.277919, 32.517248 ], [ -80.278246, 32.516865 ], [ -80.278646, 32.516565 ], [ -80.279003, 32.516215 ], [ -80.280696, 32.51512 ], [ -80.283976, 32.512775 ], [ -80.287179, 32.510277 ], [ -80.289097, 32.5087 ], [ -80.289521, 32.508428 ], [ -80.290632, 32.507441 ], [ -80.292561, 32.505876 ], [ -80.293291, 32.505208 ], [ -80.294492, 32.504314 ], [ -80.295203, 32.503625 ], [ -80.295669, 32.503396 ], [ -80.296093, 32.503123 ], [ -80.296855, 32.502487 ], [ -80.297723, 32.501962 ], [ -80.298103, 32.501643 ], [ -80.299, 32.501148 ], [ -80.301445, 32.499419 ], [ -80.301935, 32.49922 ], [ -80.302708, 32.498603 ], [ -80.303592, 32.498106 ], [ -80.304355, 32.49747 ], [ -80.305233, 32.496957 ], [ -80.305589, 32.49661 ], [ -80.305999, 32.496322 ], [ -80.306484, 32.496116 ], [ -80.307246, 32.495477 ], [ -80.308057, 32.494892 ], [ -80.308805, 32.494238 ], [ -80.309627, 32.493664 ], [ -80.309998, 32.493334 ], [ -80.310407, 32.493044 ], [ -80.310865, 32.492809 ], [ -80.311635, 32.492179 ], [ -80.312091, 32.49194 ], [ -80.313244, 32.490993 ], [ -80.314075, 32.49043 ], [ -80.314818, 32.48977 ], [ -80.315266, 32.489524 ], [ -80.316013, 32.488868 ], [ -80.316842, 32.488303 ], [ -80.317224, 32.487984 ], [ -80.318083, 32.487452 ], [ -80.318897, 32.486869 ], [ -80.319828, 32.486414 ], [ -80.320647, 32.485837 ], [ -80.321575, 32.485379 ], [ -80.32404, 32.483724 ], [ -80.324426, 32.483412 ], [ -80.325135, 32.482649 ], [ -80.325976, 32.482056 ], [ -80.327187, 32.481093 ], [ -80.328463, 32.480237 ], [ -80.328931, 32.480022 ], [ -80.330297, 32.479163 ], [ -80.331308, 32.478649 ], [ -80.333096, 32.478073 ], [ -80.334429, 32.477769 ], [ -80.335696, 32.477824 ], [ -80.336356, 32.477928 ], [ -80.336991, 32.478324 ], [ -80.337624, 32.478487 ], [ -80.338154, 32.478745 ], [ -80.338728, 32.4789 ], [ -80.339114, 32.479457 ], [ -80.339663, 32.479795 ], [ -80.340264, 32.48009 ], [ -80.3408, 32.480434 ], [ -80.341197, 32.480827 ], [ -80.341519, 32.481281 ], [ -80.341775, 32.481772 ], [ -80.342154, 32.482743 ], [ -80.342673, 32.484517 ], [ -80.343375, 32.486225 ], [ -80.343839, 32.487528 ], [ -80.344532, 32.489729 ], [ -80.344706, 32.490156 ], [ -80.346342, 32.493097 ] ] } },
{ "type": "Feature", "properties": { "year": 2026 }, "geometry": { "type": "LineString", "coordinates": [ [ -80.194106, 32.559534 ], [ -80.194527, 32.559201 ], [ -80.195921, 32.558904 ], [ -80.196471, 32.558735 ], [ -80.197529, 32.558995 ], [ -80.198315, 32.558729 ], [ -80.198674, 32.55859 ], [ -80.199331, 32.55806 ], [ -80.200107, 32.557535 ], [ -80.201059, 32.557141 ], [ -80.202089, 32.55683 ], [ -80.203721, 32.556477 ], [ -80.205772, 32.555843 ], [ -80.208037, 32.554657 ], [ -80.208913, 32.554143 ], [ -80.210182, 32.553312 ], [ -80.211089, 32.552876 ], [ -80.213627, 32.552286 ], [ -80.216575, 32.551302 ], [ -80.219163, 32.550593 ], [ -80.222104, 32.5495 ], [ -80.225463, 32.548115 ], [ -80.227297, 32.547197 ], [ -80.22918, 32.546353 ], [ -80.230563, 32.545675 ], [ -80.231432, 32.545144 ], [ -80.232371, 32.544718 ], [ -80.234649, 32.543549 ], [ -80.235596, 32.543135 ], [ -80.23648, 32.542627 ], [ -80.237861, 32.541948 ], [ -80.238488, 32.541969 ], [ -80.238973, 32.541778 ], [ -80.239212, 32.541223 ], [ -80.239556, 32.540822 ], [ -80.241746, 32.539523 ], [ -80.242683, 32.539094 ], [ -80.248313, 32.535984 ], [ -80.24999, 32.53486 ], [ -80.250442, 32.534622 ], [ -80.252151, 32.533541 ], [ -80.253065, 32.533076 ], [ -80.25433, 32.532243 ], [ -80.254781, 32.532004 ], [ -80.255286, 32.531832 ], [ -80.256695, 32.532003 ], [ -80.257056, 32.531648 ], [ -80.257358, 32.531216 ], [ -80.258134, 32.530576 ], [ -80.259015, 32.530068 ], [ -80.2598, 32.529439 ], [ -80.261114, 32.528669 ], [ -80.261522, 32.528374 ], [ -80.262822, 32.527587 ], [ -80.264072, 32.526734 ], [ -80.267131, 32.52493 ], [ -80.270116, 32.52303 ], [ -80.271712, 32.521804 ], [ -80.275133, 32.519434 ], [ -80.276353, 32.518489 ], [ -80.277106, 32.517834 ], [ -80.277971, 32.517308 ], [ -80.278313, 32.516941 ], [ -80.28365, 32.513178 ], [ -80.285688, 32.511625 ], [ -80.28955, 32.508458 ], [ -80.290729, 32.507541 ], [ -80.292577, 32.505893 ], [ -80.294546, 32.50437 ], [ -80.295249, 32.503673 ], [ -80.295652, 32.503378 ], [ -80.296537, 32.502871 ], [ -80.296904, 32.502539 ], [ -80.297783, 32.502024 ], [ -80.29815, 32.501692 ], [ -80.298576, 32.501421 ], [ -80.299043, 32.501193 ], [ -80.29985, 32.500604 ], [ -80.300716, 32.50008 ], [ -80.301491, 32.499467 ], [ -80.302395, 32.498991 ], [ -80.304044, 32.497865 ], [ -80.304413, 32.497533 ], [ -80.305288, 32.497017 ], [ -80.306055, 32.496383 ], [ -80.306939, 32.495877 ], [ -80.307674, 32.495209 ], [ -80.30851, 32.494651 ], [ -80.309258, 32.493996 ], [ -80.310477, 32.49312 ], [ -80.310917, 32.492866 ], [ -80.311694, 32.492243 ], [ -80.312973, 32.491433 ], [ -80.31331, 32.491065 ], [ -80.314147, 32.490508 ], [ -80.314536, 32.490197 ], [ -80.31488, 32.489838 ], [ -80.315325, 32.489588 ], [ -80.315724, 32.489288 ], [ -80.316471, 32.488633 ], [ -80.317326, 32.488096 ], [ -80.317699, 32.487767 ], [ -80.318115, 32.487486 ], [ -80.318571, 32.487248 ], [ -80.319403, 32.486686 ], [ -80.320316, 32.486211 ], [ -80.321157, 32.485658 ], [ -80.322082, 32.485197 ], [ -80.322498, 32.484922 ], [ -80.323268, 32.484327 ], [ -80.324109, 32.483818 ], [ -80.325581, 32.482392 ], [ -80.326446, 32.481845 ], [ -80.327223, 32.481152 ], [ -80.329851, 32.479513 ], [ -80.330829, 32.478965 ], [ -80.332463, 32.478349 ], [ -80.33311, 32.478146 ], [ -80.33443, 32.477867 ], [ -80.335054, 32.477874 ], [ -80.336341, 32.477997 ], [ -80.33697, 32.478386 ], [ -80.337592, 32.478559 ], [ -80.338118, 32.478815 ], [ -80.338674, 32.478993 ], [ -80.339027, 32.47958 ], [ -80.340638, 32.48055 ], [ -80.341096, 32.48089 ], [ -80.341742, 32.481787 ], [ -80.34196, 32.482289 ], [ -80.342661, 32.484521 ], [ -80.343313, 32.486247 ], [ -80.34447, 32.489751 ], [ -80.344798, 32.490615 ], [ -80.345584, 32.491831 ], [ -80.346242, 32.493115 ] ] } }
]
}
