{
"type": "FeatureCollection",
"name": "transects",
"crs": { "type": "name", "properties": { "name": "urn:ogc:def:crs:OGC:1.3:CRS84" } },
"xy_coordinate_resolution": 1e-06,
"features": [
{ "type": "Feature", "properties": { "lrr_hist_ft": -4.9, "lrr_sat_ft": -18.2, "lrr_since_2016_ft": null, "usgs_lrr_ft": -5.2, "epr_hist_ft": -4.0, "net_since_first_ft": null, "net_hist_ft": -145.0, "sat_change_since_2018_ft": null, "segment": "Botany Bay Island, NE end", "first_year": 1964, "trans_order": 4382 }, "geometry": { "type": "LineString", "coordinates": [ [ -80.193904, 32.566059 ], [ -80.19508, 32.565605 ], [ -80.195659, 32.565382 ] ] } },
{ "type": "Feature", "properties": { "lrr_hist_ft": null, "lrr_sat_ft": -31.5, "lrr_since_2016_ft": null, "usgs_lrr_ft": -6.8, "epr_hist_ft": 16.8, "net_since_first_ft": null, "net_hist_ft": 101.0, "sat_change_since_2018_ft": null, "segment": "Botany Bay Island, NE end", "first_year": 1964, "trans_order": 4383 }, "geometry": { "type": "LineString", "coordinates": [ [ -80.193543, 32.565679 ], [ -80.194852, 32.565198 ], [ -80.195643, 32.564907 ] ] } },
{ "type": "Feature", "properties": { "lrr_hist_ft": null, "lrr_sat_ft": -30.1, "lrr_since_2016_ft": null, "usgs_lrr_ft": -7.9, "epr_hist_ft": 20.0, "net_since_first_ft": null, "net_hist_ft": 120.0, "sat_change_since_2018_ft": null, "segment": "Botany Bay Island, NE end", "first_year": 1964, "trans_order": 4384 }, "geometry": { "type": "LineString", "coordinates": [ [ -80.193215, 32.565284 ], [ -80.194624, 32.56479 ], [ -80.195647, 32.564431 ] ] } },
{ "type": "Feature", "properties": { "lrr_hist_ft": null, "lrr_sat_ft": -33.2, "lrr_since_2016_ft": null, "usgs_lrr_ft": -8.9, "epr_hist_ft": 26.6, "net_since_first_ft": null, "net_hist_ft": 160.0, "sat_change_since_2018_ft": null, "segment": "Botany Bay Island, NE end", "first_year": 1964, "trans_order": 4385 }, "geometry": { "type": "LineString", "coordinates": [ [ -80.192886, 32.564886 ], [ -80.194396, 32.564383 ], [ -80.195741, 32.563934 ] ] } },
{ "type": "Feature", "properties": { "lrr_hist_ft": null, "lrr_sat_ft": 1.9, "lrr_since_2016_ft": null, "usgs_lrr_ft": -10.4, "epr_hist_ft": 0.0, "net_since_first_ft": null, "net_hist_ft": 0.0, "sat_change_since_2018_ft": null, "segment": "Botany Bay Island, NE end", "first_year": 1964, "trans_order": 4386 }, "geometry": { "type": "LineString", "coordinates": [ [ -80.192529, 32.564456 ], [ -80.194229, 32.563955 ], [ -80.195909, 32.563459 ] ] } },
{ "type": "Feature", "properties": { "lrr_hist_ft": null, "lrr_sat_ft": null, "lrr_since_2016_ft": null, "usgs_lrr_ft": -11.7, "epr_hist_ft": -34.5, "net_since_first_ft": null, "net_hist_ft": -207.0, "sat_change_since_2018_ft": null, "segment": "Botany Bay Island, NE end", "first_year": 1964, "trans_order": 4387 }, "geometry": { "type": "LineString", "coordinates": [ [ -80.192222, 32.56399 ], [ -80.19407, 32.563524 ], [ -80.196141, 32.563002 ] ] } },
{ "type": "Feature", "properties": { "lrr_hist_ft": null, "lrr_sat_ft": null, "lrr_since_2016_ft": null, "usgs_lrr_ft": -13.8, "epr_hist_ft": -40.5, "net_since_first_ft": null, "net_hist_ft": -243.0, "sat_change_since_2018_ft": null, "segment": "Botany Bay Island, NE end", "first_year": 1964, "trans_order": 4388 }, "geometry": { "type": "LineString", "coordinates": [ [ -80.191922, 32.563512 ], [ -80.19391, 32.563094 ], [ -80.196497, 32.56255 ] ] } },
{ "type": "Feature", "properties": { "lrr_hist_ft": null, "lrr_sat_ft": null, "lrr_since_2016_ft": null, "usgs_lrr_ft": -15.5, "epr_hist_ft": -32.5, "net_since_first_ft": null, "net_hist_ft": -195.0, "sat_change_since_2018_ft": null, "segment": "Botany Bay Island, NE end", "first_year": 1964, "trans_order": 4389 }, "geometry": { "type": "LineString", "coordinates": [ [ -80.191582, 32.562953 ], [ -80.193751, 32.562664 ], [ -80.196739, 32.562265 ] ] } },
{ "type": "Feature", "properties": { "lrr_hist_ft": null, "lrr_sat_ft": null, "lrr_since_2016_ft": null, "usgs_lrr_ft": -7.2, "epr_hist_ft": -13.0, "net_since_first_ft": null, "net_hist_ft": -78.0, "sat_change_since_2018_ft": null, "segment": "Botany Bay Island, NE end", "first_year": 1964, "trans_order": 4393 }, "geometry": { "type": "LineString", "coordinates": [ [ -80.190676, 32.560217 ], [ -80.193749, 32.560903 ], [ -80.197264, 32.561687 ] ] } },
{ "type": "Feature", "properties": { "lrr_hist_ft": null, "lrr_sat_ft": 1.8, "lrr_since_2016_ft": null, "usgs_lrr_ft": -7.7, "epr_hist_ft": 0.0, "net_since_first_ft": null, "net_hist_ft": 0.0, "sat_change_since_2018_ft": null, "segment": "Botany Bay Island, NE end", "first_year": 1964, "trans_order": 4394 }, "geometry": { "type": "LineString", "coordinates": [ [ -80.190724, 32.559532 ], [ -80.194009, 32.560509 ], [ -80.197422, 32.561525 ] ] } },
{ "type": "Feature", "properties": { "lrr_hist_ft": null, "lrr_sat_ft": -55.1, "lrr_since_2016_ft": null, "usgs_lrr_ft": -8.9, "epr_hist_ft": 6.6, "net_since_first_ft": null, "net_hist_ft": 40.0, "sat_change_since_2018_ft": null, "segment": "Botany Bay Island, NE end", "first_year": 1964, "trans_order": 4395 }, "geometry": { "type": "LineString", "coordinates": [ [ -80.190606, 32.558762 ], [ -80.194269, 32.560116 ], [ -80.197578, 32.561338 ] ] } },
{ "type": "Feature", "properties": { "lrr_hist_ft": -26.0, "lrr_sat_ft": -20.6, "lrr_since_2016_ft": null, "usgs_lrr_ft": -10.6, "epr_hist_ft": -24.1, "net_since_first_ft": null, "net_hist_ft": -867.0, "sat_change_since_2018_ft": null, "segment": "Botany Bay Island, NE end", "first_year": 1964, "trans_order": 4396 }, "geometry": { "type": "LineString", "coordinates": [ [ -80.190427, 32.557901 ], [ -80.194529, 32.559722 ], [ -80.197737, 32.561146 ] ] } },
{ "type": "Feature", "properties": { "lrr_hist_ft": -24.2, "lrr_sat_ft": -21.2, "lrr_since_2016_ft": null, "usgs_lrr_ft": -12.2, "epr_hist_ft": -22.8, "net_since_first_ft": null, "net_hist_ft": -821.0, "sat_change_since_2018_ft": null, "segment": "Botany Bay Island, NE end", "first_year": 1964, "trans_order": 4397 }, "geometry": { "type": "LineString", "coordinates": [ [ -80.190334, 32.557166 ], [ -80.194789, 32.559328 ], [ -80.197918, 32.560847 ] ] } },
{ "type": "Feature", "properties": { "lrr_hist_ft": -20.3, "lrr_sat_ft": -16.0, "lrr_since_2016_ft": 1.5, "usgs_lrr_ft": -14.1, "epr_hist_ft": -17.0, "net_since_first_ft": -878.0, "net_hist_ft": -916.0, "sat_change_since_2018_ft": 39.0, "segment": "Botany Bay Island, NE end", "first_year": 1964, "trans_order": 4398 }, "geometry": { "type": "LineString", "coordinates": [ [ -80.190085, 32.556269 ], [ -80.195049, 32.558935 ], [ -80.198214, 32.560634 ] ] } },
{ "type": "Feature", "properties": { "lrr_hist_ft": -18.5, "lrr_sat_ft": -11.7, "lrr_since_2016_ft": 0.0, "usgs_lrr_ft": -16.1, "epr_hist_ft": -14.5, "net_since_first_ft": -766.0, "net_hist_ft": -782.0, "sat_change_since_2018_ft": 17.0, "segment": "Botany Bay Island, NE end", "first_year": 1964, "trans_order": 4399 }, "geometry": { "type": "LineString", "coordinates": [ [ -80.189794, 32.555275 ], [ -80.195309, 32.558541 ], [ -80.19851, 32.560437 ] ] } },
{ "type": "Feature", "properties": { "lrr_hist_ft": -17.0, "lrr_sat_ft": -8.4, "lrr_since_2016_ft": -2.5, "usgs_lrr_ft": -17.8, "epr_hist_ft": -12.6, "net_since_first_ft": -684.0, "net_hist_ft": -677.0, "sat_change_since_2018_ft": -6.0, "segment": "Botany Bay Island, NE end", "first_year": 1964, "trans_order": 4400 }, "geometry": { "type": "LineString", "coordinates": [ [ -80.189715, 32.554333 ], [ -80.195569, 32.558148 ], [ -80.198809, 32.560259 ] ] } },
{ "type": "Feature", "properties": { "lrr_hist_ft": -4.1, "lrr_sat_ft": 6.5, "lrr_since_2016_ft": 1.2, "usgs_lrr_ft": -18.6, "epr_hist_ft": -11.7, "net_since_first_ft": -987.0, "net_hist_ft": -996.0, "sat_change_since_2018_ft": 8.0, "segment": "Botany Bay Island, NE end", "first_year": 1933, "trans_order": 4401 }, "geometry": { "type": "LineString", "coordinates": [ [ -80.190119, 32.553579 ], [ -80.195863, 32.557778 ], [ -80.199039, 32.5601 ] ] } },
{ "type": "Feature", "properties": { "lrr_hist_ft": -4.7, "lrr_sat_ft": 4.8, "lrr_since_2016_ft": 1.4, "usgs_lrr_ft": -19.1, "epr_hist_ft": -12.0, "net_since_first_ft": -1010.0, "net_hist_ft": -1018.0, "sat_change_since_2018_ft": 9.0, "segment": "Botany Bay Island, NE end", "first_year": 1933, "trans_order": 4402 }, "geometry": { "type": "LineString", "coordinates": [ [ -80.190733, 32.552904 ], [ -80.196271, 32.557488 ], [ -80.199245, 32.559949 ] ] } },
{ "type": "Feature", "properties": { "lrr_hist_ft": -11.5, "lrr_sat_ft": 3.6, "lrr_since_2016_ft": 1.6, "usgs_lrr_ft": -19.3, "epr_hist_ft": -14.1, "net_since_first_ft": -1363.0, "net_hist_ft": -1371.0, "sat_change_since_2018_ft": 8.0, "segment": "Botany Bay Island, NE end", "first_year": 1921, "trans_order": 4403 }, "geometry": { "type": "LineString", "coordinates": [ [ -80.191475, 32.552325 ], [ -80.196678, 32.557197 ], [ -80.199466, 32.559808 ] ] } },
{ "type": "Feature", "properties": { "lrr_hist_ft": -11.9, "lrr_sat_ft": 2.2, "lrr_since_2016_ft": 1.7, "usgs_lrr_ft": -19.5, "epr_hist_ft": -14.3, "net_since_first_ft": -1367.0, "net_hist_ft": -1384.0, "sat_change_since_2018_ft": 17.0, "segment": "Botany Bay Island, NE end", "first_year": 1921, "trans_order": 4404 }, "geometry": { "type": "LineString", "coordinates": [ [ -80.192269, 32.551802 ], [ -80.197086, 32.556907 ], [ -80.199692, 32.559668 ] ] } },
{ "type": "Feature", "properties": { "lrr_hist_ft": -12.3, "lrr_sat_ft": 1.0, "lrr_since_2016_ft": 3.3, "usgs_lrr_ft": -19.7, "epr_hist_ft": -14.4, "net_since_first_ft": -1357.0, "net_hist_ft": -1390.0, "sat_change_since_2018_ft": 34.0, "segment": "Botany Bay Island, NE end", "first_year": 1921, "trans_order": 4405 }, "geometry": { "type": "LineString", "coordinates": [ [ -80.193037, 32.551378 ], [ -80.197521, 32.556648 ], [ -80.199932, 32.559482 ] ] } },
{ "type": "Feature", "properties": { "lrr_hist_ft": -12.9, "lrr_sat_ft": -0.2, "lrr_since_2016_ft": 4.8, "usgs_lrr_ft": -19.8, "epr_hist_ft": -14.6, "net_since_first_ft": -1361.0, "net_hist_ft": -1415.0, "sat_change_since_2018_ft": 54.0, "segment": "Botany Bay Island, NE end", "first_year": 1921, "trans_order": 4406 }, "geometry": { "type": "LineString", "coordinates": [ [ -80.193605, 32.551098 ], [ -80.197969, 32.556404 ], [ -80.20026, 32.55919 ] ] } },
{ "type": "Feature", "properties": { "lrr_hist_ft": -13.8, "lrr_sat_ft": -1.3, "lrr_since_2016_ft": 6.6, "usgs_lrr_ft": -20.0, "epr_hist_ft": -15.4, "net_since_first_ft": -1424.0, "net_hist_ft": -1495.0, "sat_change_since_2018_ft": 71.0, "segment": "Botany Bay Island, NE end", "first_year": 1921, "trans_order": 4407 }, "geometry": { "type": "LineString", "coordinates": [ [ -80.194185, 32.550834 ], [ -80.198417, 32.55616 ], [ -80.200545, 32.558839 ] ] } },
{ "type": "Feature", "properties": { "lrr_hist_ft": -14.8, "lrr_sat_ft": -2.3, "lrr_since_2016_ft": 8.6, "usgs_lrr_ft": -20.2, "epr_hist_ft": -16.4, "net_since_first_ft": -1514.0, "net_hist_ft": -1589.0, "sat_change_since_2018_ft": 75.0, "segment": "Botany Bay Island, NE end", "first_year": 1921, "trans_order": 4408 }, "geometry": { "type": "LineString", "coordinates": [ [ -80.194777, 32.55059 ], [ -80.198865, 32.555917 ], [ -80.200915, 32.558588 ] ] } },
{ "type": "Feature", "properties": { "lrr_hist_ft": -20.1, "lrr_sat_ft": -3.3, "lrr_since_2016_ft": 7.3, "usgs_lrr_ft": -20.4, "epr_hist_ft": -18.9, "net_since_first_ft": -3029.0, "net_hist_ft": -3092.0, "sat_change_since_2018_ft": 63.0, "segment": "Botany Bay Island, NE end", "first_year": 1854, "trans_order": 4409 }, "geometry": { "type": "LineString", "coordinates": [ [ -80.195326, 32.550417 ], [ -80.199313, 32.555673 ], [ -80.201281, 32.558267 ] ] } },
{ "type": "Feature", "properties": { "lrr_hist_ft": -20.3, "lrr_sat_ft": -4.7, "lrr_since_2016_ft": 7.8, "usgs_lrr_ft": -20.5, "epr_hist_ft": -18.9, "net_since_first_ft": -3016.0, "net_hist_ft": -3100.0, "sat_change_since_2018_ft": 84.0, "segment": "Botany Bay Island, NE end", "first_year": 1854, "trans_order": 4410 }, "geometry": { "type": "LineString", "coordinates": [ [ -80.195807, 32.550216 ], [ -80.199761, 32.555429 ], [ -80.201687, 32.557969 ] ] } },
{ "type": "Feature", "properties": { "lrr_hist_ft": -20.4, "lrr_sat_ft": -6.6, "lrr_since_2016_ft": 4.6, "usgs_lrr_ft": -20.7, "epr_hist_ft": -18.9, "net_since_first_ft": -3046.0, "net_hist_ft": -3104.0, "sat_change_since_2018_ft": 59.0, "segment": "Botany Bay Island, NE end", "first_year": 1854, "trans_order": 4411 }, "geometry": { "type": "LineString", "coordinates": [ [ -80.196286, 32.550014 ], [ -80.200209, 32.555185 ], [ -80.20208, 32.557652 ] ] } },
{ "type": "Feature", "properties": { "lrr_hist_ft": -20.4, "lrr_sat_ft": -7.7, "lrr_since_2016_ft": 2.6, "usgs_lrr_ft": -20.6, "epr_hist_ft": -18.8, "net_since_first_ft": -3023.0, "net_hist_ft": -3077.0, "sat_change_since_2018_ft": 55.0, "segment": "Botany Bay Island, NE end", "first_year": 1854, "trans_order": 4412 }, "geometry": { "type": "LineString", "coordinates": [ [ -80.196818, 32.549881 ], [ -80.200657, 32.554941 ], [ -80.202424, 32.55727 ] ] } },
{ "type": "Feature", "properties": { "lrr_hist_ft": -20.3, "lrr_sat_ft": -7.4, "lrr_since_2016_ft": -2.3, "usgs_lrr_ft": -20.6, "epr_hist_ft": -18.6, "net_since_first_ft": -3049.0, "net_hist_ft": -3047.0, "sat_change_since_2018_ft": -2.0, "segment": "Botany Bay Heritage Preserve", "first_year": 1854, "trans_order": 4413 }, "geometry": { "type": "LineString", "coordinates": [ [ -80.197346, 32.549742 ], [ -80.201105, 32.554698 ], [ -80.202883, 32.557042 ] ] } },
{ "type": "Feature", "properties": { "lrr_hist_ft": -20.3, "lrr_sat_ft": -8.1, "lrr_since_2016_ft": -5.9, "usgs_lrr_ft": -20.6, "epr_hist_ft": -18.4, "net_since_first_ft": -3056.0, "net_hist_ft": -3015.0, "sat_change_since_2018_ft": -41.0, "segment": "Botany Bay Heritage Preserve", "first_year": 1854, "trans_order": 4414 }, "geometry": { "type": "LineString", "coordinates": [ [ -80.197877, 32.549608 ], [ -80.201553, 32.554454 ], [ -80.203399, 32.556888 ] ] } },
{ "type": "Feature", "properties": { "lrr_hist_ft": -20.3, "lrr_sat_ft": -8.4, "lrr_since_2016_ft": -10.4, "usgs_lrr_ft": -20.6, "epr_hist_ft": -18.3, "net_since_first_ft": -3098.0, "net_hist_ft": -2997.0, "sat_change_since_2018_ft": -100.0, "segment": "Botany Bay Heritage Preserve", "first_year": 1854, "trans_order": 4415 }, "geometry": { "type": "LineString", "coordinates": [ [ -80.198373, 32.549427 ], [ -80.202001, 32.55421 ], [ -80.203888, 32.556697 ] ] } },
{ "type": "Feature", "properties": { "lrr_hist_ft": -20.2, "lrr_sat_ft": -8.4, "lrr_since_2016_ft": -12.4, "usgs_lrr_ft": -20.5, "epr_hist_ft": -18.1, "net_since_first_ft": -3087.0, "net_hist_ft": -2964.0, "sat_change_since_2018_ft": -123.0, "segment": "Botany Bay Heritage Preserve", "first_year": 1854, "trans_order": 4416 }, "geometry": { "type": "LineString", "coordinates": [ [ -80.198913, 32.549304 ], [ -80.202449, 32.553966 ], [ -80.204378, 32.556509 ] ] } },
{ "type": "Feature", "properties": { "lrr_hist_ft": -19.7, "lrr_sat_ft": -7.5, "lrr_since_2016_ft": -13.2, "usgs_lrr_ft": -20.0, "epr_hist_ft": -17.8, "net_since_first_ft": -3040.0, "net_hist_ft": -2925.0, "sat_change_since_2018_ft": -115.0, "segment": "Botany Bay Heritage Preserve", "first_year": 1854, "trans_order": 4417 }, "geometry": { "type": "LineString", "coordinates": [ [ -80.199459, 32.54919 ], [ -80.202897, 32.553723 ], [ -80.204879, 32.556335 ] ] } },
{ "type": "Feature", "properties": { "lrr_hist_ft": -21.0, "lrr_sat_ft": -5.4, "lrr_since_2016_ft": null, "usgs_lrr_ft": -21.2, "epr_hist_ft": -18.5, "net_since_first_ft": null, "net_hist_ft": -2882.0, "sat_change_since_2018_ft": null, "segment": "Botany Bay Island, NE end", "first_year": 1854, "trans_order": 4418 }, "geometry": { "type": "LineString", "coordinates": [ [ -80.200006, 32.549077 ], [ -80.203345, 32.553479 ], [ -80.205431, 32.556228 ] ] } },
{ "type": "Feature", "properties": { "lrr_hist_ft": -21.5, "lrr_sat_ft": -2.5, "lrr_since_2016_ft": null, "usgs_lrr_ft": -21.7, "epr_hist_ft": -18.5, "net_since_first_ft": null, "net_hist_ft": -2880.0, "sat_change_since_2018_ft": null, "segment": "Botany Bay Island, NE end", "first_year": 1854, "trans_order": 4419 }, "geometry": { "type": "LineString", "coordinates": [ [ -80.200482, 32.54887 ], [ -80.203793, 32.553235 ], [ -80.206004, 32.556149 ] ] } },
{ "type": "Feature", "properties": { "lrr_hist_ft": -21.7, "lrr_sat_ft": -1.8, "lrr_since_2016_ft": null, "usgs_lrr_ft": -21.9, "epr_hist_ft": -18.5, "net_since_first_ft": null, "net_hist_ft": -2879.0, "sat_change_since_2018_ft": null, "segment": "Botany Bay Heritage Preserve", "first_year": 1854, "trans_order": 4420 }, "geometry": { "type": "LineString", "coordinates": [ [ -80.200969, 32.548678 ], [ -80.204241, 32.552991 ], [ -80.206619, 32.556125 ] ] } },
{ "type": "Feature", "properties": { "lrr_hist_ft": -21.8, "lrr_sat_ft": -1.0, "lrr_since_2016_ft": null, "usgs_lrr_ft": -22.0, "epr_hist_ft": -18.2, "net_since_first_ft": null, "net_hist_ft": -2840.0, "sat_change_since_2018_ft": null, "segment": "Botany Bay Heritage Preserve", "first_year": 1854, "trans_order": 4421 }, "geometry": { "type": "LineString", "coordinates": [ [ -80.20151, 32.548557 ], [ -80.204689, 32.552747 ], [ -80.207299, 32.556187 ] ] } },
{ "type": "Feature", "properties": { "lrr_hist_ft": -22.0, "lrr_sat_ft": 1.9, "lrr_since_2016_ft": null, "usgs_lrr_ft": -22.2, "epr_hist_ft": -18.0, "net_since_first_ft": null, "net_hist_ft": -2802.0, "sat_change_since_2018_ft": null, "segment": "Botany Bay Heritage Preserve", "first_year": 1854, "trans_order": 4422 }, "geometry": { "type": "LineString", "coordinates": [ [ -80.202031, 32.548409 ], [ -80.205137, 32.552504 ], [ -80.208119, 32.556434 ] ] } },
{ "type": "Feature", "properties": { "lrr_hist_ft": -22.3, "lrr_sat_ft": 0.2, "lrr_since_2016_ft": null, "usgs_lrr_ft": -22.6, "epr_hist_ft": -17.8, "net_since_first_ft": null, "net_hist_ft": -2774.0, "sat_change_since_2018_ft": null, "segment": "Botany Bay Heritage Preserve", "first_year": 1854, "trans_order": 4423 }, "geometry": { "type": "LineString", "coordinates": [ [ -80.202508, 32.548203 ], [ -80.205585, 32.55226 ], [ -80.208882, 32.556605 ] ] } },
{ "type": "Feature", "properties": { "lrr_hist_ft": -22.4, "lrr_sat_ft": 0.9, "lrr_since_2016_ft": null, "usgs_lrr_ft": -22.7, "epr_hist_ft": -17.6, "net_since_first_ft": null, "net_hist_ft": -2742.0, "sat_change_since_2018_ft": null, "segment": "Botany Bay Heritage Preserve", "first_year": 1854, "trans_order": 4424 }, "geometry": { "type": "LineString", "coordinates": [ [ -80.203028, 32.548054 ], [ -80.206033, 32.552016 ], [ -80.209533, 32.556629 ] ] } },
{ "type": "Feature", "properties": { "lrr_hist_ft": -22.5, "lrr_sat_ft": 1.9, "lrr_since_2016_ft": null, "usgs_lrr_ft": -22.8, "epr_hist_ft": -17.6, "net_since_first_ft": null, "net_hist_ft": -2737.0, "sat_change_since_2018_ft": null, "segment": "Botany Bay Heritage Preserve", "first_year": 1854, "trans_order": 4425 }, "geometry": { "type": "LineString", "coordinates": [ [ -80.203526, 32.547877 ], [ -80.206481, 32.551772 ], [ -80.210086, 32.556523 ] ] } },
{ "type": "Feature", "properties": { "lrr_hist_ft": -21.2, "lrr_sat_ft": 2.1, "lrr_since_2016_ft": null, "usgs_lrr_ft": -21.5, "epr_hist_ft": -17.6, "net_since_first_ft": null, "net_hist_ft": -2750.0, "sat_change_since_2018_ft": null, "segment": "Botany Bay Heritage Preserve", "first_year": 1854, "trans_order": 4426 }, "geometry": { "type": "LineString", "coordinates": [ [ -80.204003, 32.547671 ], [ -80.206929, 32.551528 ], [ -80.210641, 32.556421 ] ] } },
{ "type": "Feature", "properties": { "lrr_hist_ft": -19.3, "lrr_sat_ft": 2.4, "lrr_since_2016_ft": null, "usgs_lrr_ft": -19.6, "epr_hist_ft": -17.7, "net_since_first_ft": null, "net_hist_ft": -2762.0, "sat_change_since_2018_ft": null, "segment": "Botany Bay Island, NE end", "first_year": 1854, "trans_order": 4427 }, "geometry": { "type": "LineString", "coordinates": [ [ -80.204475, 32.547458 ], [ -80.207377, 32.551285 ], [ -80.209322, 32.553847 ] ] } },
{ "type": "Feature", "properties": { "lrr_hist_ft": -19.5, "lrr_sat_ft": 2.1, "lrr_since_2016_ft": null, "usgs_lrr_ft": -19.7, "epr_hist_ft": -17.8, "net_since_first_ft": null, "net_hist_ft": -2780.0, "sat_change_since_2018_ft": null, "segment": "Botany Bay Island, NE end", "first_year": 1854, "trans_order": 4428 }, "geometry": { "type": "LineString", "coordinates": [ [ -80.204944, 32.547242 ], [ -80.207825, 32.551041 ], [ -80.209823, 32.553673 ] ] } },
{ "type": "Feature", "properties": { "lrr_hist_ft": -19.6, "lrr_sat_ft": 1.6, "lrr_since_2016_ft": null, "usgs_lrr_ft": -19.9, "epr_hist_ft": -18.0, "net_since_first_ft": null, "net_hist_ft": -2803.0, "sat_change_since_2018_ft": null, "segment": "Botany Bay Island, NE end", "first_year": 1854, "trans_order": 4429 }, "geometry": { "type": "LineString", "coordinates": [ [ -80.205415, 32.547029 ], [ -80.208273, 32.550797 ], [ -80.210334, 32.553512 ] ] } },
{ "type": "Feature", "properties": { "lrr_hist_ft": -21.0, "lrr_sat_ft": 1.2, "lrr_since_2016_ft": null, "usgs_lrr_ft": -21.3, "epr_hist_ft": -18.1, "net_since_first_ft": null, "net_hist_ft": -2814.0, "sat_change_since_2018_ft": null, "segment": "Botany Bay Heritage Preserve", "first_year": 1854, "trans_order": 4430 }, "geometry": { "type": "LineString", "coordinates": [ [ -80.205907, 32.546843 ], [ -80.208721, 32.550553 ], [ -80.211077, 32.553659 ] ] } },
{ "type": "Feature", "properties": { "lrr_hist_ft": -20.9, "lrr_sat_ft": 0.6, "lrr_since_2016_ft": null, "usgs_lrr_ft": -21.1, "epr_hist_ft": -18.1, "net_since_first_ft": null, "net_hist_ft": -2825.0, "sat_change_since_2018_ft": null, "segment": "Botany Bay Island, NE end", "first_year": 1854, "trans_order": 4431 }, "geometry": { "type": "LineString", "coordinates": [ [ -80.206425, 32.546639 ], [ -80.209169, 32.550309 ], [ -80.211332, 32.553202 ] ] } },
{ "type": "Feature", "properties": { "lrr_hist_ft": -20.8, "lrr_sat_ft": 0.0, "lrr_since_2016_ft": null, "usgs_lrr_ft": -21.0, "epr_hist_ft": -18.2, "net_since_first_ft": null, "net_hist_ft": -2838.0, "sat_change_since_2018_ft": null, "segment": "Botany Bay Island, NE end", "first_year": 1854, "trans_order": 4432 }, "geometry": { "type": "LineString", "coordinates": [ [ -80.20694, 32.546431 ], [ -80.209618, 32.550066 ], [ -80.211816, 32.55305 ] ] } },
{ "type": "Feature", "properties": { "lrr_hist_ft": -20.8, "lrr_sat_ft": -0.4, "lrr_since_2016_ft": null, "usgs_lrr_ft": -21.1, "epr_hist_ft": -18.4, "net_since_first_ft": null, "net_hist_ft": -2861.0, "sat_change_since_2018_ft": null, "segment": "Botany Bay Island, NE end", "first_year": 1854, "trans_order": 4433 }, "geometry": { "type": "LineString", "coordinates": [ [ -80.207432, 32.546193 ], [ -80.210066, 32.549822 ], [ -80.212296, 32.552895 ] ] } },
{ "type": "Feature", "properties": { "lrr_hist_ft": -21.0, "lrr_sat_ft": -0.9, "lrr_since_2016_ft": null, "usgs_lrr_ft": -21.2, "epr_hist_ft": -18.6, "net_since_first_ft": null, "net_hist_ft": -2901.0, "sat_change_since_2018_ft": null, "segment": "Botany Bay Island, NE end", "first_year": 1854, "trans_order": 4434 }, "geometry": { "type": "LineString", "coordinates": [ [ -80.207889, 32.545907 ], [ -80.210514, 32.549578 ], [ -80.212767, 32.55273 ] ] } },
{ "type": "Feature", "properties": { "lrr_hist_ft": -20.8, "lrr_sat_ft": -1.2, "lrr_since_2016_ft": null, "usgs_lrr_ft": -21.1, "epr_hist_ft": -18.5, "net_since_first_ft": null, "net_hist_ft": -2877.0, "sat_change_since_2018_ft": null, "segment": "Botany Bay Heritage Preserve", "first_year": 1854, "trans_order": 4435 }, "geometry": { "type": "LineString", "coordinates": [ [ -80.208444, 32.545758 ], [ -80.210976, 32.549354 ], [ -80.213238, 32.552566 ] ] } },
{ "type": "Feature", "properties": { "lrr_hist_ft": -20.9, "lrr_sat_ft": -1.6, "lrr_since_2016_ft": null, "usgs_lrr_ft": -21.1, "epr_hist_ft": -18.6, "net_since_first_ft": null, "net_hist_ft": -2891.0, "sat_change_since_2018_ft": null, "segment": "Botany Bay Heritage Preserve", "first_year": 1854, "trans_order": 4436 }, "geometry": { "type": "LineString", "coordinates": [ [ -80.208929, 32.545513 ], [ -80.211439, 32.549131 ], [ -80.213714, 32.552412 ] ] } },
{ "type": "Feature", "properties": { "lrr_hist_ft": -20.9, "lrr_sat_ft": -1.7, "lrr_since_2016_ft": null, "usgs_lrr_ft": -21.1, "epr_hist_ft": -18.6, "net_since_first_ft": null, "net_hist_ft": -2901.0, "sat_change_since_2018_ft": null, "segment": "Botany Bay Heritage Preserve", "first_year": 1854, "trans_order": 4437 }, "geometry": { "type": "LineString", "coordinates": [ [ -80.209426, 32.545283 ], [ -80.211901, 32.548908 ], [ -80.21419, 32.552258 ] ] } },
{ "type": "Feature", "properties": { "lrr_hist_ft": -20.8, "lrr_sat_ft": -1.9, "lrr_since_2016_ft": null, "usgs_lrr_ft": -21.1, "epr_hist_ft": -18.7, "net_since_first_ft": null, "net_hist_ft": -2906.0, "sat_change_since_2018_ft": null, "segment": "Botany Bay Heritage Preserve", "first_year": 1854, "trans_order": 4438 }, "geometry": { "type": "LineString", "coordinates": [ [ -80.20993, 32.545065 ], [ -80.212364, 32.548685 ], [ -80.214658, 32.552096 ] ] } },
{ "type": "Feature", "properties": { "lrr_hist_ft": -21.3, "lrr_sat_ft": -2.2, "lrr_since_2016_ft": null, "usgs_lrr_ft": -21.5, "epr_hist_ft": -18.7, "net_since_first_ft": null, "net_hist_ft": -2921.0, "sat_change_since_2018_ft": null, "segment": "Botany Bay Heritage Preserve", "first_year": 1854, "trans_order": 4439 }, "geometry": { "type": "LineString", "coordinates": [ [ -80.210391, 32.544839 ], [ -80.212827, 32.548462 ], [ -80.215166, 32.55194 ] ] } },
{ "type": "Feature", "properties": { "lrr_hist_ft": -21.3, "lrr_sat_ft": -2.7, "lrr_since_2016_ft": null, "usgs_lrr_ft": -21.5, "epr_hist_ft": -18.8, "net_since_first_ft": null, "net_hist_ft": -2927.0, "sat_change_since_2018_ft": null, "segment": "Botany Bay Heritage Preserve", "first_year": 1854, "trans_order": 4440 }, "geometry": { "type": "LineString", "coordinates": [ [ -80.21087, 32.544639 ], [ -80.21329, 32.548239 ], [ -80.21568, 32.551794 ] ] } },
{ "type": "Feature", "properties": { "lrr_hist_ft": -21.3, "lrr_sat_ft": -3.4, "lrr_since_2016_ft": null, "usgs_lrr_ft": -21.5, "epr_hist_ft": -18.9, "net_since_first_ft": null, "net_hist_ft": -2949.0, "sat_change_since_2018_ft": null, "segment": "Botany Bay Heritage Preserve", "first_year": 1854, "trans_order": 4441 }, "geometry": { "type": "LineString", "coordinates": [ [ -80.211321, 32.544398 ], [ -80.213752, 32.548015 ], [ -80.216194, 32.551647 ] ] } },
{ "type": "Feature", "properties": { "lrr_hist_ft": -21.5, "lrr_sat_ft": -4.2, "lrr_since_2016_ft": null, "usgs_lrr_ft": -21.7, "epr_hist_ft": -19.2, "net_since_first_ft": null, "net_hist_ft": -2987.0, "sat_change_since_2018_ft": null, "segment": "Botany Bay Heritage Preserve", "first_year": 1854, "trans_order": 4442 }, "geometry": { "type": "LineString", "coordinates": [ [ -80.211742, 32.544113 ], [ -80.214215, 32.547792 ], [ -80.216703, 32.551493 ] ] } },
{ "type": "Feature", "properties": { "lrr_hist_ft": -21.6, "lrr_sat_ft": -4.9, "lrr_since_2016_ft": null, "usgs_lrr_ft": -21.8, "epr_hist_ft": -19.3, "net_since_first_ft": null, "net_hist_ft": -3001.0, "sat_change_since_2018_ft": null, "segment": "Botany Bay Heritage Preserve", "first_year": 1854, "trans_order": 4443 }, "geometry": { "type": "LineString", "coordinates": [ [ -80.212204, 32.543889 ], [ -80.214678, 32.547569 ], [ -80.217209, 32.551334 ] ] } },
{ "type": "Feature", "properties": { "lrr_hist_ft": -21.5, "lrr_sat_ft": -5.6, "lrr_since_2016_ft": null, "usgs_lrr_ft": -21.7, "epr_hist_ft": -19.2, "net_since_first_ft": null, "net_hist_ft": -2989.0, "sat_change_since_2018_ft": null, "segment": "Botany Bay Heritage Preserve", "first_year": 1854, "trans_order": 4444 }, "geometry": { "type": "LineString", "coordinates": [ [ -80.212706, 32.543724 ], [ -80.215141, 32.547346 ], [ -80.217694, 32.551143 ] ] } },
{ "type": "Feature", "properties": { "lrr_hist_ft": -21.4, "lrr_sat_ft": -6.4, "lrr_since_2016_ft": null, "usgs_lrr_ft": -21.6, "epr_hist_ft": -19.2, "net_since_first_ft": null, "net_hist_ft": -2987.0, "sat_change_since_2018_ft": null, "segment": "Botany Bay Heritage Preserve", "first_year": 1854, "trans_order": 4445 }, "geometry": { "type": "LineString", "coordinates": [ [ -80.213191, 32.543534 ], [ -80.215603, 32.547123 ], [ -80.218164, 32.55093 ] ] } },
{ "type": "Feature", "properties": { "lrr_hist_ft": -21.3, "lrr_sat_ft": -7.3, "lrr_since_2016_ft": null, "usgs_lrr_ft": -21.6, "epr_hist_ft": -19.1, "net_since_first_ft": null, "net_hist_ft": -2978.0, "sat_change_since_2018_ft": null, "segment": "Botany Bay Heritage Preserve", "first_year": 1854, "trans_order": 4446 }, "geometry": { "type": "LineString", "coordinates": [ [ -80.213686, 32.543358 ], [ -80.216066, 32.546899 ], [ -80.218638, 32.550725 ] ] } },
{ "type": "Feature", "properties": { "lrr_hist_ft": -21.3, "lrr_sat_ft": -8.7, "lrr_since_2016_ft": null, "usgs_lrr_ft": -21.5, "epr_hist_ft": -19.1, "net_since_first_ft": null, "net_hist_ft": -2976.0, "sat_change_since_2018_ft": null, "segment": "Botany Bay Heritage Preserve", "first_year": 1854, "trans_order": 4447 }, "geometry": { "type": "LineString", "coordinates": [ [ -80.214165, 32.54316 ], [ -80.216529, 32.546676 ], [ -80.21911, 32.550516 ] ] } },
{ "type": "Feature", "properties": { "lrr_hist_ft": -21.3, "lrr_sat_ft": -10.6, "lrr_since_2016_ft": null, "usgs_lrr_ft": -21.6, "epr_hist_ft": -19.2, "net_since_first_ft": null, "net_hist_ft": -2993.0, "sat_change_since_2018_ft": null, "segment": "Botany Bay Heritage Preserve", "first_year": 1854, "trans_order": 4448 }, "geometry": { "type": "LineString", "coordinates": [ [ -80.214614, 32.542917 ], [ -80.216992, 32.546453 ], [ -80.21957, 32.550288 ] ] } },
{ "type": "Feature", "properties": { "lrr_hist_ft": -21.1, "lrr_sat_ft": -12.1, "lrr_since_2016_ft": null, "usgs_lrr_ft": -21.4, "epr_hist_ft": -19.1, "net_since_first_ft": null, "net_hist_ft": -2982.0, "sat_change_since_2018_ft": null, "segment": "Botany Bay Heritage Preserve", "first_year": 1854, "trans_order": 4449 }, "geometry": { "type": "LineString", "coordinates": [ [ -80.215103, 32.542732 ], [ -80.217454, 32.54623 ], [ -80.220027, 32.550056 ] ] } },
{ "type": "Feature", "properties": { "lrr_hist_ft": -20.9, "lrr_sat_ft": -13.4, "lrr_since_2016_ft": null, "usgs_lrr_ft": -21.2, "epr_hist_ft": -19.0, "net_since_first_ft": null, "net_hist_ft": -2964.0, "sat_change_since_2018_ft": null, "segment": "Botany Bay Heritage Preserve", "first_year": 1854, "trans_order": 4450 }, "geometry": { "type": "LineString", "coordinates": [ [ -80.215601, 32.542562 ], [ -80.217917, 32.546007 ], [ -80.220465, 32.549796 ] ] } },
{ "type": "Feature", "properties": { "lrr_hist_ft": -20.7, "lrr_sat_ft": -14.7, "lrr_since_2016_ft": -13.4, "usgs_lrr_ft": -21.0, "epr_hist_ft": -18.3, "net_since_first_ft": -3103.0, "net_hist_ft": -3003.0, "sat_change_since_2018_ft": -100.0, "segment": "Botany Bay Heritage Preserve", "first_year": 1854, "trans_order": 4451 }, "geometry": { "type": "LineString", "coordinates": [ [ -80.216077, 32.542358 ], [ -80.21838, 32.545784 ], [ -80.220909, 32.549545 ] ] } },
{ "type": "Feature", "properties": { "lrr_hist_ft": -20.6, "lrr_sat_ft": -16.3, "lrr_since_2016_ft": -13.4, "usgs_lrr_ft": -20.9, "epr_hist_ft": -18.3, "net_since_first_ft": -3097.0, "net_hist_ft": -2998.0, "sat_change_since_2018_ft": -99.0, "segment": "Botany Bay Heritage Preserve", "first_year": 1854, "trans_order": 4452 }, "geometry": { "type": "LineString", "coordinates": [ [ -80.216562, 32.542168 ], [ -80.218843, 32.54556 ], [ -80.221377, 32.54933 ] ] } },
{ "type": "Feature", "properties": { "lrr_hist_ft": -20.5, "lrr_sat_ft": -17.7, "lrr_since_2016_ft": -15.3, "usgs_lrr_ft": -20.8, "epr_hist_ft": -18.2, "net_since_first_ft": -3093.0, "net_hist_ft": -2978.0, "sat_change_since_2018_ft": -115.0, "segment": "Botany Bay Heritage Preserve", "first_year": 1854, "trans_order": 4453 }, "geometry": { "type": "LineString", "coordinates": [ [ -80.217069, 32.54201 ], [ -80.219305, 32.545337 ], [ -80.221853, 32.549126 ] ] } },
{ "type": "Feature", "properties": { "lrr_hist_ft": -20.3, "lrr_sat_ft": -19.0, "lrr_since_2016_ft": -16.2, "usgs_lrr_ft": -20.6, "epr_hist_ft": -18.0, "net_since_first_ft": -3072.0, "net_hist_ft": -2956.0, "sat_change_since_2018_ft": -116.0, "segment": "Botany Bay Heritage Preserve", "first_year": 1854, "trans_order": 4454 }, "geometry": { "type": "LineString", "coordinates": [ [ -80.217578, 32.541857 ], [ -80.219768, 32.545114 ], [ -80.222327, 32.548919 ] ] } },
{ "type": "Feature", "properties": { "lrr_hist_ft": -20.1, "lrr_sat_ft": -20.2, "lrr_since_2016_ft": -19.4, "usgs_lrr_ft": -20.4, "epr_hist_ft": -18.0, "net_since_first_ft": -3081.0, "net_hist_ft": -2951.0, "sat_change_since_2018_ft": -130.0, "segment": "Botany Bay Heritage Preserve", "first_year": 1854, "trans_order": 4455 }, "geometry": { "type": "LineString", "coordinates": [ [ -80.218049, 32.541646 ], [ -80.220231, 32.544891 ], [ -80.222789, 32.548696 ] ] } },
{ "type": "Feature", "properties": { "lrr_hist_ft": -20.1, "lrr_sat_ft": -20.8, "lrr_since_2016_ft": -19.3, "usgs_lrr_ft": -20.3, "epr_hist_ft": -18.0, "net_since_first_ft": -3088.0, "net_hist_ft": -2954.0, "sat_change_since_2018_ft": -134.0, "segment": "Botany Bay Heritage Preserve", "first_year": 1854, "trans_order": 4456 }, "geometry": { "type": "LineString", "coordinates": [ [ -80.218518, 32.541432 ], [ -80.220693, 32.544668 ], [ -80.223264, 32.54849 ] ] } },
{ "type": "Feature", "properties": { "lrr_hist_ft": -19.9, "lrr_sat_ft": -21.6, "lrr_since_2016_ft": -19.4, "usgs_lrr_ft": -20.2, "epr_hist_ft": -18.0, "net_since_first_ft": -3084.0, "net_hist_ft": -2944.0, "sat_change_since_2018_ft": -140.0, "segment": "Botany Bay Heritage Preserve", "first_year": 1854, "trans_order": 4457 }, "geometry": { "type": "LineString", "coordinates": [ [ -80.219002, 32.54124 ], [ -80.221156, 32.544444 ], [ -80.223731, 32.548274 ] ] } },
{ "type": "Feature", "properties": { "lrr_hist_ft": -19.8, "lrr_sat_ft": -22.2, "lrr_since_2016_ft": -20.9, "usgs_lrr_ft": -20.1, "epr_hist_ft": -18.0, "net_since_first_ft": -3090.0, "net_hist_ft": -2946.0, "sat_change_since_2018_ft": -144.0, "segment": "Botany Bay Heritage Preserve", "first_year": 1854, "trans_order": 4458 }, "geometry": { "type": "LineString", "coordinates": [ [ -80.219455, 32.541003 ], [ -80.221619, 32.544221 ], [ -80.224188, 32.548042 ] ] } },
{ "type": "Feature", "properties": { "lrr_hist_ft": -19.6, "lrr_sat_ft": -22.7, "lrr_since_2016_ft": -23.0, "usgs_lrr_ft": -19.8, "epr_hist_ft": -17.8, "net_since_first_ft": -3101.0, "net_hist_ft": -2920.0, "sat_change_since_2018_ft": -181.0, "segment": "Botany Bay Heritage Preserve", "first_year": 1854, "trans_order": 4459 }, "geometry": { "type": "LineString", "coordinates": [ [ -80.219966, 32.540852 ], [ -80.222082, 32.543998 ], [ -80.224656, 32.547827 ] ] } },
{ "type": "Feature", "properties": { "lrr_hist_ft": -19.4, "lrr_sat_ft": -23.0, "lrr_since_2016_ft": -24.3, "usgs_lrr_ft": -19.7, "epr_hist_ft": -17.8, "net_since_first_ft": -3080.0, "net_hist_ft": -2912.0, "sat_change_since_2018_ft": -168.0, "segment": "Botany Bay Heritage Preserve", "first_year": 1854, "trans_order": 4460 }, "geometry": { "type": "LineString", "coordinates": [ [ -80.220442, 32.540649 ], [ -80.222544, 32.543775 ], [ -80.225121, 32.547607 ] ] } },
{ "type": "Feature", "properties": { "lrr_hist_ft": -19.3, "lrr_sat_ft": -23.1, "lrr_since_2016_ft": -23.1, "usgs_lrr_ft": -19.6, "epr_hist_ft": -17.8, "net_since_first_ft": -3073.0, "net_hist_ft": -2916.0, "sat_change_since_2018_ft": -157.0, "segment": "Botany Bay Heritage Preserve", "first_year": 1854, "trans_order": 4461 }, "geometry": { "type": "LineString", "coordinates": [ [ -80.220904, 32.540424 ], [ -80.223007, 32.543552 ], [ -80.225588, 32.547391 ] ] } },
{ "type": "Feature", "properties": { "lrr_hist_ft": -19.3, "lrr_sat_ft": -23.6, "lrr_since_2016_ft": -22.3, "usgs_lrr_ft": -19.6, "epr_hist_ft": -17.8, "net_since_first_ft": -3093.0, "net_hist_ft": -2925.0, "sat_change_since_2018_ft": -168.0, "segment": "Botany Bay Heritage Preserve", "first_year": 1854, "trans_order": 4462 }, "geometry": { "type": "LineString", "coordinates": [ [ -80.221358, 32.540188 ], [ -80.22347, 32.543328 ], [ -80.226057, 32.547177 ] ] } },
{ "type": "Feature", "properties": { "lrr_hist_ft": -19.1, "lrr_sat_ft": -23.8, "lrr_since_2016_ft": -21.0, "usgs_lrr_ft": -19.4, "epr_hist_ft": -17.8, "net_since_first_ft": -3060.0, "net_hist_ft": -2911.0, "sat_change_since_2018_ft": -149.0, "segment": "Botany Bay Heritage Preserve", "first_year": 1854, "trans_order": 4463 }, "geometry": { "type": "LineString", "coordinates": [ [ -80.221858, 32.54002 ], [ -80.223932, 32.543105 ], [ -80.226534, 32.546974 ] ] } },
{ "type": "Feature", "properties": { "lrr_hist_ft": -19.0, "lrr_sat_ft": -23.9, "lrr_since_2016_ft": -21.3, "usgs_lrr_ft": -19.4, "epr_hist_ft": -17.8, "net_since_first_ft": -3071.0, "net_hist_ft": -2916.0, "sat_change_since_2018_ft": -155.0, "segment": "Botany Bay Heritage Preserve", "first_year": 1854, "trans_order": 4464 }, "geometry": { "type": "LineString", "coordinates": [ [ -80.222332, 32.539813 ], [ -80.224395, 32.542882 ], [ -80.227016, 32.54678 ] ] } },
{ "type": "Feature", "properties": { "lrr_hist_ft": -19.0, "lrr_sat_ft": -24.2, "lrr_since_2016_ft": -21.0, "usgs_lrr_ft": -19.3, "epr_hist_ft": -17.9, "net_since_first_ft": -3066.0, "net_hist_ft": -2925.0, "sat_change_since_2018_ft": -141.0, "segment": "Botany Bay Heritage Preserve", "first_year": 1854, "trans_order": 4465 }, "geometry": { "type": "LineString", "coordinates": [ [ -80.222821, 32.539629 ], [ -80.224858, 32.542659 ], [ -80.22752, 32.546618 ] ] } },
{ "type": "Feature", "properties": { "lrr_hist_ft": -18.1, "lrr_sat_ft": -24.7, "lrr_since_2016_ft": null, "usgs_lrr_ft": -18.3, "epr_hist_ft": -17.5, "net_since_first_ft": null, "net_hist_ft": -2727.0, "sat_change_since_2018_ft": null, "segment": "Botany Bay Heritage Preserve", "first_year": 1854, "trans_order": 4466 }, "geometry": { "type": "LineString", "coordinates": [ [ -80.223273, 32.539391 ], [ -80.22532, 32.542435 ], [ -80.227654, 32.545905 ] ] } },
{ "type": "Feature", "properties": { "lrr_hist_ft": -18.2, "lrr_sat_ft": -25.0, "lrr_since_2016_ft": null, "usgs_lrr_ft": -18.4, "epr_hist_ft": -17.6, "net_since_first_ft": null, "net_hist_ft": -2744.0, "sat_change_since_2018_ft": null, "segment": "Botany Bay Heritage Preserve", "first_year": 1854, "trans_order": 4467 }, "geometry": { "type": "LineString", "coordinates": [ [ -80.223702, 32.539117 ], [ -80.225783, 32.542212 ], [ -80.22811, 32.545673 ] ] } },
{ "type": "Feature", "properties": { "lrr_hist_ft": -18.0, "lrr_sat_ft": -25.1, "lrr_since_2016_ft": null, "usgs_lrr_ft": -18.2, "epr_hist_ft": -17.5, "net_since_first_ft": null, "net_hist_ft": -2720.0, "sat_change_since_2018_ft": null, "segment": "Botany Bay Heritage Preserve", "first_year": 1854, "trans_order": 4468 }, "geometry": { "type": "LineString", "coordinates": [ [ -80.224193, 32.538936 ], [ -80.226246, 32.541989 ], [ -80.228562, 32.545434 ] ] } },
{ "type": "Feature", "properties": { "lrr_hist_ft": -18.7, "lrr_sat_ft": -24.8, "lrr_since_2016_ft": -22.4, "usgs_lrr_ft": -19.0, "epr_hist_ft": -17.6, "net_since_first_ft": -3040.0, "net_hist_ft": -2883.0, "sat_change_since_2018_ft": -157.0, "segment": "Botany Bay Heritage Preserve", "first_year": 1854, "trans_order": 4469 }, "geometry": { "type": "LineString", "coordinates": [ [ -80.224702, 32.538782 ], [ -80.226708, 32.541766 ], [ -80.229334, 32.54567 ] ] } },
{ "type": "Feature", "properties": { "lrr_hist_ft": -18.6, "lrr_sat_ft": -24.9, "lrr_since_2016_ft": -23.1, "usgs_lrr_ft": -18.9, "epr_hist_ft": -17.5, "net_since_first_ft": -3035.0, "net_hist_ft": -2870.0, "sat_change_since_2018_ft": -165.0, "segment": "Botany Bay Heritage Preserve", "first_year": 1854, "trans_order": 4470 }, "geometry": { "type": "LineString", "coordinates": [ [ -80.225161, 32.538554 ], [ -80.227171, 32.541543 ], [ -80.229772, 32.54541 ] ] } },
{ "type": "Feature", "properties": { "lrr_hist_ft": -18.6, "lrr_sat_ft": -25.5, "lrr_since_2016_ft": -26.1, "usgs_lrr_ft": -18.8, "epr_hist_ft": -17.5, "net_since_first_ft": -3047.0, "net_hist_ft": -2868.0, "sat_change_since_2018_ft": -179.0, "segment": "Botany Bay Heritage Preserve", "first_year": 1854, "trans_order": 4471 }, "geometry": { "type": "LineString", "coordinates": [ [ -80.225617, 32.53832 ], [ -80.227634, 32.541319 ], [ -80.230224, 32.545171 ] ] } },
{ "type": "Feature", "properties": { "lrr_hist_ft": -18.5, "lrr_sat_ft": -25.3, "lrr_since_2016_ft": -25.2, "usgs_lrr_ft": -18.7, "epr_hist_ft": -17.4, "net_since_first_ft": -3025.0, "net_hist_ft": -2853.0, "sat_change_since_2018_ft": -172.0, "segment": "Botany Bay Heritage Preserve", "first_year": 1854, "trans_order": 4472 }, "geometry": { "type": "LineString", "coordinates": [ [ -80.226085, 32.538105 ], [ -80.228097, 32.541096 ], [ -80.230668, 32.544921 ] ] } },
{ "type": "Feature", "properties": { "lrr_hist_ft": -18.5, "lrr_sat_ft": -25.1, "lrr_since_2016_ft": -23.3, "usgs_lrr_ft": -18.7, "epr_hist_ft": -17.5, "net_since_first_ft": -3020.0, "net_hist_ft": -2861.0, "sat_change_since_2018_ft": -159.0, "segment": "Botany Bay Heritage Preserve", "first_year": 1854, "trans_order": 4473 }, "geometry": { "type": "LineString", "coordinates": [ [ -80.226532, 32.537859 ], [ -80.228559, 32.540873 ], [ -80.231128, 32.544693 ] ] } },
{ "type": "Feature", "properties": { "lrr_hist_ft": -18.4, "lrr_sat_ft": -25.5, "lrr_since_2016_ft": -24.0, "usgs_lrr_ft": -18.6, "epr_hist_ft": -17.4, "net_since_first_ft": -3023.0, "net_hist_ft": -2853.0, "sat_change_since_2018_ft": -170.0, "segment": "Botany Bay Heritage Preserve", "first_year": 1854, "trans_order": 4474 }, "geometry": { "type": "LineString", "coordinates": [ [ -80.227007, 32.537653 ], [ -80.229022, 32.54065 ], [ -80.231591, 32.54447 ] ] } },
{ "type": "Feature", "properties": { "lrr_hist_ft": -18.2, "lrr_sat_ft": -25.9, "lrr_since_2016_ft": -26.0, "usgs_lrr_ft": -18.4, "epr_hist_ft": -17.2, "net_since_first_ft": -2999.0, "net_hist_ft": -2816.0, "sat_change_since_2018_ft": -183.0, "segment": "Botany Bay Heritage Preserve", "first_year": 1854, "trans_order": 4475 }, "geometry": { "type": "LineString", "coordinates": [ [ -80.227522, 32.537508 ], [ -80.229485, 32.540426 ], [ -80.232046, 32.544236 ] ] } },
{ "type": "Feature", "properties": { "lrr_hist_ft": -18.0, "lrr_sat_ft": -26.0, "lrr_since_2016_ft": -26.3, "usgs_lrr_ft": -18.2, "epr_hist_ft": -17.1, "net_since_first_ft": -2980.0, "net_hist_ft": -2796.0, "sat_change_since_2018_ft": -184.0, "segment": "Botany Bay Heritage Preserve", "first_year": 1854, "trans_order": 4476 }, "geometry": { "type": "LineString", "coordinates": [ [ -80.228003, 32.537311 ], [ -80.229947, 32.540203 ], [ -80.232495, 32.543991 ] ] } },
{ "type": "Feature", "properties": { "lrr_hist_ft": -17.9, "lrr_sat_ft": -26.2, "lrr_since_2016_ft": -27.1, "usgs_lrr_ft": -18.1, "epr_hist_ft": -17.0, "net_since_first_ft": -2964.0, "net_hist_ft": -2781.0, "sat_change_since_2018_ft": -183.0, "segment": "Botany Bay Heritage Preserve", "first_year": 1854, "trans_order": 4477 }, "geometry": { "type": "LineString", "coordinates": [ [ -80.22848, 32.537111 ], [ -80.23041, 32.53998 ], [ -80.232949, 32.543755 ] ] } },
{ "type": "Feature", "properties": { "lrr_hist_ft": -17.8, "lrr_sat_ft": -26.7, "lrr_since_2016_ft": -27.5, "usgs_lrr_ft": -18.1, "epr_hist_ft": -17.0, "net_since_first_ft": -2975.0, "net_hist_ft": -2780.0, "sat_change_since_2018_ft": -195.0, "segment": "Botany Bay Heritage Preserve", "first_year": 1854, "trans_order": 4478 }, "geometry": { "type": "LineString", "coordinates": [ [ -80.228941, 32.536885 ], [ -80.230873, 32.539757 ], [ -80.233407, 32.543525 ] ] } },
{ "type": "Feature", "properties": { "lrr_hist_ft": -17.6, "lrr_sat_ft": -27.3, "lrr_since_2016_ft": -28.1, "usgs_lrr_ft": -17.9, "epr_hist_ft": -16.8, "net_since_first_ft": -2941.0, "net_hist_ft": -2749.0, "sat_change_since_2018_ft": -191.0, "segment": "Botany Bay Heritage Preserve", "first_year": 1854, "trans_order": 4479 }, "geometry": { "type": "LineString", "coordinates": [ [ -80.22944, 32.536715 ], [ -80.231335, 32.539533 ], [ -80.233857, 32.543284 ] ] } },
{ "type": "Feature", "properties": { "lrr_hist_ft": -17.6, "lrr_sat_ft": -27.6, "lrr_since_2016_ft": -27.6, "usgs_lrr_ft": -17.8, "epr_hist_ft": -16.7, "net_since_first_ft": -2927.0, "net_hist_ft": -2740.0, "sat_change_since_2018_ft": -187.0, "segment": "Botany Bay Heritage Preserve", "first_year": 1854, "trans_order": 4480 }, "geometry": { "type": "LineString", "coordinates": [ [ -80.229915, 32.53651 ], [ -80.231798, 32.53931 ], [ -80.234318, 32.543057 ] ] } },
{ "type": "Feature", "properties": { "lrr_hist_ft": -17.3, "lrr_sat_ft": -27.9, "lrr_since_2016_ft": -29.7, "usgs_lrr_ft": -17.6, "epr_hist_ft": -16.5, "net_since_first_ft": -2895.0, "net_hist_ft": -2696.0, "sat_change_since_2018_ft": -199.0, "segment": "Botany Bay Heritage Preserve", "first_year": 1854, "trans_order": 4481 }, "geometry": { "type": "LineString", "coordinates": [ [ -80.230426, 32.536359 ], [ -80.232261, 32.539087 ], [ -80.234758, 32.5428 ] ] } },
{ "type": "Feature", "properties": { "lrr_hist_ft": -17.1, "lrr_sat_ft": -28.4, "lrr_since_2016_ft": -31.5, "usgs_lrr_ft": -17.4, "epr_hist_ft": -16.3, "net_since_first_ft": -2894.0, "net_hist_ft": -2668.0, "sat_change_since_2018_ft": -226.0, "segment": "Botany Bay Heritage Preserve", "first_year": 1854, "trans_order": 4482 }, "geometry": { "type": "LineString", "coordinates": [ [ -80.230901, 32.536154 ], [ -80.232723, 32.538864 ], [ -80.235187, 32.542528 ] ] } },
{ "type": "Feature", "properties": { "lrr_hist_ft": -16.9, "lrr_sat_ft": -28.6, "lrr_since_2016_ft": -31.2, "usgs_lrr_ft": -17.2, "epr_hist_ft": -16.1, "net_since_first_ft": -2844.0, "net_hist_ft": -2632.0, "sat_change_since_2018_ft": -212.0, "segment": "Botany Bay Heritage Preserve", "first_year": 1854, "trans_order": 4483 }, "geometry": { "type": "LineString", "coordinates": [ [ -80.231395, 32.535978 ], [ -80.233186, 32.538641 ], [ -80.235624, 32.542265 ] ] } },
{ "type": "Feature", "properties": { "lrr_hist_ft": -16.7, "lrr_sat_ft": -28.7, "lrr_since_2016_ft": -30.6, "usgs_lrr_ft": -17.0, "epr_hist_ft": -15.9, "net_since_first_ft": -2802.0, "net_hist_ft": -2598.0, "sat_change_since_2018_ft": -204.0, "segment": "Botany Bay Heritage Preserve", "first_year": 1854, "trans_order": 4484 }, "geometry": { "type": "LineString", "coordinates": [ [ -80.231892, 32.535806 ], [ -80.233648, 32.538417 ], [ -80.236066, 32.542012 ] ] } },
{ "type": "Feature", "properties": { "lrr_hist_ft": -16.5, "lrr_sat_ft": -29.0, "lrr_since_2016_ft": -31.1, "usgs_lrr_ft": -16.8, "epr_hist_ft": -15.7, "net_since_first_ft": -2782.0, "net_hist_ft": -2572.0, "sat_change_since_2018_ft": -210.0, "segment": "Botany Bay Heritage Preserve", "first_year": 1854, "trans_order": 4485 }, "geometry": { "type": "LineString", "coordinates": [ [ -80.232369, 32.535603 ], [ -80.234111, 32.538194 ], [ -80.236501, 32.541748 ] ] } },
{ "type": "Feature", "properties": { "lrr_hist_ft": -16.4, "lrr_sat_ft": -29.5, "lrr_since_2016_ft": -33.0, "usgs_lrr_ft": -16.6, "epr_hist_ft": -15.5, "net_since_first_ft": -2773.0, "net_hist_ft": -2548.0, "sat_change_since_2018_ft": -225.0, "segment": "Botany Bay Heritage Preserve", "first_year": 1854, "trans_order": 4486 }, "geometry": { "type": "LineString", "coordinates": [ [ -80.23285, 32.535408 ], [ -80.234574, 32.537971 ], [ -80.236944, 32.541496 ] ] } },
{ "type": "Feature", "properties": { "lrr_hist_ft": -16.1, "lrr_sat_ft": -29.5, "lrr_since_2016_ft": -33.6, "usgs_lrr_ft": -16.4, "epr_hist_ft": -15.2, "net_since_first_ft": -2717.0, "net_hist_ft": -2485.0, "sat_change_since_2018_ft": -232.0, "segment": "Botany Bay Heritage Preserve", "first_year": 1854, "trans_order": 4487 }, "geometry": { "type": "LineString", "coordinates": [ [ -80.233332, 32.535212 ], [ -80.235036, 32.537748 ], [ -80.237324, 32.541149 ] ] } },
{ "type": "Feature", "properties": { "lrr_hist_ft": -16.1, "lrr_sat_ft": -31.1, "lrr_since_2016_ft": -40.1, "usgs_lrr_ft": -16.3, "epr_hist_ft": -15.3, "net_since_first_ft": -2754.0, "net_hist_ft": -2512.0, "sat_change_since_2018_ft": -241.0, "segment": "Botany Bay Heritage Preserve", "first_year": 1854, "trans_order": 4488 }, "geometry": { "type": "LineString", "coordinates": [ [ -80.23379, 32.534984 ], [ -80.235499, 32.537524 ], [ -80.237827, 32.540986 ] ] } },
{ "type": "Feature", "properties": { "lrr_hist_ft": -14.6, "lrr_sat_ft": -33.9, "lrr_since_2016_ft": null, "usgs_lrr_ft": -14.8, "epr_hist_ft": -14.1, "net_since_first_ft": null, "net_hist_ft": -2194.0, "sat_change_since_2018_ft": null, "segment": "Botany Bay Heritage Preserve", "first_year": 1854, "trans_order": 4489 }, "geometry": { "type": "LineString", "coordinates": [ [ -80.234282, 32.534803 ], [ -80.235962, 32.537301 ], [ -80.237807, 32.540045 ] ] } },
{ "type": "Feature", "properties": { "lrr_hist_ft": -16.2, "lrr_sat_ft": -31.0, "lrr_since_2016_ft": -29.6, "usgs_lrr_ft": -16.4, "epr_hist_ft": -15.8, "net_since_first_ft": -2781.0, "net_hist_ft": -2595.0, "sat_change_since_2018_ft": -186.0, "segment": "Botany Bay Heritage Preserve", "first_year": 1854, "trans_order": 4490 }, "geometry": { "type": "LineString", "coordinates": [ [ -80.23475, 32.534588 ], [ -80.236424, 32.537078 ], [ -80.238919, 32.540787 ] ] } },
{ "type": "Feature", "properties": { "lrr_hist_ft": -16.0, "lrr_sat_ft": -30.0, "lrr_since_2016_ft": -22.6, "usgs_lrr_ft": -16.2, "epr_hist_ft": -15.6, "net_since_first_ft": -2706.0, "net_hist_ft": -2558.0, "sat_change_since_2018_ft": -148.0, "segment": "Botany Bay Heritage Preserve", "first_year": 1854, "trans_order": 4491 }, "geometry": { "type": "LineString", "coordinates": [ [ -80.235199, 32.534344 ], [ -80.236887, 32.536854 ], [ -80.239309, 32.540456 ] ] } },
{ "type": "Feature", "properties": { "lrr_hist_ft": -15.9, "lrr_sat_ft": -29.9, "lrr_since_2016_ft": -25.2, "usgs_lrr_ft": -16.1, "epr_hist_ft": -15.5, "net_since_first_ft": -2725.0, "net_hist_ft": -2536.0, "sat_change_since_2018_ft": -189.0, "segment": "Botany Bay Heritage Preserve", "first_year": 1854, "trans_order": 4492 }, "geometry": { "type": "LineString", "coordinates": [ [ -80.235671, 32.534135 ], [ -80.23735, 32.536631 ], [ -80.239746, 32.540194 ] ] } },
{ "type": "Feature", "properties": { "lrr_hist_ft": -15.7, "lrr_sat_ft": -29.4, "lrr_since_2016_ft": -25.2, "usgs_lrr_ft": -15.9, "epr_hist_ft": -15.3, "net_since_first_ft": -2703.0, "net_hist_ft": -2508.0, "sat_change_since_2018_ft": -195.0, "segment": "Botany Bay Heritage Preserve", "first_year": 1854, "trans_order": 4493 }, "geometry": { "type": "LineString", "coordinates": [ [ -80.236139, 32.53392 ], [ -80.237812, 32.536408 ], [ -80.240169, 32.539912 ] ] } },
{ "type": "Feature", "properties": { "lrr_hist_ft": -15.3, "lrr_sat_ft": -29.3, "lrr_since_2016_ft": -25.0, "usgs_lrr_ft": -15.6, "epr_hist_ft": -14.8, "net_since_first_ft": -2606.0, "net_hist_ft": -2425.0, "sat_change_since_2018_ft": -181.0, "segment": "Botany Bay Heritage Preserve", "first_year": 1854, "trans_order": 4494 }, "geometry": { "type": "LineString", "coordinates": [ [ -80.236653, 32.533773 ], [ -80.238275, 32.536185 ], [ -80.24055, 32.539567 ] ] } },
{ "type": "Feature", "properties": { "lrr_hist_ft": -14.9, "lrr_sat_ft": -29.3, "lrr_since_2016_ft": -27.2, "usgs_lrr_ft": -15.1, "epr_hist_ft": -14.3, "net_since_first_ft": -2535.0, "net_hist_ft": -2336.0, "sat_change_since_2018_ft": -199.0, "segment": "Botany Bay Heritage Preserve", "first_year": 1854, "trans_order": 4495 }, "geometry": { "type": "LineString", "coordinates": [ [ -80.237196, 32.533669 ], [ -80.238737, 32.535961 ], [ -80.24095, 32.539251 ] ] } },
{ "type": "Feature", "properties": { "lrr_hist_ft": -14.6, "lrr_sat_ft": -29.5, "lrr_since_2016_ft": -30.1, "usgs_lrr_ft": -14.8, "epr_hist_ft": -13.9, "net_since_first_ft": -2503.0, "net_hist_ft": -2283.0, "sat_change_since_2018_ft": -219.0, "segment": "Botany Bay Heritage Preserve", "first_year": 1854, "trans_order": 4496 }, "geometry": { "type": "LineString", "coordinates": [ [ -80.237688, 32.53349 ], [ -80.2392, 32.535738 ], [ -80.241357, 32.538945 ] ] } },
{ "type": "Feature", "properties": { "lrr_hist_ft": -14.5, "lrr_sat_ft": -29.2, "lrr_since_2016_ft": -32.8, "usgs_lrr_ft": -14.7, "epr_hist_ft": -13.8, "net_since_first_ft": -2501.0, "net_hist_ft": -2263.0, "sat_change_since_2018_ft": -239.0, "segment": "Botany Bay Heritage Preserve", "first_year": 1854, "trans_order": 4497 }, "geometry": { "type": "LineString", "coordinates": [ [ -80.238159, 32.533279 ], [ -80.239663, 32.535515 ], [ -80.241795, 32.538685 ] ] } },
{ "type": "Feature", "properties": { "lrr_hist_ft": -13.6, "lrr_sat_ft": -27.7, "lrr_since_2016_ft": -32.5, "usgs_lrr_ft": -13.8, "epr_hist_ft": -13.2, "net_since_first_ft": -2413.0, "net_hist_ft": -2170.0, "sat_change_since_2018_ft": -243.0, "segment": "Botany Bay Heritage Preserve", "first_year": 1854, "trans_order": 4498 }, "geometry": { "type": "LineString", "coordinates": [ [ -80.238715, 32.533195 ], [ -80.240125, 32.535292 ], [ -80.242202, 32.538379 ] ] } },
{ "type": "Feature", "properties": { "lrr_hist_ft": -13.8, "lrr_sat_ft": -24.0, "lrr_since_2016_ft": -30.5, "usgs_lrr_ft": -14.0, "epr_hist_ft": -13.2, "net_since_first_ft": -2371.0, "net_hist_ft": -2162.0, "sat_change_since_2018_ft": -209.0, "segment": "Botany Bay Heritage Preserve", "first_year": 1854, "trans_order": 4499 }, "geometry": { "type": "LineString", "coordinates": [ [ -80.239183, 32.53298 ], [ -80.240588, 32.535068 ], [ -80.242658, 32.538145 ] ] } },
{ "type": "Feature", "properties": { "lrr_hist_ft": -13.2, "lrr_sat_ft": -24.8, "lrr_since_2016_ft": -30.1, "usgs_lrr_ft": -13.4, "epr_hist_ft": -13.2, "net_since_first_ft": -2366.0, "net_hist_ft": -2170.0, "sat_change_since_2018_ft": -196.0, "segment": "Botany Bay Heritage Preserve", "first_year": 1854, "trans_order": 4500 }, "geometry": { "type": "LineString", "coordinates": [ [ -80.239647, 32.53276 ], [ -80.241051, 32.534845 ], [ -80.243135, 32.537943 ] ] } },
{ "type": "Feature", "properties": { "lrr_hist_ft": -14.5, "lrr_sat_ft": -27.8, "lrr_since_2016_ft": -31.7, "usgs_lrr_ft": -14.7, "epr_hist_ft": -13.2, "net_since_first_ft": -2341.0, "net_hist_ft": -2155.0, "sat_change_since_2018_ft": -186.0, "segment": "Botany Bay Heritage Preserve", "first_year": 1854, "trans_order": 4501 }, "geometry": { "type": "LineString", "coordinates": [ [ -80.240115, 32.532583 ], [ -80.241513, 32.534622 ], [ -80.24363, 32.537707 ] ] } },
{ "type": "Feature", "properties": { "lrr_hist_ft": -14.0, "lrr_sat_ft": -29.4, "lrr_since_2016_ft": -31.6, "usgs_lrr_ft": -14.2, "epr_hist_ft": -13.0, "net_since_first_ft": -2320.0, "net_hist_ft": -2136.0, "sat_change_since_2018_ft": -184.0, "segment": "Botany Bay Heritage Preserve", "first_year": 1854, "trans_order": 4502 }, "geometry": { "type": "LineString", "coordinates": [ [ -80.240576, 32.532396 ], [ -80.241976, 32.534398 ], [ -80.244108, 32.537448 ] ] } },
{ "type": "Feature", "properties": { "lrr_hist_ft": -13.6, "lrr_sat_ft": -29.6, "lrr_since_2016_ft": -34.3, "usgs_lrr_ft": -13.8, "epr_hist_ft": -12.8, "net_since_first_ft": -2280.0, "net_hist_ft": -2090.0, "sat_change_since_2018_ft": -190.0, "segment": "Botany Bay Heritage Preserve", "first_year": 1854, "trans_order": 4503 }, "geometry": { "type": "LineString", "coordinates": [ [ -80.241068, 32.532251 ], [ -80.242438, 32.534175 ], [ -80.244579, 32.537181 ] ] } },
{ "type": "Feature", "properties": { "lrr_hist_ft": -13.1, "lrr_sat_ft": -29.7, "lrr_since_2016_ft": -33.2, "usgs_lrr_ft": -13.3, "epr_hist_ft": -12.7, "net_since_first_ft": -2263.0, "net_hist_ft": -2075.0, "sat_change_since_2018_ft": -188.0, "segment": "Botany Bay Heritage Preserve", "first_year": 1854, "trans_order": 4504 }, "geometry": { "type": "LineString", "coordinates": [ [ -80.241527, 32.532058 ], [ -80.2429, 32.533951 ], [ -80.245133, 32.537029 ] ] } },
{ "type": "Feature", "properties": { "lrr_hist_ft": -10.4, "lrr_sat_ft": -29.8, "lrr_since_2016_ft": -27.0, "usgs_lrr_ft": -11.0, "epr_hist_ft": -12.3, "net_since_first_ft": -2197.0, "net_hist_ft": -2018.0, "sat_change_since_2018_ft": -178.0, "segment": "Botany Bay Heritage Preserve", "first_year": 1854, "trans_order": 4505 }, "geometry": { "type": "LineString", "coordinates": [ [ -80.242054, 32.531955 ], [ -80.243345, 32.533702 ], [ -80.24553, 32.53666 ] ] } },
{ "type": "Feature", "properties": { "lrr_hist_ft": -11.2, "lrr_sat_ft": -29.6, "lrr_since_2016_ft": -19.5, "usgs_lrr_ft": -11.4, "epr_hist_ft": -12.0, "net_since_first_ft": -2127.0, "net_hist_ft": -1974.0, "sat_change_since_2018_ft": -153.0, "segment": "Botany Bay Heritage Preserve", "first_year": 1854, "trans_order": 4506 }, "geometry": { "type": "LineString", "coordinates": [ [ -80.242583, 32.531851 ], [ -80.243789, 32.533454 ], [ -80.246026, 32.536427 ] ] } },
{ "type": "Feature", "properties": { "lrr_hist_ft": -10.8, "lrr_sat_ft": -29.4, "lrr_since_2016_ft": -12.1, "usgs_lrr_ft": -11.0, "epr_hist_ft": -11.9, "net_since_first_ft": -2143.0, "net_hist_ft": -1947.0, "sat_change_since_2018_ft": -197.0, "segment": "Botany Bay Heritage Preserve", "first_year": 1854, "trans_order": 4507 }, "geometry": { "type": "LineString", "coordinates": [ [ -80.243106, 32.531734 ], [ -80.244233, 32.533205 ], [ -80.246546, 32.536224 ] ] } },
{ "type": "Feature", "properties": { "lrr_hist_ft": -11.3, "lrr_sat_ft": -29.1, "lrr_since_2016_ft": -9.1, "usgs_lrr_ft": -11.5, "epr_hist_ft": -12.8, "net_since_first_ft": -2219.0, "net_hist_ft": -2090.0, "sat_change_since_2018_ft": -129.0, "segment": "Botany Bay Heritage Preserve", "first_year": 1854, "trans_order": 4508 }, "geometry": { "type": "LineString", "coordinates": [ [ -80.243349, 32.531252 ], [ -80.244678, 32.532957 ], [ -80.247087, 32.536048 ] ] } },
{ "type": "Feature", "properties": { "lrr_hist_ft": -12.0, "lrr_sat_ft": -28.5, "lrr_since_2016_ft": -15.1, "usgs_lrr_ft": -12.3, "epr_hist_ft": -13.1, "net_since_first_ft": -2278.0, "net_hist_ft": -2145.0, "sat_change_since_2018_ft": -133.0, "segment": "Botany Bay Heritage Preserve", "first_year": 1854, "trans_order": 4509 }, "geometry": { "type": "LineString", "coordinates": [ [ -80.243712, 32.5309 ], [ -80.245122, 32.532708 ], [ -80.247548, 32.535821 ] ] } },
{ "type": "Feature", "properties": { "lrr_hist_ft": -12.6, "lrr_sat_ft": -27.7, "lrr_since_2016_ft": -21.9, "usgs_lrr_ft": -12.8, "epr_hist_ft": -13.4, "net_since_first_ft": -2350.0, "net_hist_ft": -2188.0, "sat_change_since_2018_ft": -162.0, "segment": "Botany Bay Heritage Preserve", "first_year": 1854, "trans_order": 4510 }, "geometry": { "type": "LineString", "coordinates": [ [ -80.244048, 32.530513 ], [ -80.245566, 32.53246 ], [ -80.247962, 32.535533 ] ] } },
{ "type": "Feature", "properties": { "lrr_hist_ft": -13.2, "lrr_sat_ft": -27.0, "lrr_since_2016_ft": -26.0, "usgs_lrr_ft": -13.5, "epr_hist_ft": -13.7, "net_since_first_ft": -2433.0, "net_hist_ft": -2248.0, "sat_change_since_2018_ft": -185.0, "segment": "Botany Bay Heritage Preserve", "first_year": 1854, "trans_order": 4511 }, "geometry": { "type": "LineString", "coordinates": [ [ -80.244331, 32.530057 ], [ -80.24601, 32.532211 ], [ -80.248352, 32.535215 ] ] } },
{ "type": "Feature", "properties": { "lrr_hist_ft": -13.3, "lrr_sat_ft": -26.2, "lrr_since_2016_ft": -28.2, "usgs_lrr_ft": -13.5, "epr_hist_ft": -13.4, "net_since_first_ft": -2412.0, "net_hist_ft": -2201.0, "sat_change_since_2018_ft": -211.0, "segment": "Botany Bay Heritage Preserve", "first_year": 1854, "trans_order": 4512 }, "geometry": { "type": "LineString", "coordinates": [ [ -80.244776, 32.529809 ], [ -80.246455, 32.531963 ], [ -80.248712, 32.534859 ] ] } },
{ "type": "Feature", "properties": { "lrr_hist_ft": -13.5, "lrr_sat_ft": -25.9, "lrr_since_2016_ft": -30.2, "usgs_lrr_ft": -13.7, "epr_hist_ft": -13.5, "net_since_first_ft": -2442.0, "net_hist_ft": -2215.0, "sat_change_since_2018_ft": -226.0, "segment": "Botany Bay Heritage Preserve", "first_year": 1854, "trans_order": 4513 }, "geometry": { "type": "LineString", "coordinates": [ [ -80.245133, 32.529449 ], [ -80.246899, 32.531714 ], [ -80.249095, 32.534531 ] ] } },
{ "type": "Feature", "properties": { "lrr_hist_ft": -13.6, "lrr_sat_ft": -25.5, "lrr_since_2016_ft": -29.0, "usgs_lrr_ft": -13.8, "epr_hist_ft": -13.5, "net_since_first_ft": -2425.0, "net_hist_ft": -2208.0, "sat_change_since_2018_ft": -217.0, "segment": "Botany Bay Heritage Preserve", "first_year": 1854, "trans_order": 4514 }, "geometry": { "type": "LineString", "coordinates": [ [ -80.245548, 32.529162 ], [ -80.247343, 32.531466 ], [ -80.249496, 32.534227 ] ] } },
{ "type": "Feature", "properties": { "lrr_hist_ft": -13.6, "lrr_sat_ft": -25.2, "lrr_since_2016_ft": -30.4, "usgs_lrr_ft": -13.8, "epr_hist_ft": -13.5, "net_since_first_ft": -2438.0, "net_hist_ft": -2210.0, "sat_change_since_2018_ft": -228.0, "segment": "Botany Bay Heritage Preserve", "first_year": 1854, "trans_order": 4515 }, "geometry": { "type": "LineString", "coordinates": [ [ -80.245977, 32.528895 ], [ -80.247787, 32.531217 ], [ -80.24993, 32.533966 ] ] } },
{ "type": "Feature", "properties": { "lrr_hist_ft": -14.4, "lrr_sat_ft": -24.7, "lrr_since_2016_ft": -31.4, "usgs_lrr_ft": -14.6, "epr_hist_ft": -14.5, "net_since_first_ft": -2604.0, "net_hist_ft": -2383.0, "sat_change_since_2018_ft": -221.0, "segment": "Botany Bay Heritage Preserve", "first_year": 1854, "trans_order": 4516 }, "geometry": { "type": "LineString", "coordinates": [ [ -80.246096, 32.528229 ], [ -80.248232, 32.530969 ], [ -80.250358, 32.533696 ] ] } },
{ "type": "Feature", "properties": { "lrr_hist_ft": -14.7, "lrr_sat_ft": -24.2, "lrr_since_2016_ft": -33.0, "usgs_lrr_ft": -15.0, "epr_hist_ft": -15.0, "net_since_first_ft": -2705.0, "net_hist_ft": -2459.0, "sat_change_since_2018_ft": -246.0, "segment": "Botany Bay Heritage Preserve", "first_year": 1854, "trans_order": 4517 }, "geometry": { "type": "LineString", "coordinates": [ [ -80.246357, 32.527746 ], [ -80.248676, 32.53072 ], [ -80.250756, 32.533388 ] ] } },
{ "type": "Feature", "properties": { "lrr_hist_ft": -10.4, "lrr_sat_ft": -24.3, "lrr_since_2016_ft": -34.1, "usgs_lrr_ft": -15.5, "epr_hist_ft": -9.8, "net_since_first_ft": -1871.0, "net_hist_ft": -1604.0, "sat_change_since_2018_ft": -267.0, "segment": "Botany Bay Heritage Preserve", "first_year": 1854, "trans_order": 4518 }, "geometry": { "type": "LineString", "coordinates": [ [ -80.246557, 32.527184 ], [ -80.24912, 32.530471 ], [ -80.251184, 32.533118 ] ] } },
{ "type": "Feature", "properties": { "lrr_hist_ft": -10.5, "lrr_sat_ft": -24.0, "lrr_since_2016_ft": -34.3, "usgs_lrr_ft": -10.8, "epr_hist_ft": -10.1, "net_since_first_ft": -1899.0, "net_hist_ft": -1657.0, "sat_change_since_2018_ft": -243.0, "segment": "Botany Bay Heritage Preserve", "first_year": 1854, "trans_order": 4519 }, "geometry": { "type": "LineString", "coordinates": [ [ -80.248669, 32.529074 ], [ -80.249565, 32.530223 ], [ -80.251655, 32.532904 ] ] } },
{ "type": "Feature", "properties": { "lrr_hist_ft": -11.0, "lrr_sat_ft": -23.9, "lrr_since_2016_ft": -31.7, "usgs_lrr_ft": -11.3, "epr_hist_ft": -10.5, "net_since_first_ft": -1949.0, "net_hist_ft": -1722.0, "sat_change_since_2018_ft": -227.0, "segment": "Botany Bay Heritage Preserve", "first_year": 1854, "trans_order": 4520 }, "geometry": { "type": "LineString", "coordinates": [ [ -80.249061, 32.528758 ], [ -80.250009, 32.529974 ], [ -80.25214, 32.532708 ] ] } },
{ "type": "Feature", "properties": { "lrr_hist_ft": -12.0, "lrr_sat_ft": -22.9, "lrr_since_2016_ft": -23.9, "usgs_lrr_ft": -12.3, "epr_hist_ft": -11.0, "net_since_first_ft": -1964.0, "net_hist_ft": -1806.0, "sat_change_since_2018_ft": -157.0, "segment": "Botany Bay Heritage Preserve", "first_year": 1854, "trans_order": 4521 }, "geometry": { "type": "LineString", "coordinates": [ [ -80.249405, 32.528382 ], [ -80.250453, 32.529726 ], [ -80.252636, 32.532526 ] ] } },
{ "type": "Feature", "properties": { "lrr_hist_ft": -11.7, "lrr_sat_ft": -17.9, "lrr_since_2016_ft": -8.2, "usgs_lrr_ft": -11.9, "epr_hist_ft": -11.9, "net_since_first_ft": -1992.0, "net_hist_ft": -1945.0, "sat_change_since_2018_ft": -47.0, "segment": "Botany Bay Heritage Preserve", "first_year": 1854, "trans_order": 4522 }, "geometry": { "type": "LineString", "coordinates": [ [ -80.249664, 32.527895 ], [ -80.250897, 32.529477 ], [ -80.253143, 32.532358 ] ] } },
{ "type": "Feature", "properties": { "lrr_hist_ft": -12.6, "lrr_sat_ft": -14.0, "lrr_since_2016_ft": 15.4, "usgs_lrr_ft": -12.8, "epr_hist_ft": -12.8, "net_since_first_ft": -2138.0, "net_hist_ft": -2098.0, "sat_change_since_2018_ft": -41.0, "segment": "Botany Bay Heritage Preserve", "first_year": 1854, "trans_order": 4523 }, "geometry": { "type": "LineString", "coordinates": [ [ -80.249907, 32.527389 ], [ -80.251342, 32.529229 ], [ -80.253659, 32.532201 ] ] } },
{ "type": "Feature", "properties": { "lrr_hist_ft": -13.4, "lrr_sat_ft": -20.3, "lrr_since_2016_ft": 0.8, "usgs_lrr_ft": -13.6, "epr_hist_ft": -13.9, "net_since_first_ft": -2247.0, "net_hist_ft": -2270.0, "sat_change_since_2018_ft": 23.0, "segment": "Botany Bay Heritage Preserve", "first_year": 1854, "trans_order": 4524 }, "geometry": { "type": "LineString", "coordinates": [ [ -80.250099, 32.526816 ], [ -80.251786, 32.52898 ], [ -80.254159, 32.532024 ] ] } },
{ "type": "Feature", "properties": { "lrr_hist_ft": -14.8, "lrr_sat_ft": -24.7, "lrr_since_2016_ft": 4.6, "usgs_lrr_ft": -15.0, "epr_hist_ft": -14.8, "net_since_first_ft": -2322.0, "net_hist_ft": -2429.0, "sat_change_since_2018_ft": 106.0, "segment": "Botany Bay Heritage Preserve", "first_year": 1854, "trans_order": 4525 }, "geometry": { "type": "LineString", "coordinates": [ [ -80.250306, 32.526263 ], [ -80.25223, 32.528732 ], [ -80.25465, 32.531835 ] ] } },
{ "type": "Feature", "properties": { "lrr_hist_ft": -13.9, "lrr_sat_ft": -26.6, "lrr_since_2016_ft": null, "usgs_lrr_ft": -14.2, "epr_hist_ft": -13.6, "net_since_first_ft": null, "net_hist_ft": -2122.0, "sat_change_since_2018_ft": null, "segment": "Botany Bay Heritage Preserve", "first_year": 1854, "trans_order": 4526 }, "geometry": { "type": "LineString", "coordinates": [ [ -80.250573, 32.525787 ], [ -80.252674, 32.528483 ], [ -80.254369, 32.530657 ] ] } },
{ "type": "Feature", "properties": { "lrr_hist_ft": -13.8, "lrr_sat_ft": -29.4, "lrr_since_2016_ft": null, "usgs_lrr_ft": -14.1, "epr_hist_ft": -13.6, "net_since_first_ft": null, "net_hist_ft": -2112.0, "sat_change_since_2018_ft": null, "segment": "Edingsville Beach", "first_year": 1854, "trans_order": 4527 }, "geometry": { "type": "LineString", "coordinates": [ [ -80.250939, 32.525439 ], [ -80.253119, 32.528234 ], [ -80.254717, 32.530285 ] ] } },
{ "type": "Feature", "properties": { "lrr_hist_ft": -15.2, "lrr_sat_ft": -29.8, "lrr_since_2016_ft": -53.5, "usgs_lrr_ft": -15.5, "epr_hist_ft": -16.5, "net_since_first_ft": -3050.0, "net_hist_ft": -2711.0, "sat_change_since_2018_ft": -339.0, "segment": "Botany Bay Heritage Preserve", "first_year": 1854, "trans_order": 4528 }, "geometry": { "type": "LineString", "coordinates": [ [ -80.25138, 32.525186 ], [ -80.253563, 32.527986 ], [ -80.256228, 32.531405 ] ] } },
{ "type": "Feature", "properties": { "lrr_hist_ft": -14.7, "lrr_sat_ft": -26.6, "lrr_since_2016_ft": -55.7, "usgs_lrr_ft": -15.0, "epr_hist_ft": -15.5, "net_since_first_ft": -2958.0, "net_hist_ft": -2535.0, "sat_change_since_2018_ft": -423.0, "segment": "Botany Bay Heritage Preserve", "first_year": 1854, "trans_order": 4529 }, "geometry": { "type": "LineString", "coordinates": [ [ -80.251816, 32.524927 ], [ -80.254007, 32.527737 ], [ -80.256351, 32.530744 ] ] } },
{ "type": "Feature", "properties": { "lrr_hist_ft": -14.4, "lrr_sat_ft": -24.5, "lrr_since_2016_ft": -54.5, "usgs_lrr_ft": -14.7, "epr_hist_ft": -15.0, "net_since_first_ft": -2870.0, "net_hist_ft": -2460.0, "sat_change_since_2018_ft": -410.0, "segment": "Botany Bay Heritage Preserve", "first_year": 1854, "trans_order": 4530 }, "geometry": { "type": "LineString", "coordinates": [ [ -80.252287, 32.524712 ], [ -80.254451, 32.527489 ], [ -80.256686, 32.530355 ] ] } },
{ "type": "Feature", "properties": { "lrr_hist_ft": -14.0, "lrr_sat_ft": -22.9, "lrr_since_2016_ft": -54.4, "usgs_lrr_ft": -14.3, "epr_hist_ft": -14.4, "net_since_first_ft": -2788.0, "net_hist_ft": -2368.0, "sat_change_since_2018_ft": -421.0, "segment": "Botany Bay Heritage Preserve", "first_year": 1854, "trans_order": 4531 }, "geometry": { "type": "LineString", "coordinates": [ [ -80.252788, 32.524537 ], [ -80.254896, 32.52724 ], [ -80.257023, 32.529968 ] ] } },
{ "type": "Feature", "properties": { "lrr_hist_ft": -13.9, "lrr_sat_ft": -22.1, "lrr_since_2016_ft": -50.0, "usgs_lrr_ft": -14.2, "epr_hist_ft": -14.3, "net_since_first_ft": -2734.0, "net_hist_ft": -2350.0, "sat_change_since_2018_ft": -384.0, "segment": "Botany Bay Heritage Preserve", "first_year": 1854, "trans_order": 4532 }, "geometry": { "type": "LineString", "coordinates": [ [ -80.253241, 32.5243 ], [ -80.25534, 32.526992 ], [ -80.257445, 32.529692 ] ] } },
{ "type": "Feature", "properties": { "lrr_hist_ft": -13.7, "lrr_sat_ft": -21.5, "lrr_since_2016_ft": -50.0, "usgs_lrr_ft": -14.0, "epr_hist_ft": -14.2, "net_since_first_ft": -2710.0, "net_hist_ft": -2323.0, "sat_change_since_2018_ft": -387.0, "segment": "Botany Bay Heritage Preserve", "first_year": 1854, "trans_order": 4533 }, "geometry": { "type": "LineString", "coordinates": [ [ -80.253698, 32.524068 ], [ -80.255784, 32.526743 ], [ -80.257854, 32.529398 ] ] } },
{ "type": "Feature", "properties": { "lrr_hist_ft": -13.6, "lrr_sat_ft": -21.4, "lrr_since_2016_ft": -49.1, "usgs_lrr_ft": -13.9, "epr_hist_ft": -14.0, "net_since_first_ft": -2680.0, "net_hist_ft": -2302.0, "sat_change_since_2018_ft": -378.0, "segment": "Edingsville Beach", "first_year": 1854, "trans_order": 4534 }, "geometry": { "type": "LineString", "coordinates": [ [ -80.254163, 32.523845 ], [ -80.256228, 32.526494 ], [ -80.258281, 32.529127 ] ] } },
{ "type": "Feature", "properties": { "lrr_hist_ft": -13.5, "lrr_sat_ft": -20.8, "lrr_since_2016_ft": -45.7, "usgs_lrr_ft": -13.7, "epr_hist_ft": -13.9, "net_since_first_ft": -2626.0, "net_hist_ft": -2277.0, "sat_change_since_2018_ft": -349.0, "segment": "Edingsville Beach", "first_year": 1854, "trans_order": 4535 }, "geometry": { "type": "LineString", "coordinates": [ [ -80.254644, 32.523644 ], [ -80.256673, 32.526246 ], [ -80.258716, 32.528867 ] ] } },
{ "type": "Feature", "properties": { "lrr_hist_ft": -13.3, "lrr_sat_ft": -20.2, "lrr_since_2016_ft": -43.6, "usgs_lrr_ft": -13.6, "epr_hist_ft": -13.9, "net_since_first_ft": -2595.0, "net_hist_ft": -2272.0, "sat_change_since_2018_ft": -323.0, "segment": "Edingsville Beach", "first_year": 1854, "trans_order": 4536 }, "geometry": { "type": "LineString", "coordinates": [ [ -80.255103, 32.523415 ], [ -80.257117, 32.525997 ], [ -80.259168, 32.528628 ] ] } },
{ "type": "Feature", "properties": { "lrr_hist_ft": -13.2, "lrr_sat_ft": -19.8, "lrr_since_2016_ft": -42.9, "usgs_lrr_ft": -13.5, "epr_hist_ft": -13.8, "net_since_first_ft": -2572.0, "net_hist_ft": -2260.0, "sat_change_since_2018_ft": -312.0, "segment": "Edingsville Beach", "first_year": 1854, "trans_order": 4537 }, "geometry": { "type": "LineString", "coordinates": [ [ -80.255561, 32.523183 ], [ -80.257561, 32.525749 ], [ -80.259604, 32.528369 ] ] } },
{ "type": "Feature", "properties": { "lrr_hist_ft": -13.1, "lrr_sat_ft": -18.9, "lrr_since_2016_ft": -42.7, "usgs_lrr_ft": -13.4, "epr_hist_ft": -13.7, "net_since_first_ft": -2555.0, "net_hist_ft": -2242.0, "sat_change_since_2018_ft": -312.0, "segment": "Edingsville Beach", "first_year": 1854, "trans_order": 4538 }, "geometry": { "type": "LineString", "coordinates": [ [ -80.256035, 32.522973 ], [ -80.258005, 32.5255 ], [ -80.260046, 32.528117 ] ] } },
{ "type": "Feature", "properties": { "lrr_hist_ft": -13.0, "lrr_sat_ft": -18.3, "lrr_since_2016_ft": -43.4, "usgs_lrr_ft": -13.3, "epr_hist_ft": -13.5, "net_since_first_ft": -2525.0, "net_hist_ft": -2212.0, "sat_change_since_2018_ft": -313.0, "segment": "Edingsville Beach", "first_year": 1854, "trans_order": 4539 }, "geometry": { "type": "LineString", "coordinates": [ [ -80.256501, 32.522753 ], [ -80.258449, 32.525252 ], [ -80.260458, 32.527828 ] ] } },
{ "type": "Feature", "properties": { "lrr_hist_ft": -13.0, "lrr_sat_ft": -18.2, "lrr_since_2016_ft": -39.3, "usgs_lrr_ft": -13.3, "epr_hist_ft": -13.5, "net_since_first_ft": -2509.0, "net_hist_ft": -2210.0, "sat_change_since_2018_ft": -299.0, "segment": "Edingsville Beach", "first_year": 1854, "trans_order": 4540 }, "geometry": { "type": "LineString", "coordinates": [ [ -80.25696, 32.522523 ], [ -80.258894, 32.525003 ], [ -80.260914, 32.527594 ] ] } },
{ "type": "Feature", "properties": { "lrr_hist_ft": -13.0, "lrr_sat_ft": -18.2, "lrr_since_2016_ft": -36.5, "usgs_lrr_ft": -13.3, "epr_hist_ft": -13.5, "net_since_first_ft": -2495.0, "net_hist_ft": -2211.0, "sat_change_since_2018_ft": -284.0, "segment": "Edingsville Beach", "first_year": 1854, "trans_order": 4541 }, "geometry": { "type": "LineString", "coordinates": [ [ -80.257431, 32.522309 ], [ -80.259338, 32.524754 ], [ -80.261387, 32.527382 ] ] } },
{ "type": "Feature", "properties": { "lrr_hist_ft": -12.8, "lrr_sat_ft": -17.8, "lrr_since_2016_ft": -33.5, "usgs_lrr_ft": -13.1, "epr_hist_ft": -13.3, "net_since_first_ft": -2443.0, "net_hist_ft": -2182.0, "sat_change_since_2018_ft": -262.0, "segment": "Edingsville Beach", "first_year": 1854, "trans_order": 4542 }, "geometry": { "type": "LineString", "coordinates": [ [ -80.257924, 32.522123 ], [ -80.259782, 32.524506 ], [ -80.261827, 32.527129 ] ] } },
{ "type": "Feature", "properties": { "lrr_hist_ft": -12.6, "lrr_sat_ft": -17.5, "lrr_since_2016_ft": -31.8, "usgs_lrr_ft": -12.9, "epr_hist_ft": -13.2, "net_since_first_ft": -2407.0, "net_hist_ft": -2164.0, "sat_change_since_2018_ft": -243.0, "segment": "Edingsville Beach", "first_year": 1854, "trans_order": 4543 }, "geometry": { "type": "LineString", "coordinates": [ [ -80.258411, 32.52193 ], [ -80.260226, 32.524257 ], [ -80.262283, 32.526895 ] ] } },
{ "type": "Feature", "properties": { "lrr_hist_ft": -12.6, "lrr_sat_ft": -17.6, "lrr_since_2016_ft": -29.7, "usgs_lrr_ft": -12.9, "epr_hist_ft": -13.2, "net_since_first_ft": -2395.0, "net_hist_ft": -2164.0, "sat_change_since_2018_ft": -231.0, "segment": "Edingsville Beach", "first_year": 1854, "trans_order": 4544 }, "geometry": { "type": "LineString", "coordinates": [ [ -80.258867, 32.521695 ], [ -80.26067, 32.524009 ], [ -80.262737, 32.526659 ] ] } },
{ "type": "Feature", "properties": { "lrr_hist_ft": -12.5, "lrr_sat_ft": -17.6, "lrr_since_2016_ft": -27.2, "usgs_lrr_ft": -12.8, "epr_hist_ft": -13.1, "net_since_first_ft": -2355.0, "net_hist_ft": -2145.0, "sat_change_since_2018_ft": -210.0, "segment": "Edingsville Beach", "first_year": 1854, "trans_order": 4545 }, "geometry": { "type": "LineString", "coordinates": [ [ -80.259363, 32.521513 ], [ -80.261115, 32.52376 ], [ -80.263199, 32.526434 ] ] } },
{ "type": "Feature", "properties": { "lrr_hist_ft": -12.5, "lrr_sat_ft": -17.3, "lrr_since_2016_ft": -23.6, "usgs_lrr_ft": -12.8, "epr_hist_ft": -13.0, "net_since_first_ft": -2308.0, "net_hist_ft": -2124.0, "sat_change_since_2018_ft": -184.0, "segment": "Edingsville Beach", "first_year": 1854, "trans_order": 4546 }, "geometry": { "type": "LineString", "coordinates": [ [ -80.259861, 32.521334 ], [ -80.261559, 32.523511 ], [ -80.26366, 32.526206 ] ] } },
{ "type": "Feature", "properties": { "lrr_hist_ft": -12.4, "lrr_sat_ft": -17.4, "lrr_since_2016_ft": -22.2, "usgs_lrr_ft": -12.7, "epr_hist_ft": -12.8, "net_since_first_ft": -2273.0, "net_hist_ft": -2102.0, "sat_change_since_2018_ft": -171.0, "segment": "Edingsville Beach", "first_year": 1854, "trans_order": 4547 }, "geometry": { "type": "LineString", "coordinates": [ [ -80.260352, 32.521146 ], [ -80.262003, 32.523263 ], [ -80.264112, 32.525968 ] ] } },
{ "type": "Feature", "properties": { "lrr_hist_ft": -12.2, "lrr_sat_ft": -17.3, "lrr_since_2016_ft": -22.3, "usgs_lrr_ft": -12.5, "epr_hist_ft": -12.6, "net_since_first_ft": -2249.0, "net_hist_ft": -2072.0, "sat_change_since_2018_ft": -177.0, "segment": "Edingsville Beach", "first_year": 1854, "trans_order": 4548 }, "geometry": { "type": "LineString", "coordinates": [ [ -80.260848, 32.520963 ], [ -80.262447, 32.523014 ], [ -80.264555, 32.525718 ] ] } },
{ "type": "Feature", "properties": { "lrr_hist_ft": -12.1, "lrr_sat_ft": -17.3, "lrr_since_2016_ft": -22.1, "usgs_lrr_ft": -12.4, "epr_hist_ft": -12.5, "net_since_first_ft": -2226.0, "net_hist_ft": -2053.0, "sat_change_since_2018_ft": -174.0, "segment": "Edingsville Beach", "first_year": 1854, "trans_order": 4549 }, "geometry": { "type": "LineString", "coordinates": [ [ -80.261324, 32.520755 ], [ -80.262891, 32.522766 ], [ -80.264995, 32.525464 ] ] } },
{ "type": "Feature", "properties": { "lrr_hist_ft": -12.0, "lrr_sat_ft": -17.2, "lrr_since_2016_ft": -19.9, "usgs_lrr_ft": -12.3, "epr_hist_ft": -12.4, "net_since_first_ft": -2184.0, "net_hist_ft": -2026.0, "sat_change_since_2018_ft": -158.0, "segment": "Edingsville Beach", "first_year": 1854, "trans_order": 4550 }, "geometry": { "type": "LineString", "coordinates": [ [ -80.261811, 32.520561 ], [ -80.263336, 32.522517 ], [ -80.265434, 32.525208 ] ] } },
{ "type": "Feature", "properties": { "lrr_hist_ft": -11.8, "lrr_sat_ft": -17.3, "lrr_since_2016_ft": -19.2, "usgs_lrr_ft": -12.1, "epr_hist_ft": -12.1, "net_since_first_ft": -2143.0, "net_hist_ft": -1990.0, "sat_change_since_2018_ft": -153.0, "segment": "Edingsville Beach", "first_year": 1854, "trans_order": 4551 }, "geometry": { "type": "LineString", "coordinates": [ [ -80.262312, 32.520386 ], [ -80.26378, 32.522268 ], [ -80.265872, 32.524951 ] ] } },
{ "type": "Feature", "properties": { "lrr_hist_ft": -11.7, "lrr_sat_ft": -17.2, "lrr_since_2016_ft": -21.1, "usgs_lrr_ft": -12.0, "epr_hist_ft": -12.0, "net_since_first_ft": -2129.0, "net_hist_ft": -1971.0, "sat_change_since_2018_ft": -158.0, "segment": "Edingsville Beach", "first_year": 1854, "trans_order": 4552 }, "geometry": { "type": "LineString", "coordinates": [ [ -80.262783, 32.520172 ], [ -80.264224, 32.52202 ], [ -80.266309, 32.524694 ] ] } },
{ "type": "Feature", "properties": { "lrr_hist_ft": -11.6, "lrr_sat_ft": -17.0, "lrr_since_2016_ft": -22.5, "usgs_lrr_ft": -11.8, "epr_hist_ft": -11.8, "net_since_first_ft": -2110.0, "net_hist_ft": -1939.0, "sat_change_since_2018_ft": -172.0, "segment": "Edingsville Beach", "first_year": 1854, "trans_order": 4553 }, "geometry": { "type": "LineString", "coordinates": [ [ -80.263258, 32.519962 ], [ -80.264668, 32.521771 ], [ -80.266726, 32.52441 ] ] } },
{ "type": "Feature", "properties": { "lrr_hist_ft": -11.4, "lrr_sat_ft": -16.9, "lrr_since_2016_ft": -22.5, "usgs_lrr_ft": -11.7, "epr_hist_ft": -11.6, "net_since_first_ft": -2078.0, "net_hist_ft": -1906.0, "sat_change_since_2018_ft": -172.0, "segment": "Edingsville Beach", "first_year": 1854, "trans_order": 4554 }, "geometry": { "type": "LineString", "coordinates": [ [ -80.263743, 32.519767 ], [ -80.265112, 32.521523 ], [ -80.267152, 32.524139 ] ] } },
{ "type": "Feature", "properties": { "lrr_hist_ft": -11.2, "lrr_sat_ft": -16.9, "lrr_since_2016_ft": -22.9, "usgs_lrr_ft": -11.5, "epr_hist_ft": -11.4, "net_since_first_ft": -2041.0, "net_hist_ft": -1872.0, "sat_change_since_2018_ft": -170.0, "segment": "Edingsville Beach", "first_year": 1854, "trans_order": 4555 }, "geometry": { "type": "LineString", "coordinates": [ [ -80.264222, 32.519563 ], [ -80.265557, 32.521274 ], [ -80.26757, 32.523856 ] ] } },
{ "type": "Feature", "properties": { "lrr_hist_ft": -11.0, "lrr_sat_ft": -16.8, "lrr_since_2016_ft": -21.6, "usgs_lrr_ft": -11.3, "epr_hist_ft": -11.2, "net_since_first_ft": -1995.0, "net_hist_ft": -1840.0, "sat_change_since_2018_ft": -156.0, "segment": "Edingsville Beach", "first_year": 1854, "trans_order": 4556 }, "geometry": { "type": "LineString", "coordinates": [ [ -80.264704, 32.519362 ], [ -80.266001, 32.521025 ], [ -80.267995, 32.523582 ] ] } },
{ "type": "Feature", "properties": { "lrr_hist_ft": -11.0, "lrr_sat_ft": -16.7, "lrr_since_2016_ft": -21.9, "usgs_lrr_ft": -11.3, "epr_hist_ft": -11.2, "net_since_first_ft": -1999.0, "net_hist_ft": -1835.0, "sat_change_since_2018_ft": -164.0, "segment": "Edingsville Beach", "first_year": 1854, "trans_order": 4557 }, "geometry": { "type": "LineString", "coordinates": [ [ -80.265151, 32.519118 ], [ -80.266445, 32.520777 ], [ -80.268434, 32.523328 ] ] } },
{ "type": "Feature", "properties": { "lrr_hist_ft": -10.9, "lrr_sat_ft": -16.5, "lrr_since_2016_ft": -22.7, "usgs_lrr_ft": -11.2, "epr_hist_ft": -11.1, "net_since_first_ft": -1976.0, "net_hist_ft": -1812.0, "sat_change_since_2018_ft": -165.0, "segment": "Edingsville Beach", "first_year": 1854, "trans_order": 4558 }, "geometry": { "type": "LineString", "coordinates": [ [ -80.265613, 32.518892 ], [ -80.266889, 32.520528 ], [ -80.268854, 32.523048 ] ] } },
{ "type": "Feature", "properties": { "lrr_hist_ft": -10.8, "lrr_sat_ft": -16.5, "lrr_since_2016_ft": -22.5, "usgs_lrr_ft": -11.0, "epr_hist_ft": -10.9, "net_since_first_ft": -1955.0, "net_hist_ft": -1793.0, "sat_change_since_2018_ft": -162.0, "segment": "Edingsville Beach", "first_year": 1854, "trans_order": 4559 }, "geometry": { "type": "LineString", "coordinates": [ [ -80.266075, 32.518666 ], [ -80.267333, 32.52028 ], [ -80.269283, 32.52278 ] ] } },
{ "type": "Feature", "properties": { "lrr_hist_ft": -10.6, "lrr_sat_ft": -16.2, "lrr_since_2016_ft": -23.7, "usgs_lrr_ft": -10.9, "epr_hist_ft": -10.8, "net_since_first_ft": -1935.0, "net_hist_ft": -1773.0, "sat_change_since_2018_ft": -161.0, "segment": "Edingsville Beach", "first_year": 1854, "trans_order": 4560 }, "geometry": { "type": "LineString", "coordinates": [ [ -80.266527, 32.518427 ], [ -80.267777, 32.520031 ], [ -80.269699, 32.522495 ] ] } },
{ "type": "Feature", "properties": { "lrr_hist_ft": -10.5, "lrr_sat_ft": -15.7, "lrr_since_2016_ft": -22.6, "usgs_lrr_ft": -10.8, "epr_hist_ft": -10.7, "net_since_first_ft": -1910.0, "net_hist_ft": -1755.0, "sat_change_since_2018_ft": -155.0, "segment": "Edingsville Beach", "first_year": 1854, "trans_order": 4561 }, "geometry": { "type": "LineString", "coordinates": [ [ -80.266971, 32.518178 ], [ -80.268222, 32.519782 ], [ -80.270111, 32.522205 ] ] } },
{ "type": "Feature", "properties": { "lrr_hist_ft": -10.3, "lrr_sat_ft": -15.5, "lrr_since_2016_ft": -21.1, "usgs_lrr_ft": -10.6, "epr_hist_ft": -10.5, "net_since_first_ft": -1869.0, "net_hist_ft": -1719.0, "sat_change_since_2018_ft": -150.0, "segment": "Edingsville Beach", "first_year": 1854, "trans_order": 4562 }, "geometry": { "type": "LineString", "coordinates": [ [ -80.267448, 32.517971 ], [ -80.268666, 32.519534 ], [ -80.270523, 32.521915 ] ] } },
{ "type": "Feature", "properties": { "lrr_hist_ft": -10.2, "lrr_sat_ft": -15.0, "lrr_since_2016_ft": -21.2, "usgs_lrr_ft": -10.4, "epr_hist_ft": -10.3, "net_since_first_ft": -1839.0, "net_hist_ft": -1681.0, "sat_change_since_2018_ft": -158.0, "segment": "Edingsville Beach", "first_year": 1854, "trans_order": 4563 }, "geometry": { "type": "LineString", "coordinates": [ [ -80.267925, 32.517765 ], [ -80.26911, 32.519285 ], [ -80.270932, 32.521621 ] ] } },
{ "type": "Feature", "properties": { "lrr_hist_ft": -10.0, "lrr_sat_ft": -14.6, "lrr_since_2016_ft": -20.9, "usgs_lrr_ft": -10.3, "epr_hist_ft": -10.1, "net_since_first_ft": -1804.0, "net_hist_ft": -1654.0, "sat_change_since_2018_ft": -150.0, "segment": "Edingsville Beach", "first_year": 1854, "trans_order": 4564 }, "geometry": { "type": "LineString", "coordinates": [ [ -80.268383, 32.517535 ], [ -80.269554, 32.519036 ], [ -80.271342, 32.521329 ] ] } },
{ "type": "Feature", "properties": { "lrr_hist_ft": -10.0, "lrr_sat_ft": -14.2, "lrr_since_2016_ft": -21.1, "usgs_lrr_ft": -10.2, "epr_hist_ft": -10.1, "net_since_first_ft": -1789.0, "net_hist_ft": -1650.0, "sat_change_since_2018_ft": -138.0, "segment": "Edingsville Beach", "first_year": 1854, "trans_order": 4565 }, "geometry": { "type": "LineString", "coordinates": [ [ -80.268819, 32.517275 ], [ -80.269998, 32.518788 ], [ -80.271771, 32.521061 ] ] } },
{ "type": "Feature", "properties": { "lrr_hist_ft": -9.8, "lrr_sat_ft": -13.9, "lrr_since_2016_ft": -22.2, "usgs_lrr_ft": -10.1, "epr_hist_ft": -9.9, "net_since_first_ft": -1756.0, "net_hist_ft": -1622.0, "sat_change_since_2018_ft": -134.0, "segment": "Edingsville Beach", "first_year": 1854, "trans_order": 4566 }, "geometry": { "type": "LineString", "coordinates": [ [ -80.26929, 32.517061 ], [ -80.270442, 32.518539 ], [ -80.272191, 32.520782 ] ] } },
{ "type": "Feature", "properties": { "lrr_hist_ft": -9.7, "lrr_sat_ft": -13.9, "lrr_since_2016_ft": -20.9, "usgs_lrr_ft": -9.9, "epr_hist_ft": -9.7, "net_since_first_ft": -1714.0, "net_hist_ft": -1597.0, "sat_change_since_2018_ft": -117.0, "segment": "Edingsville Beach", "first_year": 1854, "trans_order": 4567 }, "geometry": { "type": "LineString", "coordinates": [ [ -80.269753, 32.516856 ], [ -80.270887, 32.518291 ], [ -80.272638, 32.520505 ] ] } },
{ "type": "Feature", "properties": { "lrr_hist_ft": -9.5, "lrr_sat_ft": -13.9, "lrr_since_2016_ft": -20.2, "usgs_lrr_ft": -9.7, "epr_hist_ft": -9.6, "net_since_first_ft": -1687.0, "net_hist_ft": -1573.0, "sat_change_since_2018_ft": -113.0, "segment": "Edingsville Beach", "first_year": 1854, "trans_order": 4568 }, "geometry": { "type": "LineString", "coordinates": [ [ -80.270209, 32.516643 ], [ -80.271331, 32.518042 ], [ -80.273078, 32.520221 ] ] } },
{ "type": "Feature", "properties": { "lrr_hist_ft": -9.1, "lrr_sat_ft": -13.7, "lrr_since_2016_ft": -20.5, "usgs_lrr_ft": -9.4, "epr_hist_ft": -9.4, "net_since_first_ft": -1664.0, "net_hist_ft": -1535.0, "sat_change_since_2018_ft": -129.0, "segment": "Edingsville Beach", "first_year": 1854, "trans_order": 4569 }, "geometry": { "type": "LineString", "coordinates": [ [ -80.27069, 32.516459 ], [ -80.271775, 32.517793 ], [ -80.273515, 32.519933 ] ] } },
{ "type": "Feature", "properties": { "lrr_hist_ft": -8.5, "lrr_sat_ft": -13.3, "lrr_since_2016_ft": -20.5, "usgs_lrr_ft": -8.8, "epr_hist_ft": -9.1, "net_since_first_ft": -1626.0, "net_hist_ft": -1493.0, "sat_change_since_2018_ft": -133.0, "segment": "Edingsville Beach", "first_year": 1854, "trans_order": 4570 }, "geometry": { "type": "LineString", "coordinates": [ [ -80.271167, 32.516269 ], [ -80.272219, 32.517545 ], [ -80.273943, 32.519635 ] ] } },
{ "type": "Feature", "properties": { "lrr_hist_ft": -8.1, "lrr_sat_ft": -13.3, "lrr_since_2016_ft": -19.9, "usgs_lrr_ft": -8.3, "epr_hist_ft": -8.9, "net_since_first_ft": -1584.0, "net_hist_ft": -1456.0, "sat_change_since_2018_ft": -128.0, "segment": "Edingsville Beach", "first_year": 1854, "trans_order": 4571 }, "geometry": { "type": "LineString", "coordinates": [ [ -80.271652, 32.516087 ], [ -80.272648, 32.517277 ], [ -80.274384, 32.519353 ] ] } },
{ "type": "Feature", "properties": { "lrr_hist_ft": -8.3, "lrr_sat_ft": -12.9, "lrr_since_2016_ft": -18.1, "usgs_lrr_ft": -8.6, "epr_hist_ft": -8.5, "net_since_first_ft": -1527.0, "net_hist_ft": -1399.0, "sat_change_since_2018_ft": -128.0, "segment": "Edisto Beach State Park", "first_year": 1854, "trans_order": 4572 }, "geometry": { "type": "LineString", "coordinates": [ [ -80.272173, 32.515945 ], [ -80.273076, 32.517009 ], [ -80.274822, 32.519068 ] ] } },
{ "type": "Feature", "properties": { "lrr_hist_ft": -8.0, "lrr_sat_ft": -12.8, "lrr_since_2016_ft": -15.7, "usgs_lrr_ft": -8.3, "epr_hist_ft": -8.2, "net_since_first_ft": -1445.0, "net_hist_ft": -1345.0, "sat_change_since_2018_ft": -100.0, "segment": "Edisto Beach State Park", "first_year": 1854, "trans_order": 4573 }, "geometry": { "type": "LineString", "coordinates": [ [ -80.272687, 32.515791 ], [ -80.273504, 32.516741 ], [ -80.275257, 32.518779 ] ] } },
{ "type": "Feature", "properties": { "lrr_hist_ft": -7.8, "lrr_sat_ft": -12.8, "lrr_since_2016_ft": -15.7, "usgs_lrr_ft": -8.0, "epr_hist_ft": -8.0, "net_since_first_ft": -1407.0, "net_hist_ft": -1306.0, "sat_change_since_2018_ft": -101.0, "segment": "Edisto Beach State Park", "first_year": 1854, "trans_order": 4574 }, "geometry": { "type": "LineString", "coordinates": [ [ -80.273175, 32.515606 ], [ -80.273932, 32.516473 ], [ -80.275693, 32.518493 ] ] } },
{ "type": "Feature", "properties": { "lrr_hist_ft": -7.6, "lrr_sat_ft": -12.6, "lrr_since_2016_ft": -14.7, "usgs_lrr_ft": -7.8, "epr_hist_ft": -7.5, "net_since_first_ft": -1341.0, "net_hist_ft": -1234.0, "sat_change_since_2018_ft": -107.0, "segment": "Edisto Beach State Park", "first_year": 1854, "trans_order": 4575 }, "geometry": { "type": "LineString", "coordinates": [ [ -80.273694, 32.515441 ], [ -80.27436, 32.516205 ], [ -80.276074, 32.518169 ] ] } },
{ "type": "Feature", "properties": { "lrr_hist_ft": -7.0, "lrr_sat_ft": -12.1, "lrr_since_2016_ft": -10.7, "usgs_lrr_ft": -7.3, "epr_hist_ft": -6.8, "net_since_first_ft": -1190.0, "net_hist_ft": -1112.0, "sat_change_since_2018_ft": -78.0, "segment": "Edisto Beach State Park", "first_year": 1854, "trans_order": 4576 }, "geometry": { "type": "LineString", "coordinates": [ [ -80.274331, 32.515413 ], [ -80.274788, 32.515937 ], [ -80.276476, 32.51787 ] ] } },
{ "type": "Feature", "properties": { "lrr_hist_ft": -8.5, "lrr_sat_ft": -11.4, "lrr_since_2016_ft": -9.6, "usgs_lrr_ft": -9.0, "epr_hist_ft": -9.4, "net_since_first_ft": -983.0, "net_hist_ft": -908.0, "sat_change_since_2018_ft": -75.0, "segment": "Edisto Beach State Park", "first_year": 1921, "trans_order": 4577 }, "geometry": { "type": "LineString", "coordinates": [ [ -80.275157, 32.515601 ], [ -80.275216, 32.515668 ], [ -80.276908, 32.517607 ] ] } },
{ "type": "Feature", "properties": { "lrr_hist_ft": -7.5, "lrr_sat_ft": -8.8, "lrr_since_2016_ft": -4.4, "usgs_lrr_ft": -7.8, "epr_hist_ft": -7.0, "net_since_first_ft": -1189.0, "net_hist_ft": -1147.0, "sat_change_since_2018_ft": -42.0, "segment": "Edisto Beach State Park", "first_year": 1854, "trans_order": 4579 }, "geometry": { "type": "LineString", "coordinates": [ [ -80.275755, 32.514769 ], [ -80.276072, 32.515132 ], [ -80.277967, 32.517304 ] ] } },
{ "type": "Feature", "properties": { "lrr_hist_ft": -6.9, "lrr_sat_ft": -8.4, "lrr_since_2016_ft": -7.7, "usgs_lrr_ft": -7.2, "epr_hist_ft": -6.4, "net_since_first_ft": -1102.0, "net_hist_ft": -1043.0, "sat_change_since_2018_ft": -59.0, "segment": "Edisto Beach State Park", "first_year": 1854, "trans_order": 4580 }, "geometry": { "type": "LineString", "coordinates": [ [ -80.276028, 32.514323 ], [ -80.2765, 32.514864 ], [ -80.278113, 32.516712 ] ] } },
{ "type": "Feature", "properties": { "lrr_hist_ft": -6.9, "lrr_sat_ft": -7.6, "lrr_since_2016_ft": -12.9, "usgs_lrr_ft": -7.1, "epr_hist_ft": -6.5, "net_since_first_ft": -1168.0, "net_hist_ft": -1069.0, "sat_change_since_2018_ft": -99.0, "segment": "Edisto Beach State Park", "first_year": 1854, "trans_order": 4581 }, "geometry": { "type": "LineString", "coordinates": [ [ -80.27636, 32.513945 ], [ -80.276928, 32.514596 ], [ -80.278423, 32.516308 ] ] } },
{ "type": "Feature", "properties": { "lrr_hist_ft": -7.0, "lrr_sat_ft": -6.7, "lrr_since_2016_ft": -12.7, "usgs_lrr_ft": -7.2, "epr_hist_ft": -6.7, "net_since_first_ft": -1161.0, "net_hist_ft": -1095.0, "sat_change_since_2018_ft": -66.0, "segment": "Edisto Beach State Park", "first_year": 1854, "trans_order": 4582 }, "geometry": { "type": "LineString", "coordinates": [ [ -80.276711, 32.513589 ], [ -80.277356, 32.514328 ], [ -80.278824, 32.51601 ] ] } },
{ "type": "Feature", "properties": { "lrr_hist_ft": -7.1, "lrr_sat_ft": -6.1, "lrr_since_2016_ft": -12.1, "usgs_lrr_ft": -7.4, "epr_hist_ft": -6.8, "net_since_first_ft": -1191.0, "net_hist_ft": -1121.0, "sat_change_since_2018_ft": -70.0, "segment": "Edisto Beach State Park", "first_year": 1854, "trans_order": 4583 }, "geometry": { "type": "LineString", "coordinates": [ [ -80.277071, 32.513242 ], [ -80.277784, 32.51406 ], [ -80.279234, 32.515721 ] ] } },
{ "type": "Feature", "properties": { "lrr_hist_ft": -7.2, "lrr_sat_ft": -5.8, "lrr_since_2016_ft": -8.7, "usgs_lrr_ft": -7.5, "epr_hist_ft": -6.9, "net_since_first_ft": -1178.0, "net_hist_ft": -1131.0, "sat_change_since_2018_ft": -47.0, "segment": "Edisto Beach State Park", "first_year": 1854, "trans_order": 4584 }, "geometry": { "type": "LineString", "coordinates": [ [ -80.27747, 32.512941 ], [ -80.278212, 32.513791 ], [ -80.279652, 32.515441 ] ] } },
{ "type": "Feature", "properties": { "lrr_hist_ft": -7.2, "lrr_sat_ft": -5.6, "lrr_since_2016_ft": -7.6, "usgs_lrr_ft": -7.4, "epr_hist_ft": -6.9, "net_since_first_ft": -1166.0, "net_hist_ft": -1123.0, "sat_change_since_2018_ft": -42.0, "segment": "Edisto Beach State Park", "first_year": 1854, "trans_order": 4585 }, "geometry": { "type": "LineString", "coordinates": [ [ -80.277912, 32.512689 ], [ -80.27864, 32.513523 ], [ -80.280079, 32.515172 ] ] } },
{ "type": "Feature", "properties": { "lrr_hist_ft": -7.0, "lrr_sat_ft": -5.4, "lrr_since_2016_ft": -7.1, "usgs_lrr_ft": -7.3, "epr_hist_ft": -6.6, "net_since_first_ft": -1144.0, "net_hist_ft": -1087.0, "sat_change_since_2018_ft": -57.0, "segment": "Edisto Beach State Park", "first_year": 1854, "trans_order": 4586 }, "geometry": { "type": "LineString", "coordinates": [ [ -80.278401, 32.512491 ], [ -80.279068, 32.513255 ], [ -80.280499, 32.514895 ] ] } },
{ "type": "Feature", "properties": { "lrr_hist_ft": -6.9, "lrr_sat_ft": -5.1, "lrr_since_2016_ft": -6.1, "usgs_lrr_ft": -7.1, "epr_hist_ft": -6.4, "net_since_first_ft": -1084.0, "net_hist_ft": -1046.0, "sat_change_since_2018_ft": -38.0, "segment": "Edisto Beach State Park", "first_year": 1854, "trans_order": 4587 }, "geometry": { "type": "LineString", "coordinates": [ [ -80.278901, 32.512305 ], [ -80.279496, 32.512987 ], [ -80.280947, 32.51465 ] ] } },
{ "type": "Feature", "properties": { "lrr_hist_ft": -6.7, "lrr_sat_ft": -4.8, "lrr_since_2016_ft": -4.9, "usgs_lrr_ft": -6.9, "epr_hist_ft": -6.2, "net_since_first_ft": -1041.0, "net_hist_ft": -1013.0, "sat_change_since_2018_ft": -28.0, "segment": "Edisto Beach State Park", "first_year": 1854, "trans_order": 4588 }, "geometry": { "type": "LineString", "coordinates": [ [ -80.279389, 32.512105 ], [ -80.279924, 32.512719 ], [ -80.281365, 32.51437 ] ] } },
{ "type": "Feature", "properties": { "lrr_hist_ft": -6.6, "lrr_sat_ft": -4.5, "lrr_since_2016_ft": -4.1, "usgs_lrr_ft": -6.8, "epr_hist_ft": -6.1, "net_since_first_ft": -1017.0, "net_hist_ft": -994.0, "sat_change_since_2018_ft": -23.0, "segment": "Edisto Beach State Park", "first_year": 1854, "trans_order": 4589 }, "geometry": { "type": "LineString", "coordinates": [ [ -80.279854, 32.51188 ], [ -80.280352, 32.512451 ], [ -80.281798, 32.514107 ] ] } },
{ "type": "Feature", "properties": { "lrr_hist_ft": -6.4, "lrr_sat_ft": -4.3, "lrr_since_2016_ft": -4.1, "usgs_lrr_ft": -6.6, "epr_hist_ft": -5.9, "net_since_first_ft": -987.0, "net_hist_ft": -961.0, "sat_change_since_2018_ft": -27.0, "segment": "Edisto Beach State Park", "first_year": 1854, "trans_order": 4590 }, "geometry": { "type": "LineString", "coordinates": [ [ -80.280345, 32.511684 ], [ -80.28078, 32.512182 ], [ -80.282217, 32.513829 ] ] } },
{ "type": "Feature", "properties": { "lrr_hist_ft": -6.2, "lrr_sat_ft": -3.8, "lrr_since_2016_ft": -3.0, "usgs_lrr_ft": -6.4, "epr_hist_ft": -5.7, "net_since_first_ft": -945.0, "net_hist_ft": -928.0, "sat_change_since_2018_ft": -17.0, "segment": "Edisto Beach State Park", "first_year": 1854, "trans_order": 4591 }, "geometry": { "type": "LineString", "coordinates": [ [ -80.28082, 32.51147 ], [ -80.281208, 32.511914 ], [ -80.282642, 32.513557 ] ] } },
{ "type": "Feature", "properties": { "lrr_hist_ft": -6.0, "lrr_sat_ft": -3.6, "lrr_since_2016_ft": -2.9, "usgs_lrr_ft": -6.3, "epr_hist_ft": -5.5, "net_since_first_ft": -916.0, "net_hist_ft": -901.0, "sat_change_since_2018_ft": -15.0, "segment": "Edisto Beach State Park", "first_year": 1854, "trans_order": 4592 }, "geometry": { "type": "LineString", "coordinates": [ [ -80.281288, 32.511247 ], [ -80.281636, 32.511646 ], [ -80.283065, 32.513284 ] ] } },
{ "type": "Feature", "properties": { "lrr_hist_ft": -5.9, "lrr_sat_ft": -3.5, "lrr_since_2016_ft": -2.9, "usgs_lrr_ft": -6.1, "epr_hist_ft": -5.4, "net_since_first_ft": -890.0, "net_hist_ft": -877.0, "sat_change_since_2018_ft": -13.0, "segment": "Edisto Beach State Park", "first_year": 1854, "trans_order": 4593 }, "geometry": { "type": "LineString", "coordinates": [ [ -80.281745, 32.511015 ], [ -80.282064, 32.511378 ], [ -80.283484, 32.51299 ] ] } },
{ "type": "Feature", "properties": { "lrr_hist_ft": -5.7, "lrr_sat_ft": -3.3, "lrr_since_2016_ft": -3.0, "usgs_lrr_ft": -5.9, "epr_hist_ft": -5.1, "net_since_first_ft": -861.0, "net_hist_ft": -844.0, "sat_change_since_2018_ft": -17.0, "segment": "Edisto Beach State Park", "first_year": 1854, "trans_order": 4594 }, "geometry": { "type": "LineString", "coordinates": [ [ -80.282215, 32.510799 ], [ -80.282492, 32.51111 ], [ -80.283916, 32.512707 ] ] } },
{ "type": "Feature", "properties": { "lrr_hist_ft": -5.5, "lrr_sat_ft": -3.1, "lrr_since_2016_ft": -2.2, "usgs_lrr_ft": -5.7, "epr_hist_ft": -4.9, "net_since_first_ft": -818.0, "net_hist_ft": -810.0, "sat_change_since_2018_ft": -7.0, "segment": "Edisto Beach State Park", "first_year": 1854, "trans_order": 4595 }, "geometry": { "type": "LineString", "coordinates": [ [ -80.282687, 32.510583 ], [ -80.28292, 32.510841 ], [ -80.28434, 32.512416 ] ] } },
{ "type": "Feature", "properties": { "lrr_hist_ft": -6.0, "lrr_sat_ft": -2.8, "lrr_since_2016_ft": -1.7, "usgs_lrr_ft": -6.4, "epr_hist_ft": -6.7, "net_since_first_ft": -659.0, "net_hist_ft": -653.0, "sat_change_since_2018_ft": -5.0, "segment": "Edisto Beach State Park", "first_year": 1920, "trans_order": 4596 }, "geometry": { "type": "LineString", "coordinates": [ [ -80.283348, 32.510573 ], [ -80.283348, 32.510573 ], [ -80.284781, 32.512144 ] ] } },
{ "type": "Feature", "properties": { "lrr_hist_ft": -5.9, "lrr_sat_ft": -2.4, "lrr_since_2016_ft": -1.5, "usgs_lrr_ft": -6.3, "epr_hist_ft": -6.5, "net_since_first_ft": -652.0, "net_hist_ft": -635.0, "sat_change_since_2018_ft": -17.0, "segment": "Edisto Beach State Park", "first_year": 1920, "trans_order": 4597 }, "geometry": { "type": "LineString", "coordinates": [ [ -80.283764, 32.510293 ], [ -80.283764, 32.510293 ], [ -80.285209, 32.511857 ] ] } },
{ "type": "Feature", "properties": { "lrr_hist_ft": -6.1, "lrr_sat_ft": -2.2, "lrr_since_2016_ft": -0.5, "usgs_lrr_ft": -6.3, "epr_hist_ft": -5.7, "net_since_first_ft": -940.0, "net_hist_ft": -941.0, "sat_change_since_2018_ft": 0.0, "segment": "Edisto Beach State Park", "first_year": 1852, "trans_order": 4598 }, "geometry": { "type": "LineString", "coordinates": [ [ -80.283637, 32.509429 ], [ -80.284177, 32.510008 ], [ -80.285621, 32.511552 ] ] } },
{ "type": "Feature", "properties": { "lrr_hist_ft": -6.0, "lrr_sat_ft": -2.0, "lrr_since_2016_ft": 0.5, "usgs_lrr_ft": -6.2, "epr_hist_ft": -5.7, "net_since_first_ft": -935.0, "net_hist_ft": -941.0, "sat_change_since_2018_ft": 6.0, "segment": "Edisto Beach State Park", "first_year": 1852, "trans_order": 4599 }, "geometry": { "type": "LineString", "coordinates": [ [ -80.28403, 32.50913 ], [ -80.284591, 32.509724 ], [ -80.286023, 32.511238 ] ] } },
{ "type": "Feature", "properties": { "lrr_hist_ft": -5.9, "lrr_sat_ft": -1.9, "lrr_since_2016_ft": 0.7, "usgs_lrr_ft": -6.1, "epr_hist_ft": -5.6, "net_since_first_ft": -926.0, "net_hist_ft": -927.0, "sat_change_since_2018_ft": 1.0, "segment": "Edisto Beach State Park", "first_year": 1852, "trans_order": 4600 }, "geometry": { "type": "LineString", "coordinates": [ [ -80.284451, 32.508861 ], [ -80.285004, 32.509439 ], [ -80.286429, 32.510929 ] ] } },
{ "type": "Feature", "properties": { "lrr_hist_ft": -5.8, "lrr_sat_ft": -1.7, "lrr_since_2016_ft": 0.5, "usgs_lrr_ft": -6.0, "epr_hist_ft": -5.5, "net_since_first_ft": -916.0, "net_hist_ft": -905.0, "sat_change_since_2018_ft": -10.0, "segment": "Edisto Beach State Park", "first_year": 1852, "trans_order": 4601 }, "geometry": { "type": "LineString", "coordinates": [ [ -80.284884, 32.5086 ], [ -80.285417, 32.509155 ], [ -80.286821, 32.510618 ] ] } },
{ "type": "Feature", "properties": { "lrr_hist_ft": -5.6, "lrr_sat_ft": -1.7, "lrr_since_2016_ft": 0.5, "usgs_lrr_ft": -5.8, "epr_hist_ft": -5.2, "net_since_first_ft": -873.0, "net_hist_ft": -866.0, "sat_change_since_2018_ft": -7.0, "segment": "Edisto Beach State Park", "first_year": 1852, "trans_order": 4602 }, "geometry": { "type": "LineString", "coordinates": [ [ -80.285351, 32.508371 ], [ -80.28583, 32.50887 ], [ -80.28725, 32.51035 ] ] } },
{ "type": "Feature", "properties": { "lrr_hist_ft": -5.4, "lrr_sat_ft": -1.6, "lrr_since_2016_ft": 0.6, "usgs_lrr_ft": -5.7, "epr_hist_ft": -5.1, "net_since_first_ft": -865.0, "net_hist_ft": -851.0, "sat_change_since_2018_ft": -14.0, "segment": "Edisto Beach State Park", "first_year": 1852, "trans_order": 4603 }, "geometry": { "type": "LineString", "coordinates": [ [ -80.285772, 32.508095 ], [ -80.286243, 32.508586 ], [ -80.287643, 32.510046 ] ] } },
{ "type": "Feature", "properties": { "lrr_hist_ft": -5.3, "lrr_sat_ft": -1.5, "lrr_since_2016_ft": 0.3, "usgs_lrr_ft": -5.6, "epr_hist_ft": -5.0, "net_since_first_ft": -849.0, "net_hist_ft": -832.0, "sat_change_since_2018_ft": -17.0, "segment": "Edisto Beach State Park", "first_year": 1852, "trans_order": 4604 }, "geometry": { "type": "LineString", "coordinates": [ [ -80.286193, 32.507819 ], [ -80.286656, 32.508301 ], [ -80.288033, 32.509737 ] ] } },
{ "type": "Feature", "properties": { "lrr_hist_ft": -5.3, "lrr_sat_ft": -1.1, "lrr_since_2016_ft": 0.0, "usgs_lrr_ft": -5.5, "epr_hist_ft": -4.9, "net_since_first_ft": -853.0, "net_hist_ft": -819.0, "sat_change_since_2018_ft": -34.0, "segment": "Edisto Beach State Park", "first_year": 1852, "trans_order": 4605 }, "geometry": { "type": "LineString", "coordinates": [ [ -80.286593, 32.50752 ], [ -80.287069, 32.508017 ], [ -80.28842, 32.509425 ] ] } },
{ "type": "Feature", "properties": { "lrr_hist_ft": -5.1, "lrr_sat_ft": -0.8, "lrr_since_2016_ft": -0.3, "usgs_lrr_ft": -5.3, "epr_hist_ft": -4.7, "net_since_first_ft": -812.0, "net_hist_ft": -785.0, "sat_change_since_2018_ft": -28.0, "segment": "Edisto Beach State Park", "first_year": 1852, "trans_order": 4606 }, "geometry": { "type": "LineString", "coordinates": [ [ -80.287011, 32.507241 ], [ -80.287482, 32.507732 ], [ -80.288794, 32.5091 ] ] } },
{ "type": "Feature", "properties": { "lrr_hist_ft": -4.8, "lrr_sat_ft": -0.5, "lrr_since_2016_ft": -1.4, "usgs_lrr_ft": -5.1, "epr_hist_ft": -4.5, "net_since_first_ft": -792.0, "net_hist_ft": -750.0, "sat_change_since_2018_ft": -42.0, "segment": "Edisto Beach State Park", "first_year": 1852, "trans_order": 4607 }, "geometry": { "type": "LineString", "coordinates": [ [ -80.287457, 32.506991 ], [ -80.287895, 32.507448 ], [ -80.289171, 32.508778 ] ] } },
{ "type": "Feature", "properties": { "lrr_hist_ft": -4.7, "lrr_sat_ft": -0.2, "lrr_since_2016_ft": -2.4, "usgs_lrr_ft": -4.9, "epr_hist_ft": -4.4, "net_since_first_ft": -780.0, "net_hist_ft": -726.0, "sat_change_since_2018_ft": -54.0, "segment": "Edisto Beach State Park", "first_year": 1852, "trans_order": 4608 }, "geometry": { "type": "LineString", "coordinates": [ [ -80.287886, 32.506723 ], [ -80.288308, 32.507163 ], [ -80.289549, 32.508457 ] ] } },
{ "type": "Feature", "properties": { "lrr_hist_ft": -4.5, "lrr_sat_ft": 0.1, "lrr_since_2016_ft": -3.4, "usgs_lrr_ft": -4.7, "epr_hist_ft": -4.2, "net_since_first_ft": -758.0, "net_hist_ft": -699.0, "sat_change_since_2018_ft": -59.0, "segment": "Edisto Beach State Park", "first_year": 1852, "trans_order": 4609 }, "geometry": { "type": "LineString", "coordinates": [ [ -80.2883, 32.50644 ], [ -80.288721, 32.506879 ], [ -80.289924, 32.508133 ] ] } },
{ "type": "Feature", "properties": { "lrr_hist_ft": -4.4, "lrr_sat_ft": 0.4, "lrr_since_2016_ft": -3.8, "usgs_lrr_ft": -4.6, "epr_hist_ft": -4.1, "net_since_first_ft": -740.0, "net_hist_ft": -684.0, "sat_change_since_2018_ft": -56.0, "segment": "Edisto Beach State Park", "first_year": 1852, "trans_order": 4610 }, "geometry": { "type": "LineString", "coordinates": [ [ -80.288695, 32.506136 ], [ -80.289134, 32.506594 ], [ -80.290305, 32.507814 ] ] } },
{ "type": "Feature", "properties": { "lrr_hist_ft": -4.3, "lrr_sat_ft": 0.6, "lrr_since_2016_ft": -4.4, "usgs_lrr_ft": -4.5, "epr_hist_ft": -4.1, "net_since_first_ft": -734.0, "net_hist_ft": -675.0, "sat_change_since_2018_ft": -59.0, "segment": "Edisto Beach State Park", "first_year": 1852, "trans_order": 4611 }, "geometry": { "type": "LineString", "coordinates": [ [ -80.289092, 32.505835 ], [ -80.289547, 32.50631 ], [ -80.290689, 32.5075 ] ] } },
{ "type": "Feature", "properties": { "lrr_hist_ft": -4.1, "lrr_sat_ft": 0.7, "lrr_since_2016_ft": -4.2, "usgs_lrr_ft": -4.4, "epr_hist_ft": -3.9, "net_since_first_ft": -711.0, "net_hist_ft": -652.0, "sat_change_since_2018_ft": -59.0, "segment": "Edisto Beach State Park", "first_year": 1852, "trans_order": 4612 }, "geometry": { "type": "LineString", "coordinates": [ [ -80.289508, 32.505554 ], [ -80.28996, 32.506025 ], [ -80.291072, 32.507184 ] ] } },
{ "type": "Feature", "properties": { "lrr_hist_ft": -4.0, "lrr_sat_ft": 0.7, "lrr_since_2016_ft": -4.2, "usgs_lrr_ft": -4.2, "epr_hist_ft": -3.8, "net_since_first_ft": -706.0, "net_hist_ft": -627.0, "sat_change_since_2018_ft": -78.0, "segment": "Edisto Beach State Park", "first_year": 1852, "trans_order": 4613 }, "geometry": { "type": "LineString", "coordinates": [ [ -80.289936, 32.505285 ], [ -80.290373, 32.505741 ], [ -80.291456, 32.50687 ] ] } },
{ "type": "Feature", "properties": { "lrr_hist_ft": -3.8, "lrr_sat_ft": 0.6, "lrr_since_2016_ft": -4.5, "usgs_lrr_ft": -4.0, "epr_hist_ft": -3.6, "net_since_first_ft": -680.0, "net_hist_ft": -602.0, "sat_change_since_2018_ft": -78.0, "segment": "Edisto Beach State Park", "first_year": 1852, "trans_order": 4614 }, "geometry": { "type": "LineString", "coordinates": [ [ -80.290367, 32.505019 ], [ -80.290786, 32.505456 ], [ -80.291833, 32.506548 ] ] } },
{ "type": "Feature", "properties": { "lrr_hist_ft": -3.7, "lrr_sat_ft": 0.6, "lrr_since_2016_ft": -3.2, "usgs_lrr_ft": -3.9, "epr_hist_ft": -3.5, "net_since_first_ft": -644.0, "net_hist_ft": -578.0, "sat_change_since_2018_ft": -66.0, "segment": "Edisto Beach State Park", "first_year": 1852, "trans_order": 4615 }, "geometry": { "type": "LineString", "coordinates": [ [ -80.290797, 32.504753 ], [ -80.291199, 32.505172 ], [ -80.292211, 32.506227 ] ] } },
{ "type": "Feature", "properties": { "lrr_hist_ft": -3.5, "lrr_sat_ft": 0.7, "lrr_since_2016_ft": -3.7, "usgs_lrr_ft": -3.7, "epr_hist_ft": -3.3, "net_since_first_ft": -622.0, "net_hist_ft": -553.0, "sat_change_since_2018_ft": -68.0, "segment": "Edisto Beach State Park", "first_year": 1852, "trans_order": 4616 }, "geometry": { "type": "LineString", "coordinates": [ [ -80.291227, 32.504486 ], [ -80.291612, 32.504887 ], [ -80.292596, 32.505912 ] ] } },
{ "type": "Feature", "properties": { "lrr_hist_ft": -3.3, "lrr_sat_ft": 0.7, "lrr_since_2016_ft": -3.6, "usgs_lrr_ft": -3.5, "epr_hist_ft": -3.2, "net_since_first_ft": -585.0, "net_hist_ft": -524.0, "sat_change_since_2018_ft": -61.0, "segment": "Edisto Beach State Park", "first_year": 1852, "trans_order": 4617 }, "geometry": { "type": "LineString", "coordinates": [ [ -80.291659, 32.504222 ], [ -80.292025, 32.504602 ], [ -80.292983, 32.505601 ] ] } },
{ "type": "Feature", "properties": { "lrr_hist_ft": -3.2, "lrr_sat_ft": 0.8, "lrr_since_2016_ft": -3.3, "usgs_lrr_ft": -3.4, "epr_hist_ft": -3.0, "net_since_first_ft": -569.0, "net_hist_ft": -501.0, "sat_change_since_2018_ft": -68.0, "segment": "Edisto Beach State Park", "first_year": 1852, "trans_order": 4618 }, "geometry": { "type": "LineString", "coordinates": [ [ -80.292082, 32.503947 ], [ -80.292438, 32.504318 ], [ -80.293374, 32.505294 ] ] } },
{ "type": "Feature", "properties": { "lrr_hist_ft": -3.0, "lrr_sat_ft": 0.8, "lrr_since_2016_ft": -3.0, "usgs_lrr_ft": -3.2, "epr_hist_ft": -2.9, "net_since_first_ft": -537.0, "net_hist_ft": -478.0, "sat_change_since_2018_ft": -58.0, "segment": "Edisto Beach State Park", "first_year": 1852, "trans_order": 4619 }, "geometry": { "type": "LineString", "coordinates": [ [ -80.292518, 32.503687 ], [ -80.292851, 32.504033 ], [ -80.293779, 32.505001 ] ] } },
{ "type": "Feature", "properties": { "lrr_hist_ft": -2.8, "lrr_sat_ft": 0.7, "lrr_since_2016_ft": -3.3, "usgs_lrr_ft": -3.0, "epr_hist_ft": -2.6, "net_since_first_ft": -484.0, "net_hist_ft": -435.0, "sat_change_since_2018_ft": -49.0, "segment": "Edisto Beach State Park", "first_year": 1852, "trans_order": 4620 }, "geometry": { "type": "LineString", "coordinates": [ [ -80.292993, 32.503467 ], [ -80.293264, 32.503749 ], [ -80.294163, 32.504687 ] ] } },
{ "type": "Feature", "properties": { "lrr_hist_ft": -2.6, "lrr_sat_ft": 0.4, "lrr_since_2016_ft": -2.9, "usgs_lrr_ft": -2.8, "epr_hist_ft": -2.4, "net_since_first_ft": -431.0, "net_hist_ft": -395.0, "sat_change_since_2018_ft": -36.0, "segment": "Edisto Beach State Park", "first_year": 1852, "trans_order": 4621 }, "geometry": { "type": "LineString", "coordinates": [ [ -80.293467, 32.503246 ], [ -80.293677, 32.503464 ], [ -80.294569, 32.504394 ] ] } },
{ "type": "Feature", "properties": { "lrr_hist_ft": -2.5, "lrr_sat_ft": 0.3, "lrr_since_2016_ft": -1.0, "usgs_lrr_ft": -2.7, "epr_hist_ft": -2.3, "net_since_first_ft": -400.0, "net_hist_ft": -380.0, "sat_change_since_2018_ft": -21.0, "segment": "Edisto Beach State Park", "first_year": 1852, "trans_order": 4622 }, "geometry": { "type": "LineString", "coordinates": [ [ -80.293903, 32.502985 ], [ -80.29409, 32.50318 ], [ -80.29496, 32.504087 ] ] } },
{ "type": "Feature", "properties": { "lrr_hist_ft": -2.2, "lrr_sat_ft": -0.1, "lrr_since_2016_ft": -0.1, "usgs_lrr_ft": -2.5, "epr_hist_ft": -2.2, "net_since_first_ft": -379.0, "net_hist_ft": -357.0, "sat_change_since_2018_ft": -22.0, "segment": "Edisto Beach State Park", "first_year": 1852, "trans_order": 4623 }, "geometry": { "type": "LineString", "coordinates": [ [ -80.294362, 32.502749 ], [ -80.294503, 32.502895 ], [ -80.295309, 32.503736 ] ] } },
{ "type": "Feature", "properties": { "lrr_hist_ft": -1.9, "lrr_sat_ft": -0.7, "lrr_since_2016_ft": 0.7, "usgs_lrr_ft": -2.1, "epr_hist_ft": -2.0, "net_since_first_ft": -352.0, "net_hist_ft": -336.0, "sat_change_since_2018_ft": -16.0, "segment": "Edisto Beach State Park", "first_year": 1852, "trans_order": 4624 }, "geometry": { "type": "LineString", "coordinates": [ [ -80.294839, 32.502531 ], [ -80.294916, 32.502611 ], [ -80.295669, 32.503396 ] ] } },
{ "type": "Feature", "properties": { "lrr_hist_ft": -1.8, "lrr_sat_ft": -0.8, "lrr_since_2016_ft": -0.5, "usgs_lrr_ft": -2.0, "epr_hist_ft": -1.9, "net_since_first_ft": -357.0, "net_hist_ft": -321.0, "sat_change_since_2018_ft": -35.0, "segment": "Edisto Beach State Park", "first_year": 1852, "trans_order": 4625 }, "geometry": { "type": "LineString", "coordinates": [ [ -80.295284, 32.50228 ], [ -80.295329, 32.502326 ], [ -80.296008, 32.503034 ] ] } },
{ "type": "Feature", "properties": { "lrr_hist_ft": -1.8, "lrr_sat_ft": -0.9, "lrr_since_2016_ft": -0.7, "usgs_lrr_ft": -2.0, "epr_hist_ft": -1.9, "net_since_first_ft": -354.0, "net_hist_ft": -317.0, "sat_change_since_2018_ft": -38.0, "segment": "Edisto Beach State Park", "first_year": 1852, "trans_order": 4626 }, "geometry": { "type": "LineString", "coordinates": [ [ -80.295698, 32.501996 ], [ -80.295742, 32.502042 ], [ -80.296426, 32.502755 ] ] } },
{ "type": "Feature", "properties": { "lrr_hist_ft": -1.6, "lrr_sat_ft": -0.6, "lrr_since_2016_ft": -1.0, "usgs_lrr_ft": -1.8, "epr_hist_ft": -1.7, "net_since_first_ft": -337.0, "net_hist_ft": -285.0, "sat_change_since_2018_ft": -52.0, "segment": "Edisto Beach State Park", "first_year": 1852, "trans_order": 4627 }, "geometry": { "type": "LineString", "coordinates": [ [ -80.296152, 32.501754 ], [ -80.296155, 32.501757 ], [ -80.296801, 32.50243 ] ] } },
{ "type": "Feature", "properties": { "lrr_hist_ft": -1.5, "lrr_sat_ft": -0.5, "lrr_since_2016_ft": -0.8, "usgs_lrr_ft": -1.7, "epr_hist_ft": -1.5, "net_since_first_ft": -296.0, "net_hist_ft": -256.0, "sat_change_since_2018_ft": -40.0, "segment": "Edisto Beach State Park", "first_year": 1852, "trans_order": 4628 }, "geometry": { "type": "LineString", "coordinates": [ [ -80.296568, 32.501473 ], [ -80.296568, 32.501473 ], [ -80.297255, 32.502189 ] ] } },
{ "type": "Feature", "properties": { "lrr_hist_ft": -1.4, "lrr_sat_ft": -0.3, "lrr_since_2016_ft": -1.4, "usgs_lrr_ft": -1.6, "epr_hist_ft": -1.5, "net_since_first_ft": -287.0, "net_hist_ft": -244.0, "sat_change_since_2018_ft": -43.0, "segment": "Edisto Beach State Park", "first_year": 1852, "trans_order": 4629 }, "geometry": { "type": "LineString", "coordinates": [ [ -80.29698, 32.501188 ], [ -80.29698, 32.501188 ], [ -80.297697, 32.501935 ] ] } },
{ "type": "Feature", "properties": { "lrr_hist_ft": -1.4, "lrr_sat_ft": -0.3, "lrr_since_2016_ft": -0.2, "usgs_lrr_ft": -1.6, "epr_hist_ft": -1.5, "net_since_first_ft": -290.0, "net_hist_ft": -247.0, "sat_change_since_2018_ft": -43.0, "segment": "Edisto Beach State Park", "first_year": 1852, "trans_order": 4630 }, "geometry": { "type": "LineString", "coordinates": [ [ -80.297393, 32.500904 ], [ -80.297393, 32.500904 ], [ -80.298133, 32.501674 ] ] } },
{ "type": "Feature", "properties": { "lrr_hist_ft": -1.3, "lrr_sat_ft": -0.6, "lrr_since_2016_ft": -1.5, "usgs_lrr_ft": -1.5, "epr_hist_ft": -1.4, "net_since_first_ft": -285.0, "net_hist_ft": -238.0, "sat_change_since_2018_ft": -47.0, "segment": "Edisto Beach State Park", "first_year": 1852, "trans_order": 4631 }, "geometry": { "type": "LineString", "coordinates": [ [ -80.297806, 32.500619 ], [ -80.297806, 32.500619 ], [ -80.298588, 32.501434 ] ] } },
{ "type": "Feature", "properties": { "lrr_hist_ft": -1.3, "lrr_sat_ft": -0.6, "lrr_since_2016_ft": -2.9, "usgs_lrr_ft": -1.5, "epr_hist_ft": -1.4, "net_since_first_ft": -301.0, "net_hist_ft": -228.0, "sat_change_since_2018_ft": -73.0, "segment": "Edisto Beach State Park", "first_year": 1852, "trans_order": 4632 }, "geometry": { "type": "LineString", "coordinates": [ [ -80.298219, 32.500334 ], [ -80.298219, 32.500334 ], [ -80.299023, 32.501173 ] ] } },
{ "type": "Feature", "properties": { "lrr_hist_ft": -1.2, "lrr_sat_ft": -0.5, "lrr_since_2016_ft": -2.6, "usgs_lrr_ft": -1.4, "epr_hist_ft": -1.3, "net_since_first_ft": -270.0, "net_hist_ft": -211.0, "sat_change_since_2018_ft": -59.0, "segment": "Town of Edisto Beach", "first_year": 1852, "trans_order": 4633 }, "geometry": { "type": "LineString", "coordinates": [ [ -80.298632, 32.50005 ], [ -80.298632, 32.50005 ], [ -80.299447, 32.500899 ] ] } },
{ "type": "Feature", "properties": { "lrr_hist_ft": -1.1, "lrr_sat_ft": -0.2, "lrr_since_2016_ft": -1.9, "usgs_lrr_ft": -1.3, "epr_hist_ft": -1.2, "net_since_first_ft": -237.0, "net_hist_ft": -197.0, "sat_change_since_2018_ft": -40.0, "segment": "Town of Edisto Beach", "first_year": 1852, "trans_order": 4634 }, "geometry": { "type": "LineString", "coordinates": [ [ -80.299045, 32.499765 ], [ -80.299045, 32.499765 ], [ -80.29984, 32.500594 ] ] } },
{ "type": "Feature", "properties": { "lrr_hist_ft": -1.1, "lrr_sat_ft": 0.0, "lrr_since_2016_ft": -0.8, "usgs_lrr_ft": -1.4, "epr_hist_ft": -1.2, "net_since_first_ft": -242.0, "net_hist_ft": -202.0, "sat_change_since_2018_ft": -41.0, "segment": "Town of Edisto Beach", "first_year": 1852, "trans_order": 4635 }, "geometry": { "type": "LineString", "coordinates": [ [ -80.299458, 32.499481 ], [ -80.299458, 32.499481 ], [ -80.300336, 32.500396 ] ] } },
{ "type": "Feature", "properties": { "lrr_hist_ft": -1.2, "lrr_sat_ft": 0.2, "lrr_since_2016_ft": -0.6, "usgs_lrr_ft": -1.4, "epr_hist_ft": -1.2, "net_since_first_ft": -232.0, "net_hist_ft": -199.0, "sat_change_since_2018_ft": -34.0, "segment": "Town of Edisto Beach", "first_year": 1852, "trans_order": 4636 }, "geometry": { "type": "LineString", "coordinates": [ [ -80.299871, 32.499196 ], [ -80.299871, 32.499196 ], [ -80.300747, 32.500112 ] ] } },
{ "type": "Feature", "properties": { "lrr_hist_ft": -1.2, "lrr_sat_ft": 0.3, "lrr_since_2016_ft": -0.1, "usgs_lrr_ft": -1.4, "epr_hist_ft": -1.1, "net_since_first_ft": -217.0, "net_hist_ft": -187.0, "sat_change_since_2018_ft": -30.0, "segment": "Town of Edisto Beach", "first_year": 1852, "trans_order": 4637 }, "geometry": { "type": "LineString", "coordinates": [ [ -80.300284, 32.498912 ], [ -80.300284, 32.498912 ], [ -80.301176, 32.499849 ] ] } },
{ "type": "Feature", "properties": { "lrr_hist_ft": -1.2, "lrr_sat_ft": 0.5, "lrr_since_2016_ft": -0.2, "usgs_lrr_ft": -1.4, "epr_hist_ft": -1.2, "net_since_first_ft": -228.0, "net_hist_ft": -194.0, "sat_change_since_2018_ft": -34.0, "segment": "Town of Edisto Beach", "first_year": 1852, "trans_order": 4638 }, "geometry": { "type": "LineString", "coordinates": [ [ -80.300697, 32.498627 ], [ -80.300697, 32.498627 ], [ -80.301588, 32.499569 ] ] } },
{ "type": "Feature", "properties": { "lrr_hist_ft": -1.2, "lrr_sat_ft": 0.0, "lrr_since_2016_ft": -1.7, "usgs_lrr_ft": -1.4, "epr_hist_ft": -1.1, "net_since_first_ft": -236.0, "net_hist_ft": -185.0, "sat_change_since_2018_ft": -52.0, "segment": "Town of Edisto Beach", "first_year": 1852, "trans_order": 4639 }, "geometry": { "type": "LineString", "coordinates": [ [ -80.30111, 32.498343 ], [ -80.30111, 32.498343 ], [ -80.302019, 32.499309 ] ] } },
{ "type": "Feature", "properties": { "lrr_hist_ft": -1.1, "lrr_sat_ft": 0.1, "lrr_since_2016_ft": -3.1, "usgs_lrr_ft": -1.3, "epr_hist_ft": -1.0, "net_since_first_ft": -228.0, "net_hist_ft": -163.0, "sat_change_since_2018_ft": -65.0, "segment": "Town of Edisto Beach", "first_year": 1852, "trans_order": 4640 }, "geometry": { "type": "LineString", "coordinates": [ [ -80.301528, 32.498064 ], [ -80.301528, 32.498064 ], [ -80.302433, 32.499031 ] ] } },
{ "type": "Feature", "properties": { "lrr_hist_ft": -1.1, "lrr_sat_ft": 0.3, "lrr_since_2016_ft": -2.5, "usgs_lrr_ft": -1.3, "epr_hist_ft": -0.9, "net_since_first_ft": -209.0, "net_hist_ft": -156.0, "sat_change_since_2018_ft": -53.0, "segment": "Town of Edisto Beach", "first_year": 1852, "trans_order": 4641 }, "geometry": { "type": "LineString", "coordinates": [ [ -80.301948, 32.497786 ], [ -80.301948, 32.497786 ], [ -80.30286, 32.498767 ] ] } },
{ "type": "Feature", "properties": { "lrr_hist_ft": -1.2, "lrr_sat_ft": 0.4, "lrr_since_2016_ft": -3.5, "usgs_lrr_ft": -1.4, "epr_hist_ft": -1.0, "net_since_first_ft": -220.0, "net_hist_ft": -161.0, "sat_change_since_2018_ft": -58.0, "segment": "Town of Edisto Beach", "first_year": 1852, "trans_order": 4642 }, "geometry": { "type": "LineString", "coordinates": [ [ -80.302368, 32.497509 ], [ -80.302368, 32.497509 ], [ -80.303243, 32.498455 ] ] } },
{ "type": "Feature", "properties": { "lrr_hist_ft": -1.1, "lrr_sat_ft": 0.6, "lrr_since_2016_ft": -2.8, "usgs_lrr_ft": -1.3, "epr_hist_ft": -0.9, "net_since_first_ft": -199.0, "net_hist_ft": -145.0, "sat_change_since_2018_ft": -54.0, "segment": "Town of Edisto Beach", "first_year": 1852, "trans_order": 4643 }, "geometry": { "type": "LineString", "coordinates": [ [ -80.302788, 32.497232 ], [ -80.302788, 32.497232 ], [ -80.303685, 32.498207 ] ] } },
{ "type": "Feature", "properties": { "lrr_hist_ft": -1.0, "lrr_sat_ft": 0.8, "lrr_since_2016_ft": -2.3, "usgs_lrr_ft": -1.3, "epr_hist_ft": -0.8, "net_since_first_ft": -188.0, "net_hist_ft": -134.0, "sat_change_since_2018_ft": -53.0, "segment": "Town of Edisto Beach", "first_year": 1852, "trans_order": 4644 }, "geometry": { "type": "LineString", "coordinates": [ [ -80.303208, 32.496955 ], [ -80.303208, 32.496955 ], [ -80.30408, 32.497904 ] ] } },
{ "type": "Feature", "properties": { "lrr_hist_ft": -1.0, "lrr_sat_ft": 1.0, "lrr_since_2016_ft": -1.9, "usgs_lrr_ft": -1.2, "epr_hist_ft": -0.8, "net_since_first_ft": -187.0, "net_hist_ft": -132.0, "sat_change_since_2018_ft": -55.0, "segment": "Town of Edisto Beach", "first_year": 1852, "trans_order": 4645 }, "geometry": { "type": "LineString", "coordinates": [ [ -80.303628, 32.496678 ], [ -80.303628, 32.496678 ], [ -80.304438, 32.49756 ] ] } },
{ "type": "Feature", "properties": { "lrr_hist_ft": -1.0, "lrr_sat_ft": 1.0, "lrr_since_2016_ft": -3.0, "usgs_lrr_ft": -1.2, "epr_hist_ft": -0.8, "net_since_first_ft": -184.0, "net_hist_ft": -127.0, "sat_change_since_2018_ft": -57.0, "segment": "Town of Edisto Beach", "first_year": 1852, "trans_order": 4646 }, "geometry": { "type": "LineString", "coordinates": [ [ -80.304047, 32.496401 ], [ -80.304047, 32.496401 ], [ -80.304831, 32.497254 ] ] } },
{ "type": "Feature", "properties": { "lrr_hist_ft": -1.0, "lrr_sat_ft": 1.0, "lrr_since_2016_ft": -3.0, "usgs_lrr_ft": -1.2, "epr_hist_ft": -0.7, "net_since_first_ft": -182.0, "net_hist_ft": -121.0, "sat_change_since_2018_ft": -61.0, "segment": "Town of Edisto Beach", "first_year": 1852, "trans_order": 4647 }, "geometry": { "type": "LineString", "coordinates": [ [ -80.304467, 32.496124 ], [ -80.304467, 32.496124 ], [ -80.305294, 32.497023 ] ] } },
{ "type": "Feature", "properties": { "lrr_hist_ft": -1.1, "lrr_sat_ft": 0.9, "lrr_since_2016_ft": -1.2, "usgs_lrr_ft": -1.3, "epr_hist_ft": -0.8, "net_since_first_ft": -184.0, "net_hist_ft": -136.0, "sat_change_since_2018_ft": -49.0, "segment": "Town of Edisto Beach", "first_year": 1852, "trans_order": 4648 }, "geometry": { "type": "LineString", "coordinates": [ [ -80.304887, 32.495847 ], [ -80.304887, 32.495847 ], [ -80.305683, 32.496712 ] ] } },
{ "type": "Feature", "properties": { "lrr_hist_ft": -1.0, "lrr_sat_ft": 1.0, "lrr_since_2016_ft": -1.8, "usgs_lrr_ft": -1.2, "epr_hist_ft": -0.8, "net_since_first_ft": -185.0, "net_hist_ft": -140.0, "sat_change_since_2018_ft": -45.0, "segment": "Town of Edisto Beach", "first_year": 1852, "trans_order": 4649 }, "geometry": { "type": "LineString", "coordinates": [ [ -80.305307, 32.495569 ], [ -80.305307, 32.495569 ], [ -80.306061, 32.49639 ] ] } },
{ "type": "Feature", "properties": { "lrr_hist_ft": -1.0, "lrr_sat_ft": 0.9, "lrr_since_2016_ft": -5.3, "usgs_lrr_ft": -1.2, "epr_hist_ft": -0.8, "net_since_first_ft": -216.0, "net_hist_ft": -131.0, "sat_change_since_2018_ft": -85.0, "segment": "Town of Edisto Beach", "first_year": 1852, "trans_order": 4650 }, "geometry": { "type": "LineString", "coordinates": [ [ -80.305727, 32.495292 ], [ -80.305727, 32.495292 ], [ -80.306489, 32.496121 ] ] } },
{ "type": "Feature", "properties": { "lrr_hist_ft": -1.0, "lrr_sat_ft": 1.1, "lrr_since_2016_ft": -6.7, "usgs_lrr_ft": -1.2, "epr_hist_ft": -0.7, "net_since_first_ft": -222.0, "net_hist_ft": -124.0, "sat_change_since_2018_ft": -98.0, "segment": "Town of Edisto Beach", "first_year": 1852, "trans_order": 4651 }, "geometry": { "type": "LineString", "coordinates": [ [ -80.306147, 32.495015 ], [ -80.306147, 32.495015 ], [ -80.306928, 32.495865 ] ] } },
{ "type": "Feature", "properties": { "lrr_hist_ft": -1.1, "lrr_sat_ft": 1.1, "lrr_since_2016_ft": -5.7, "usgs_lrr_ft": -1.3, "epr_hist_ft": -0.8, "net_since_first_ft": -230.0, "net_hist_ft": -136.0, "sat_change_since_2018_ft": -94.0, "segment": "Town of Edisto Beach", "first_year": 1852, "trans_order": 4652 }, "geometry": { "type": "LineString", "coordinates": [ [ -80.306567, 32.494738 ], [ -80.306567, 32.494738 ], [ -80.307322, 32.49556 ] ] } },
{ "type": "Feature", "properties": { "lrr_hist_ft": -0.9, "lrr_sat_ft": 1.8, "lrr_since_2016_ft": -4.3, "usgs_lrr_ft": -1.1, "epr_hist_ft": -0.7, "net_since_first_ft": -191.0, "net_hist_ft": -119.0, "sat_change_since_2018_ft": -72.0, "segment": "Town of Edisto Beach", "first_year": 1852, "trans_order": 4653 }, "geometry": { "type": "LineString", "coordinates": [ [ -80.306987, 32.494461 ], [ -80.306987, 32.494461 ], [ -80.307711, 32.495249 ] ] } },
{ "type": "Feature", "properties": { "lrr_hist_ft": -1.1, "lrr_sat_ft": 2.3, "lrr_since_2016_ft": -2.9, "usgs_lrr_ft": -1.3, "epr_hist_ft": -0.8, "net_since_first_ft": -195.0, "net_hist_ft": -132.0, "sat_change_since_2018_ft": -63.0, "segment": "Town of Edisto Beach", "first_year": 1852, "trans_order": 4654 }, "geometry": { "type": "LineString", "coordinates": [ [ -80.307407, 32.494184 ], [ -80.307407, 32.494184 ], [ -80.308182, 32.495028 ] ] } },
{ "type": "Feature", "properties": { "lrr_hist_ft": -1.3, "lrr_sat_ft": 2.2, "lrr_since_2016_ft": -3.6, "usgs_lrr_ft": -1.5, "epr_hist_ft": -0.9, "net_since_first_ft": -238.0, "net_hist_ft": -157.0, "sat_change_since_2018_ft": -81.0, "segment": "Town of Edisto Beach", "first_year": 1852, "trans_order": 4655 }, "geometry": { "type": "LineString", "coordinates": [ [ -80.307827, 32.493907 ], [ -80.307827, 32.493907 ], [ -80.30863, 32.494781 ] ] } },
{ "type": "Feature", "properties": { "lrr_hist_ft": -1.2, "lrr_sat_ft": 2.2, "lrr_since_2016_ft": -2.9, "usgs_lrr_ft": -1.4, "epr_hist_ft": -0.9, "net_since_first_ft": -219.0, "net_hist_ft": -151.0, "sat_change_since_2018_ft": -68.0, "segment": "Town of Edisto Beach", "first_year": 1852, "trans_order": 4656 }, "geometry": { "type": "LineString", "coordinates": [ [ -80.308246, 32.49363 ], [ -80.308246, 32.49363 ], [ -80.309, 32.49445 ] ] } },
{ "type": "Feature", "properties": { "lrr_hist_ft": -0.9, "lrr_sat_ft": 2.3, "lrr_since_2016_ft": -2.2, "usgs_lrr_ft": -1.1, "epr_hist_ft": -0.6, "net_since_first_ft": -156.0, "net_hist_ft": -99.0, "sat_change_since_2018_ft": -58.0, "segment": "Town of Edisto Beach", "first_year": 1852, "trans_order": 4657 }, "geometry": { "type": "LineString", "coordinates": [ [ -80.308666, 32.493352 ], [ -80.308666, 32.493352 ], [ -80.309343, 32.494089 ] ] } },
{ "type": "Feature", "properties": { "lrr_hist_ft": -0.9, "lrr_sat_ft": 2.1, "lrr_since_2016_ft": -2.7, "usgs_lrr_ft": -1.1, "epr_hist_ft": -0.5, "net_since_first_ft": -150.0, "net_hist_ft": -86.0, "sat_change_since_2018_ft": -65.0, "segment": "Town of Edisto Beach", "first_year": 1852, "trans_order": 4658 }, "geometry": { "type": "LineString", "coordinates": [ [ -80.309086, 32.493075 ], [ -80.309086, 32.493075 ], [ -80.309772, 32.493821 ] ] } },
{ "type": "Feature", "properties": { "lrr_hist_ft": -0.9, "lrr_sat_ft": 1.8, "lrr_since_2016_ft": -1.6, "usgs_lrr_ft": -1.1, "epr_hist_ft": -0.5, "net_since_first_ft": -140.0, "net_hist_ft": -84.0, "sat_change_since_2018_ft": -56.0, "segment": "Town of Edisto Beach", "first_year": 1852, "trans_order": 4659 }, "geometry": { "type": "LineString", "coordinates": [ [ -80.309506, 32.492798 ], [ -80.309506, 32.492798 ], [ -80.310175, 32.493526 ] ] } },
{ "type": "Feature", "properties": { "lrr_hist_ft": -0.7, "lrr_sat_ft": 1.3, "lrr_since_2016_ft": -1.7, "usgs_lrr_ft": -1.0, "epr_hist_ft": -0.5, "net_since_first_ft": -139.0, "net_hist_ft": -86.0, "sat_change_since_2018_ft": -52.0, "segment": "Town of Edisto Beach", "first_year": 1852, "trans_order": 4660 }, "geometry": { "type": "LineString", "coordinates": [ [ -80.309926, 32.492521 ], [ -80.309926, 32.492521 ], [ -80.31056, 32.493211 ] ] } },
{ "type": "Feature", "properties": { "lrr_hist_ft": -0.9, "lrr_sat_ft": 0.9, "lrr_since_2016_ft": -2.4, "usgs_lrr_ft": -1.1, "epr_hist_ft": -0.6, "net_since_first_ft": -153.0, "net_hist_ft": -105.0, "sat_change_since_2018_ft": -48.0, "segment": "Town of Edisto Beach", "first_year": 1852, "trans_order": 4661 }, "geometry": { "type": "LineString", "coordinates": [ [ -80.310346, 32.492244 ], [ -80.310346, 32.492244 ], [ -80.310961, 32.492913 ] ] } },
{ "type": "Feature", "properties": { "lrr_hist_ft": -0.9, "lrr_sat_ft": 0.6, "lrr_since_2016_ft": -2.3, "usgs_lrr_ft": -1.2, "epr_hist_ft": -0.7, "net_since_first_ft": -167.0, "net_hist_ft": -119.0, "sat_change_since_2018_ft": -48.0, "segment": "Town of Edisto Beach", "first_year": 1852, "trans_order": 4662 }, "geometry": { "type": "LineString", "coordinates": [ [ -80.310766, 32.491967 ], [ -80.310766, 32.491967 ], [ -80.311322, 32.492572 ] ] } },
{ "type": "Feature", "properties": { "lrr_hist_ft": -1.0, "lrr_sat_ft": 0.3, "lrr_since_2016_ft": -2.3, "usgs_lrr_ft": -1.2, "epr_hist_ft": -0.8, "net_since_first_ft": -190.0, "net_hist_ft": -125.0, "sat_change_since_2018_ft": -66.0, "segment": "Town of Edisto Beach", "first_year": 1852, "trans_order": 4663 }, "geometry": { "type": "LineString", "coordinates": [ [ -80.311186, 32.49169 ], [ -80.311186, 32.49169 ], [ -80.311703, 32.492252 ] ] } },
{ "type": "Feature", "properties": { "lrr_hist_ft": -1.0, "lrr_sat_ft": 0.2, "lrr_since_2016_ft": -1.0, "usgs_lrr_ft": -1.2, "epr_hist_ft": -0.9, "net_since_first_ft": -189.0, "net_hist_ft": -144.0, "sat_change_since_2018_ft": -45.0, "segment": "Town of Edisto Beach", "first_year": 1852, "trans_order": 4664 }, "geometry": { "type": "LineString", "coordinates": [ [ -80.311597, 32.491404 ], [ -80.311605, 32.491412 ], [ -80.312142, 32.491996 ] ] } },
{ "type": "Feature", "properties": { "lrr_hist_ft": -1.0, "lrr_sat_ft": 0.3, "lrr_since_2016_ft": -2.4, "usgs_lrr_ft": -1.2, "epr_hist_ft": -0.9, "net_since_first_ft": -198.0, "net_hist_ft": -142.0, "sat_change_since_2018_ft": -55.0, "segment": "Town of Edisto Beach", "first_year": 1852, "trans_order": 4665 }, "geometry": { "type": "LineString", "coordinates": [ [ -80.312005, 32.491114 ], [ -80.312025, 32.491135 ], [ -80.312554, 32.491711 ] ] } },
{ "type": "Feature", "properties": { "lrr_hist_ft": -0.9, "lrr_sat_ft": 0.3, "lrr_since_2016_ft": -3.8, "usgs_lrr_ft": -1.1, "epr_hist_ft": -0.8, "net_since_first_ft": -205.0, "net_hist_ft": -136.0, "sat_change_since_2018_ft": -69.0, "segment": "Town of Edisto Beach", "first_year": 1852, "trans_order": 4666 }, "geometry": { "type": "LineString", "coordinates": [ [ -80.312415, 32.490825 ], [ -80.312445, 32.490858 ], [ -80.312955, 32.491413 ] ] } },
{ "type": "Feature", "properties": { "lrr_hist_ft": -0.8, "lrr_sat_ft": 0.5, "lrr_since_2016_ft": -1.9, "usgs_lrr_ft": -1.0, "epr_hist_ft": -0.7, "net_since_first_ft": -185.0, "net_hist_ft": -124.0, "sat_change_since_2018_ft": -60.0, "segment": "Town of Edisto Beach", "first_year": 1852, "trans_order": 4667 }, "geometry": { "type": "LineString", "coordinates": [ [ -80.312831, 32.490545 ], [ -80.312865, 32.490581 ], [ -80.313357, 32.491116 ] ] } },
{ "type": "Feature", "properties": { "lrr_hist_ft": -0.6, "lrr_sat_ft": 0.5, "lrr_since_2016_ft": -1.9, "usgs_lrr_ft": -0.8, "epr_hist_ft": -0.7, "net_since_first_ft": -159.0, "net_hist_ft": -111.0, "sat_change_since_2018_ft": -49.0, "segment": "Town of Edisto Beach", "first_year": 1852, "trans_order": 4668 }, "geometry": { "type": "LineString", "coordinates": [ [ -80.313258, 32.490274 ], [ -80.313285, 32.490304 ], [ -80.313736, 32.490795 ] ] } },
{ "type": "Feature", "properties": { "lrr_hist_ft": -0.7, "lrr_sat_ft": 0.3, "lrr_since_2016_ft": -3.2, "usgs_lrr_ft": -0.9, "epr_hist_ft": -0.7, "net_since_first_ft": -168.0, "net_hist_ft": -117.0, "sat_change_since_2018_ft": -51.0, "segment": "Town of Edisto Beach", "first_year": 1852, "trans_order": 4669 }, "geometry": { "type": "LineString", "coordinates": [ [ -80.313652, 32.48997 ], [ -80.313705, 32.490027 ], [ -80.314111, 32.490469 ] ] } },
{ "type": "Feature", "properties": { "lrr_hist_ft": -0.6, "lrr_sat_ft": 0.3, "lrr_since_2016_ft": -1.7, "usgs_lrr_ft": -0.8, "epr_hist_ft": -0.6, "net_since_first_ft": -150.0, "net_hist_ft": -103.0, "sat_change_since_2018_ft": -48.0, "segment": "Town of Edisto Beach", "first_year": 1852, "trans_order": 4670 }, "geometry": { "type": "LineString", "coordinates": [ [ -80.314071, 32.489691 ], [ -80.314124, 32.48975 ], [ -80.314501, 32.490159 ] ] } },
{ "type": "Feature", "properties": { "lrr_hist_ft": -0.3, "lrr_sat_ft": 0.7, "lrr_since_2016_ft": -1.4, "usgs_lrr_ft": -0.5, "epr_hist_ft": -0.4, "net_since_first_ft": -117.0, "net_hist_ft": -73.0, "sat_change_since_2018_ft": -44.0, "segment": "Town of Edisto Beach", "first_year": 1852, "trans_order": 4671 }, "geometry": { "type": "LineString", "coordinates": [ [ -80.314512, 32.489437 ], [ -80.314544, 32.489472 ], [ -80.314896, 32.489855 ] ] } },
{ "type": "Feature", "properties": { "lrr_hist_ft": -0.3, "lrr_sat_ft": 0.5, "lrr_since_2016_ft": -2.5, "usgs_lrr_ft": -0.5, "epr_hist_ft": -0.4, "net_since_first_ft": -107.0, "net_hist_ft": -59.0, "sat_change_since_2018_ft": -48.0, "segment": "Town of Edisto Beach", "first_year": 1852, "trans_order": 4672 }, "geometry": { "type": "LineString", "coordinates": [ [ -80.314957, 32.489187 ], [ -80.314964, 32.489195 ], [ -80.315306, 32.489568 ] ] } },
{ "type": "Feature", "properties": { "lrr_hist_ft": -0.3, "lrr_sat_ft": 0.6, "lrr_since_2016_ft": -3.2, "usgs_lrr_ft": -0.5, "epr_hist_ft": -0.3, "net_since_first_ft": -106.0, "net_hist_ft": -57.0, "sat_change_since_2018_ft": -49.0, "segment": "Town of Edisto Beach", "first_year": 1852, "trans_order": 4673 }, "geometry": { "type": "LineString", "coordinates": [ [ -80.315361, 32.488893 ], [ -80.315384, 32.488918 ], [ -80.315716, 32.48928 ] ] } },
{ "type": "Feature", "properties": { "lrr_hist_ft": -0.4, "lrr_sat_ft": 0.3, "lrr_since_2016_ft": -2.6, "usgs_lrr_ft": -0.6, "epr_hist_ft": -0.4, "net_since_first_ft": -97.0, "net_hist_ft": -62.0, "sat_change_since_2018_ft": -35.0, "segment": "Town of Edisto Beach", "first_year": 1852, "trans_order": 4674 }, "geometry": { "type": "LineString", "coordinates": [ [ -80.315745, 32.488577 ], [ -80.315804, 32.488641 ], [ -80.316133, 32.488999 ] ] } },
{ "type": "Feature", "properties": { "lrr_hist_ft": -0.2, "lrr_sat_ft": 0.5, "lrr_since_2016_ft": -2.9, "usgs_lrr_ft": -0.4, "epr_hist_ft": -0.3, "net_since_first_ft": -99.0, "net_hist_ft": -55.0, "sat_change_since_2018_ft": -44.0, "segment": "Town of Edisto Beach", "first_year": 1852, "trans_order": 4675 }, "geometry": { "type": "LineString", "coordinates": [ [ -80.316144, 32.488277 ], [ -80.316224, 32.488364 ], [ -80.316505, 32.48867 ] ] } },
{ "type": "Feature", "properties": { "lrr_hist_ft": -0.1, "lrr_sat_ft": 0.6, "lrr_since_2016_ft": -2.9, "usgs_lrr_ft": -0.4, "epr_hist_ft": -0.3, "net_since_first_ft": -92.0, "net_hist_ft": -51.0, "sat_change_since_2018_ft": -41.0, "segment": "Town of Edisto Beach", "first_year": 1852, "trans_order": 4676 }, "geometry": { "type": "LineString", "coordinates": [ [ -80.316553, 32.487988 ], [ -80.316644, 32.488087 ], [ -80.316921, 32.488388 ] ] } },
{ "type": "Feature", "properties": { "lrr_hist_ft": -0.2, "lrr_sat_ft": 0.6, "lrr_since_2016_ft": -2.0, "usgs_lrr_ft": -0.4, "epr_hist_ft": -0.3, "net_since_first_ft": -76.0, "net_hist_ft": -52.0, "sat_change_since_2018_ft": -25.0, "segment": "Town of Edisto Beach", "first_year": 1852, "trans_order": 4677 }, "geometry": { "type": "LineString", "coordinates": [ [ -80.316969, 32.487706 ], [ -80.317063, 32.48781 ], [ -80.317352, 32.488124 ] ] } },
{ "type": "Feature", "properties": { "lrr_hist_ft": -0.2, "lrr_sat_ft": 0.4, "lrr_since_2016_ft": -1.9, "usgs_lrr_ft": -0.4, "epr_hist_ft": -0.3, "net_since_first_ft": -86.0, "net_hist_ft": -50.0, "sat_change_since_2018_ft": -36.0, "segment": "Town of Edisto Beach", "first_year": 1852, "trans_order": 4678 }, "geometry": { "type": "LineString", "coordinates": [ [ -80.317401, 32.487443 ], [ -80.317483, 32.487532 ], [ -80.317786, 32.487862 ] ] } },
{ "type": "Feature", "properties": { "lrr_hist_ft": -0.1, "lrr_sat_ft": 0.4, "lrr_since_2016_ft": -1.7, "usgs_lrr_ft": -0.3, "epr_hist_ft": -0.2, "net_since_first_ft": -72.0, "net_hist_ft": -41.0, "sat_change_since_2018_ft": -31.0, "segment": "Town of Edisto Beach", "first_year": 1852, "trans_order": 4679 }, "geometry": { "type": "LineString", "coordinates": [ [ -80.317845, 32.487192 ], [ -80.317903, 32.487255 ], [ -80.318197, 32.487576 ] ] } },
{ "type": "Feature", "properties": { "lrr_hist_ft": 0.0, "lrr_sat_ft": 0.3, "lrr_since_2016_ft": -2.7, "usgs_lrr_ft": -0.2, "epr_hist_ft": -0.1, "net_since_first_ft": -49.0, "net_hist_ft": -14.0, "sat_change_since_2018_ft": -35.0, "segment": "Town of Edisto Beach", "first_year": 1852, "trans_order": 4680 }, "geometry": { "type": "LineString", "coordinates": [ [ -80.318308, 32.486962 ], [ -80.318323, 32.486978 ], [ -80.318608, 32.487288 ] ] } },
{ "type": "Feature", "properties": { "lrr_hist_ft": 0.0, "lrr_sat_ft": 0.3, "lrr_since_2016_ft": -2.1, "usgs_lrr_ft": -0.2, "epr_hist_ft": -0.0, "net_since_first_ft": -38.0, "net_hist_ft": -6.0, "sat_change_since_2018_ft": -32.0, "segment": "Town of Edisto Beach", "first_year": 1852, "trans_order": 4681 }, "geometry": { "type": "LineString", "coordinates": [ [ -80.318743, 32.486701 ], [ -80.318743, 32.486701 ], [ -80.319052, 32.487037 ] ] } },
{ "type": "Feature", "properties": { "lrr_hist_ft": 0.1, "lrr_sat_ft": 0.2, "lrr_since_2016_ft": -0.4, "usgs_lrr_ft": -0.2, "epr_hist_ft": -0.0, "net_since_first_ft": -33.0, "net_hist_ft": -5.0, "sat_change_since_2018_ft": -28.0, "segment": "Town of Edisto Beach", "first_year": 1852, "trans_order": 4682 }, "geometry": { "type": "LineString", "coordinates": [ [ -80.319162, 32.486424 ], [ -80.319162, 32.486424 ], [ -80.319561, 32.486857 ] ] } },
{ "type": "Feature", "properties": { "lrr_hist_ft": 0.0, "lrr_sat_ft": 0.2, "lrr_since_2016_ft": -0.3, "usgs_lrr_ft": -0.2, "epr_hist_ft": -0.0, "net_since_first_ft": -36.0, "net_hist_ft": -5.0, "sat_change_since_2018_ft": -30.0, "segment": "Town of Edisto Beach", "first_year": 1852, "trans_order": 4683 }, "geometry": { "type": "LineString", "coordinates": [ [ -80.319582, 32.486147 ], [ -80.319582, 32.486147 ], [ -80.320003, 32.486604 ] ] } },
{ "type": "Feature", "properties": { "lrr_hist_ft": 0.0, "lrr_sat_ft": 0.2, "lrr_since_2016_ft": -1.0, "usgs_lrr_ft": -0.2, "epr_hist_ft": 0.0, "net_since_first_ft": -40.0, "net_hist_ft": 1.0, "sat_change_since_2018_ft": -41.0, "segment": "Town of Edisto Beach", "first_year": 1852, "trans_order": 4684 }, "geometry": { "type": "LineString", "coordinates": [ [ -80.320002, 32.485869 ], [ -80.320002, 32.485869 ], [ -80.320434, 32.486339 ] ] } },
{ "type": "Feature", "properties": { "lrr_hist_ft": -0.0, "lrr_sat_ft": -0.0, "lrr_since_2016_ft": -1.7, "usgs_lrr_ft": -0.2, "epr_hist_ft": 0.0, "net_since_first_ft": -48.0, "net_hist_ft": 3.0, "sat_change_since_2018_ft": -50.0, "segment": "Town of Edisto Beach", "first_year": 1852, "trans_order": 4685 }, "geometry": { "type": "LineString", "coordinates": [ [ -80.320422, 32.485592 ], [ -80.320422, 32.485592 ], [ -80.320852, 32.48606 ] ] } },
{ "type": "Feature", "properties": { "lrr_hist_ft": 0.0, "lrr_sat_ft": -0.2, "lrr_since_2016_ft": -2.0, "usgs_lrr_ft": -0.2, "epr_hist_ft": -0.1, "net_since_first_ft": -54.0, "net_hist_ft": -9.0, "sat_change_since_2018_ft": -45.0, "segment": "Town of Edisto Beach", "first_year": 1852, "trans_order": 4686 }, "geometry": { "type": "LineString", "coordinates": [ [ -80.320842, 32.485315 ], [ -80.320842, 32.485315 ], [ -80.321295, 32.485808 ] ] } },
{ "type": "Feature", "properties": { "lrr_hist_ft": -0.0, "lrr_sat_ft": -0.4, "lrr_since_2016_ft": -3.1, "usgs_lrr_ft": -0.2, "epr_hist_ft": -0.1, "net_since_first_ft": -64.0, "net_hist_ft": -11.0, "sat_change_since_2018_ft": -54.0, "segment": "Town of Edisto Beach", "first_year": 1852, "trans_order": 4687 }, "geometry": { "type": "LineString", "coordinates": [ [ -80.321262, 32.485038 ], [ -80.321262, 32.485038 ], [ -80.321722, 32.485539 ] ] } },
{ "type": "Feature", "properties": { "lrr_hist_ft": 0.1, "lrr_sat_ft": -0.6, "lrr_since_2016_ft": -4.1, "usgs_lrr_ft": -0.1, "epr_hist_ft": 0.1, "net_since_first_ft": -41.0, "net_hist_ft": 15.0, "sat_change_since_2018_ft": -56.0, "segment": "Town of Edisto Beach", "first_year": 1852, "trans_order": 4688 }, "geometry": { "type": "LineString", "coordinates": [ [ -80.321681, 32.484761 ], [ -80.321681, 32.484761 ], [ -80.322135, 32.485254 ] ] } },
{ "type": "Feature", "properties": { "lrr_hist_ft": 0.2, "lrr_sat_ft": -0.7, "lrr_since_2016_ft": -4.8, "usgs_lrr_ft": 0.0, "epr_hist_ft": 0.4, "net_since_first_ft": -4.0, "net_hist_ft": 59.0, "sat_change_since_2018_ft": -63.0, "segment": "Town of Edisto Beach", "first_year": 1852, "trans_order": 4689 }, "geometry": { "type": "LineString", "coordinates": [ [ -80.322101, 32.484483 ], [ -80.322101, 32.484483 ], [ -80.322575, 32.485006 ] ] } },
{ "type": "Feature", "properties": { "lrr_hist_ft": 0.5, "lrr_sat_ft": -0.6, "lrr_since_2016_ft": -5.1, "usgs_lrr_ft": 0.2, "epr_hist_ft": 0.6, "net_since_first_ft": 32.0, "net_hist_ft": 98.0, "sat_change_since_2018_ft": -66.0, "segment": "Town of Edisto Beach", "first_year": 1852, "trans_order": 4690 }, "geometry": { "type": "LineString", "coordinates": [ [ -80.322521, 32.484206 ], [ -80.322521, 32.484206 ], [ -80.32297, 32.484726 ] ] } },
{ "type": "Feature", "properties": { "lrr_hist_ft": 0.8, "lrr_sat_ft": -0.2, "lrr_since_2016_ft": -4.6, "usgs_lrr_ft": 0.6, "epr_hist_ft": 1.0, "net_since_first_ft": 101.0, "net_hist_ft": 167.0, "sat_change_since_2018_ft": -66.0, "segment": "Town of Edisto Beach", "first_year": 1852, "trans_order": 4691 }, "geometry": { "type": "LineString", "coordinates": [ [ -80.322941, 32.483929 ], [ -80.322941, 32.483929 ], [ -80.323364, 32.484444 ] ] } },
{ "type": "Feature", "properties": { "lrr_hist_ft": 1.1, "lrr_sat_ft": 0.1, "lrr_since_2016_ft": -4.9, "usgs_lrr_ft": 0.9, "epr_hist_ft": 1.3, "net_since_first_ft": 149.0, "net_hist_ft": 220.0, "sat_change_since_2018_ft": -72.0, "segment": "Town of Edisto Beach", "first_year": 1852, "trans_order": 4692 }, "geometry": { "type": "LineString", "coordinates": [ [ -80.32336, 32.483652 ], [ -80.32336, 32.483652 ], [ -80.323821, 32.484242 ] ] } },
{ "type": "Feature", "properties": { "lrr_hist_ft": 1.5, "lrr_sat_ft": -0.0, "lrr_since_2016_ft": -6.9, "usgs_lrr_ft": 1.2, "epr_hist_ft": 1.8, "net_since_first_ft": 219.0, "net_hist_ft": 293.0, "sat_change_since_2018_ft": -74.0, "segment": "Town of Edisto Beach", "first_year": 1852, "trans_order": 4693 }, "geometry": { "type": "LineString", "coordinates": [ [ -80.323795, 32.483395 ], [ -80.323795, 32.483395 ], [ -80.324331, 32.484118 ] ] } },
{ "type": "Feature", "properties": { "lrr_hist_ft": 1.8, "lrr_sat_ft": -0.0, "lrr_since_2016_ft": -7.3, "usgs_lrr_ft": 1.6, "epr_hist_ft": 2.1, "net_since_first_ft": 269.0, "net_hist_ft": 349.0, "sat_change_since_2018_ft": -81.0, "segment": "Town of Edisto Beach", "first_year": 1852, "trans_order": 4694 }, "geometry": { "type": "LineString", "coordinates": [ [ -80.324233, 32.483138 ], [ -80.324269, 32.483189 ], [ -80.324814, 32.483964 ] ] } },
{ "type": "Feature", "properties": { "lrr_hist_ft": 2.2, "lrr_sat_ft": -0.0, "lrr_since_2016_ft": -5.1, "usgs_lrr_ft": 1.9, "epr_hist_ft": 2.5, "net_since_first_ft": 354.0, "net_hist_ft": 415.0, "sat_change_since_2018_ft": -61.0, "segment": "Town of Edisto Beach", "first_year": 1852, "trans_order": 4695 }, "geometry": { "type": "LineString", "coordinates": [ [ -80.32464, 32.482829 ], [ -80.324742, 32.482983 ], [ -80.325302, 32.483823 ] ] } },
{ "type": "Feature", "properties": { "lrr_hist_ft": 2.6, "lrr_sat_ft": -0.1, "lrr_since_2016_ft": -2.0, "usgs_lrr_ft": 2.4, "epr_hist_ft": 2.9, "net_since_first_ft": 447.0, "net_hist_ft": 489.0, "sat_change_since_2018_ft": -42.0, "segment": "Town of Edisto Beach", "first_year": 1852, "trans_order": 4696 }, "geometry": { "type": "LineString", "coordinates": [ [ -80.325045, 32.482507 ], [ -80.325216, 32.482778 ], [ -80.325793, 32.483693 ] ] } },
{ "type": "Feature", "properties": { "lrr_hist_ft": 3.1, "lrr_sat_ft": 0.1, "lrr_since_2016_ft": -0.5, "usgs_lrr_ft": 2.9, "epr_hist_ft": 3.4, "net_since_first_ft": 545.0, "net_hist_ft": 564.0, "sat_change_since_2018_ft": -19.0, "segment": "Town of Edisto Beach", "first_year": 1852, "trans_order": 4697 }, "geometry": { "type": "LineString", "coordinates": [ [ -80.325457, 32.482187 ], [ -80.32569, 32.482572 ], [ -80.326291, 32.483566 ] ] } },
{ "type": "Feature", "properties": { "lrr_hist_ft": 3.6, "lrr_sat_ft": 0.0, "lrr_since_2016_ft": -0.3, "usgs_lrr_ft": 3.3, "epr_hist_ft": 3.9, "net_since_first_ft": 622.0, "net_hist_ft": 647.0, "sat_change_since_2018_ft": -26.0, "segment": "Town of Edisto Beach", "first_year": 1852, "trans_order": 4698 }, "geometry": { "type": "LineString", "coordinates": [ [ -80.32587, 32.481882 ], [ -80.326163, 32.482366 ], [ -80.326828, 32.483466 ] ] } },
{ "type": "Feature", "properties": { "lrr_hist_ft": 4.0, "lrr_sat_ft": -0.1, "lrr_since_2016_ft": -1.4, "usgs_lrr_ft": 3.8, "epr_hist_ft": 4.4, "net_since_first_ft": 700.0, "net_hist_ft": 732.0, "sat_change_since_2018_ft": -32.0, "segment": "Town of Edisto Beach", "first_year": 1852, "trans_order": 4699 }, "geometry": { "type": "LineString", "coordinates": [ [ -80.326274, 32.481561 ], [ -80.326637, 32.482161 ], [ -80.327357, 32.483352 ] ] } },
{ "type": "Feature", "properties": { "lrr_hist_ft": 4.3, "lrr_sat_ft": -0.3, "lrr_since_2016_ft": -1.1, "usgs_lrr_ft": 4.1, "epr_hist_ft": 4.9, "net_since_first_ft": 773.0, "net_hist_ft": 805.0, "sat_change_since_2018_ft": -31.0, "segment": "Town of Edisto Beach", "first_year": 1852, "trans_order": 4700 }, "geometry": { "type": "LineString", "coordinates": [ [ -80.326683, 32.481248 ], [ -80.327111, 32.481955 ], [ -80.327873, 32.483217 ] ] } },
{ "type": "Feature", "properties": { "lrr_hist_ft": 4.8, "lrr_sat_ft": 0.2, "lrr_since_2016_ft": 0.7, "usgs_lrr_ft": 4.5, "epr_hist_ft": 5.2, "net_since_first_ft": 857.0, "net_hist_ft": 866.0, "sat_change_since_2018_ft": -8.0, "segment": "Town of Edisto Beach", "first_year": 1852, "trans_order": 4701 }, "geometry": { "type": "LineString", "coordinates": [ [ -80.327118, 32.480979 ], [ -80.327584, 32.48175 ], [ -80.328399, 32.483097 ] ] } },
{ "type": "Feature", "properties": { "lrr_hist_ft": 5.0, "lrr_sat_ft": 0.1, "lrr_since_2016_ft": 0.9, "usgs_lrr_ft": 4.8, "epr_hist_ft": 5.6, "net_since_first_ft": 903.0, "net_hist_ft": 925.0, "sat_change_since_2018_ft": -22.0, "segment": "Town of Edisto Beach", "first_year": 1852, "trans_order": 4702 }, "geometry": { "type": "LineString", "coordinates": [ [ -80.327547, 32.480699 ], [ -80.328058, 32.481544 ], [ -80.328915, 32.482962 ] ] } },
{ "type": "Feature", "properties": { "lrr_hist_ft": 5.3, "lrr_sat_ft": -0.2, "lrr_since_2016_ft": 0.7, "usgs_lrr_ft": 5.0, "epr_hist_ft": 6.0, "net_since_first_ft": 958.0, "net_hist_ft": 989.0, "sat_change_since_2018_ft": -30.0, "segment": "Town of Edisto Beach", "first_year": 1852, "trans_order": 4703 }, "geometry": { "type": "LineString", "coordinates": [ [ -80.327964, 32.4804 ], [ -80.328531, 32.481338 ], [ -80.329427, 32.48282 ] ] } },
{ "type": "Feature", "properties": { "lrr_hist_ft": 5.4, "lrr_sat_ft": -0.0, "lrr_since_2016_ft": 0.9, "usgs_lrr_ft": 5.2, "epr_hist_ft": 6.2, "net_since_first_ft": 1009.0, "net_hist_ft": 1034.0, "sat_change_since_2018_ft": -25.0, "segment": "Town of Edisto Beach", "first_year": 1852, "trans_order": 4704 }, "geometry": { "type": "LineString", "coordinates": [ [ -80.328416, 32.480158 ], [ -80.329005, 32.481133 ], [ -80.329945, 32.482688 ] ] } },
{ "type": "Feature", "properties": { "lrr_hist_ft": 5.5, "lrr_sat_ft": -0.2, "lrr_since_2016_ft": 1.7, "usgs_lrr_ft": 5.3, "epr_hist_ft": 6.5, "net_since_first_ft": 1077.0, "net_hist_ft": 1085.0, "sat_change_since_2018_ft": -9.0, "segment": "Town of Edisto Beach", "first_year": 1852, "trans_order": 4705 }, "geometry": { "type": "LineString", "coordinates": [ [ -80.328852, 32.479891 ], [ -80.329478, 32.480927 ], [ -80.330458, 32.482547 ] ] } },
{ "type": "Feature", "properties": { "lrr_hist_ft": 5.8, "lrr_sat_ft": -0.3, "lrr_since_2016_ft": 0.5, "usgs_lrr_ft": 5.6, "epr_hist_ft": 7.0, "net_since_first_ft": 1155.0, "net_hist_ft": 1169.0, "sat_change_since_2018_ft": -14.0, "segment": "Town of Edisto Beach", "first_year": 1852, "trans_order": 4706 }, "geometry": { "type": "LineString", "coordinates": [ [ -80.329275, 32.479601 ], [ -80.329952, 32.480721 ], [ -80.331005, 32.482463 ] ] } },
{ "type": "Feature", "properties": { "lrr_hist_ft": 5.8, "lrr_sat_ft": -0.5, "lrr_since_2016_ft": 0.2, "usgs_lrr_ft": 5.6, "epr_hist_ft": 7.1, "net_since_first_ft": 1167.0, "net_hist_ft": 1186.0, "sat_change_since_2018_ft": -18.0, "segment": "Town of Edisto Beach", "first_year": 1852, "trans_order": 4707 }, "geometry": { "type": "LineString", "coordinates": [ [ -80.329748, 32.479334 ], [ -80.330426, 32.480516 ], [ -80.33143, 32.482266 ] ] } },
{ "type": "Feature", "properties": { "lrr_hist_ft": 5.8, "lrr_sat_ft": -0.7, "lrr_since_2016_ft": 0.7, "usgs_lrr_ft": 5.6, "epr_hist_ft": 7.3, "net_since_first_ft": 1195.0, "net_hist_ft": 1218.0, "sat_change_since_2018_ft": -23.0, "segment": "Town of Edisto Beach", "first_year": 1852, "trans_order": 4708 }, "geometry": { "type": "LineString", "coordinates": [ [ -80.330232, 32.47904 ], [ -80.330899, 32.48031 ], [ -80.331838, 32.482099 ] ] } },
{ "type": "Feature", "properties": { "lrr_hist_ft": 5.9, "lrr_sat_ft": -1.2, "lrr_since_2016_ft": 1.3, "usgs_lrr_ft": 5.7, "epr_hist_ft": 7.5, "net_since_first_ft": 1240.0, "net_hist_ft": 1250.0, "sat_change_since_2018_ft": -10.0, "segment": "Town of Edisto Beach", "first_year": 1852, "trans_order": 4709 }, "geometry": { "type": "LineString", "coordinates": [ [ -80.330719, 32.478736 ], [ -80.331373, 32.480104 ], [ -80.332268, 32.481979 ] ] } },
{ "type": "Feature", "properties": { "lrr_hist_ft": 5.9, "lrr_sat_ft": -2.2, "lrr_since_2016_ft": 0.4, "usgs_lrr_ft": 5.7, "epr_hist_ft": 7.7, "net_since_first_ft": 1262.0, "net_hist_ft": 1277.0, "sat_change_since_2018_ft": -15.0, "segment": "Town of Edisto Beach", "first_year": 1852, "trans_order": 4710 }, "geometry": { "type": "LineString", "coordinates": [ [ -80.331221, 32.478448 ], [ -80.331846, 32.479899 ], [ -80.332677, 32.481826 ] ] } },
{ "type": "Feature", "properties": { "lrr_hist_ft": 5.9, "lrr_sat_ft": -3.3, "lrr_since_2016_ft": 0.1, "usgs_lrr_ft": 5.6, "epr_hist_ft": 7.7, "net_since_first_ft": 1256.0, "net_hist_ft": 1271.0, "sat_change_since_2018_ft": -15.0, "segment": "Town of Edisto Beach", "first_year": 1852, "trans_order": 4711 }, "geometry": { "type": "LineString", "coordinates": [ [ -80.331733, 32.478167 ], [ -80.33235, 32.479765 ], [ -80.333093, 32.481692 ] ] } },
{ "type": "Feature", "properties": { "lrr_hist_ft": 5.9, "lrr_sat_ft": -4.0, "lrr_since_2016_ft": -0.2, "usgs_lrr_ft": 5.7, "epr_hist_ft": 7.7, "net_since_first_ft": 1255.0, "net_hist_ft": 1273.0, "sat_change_since_2018_ft": -18.0, "segment": "Town of Edisto Beach", "first_year": 1852, "trans_order": 4712 }, "geometry": { "type": "LineString", "coordinates": [ [ -80.332294, 32.477802 ], [ -80.332871, 32.479675 ], [ -80.33345, 32.481553 ] ] } },
{ "type": "Feature", "properties": { "lrr_hist_ft": 6.1, "lrr_sat_ft": -4.7, "lrr_since_2016_ft": -0.2, "usgs_lrr_ft": 5.8, "epr_hist_ft": 7.8, "net_since_first_ft": 1276.0, "net_hist_ft": 1287.0, "sat_change_since_2018_ft": -11.0, "segment": "Town of Edisto Beach", "first_year": 1852, "trans_order": 4713 }, "geometry": { "type": "LineString", "coordinates": [ [ -80.33299, 32.477533 ], [ -80.333392, 32.479584 ], [ -80.333753, 32.481422 ] ] } },
{ "type": "Feature", "properties": { "lrr_hist_ft": 6.0, "lrr_sat_ft": -5.4, "lrr_since_2016_ft": 0.7, "usgs_lrr_ft": 5.7, "epr_hist_ft": 7.5, "net_since_first_ft": 1232.0, "net_hist_ft": 1250.0, "sat_change_since_2018_ft": -18.0, "segment": "Town of Edisto Beach", "first_year": 1852, "trans_order": 4714 }, "geometry": { "type": "LineString", "coordinates": [ [ -80.333722, 32.477285 ], [ -80.333914, 32.479494 ], [ -80.334069, 32.481276 ] ] } },
{ "type": "Feature", "properties": { "lrr_hist_ft": 6.3, "lrr_sat_ft": -5.1, "lrr_since_2016_ft": 1.4, "usgs_lrr_ft": 6.1, "epr_hist_ft": 7.8, "net_since_first_ft": 1295.0, "net_hist_ft": 1290.0, "sat_change_since_2018_ft": 5.0, "segment": "Town of Edisto Beach", "first_year": 1852, "trans_order": 4715 }, "geometry": { "type": "LineString", "coordinates": [ [ -80.334428, 32.477225 ], [ -80.334435, 32.479404 ], [ -80.334441, 32.481236 ] ] } },
{ "type": "Feature", "properties": { "lrr_hist_ft": 8.6, "lrr_sat_ft": -5.4, "lrr_since_2016_ft": null, "usgs_lrr_ft": 8.4, "epr_hist_ft": 8.4, "net_since_first_ft": null, "net_hist_ft": 1247.0, "sat_change_since_2018_ft": null, "segment": "Town of Edisto Beach", "first_year": 1852, "trans_order": 4716 }, "geometry": { "type": "LineString", "coordinates": [ [ -80.335091, 32.477308 ], [ -80.334953, 32.479412 ], [ -80.334839, 32.481168 ] ] } },
{ "type": "Feature", "properties": { "lrr_hist_ft": 6.5, "lrr_sat_ft": -5.7, "lrr_since_2016_ft": -1.5, "usgs_lrr_ft": 6.2, "epr_hist_ft": 7.5, "net_since_first_ft": 1224.0, "net_hist_ft": 1239.0, "sat_change_since_2018_ft": -15.0, "segment": "Town of Edisto Beach", "first_year": 1852, "trans_order": 4717 }, "geometry": { "type": "LineString", "coordinates": [ [ -80.335736, 32.477532 ], [ -80.335468, 32.479527 ], [ -80.335258, 32.481095 ] ] } },
{ "type": "Feature", "properties": { "lrr_hist_ft": 7.3, "lrr_sat_ft": -5.7, "lrr_since_2016_ft": null, "usgs_lrr_ft": 7.1, "epr_hist_ft": 7.8, "net_since_first_ft": null, "net_hist_ft": 1228.0, "sat_change_since_2018_ft": null, "segment": "Town of Edisto Beach", "first_year": 1852, "trans_order": 4718 }, "geometry": { "type": "LineString", "coordinates": [ [ -80.336414, 32.477663 ], [ -80.335983, 32.479641 ], [ -80.335669, 32.48108 ] ] } },
{ "type": "Feature", "properties": { "lrr_hist_ft": 6.0, "lrr_sat_ft": -7.6, "lrr_since_2016_ft": -0.5, "usgs_lrr_ft": 5.8, "epr_hist_ft": 6.7, "net_since_first_ft": 1110.0, "net_hist_ft": 1112.0, "sat_change_since_2018_ft": -3.0, "segment": "Town of Edisto Beach", "first_year": 1852, "trans_order": 4719 }, "geometry": { "type": "LineString", "coordinates": [ [ -80.337144, 32.477881 ], [ -80.336498, 32.479755 ], [ -80.336026, 32.481123 ] ] } },
{ "type": "Feature", "properties": { "lrr_hist_ft": 6.0, "lrr_sat_ft": -6.8, "lrr_since_2016_ft": -0.4, "usgs_lrr_ft": 5.7, "epr_hist_ft": 6.7, "net_since_first_ft": 1108.0, "net_hist_ft": 1111.0, "sat_change_since_2018_ft": -3.0, "segment": "Town of Edisto Beach", "first_year": 1852, "trans_order": 4720 }, "geometry": { "type": "LineString", "coordinates": [ [ -80.337797, 32.478097 ], [ -80.337013, 32.479869 ], [ -80.336412, 32.481225 ] ] } },
{ "type": "Feature", "properties": { "lrr_hist_ft": 5.9, "lrr_sat_ft": -6.4, "lrr_since_2016_ft": -0.5, "usgs_lrr_ft": 5.7, "epr_hist_ft": 6.7, "net_since_first_ft": 1102.0, "net_hist_ft": 1105.0, "sat_change_since_2018_ft": -3.0, "segment": "Town of Edisto Beach", "first_year": 1852, "trans_order": 4721 }, "geometry": { "type": "LineString", "coordinates": [ [ -80.338359, 32.478339 ], [ -80.337527, 32.479983 ], [ -80.336817, 32.481386 ] ] } },
{ "type": "Feature", "properties": { "lrr_hist_ft": 6.2, "lrr_sat_ft": -4.9, "lrr_since_2016_ft": -0.9, "usgs_lrr_ft": 5.9, "epr_hist_ft": 7.0, "net_since_first_ft": 1153.0, "net_hist_ft": 1154.0, "sat_change_since_2018_ft": -1.0, "segment": "Town of Edisto Beach", "first_year": 1852, "trans_order": 4722 }, "geometry": { "type": "LineString", "coordinates": [ [ -80.338882, 32.47863 ], [ -80.33802, 32.480137 ], [ -80.337183, 32.481599 ] ] } },
{ "type": "Feature", "properties": { "lrr_hist_ft": 6.3, "lrr_sat_ft": -6.3, "lrr_since_2016_ft": -8.6, "usgs_lrr_ft": 6.0, "epr_hist_ft": 7.2, "net_since_first_ft": 1113.0, "net_hist_ft": 1200.0, "sat_change_since_2018_ft": -87.0, "segment": "Town of Edisto Beach", "first_year": 1852, "trans_order": 4723 }, "geometry": { "type": "LineString", "coordinates": [ [ -80.339431, 32.479004 ], [ -80.338452, 32.4804 ], [ -80.337442, 32.48184 ] ] } },
{ "type": "Feature", "properties": { "lrr_hist_ft": 6.8, "lrr_sat_ft": -3.8, "lrr_since_2016_ft": -11.2, "usgs_lrr_ft": 6.6, "epr_hist_ft": 7.6, "net_since_first_ft": 1172.0, "net_hist_ft": 1256.0, "sat_change_since_2018_ft": -84.0, "segment": "Town of Edisto Beach", "first_year": 1852, "trans_order": 4724 }, "geometry": { "type": "LineString", "coordinates": [ [ -80.340124, 32.479281 ], [ -80.338885, 32.480663 ], [ -80.337658, 32.482031 ] ] } },
{ "type": "Feature", "properties": { "lrr_hist_ft": 6.7, "lrr_sat_ft": -1.3, "lrr_since_2016_ft": -4.6, "usgs_lrr_ft": 6.4, "epr_hist_ft": 7.6, "net_since_first_ft": 1162.0, "net_hist_ft": 1254.0, "sat_change_since_2018_ft": -92.0, "segment": "Town of Edisto Beach", "first_year": 1852, "trans_order": 4725 }, "geometry": { "type": "LineString", "coordinates": [ [ -80.340689, 32.479715 ], [ -80.339317, 32.480926 ], [ -80.337871, 32.482202 ] ] } },
{ "type": "Feature", "properties": { "lrr_hist_ft": 6.7, "lrr_sat_ft": 0.6, "lrr_since_2016_ft": null, "usgs_lrr_ft": 6.4, "epr_hist_ft": 6.9, "net_since_first_ft": null, "net_hist_ft": 1086.0, "sat_change_since_2018_ft": null, "segment": "Town of Edisto Beach", "first_year": 1852, "trans_order": 4726 }, "geometry": { "type": "LineString", "coordinates": [ [ -80.340772, 32.480454 ], [ -80.339749, 32.481189 ], [ -80.338085, 32.482385 ] ] } },
{ "type": "Feature", "properties": { "lrr_hist_ft": 6.2, "lrr_sat_ft": 1.7, "lrr_since_2016_ft": null, "usgs_lrr_ft": 6.0, "epr_hist_ft": 6.5, "net_since_first_ft": null, "net_hist_ft": 1024.0, "sat_change_since_2018_ft": null, "segment": "Town of Edisto Beach", "first_year": 1852, "trans_order": 4727 }, "geometry": { "type": "LineString", "coordinates": [ [ -80.341024, 32.480935 ], [ -80.340047, 32.481543 ], [ -80.338346, 32.482602 ] ] } },
{ "type": "Feature", "properties": { "lrr_hist_ft": 5.9, "lrr_sat_ft": 2.9, "lrr_since_2016_ft": null, "usgs_lrr_ft": 5.7, "epr_hist_ft": 6.2, "net_since_first_ft": null, "net_hist_ft": 971.0, "sat_change_since_2018_ft": null, "segment": "Town of Edisto Beach", "first_year": 1852, "trans_order": 4728 }, "geometry": { "type": "LineString", "coordinates": [ [ -80.341242, 32.481429 ], [ -80.340256, 32.481958 ], [ -80.33858, 32.482856 ] ] } },
{ "type": "Feature", "properties": { "lrr_hist_ft": 4.7, "lrr_sat_ft": 3.3, "lrr_since_2016_ft": 21.2, "usgs_lrr_ft": 4.4, "epr_hist_ft": 4.9, "net_since_first_ft": 983.0, "net_hist_ft": 805.0, "sat_change_since_2018_ft": 178.0, "segment": "Town of Edisto Beach", "first_year": 1852, "trans_order": 4729 }, "geometry": { "type": "LineString", "coordinates": [ [ -80.341435, 32.481928 ], [ -80.340464, 32.482373 ], [ -80.338846, 32.483114 ] ] } },
{ "type": "Feature", "properties": { "lrr_hist_ft": 4.5, "lrr_sat_ft": 3.7, "lrr_since_2016_ft": 18.5, "usgs_lrr_ft": 4.2, "epr_hist_ft": 4.9, "net_since_first_ft": 1005.0, "net_hist_ft": 820.0, "sat_change_since_2018_ft": 185.0, "segment": "Town of Edisto Beach", "first_year": 1852, "trans_order": 4730 }, "geometry": { "type": "LineString", "coordinates": [ [ -80.3416, 32.482429 ], [ -80.340673, 32.482788 ], [ -80.339111, 32.483393 ] ] } },
{ "type": "Feature", "properties": { "lrr_hist_ft": 4.4, "lrr_sat_ft": 3.9, "lrr_since_2016_ft": 14.3, "usgs_lrr_ft": 4.1, "epr_hist_ft": 5.0, "net_since_first_ft": 959.0, "net_hist_ft": 823.0, "sat_change_since_2018_ft": 136.0, "segment": "Town of Edisto Beach", "first_year": 1852, "trans_order": 4731 }, "geometry": { "type": "LineString", "coordinates": [ [ -80.341867, 32.482847 ], [ -80.340881, 32.483203 ], [ -80.339411, 32.483734 ] ] } },
{ "type": "Feature", "properties": { "lrr_hist_ft": 4.1, "lrr_sat_ft": 4.1, "lrr_since_2016_ft": 10.4, "usgs_lrr_ft": 3.9, "epr_hist_ft": 4.9, "net_since_first_ft": 889.0, "net_hist_ft": 808.0, "sat_change_since_2018_ft": 81.0, "segment": "Town of Edisto Beach", "first_year": 1852, "trans_order": 4732 }, "geometry": { "type": "LineString", "coordinates": [ [ -80.342137, 32.48324 ], [ -80.34109, 32.483618 ], [ -80.339726, 32.48411 ] ] } },
{ "type": "Feature", "properties": { "lrr_hist_ft": 3.9, "lrr_sat_ft": 4.4, "lrr_since_2016_ft": 7.8, "usgs_lrr_ft": 3.6, "epr_hist_ft": 4.6, "net_since_first_ft": 825.0, "net_hist_ft": 769.0, "sat_change_since_2018_ft": 55.0, "segment": "Town of Edisto Beach", "first_year": 1852, "trans_order": 4733 }, "geometry": { "type": "LineString", "coordinates": [ [ -80.342358, 32.48365 ], [ -80.341298, 32.484033 ], [ -80.340062, 32.484479 ] ] } },
{ "type": "Feature", "properties": { "lrr_hist_ft": 3.6, "lrr_sat_ft": 4.5, "lrr_since_2016_ft": 6.1, "usgs_lrr_ft": 3.3, "epr_hist_ft": 4.4, "net_since_first_ft": 768.0, "net_hist_ft": 729.0, "sat_change_since_2018_ft": 39.0, "segment": "Town of Edisto Beach", "first_year": 1852, "trans_order": 4734 }, "geometry": { "type": "LineString", "coordinates": [ [ -80.342535, 32.484077 ], [ -80.341507, 32.484448 ], [ -80.34036, 32.484862 ] ] } },
{ "type": "Feature", "properties": { "lrr_hist_ft": 3.4, "lrr_sat_ft": 4.7, "lrr_since_2016_ft": 5.0, "usgs_lrr_ft": 3.4, "epr_hist_ft": 4.1, "net_since_first_ft": 718.0, "net_hist_ft": 686.0, "sat_change_since_2018_ft": 33.0, "segment": "Town of Edisto Beach", "first_year": 1852, "trans_order": 4735 }, "geometry": { "type": "LineString", "coordinates": [ [ -80.342691, 32.48451 ], [ -80.341715, 32.484863 ], [ -80.340645, 32.485249 ] ] } },
{ "type": "Feature", "properties": { "lrr_hist_ft": 3.1, "lrr_sat_ft": 4.8, "lrr_since_2016_ft": 5.2, "usgs_lrr_ft": 3.1, "epr_hist_ft": 3.8, "net_since_first_ft": 680.0, "net_hist_ft": 639.0, "sat_change_since_2018_ft": 41.0, "segment": "Town of Edisto Beach", "first_year": 1852, "trans_order": 4736 }, "geometry": { "type": "LineString", "coordinates": [ [ -80.34284, 32.484947 ], [ -80.341924, 32.485278 ], [ -80.340934, 32.485635 ] ] } },
{ "type": "Feature", "properties": { "lrr_hist_ft": 2.9, "lrr_sat_ft": 4.8, "lrr_since_2016_ft": 5.4, "usgs_lrr_ft": 2.9, "epr_hist_ft": 3.6, "net_since_first_ft": 648.0, "net_hist_ft": 604.0, "sat_change_since_2018_ft": 43.0, "segment": "Town of Edisto Beach", "first_year": 1852, "trans_order": 4737 }, "geometry": { "type": "LineString", "coordinates": [ [ -80.342989, 32.485384 ], [ -80.342133, 32.485693 ], [ -80.341185, 32.486035 ] ] } },
{ "type": "Feature", "properties": { "lrr_hist_ft": 2.8, "lrr_sat_ft": 4.6, "lrr_since_2016_ft": 6.0, "usgs_lrr_ft": 2.8, "epr_hist_ft": 3.5, "net_since_first_ft": 623.0, "net_hist_ft": 574.0, "sat_change_since_2018_ft": 48.0, "segment": "Town of Edisto Beach", "first_year": 1852, "trans_order": 4738 }, "geometry": { "type": "LineString", "coordinates": [ [ -80.34315, 32.485816 ], [ -80.342341, 32.486108 ], [ -80.341436, 32.486435 ] ] } },
{ "type": "Feature", "properties": { "lrr_hist_ft": 2.7, "lrr_sat_ft": 4.2, "lrr_since_2016_ft": 5.9, "usgs_lrr_ft": 2.7, "epr_hist_ft": 3.4, "net_since_first_ft": 606.0, "net_hist_ft": 556.0, "sat_change_since_2018_ft": 50.0, "segment": "Town of Edisto Beach", "first_year": 1852, "trans_order": 4739 }, "geometry": { "type": "LineString", "coordinates": [ [ -80.34331, 32.486248 ], [ -80.34255, 32.486523 ], [ -80.341651, 32.486847 ] ] } },
{ "type": "Feature", "properties": { "lrr_hist_ft": 2.6, "lrr_sat_ft": 3.5, "lrr_since_2016_ft": 5.4, "usgs_lrr_ft": 2.6, "epr_hist_ft": 3.2, "net_since_first_ft": 585.0, "net_hist_ft": 537.0, "sat_change_since_2018_ft": 48.0, "segment": "Town of Edisto Beach", "first_year": 1852, "trans_order": 4740 }, "geometry": { "type": "LineString", "coordinates": [ [ -80.343466, 32.486682 ], [ -80.342758, 32.486937 ], [ -80.341863, 32.487261 ] ] } },
{ "type": "Feature", "properties": { "lrr_hist_ft": 2.5, "lrr_sat_ft": 3.4, "lrr_since_2016_ft": 4.7, "usgs_lrr_ft": 2.5, "epr_hist_ft": 3.1, "net_since_first_ft": 566.0, "net_hist_ft": 520.0, "sat_change_since_2018_ft": 46.0, "segment": "Town of Edisto Beach", "first_year": 1852, "trans_order": 4741 }, "geometry": { "type": "LineString", "coordinates": [ [ -80.343616, 32.487118 ], [ -80.342967, 32.487352 ], [ -80.342063, 32.487679 ] ] } },
{ "type": "Feature", "properties": { "lrr_hist_ft": 2.5, "lrr_sat_ft": 3.6, "lrr_since_2016_ft": 5.3, "usgs_lrr_ft": 2.5, "epr_hist_ft": 3.1, "net_since_first_ft": 551.0, "net_hist_ft": 507.0, "sat_change_since_2018_ft": 44.0, "segment": "Town of Edisto Beach", "first_year": 1852, "trans_order": 4742 }, "geometry": { "type": "LineString", "coordinates": [ [ -80.343752, 32.487559 ], [ -80.343175, 32.487767 ], [ -80.342239, 32.488105 ] ] } },
{ "type": "Feature", "properties": { "lrr_hist_ft": 2.4, "lrr_sat_ft": 3.3, "lrr_since_2016_ft": 5.6, "usgs_lrr_ft": 2.4, "epr_hist_ft": 2.9, "net_since_first_ft": 518.0, "net_hist_ft": 482.0, "sat_change_since_2018_ft": 36.0, "segment": "Town of Edisto Beach", "first_year": 1852, "trans_order": 4743 }, "geometry": { "type": "LineString", "coordinates": [ [ -80.343877, 32.488004 ], [ -80.343384, 32.488182 ], [ -80.342437, 32.488524 ] ] } },
{ "type": "Feature", "properties": { "lrr_hist_ft": 2.4, "lrr_sat_ft": 3.0, "lrr_since_2016_ft": 6.7, "usgs_lrr_ft": 2.4, "epr_hist_ft": 2.9, "net_since_first_ft": 514.0, "net_hist_ft": 477.0, "sat_change_since_2018_ft": 37.0, "segment": "Town of Edisto Beach", "first_year": 1852, "trans_order": 4744 }, "geometry": { "type": "LineString", "coordinates": [ [ -80.343998, 32.488451 ], [ -80.343592, 32.488597 ], [ -80.342575, 32.488965 ] ] } },
{ "type": "Feature", "properties": { "lrr_hist_ft": 2.6, "lrr_sat_ft": 3.3, "lrr_since_2016_ft": 7.3, "usgs_lrr_ft": 2.6, "epr_hist_ft": 3.0, "net_since_first_ft": 542.0, "net_hist_ft": 493.0, "sat_change_since_2018_ft": 48.0, "segment": "Town of Edisto Beach", "first_year": 1852, "trans_order": 4745 }, "geometry": { "type": "LineString", "coordinates": [ [ -80.344119, 32.488897 ], [ -80.343801, 32.489012 ], [ -80.342647, 32.489429 ] ] } },
{ "type": "Feature", "properties": { "lrr_hist_ft": 3.2, "lrr_sat_ft": 3.5, "lrr_since_2016_ft": 9.4, "usgs_lrr_ft": 3.2, "epr_hist_ft": 3.4, "net_since_first_ft": 614.0, "net_hist_ft": 567.0, "sat_change_since_2018_ft": 47.0, "segment": "Town of Edisto Beach", "first_year": 1852, "trans_order": 4746 }, "geometry": { "type": "LineString", "coordinates": [ [ -80.344222, 32.489351 ], [ -80.34401, 32.489427 ], [ -80.342528, 32.489962 ] ] } },
{ "type": "Feature", "properties": { "lrr_hist_ft": 3.1, "lrr_sat_ft": 3.6, "lrr_since_2016_ft": 9.3, "usgs_lrr_ft": 3.1, "epr_hist_ft": 3.3, "net_since_first_ft": 619.0, "net_hist_ft": 546.0, "sat_change_since_2018_ft": 72.0, "segment": "Town of Edisto Beach", "first_year": 1852, "trans_order": 4747 }, "geometry": { "type": "LineString", "coordinates": [ [ -80.344313, 32.489808 ], [ -80.344218, 32.489842 ], [ -80.342682, 32.490397 ] ] } },
{ "type": "Feature", "properties": { "lrr_hist_ft": 3.2, "lrr_sat_ft": 4.0, "lrr_since_2016_ft": 6.4, "usgs_lrr_ft": 3.2, "epr_hist_ft": 3.4, "net_since_first_ft": 623.0, "net_hist_ft": 568.0, "sat_change_since_2018_ft": 55.0, "segment": "Town of Edisto Beach", "first_year": 1852, "trans_order": 4748 }, "geometry": { "type": "LineString", "coordinates": [ [ -80.344483, 32.490237 ], [ -80.344427, 32.490257 ], [ -80.342788, 32.490849 ] ] } },
{ "type": "Feature", "properties": { "lrr_hist_ft": 3.6, "lrr_sat_ft": 4.3, "lrr_since_2016_ft": 4.4, "usgs_lrr_ft": 3.6, "epr_hist_ft": 3.8, "net_since_first_ft": 676.0, "net_hist_ft": 634.0, "sat_change_since_2018_ft": 42.0, "segment": "Town of Edisto Beach", "first_year": 1852, "trans_order": 4749 }, "geometry": { "type": "LineString", "coordinates": [ [ -80.344782, 32.49062 ], [ -80.344635, 32.490672 ], [ -80.342884, 32.491291 ] ] } },
{ "type": "Feature", "properties": { "lrr_hist_ft": 4.0, "lrr_sat_ft": 4.7, "lrr_since_2016_ft": 3.3, "usgs_lrr_ft": 4.0, "epr_hist_ft": 4.2, "net_since_first_ft": 729.0, "net_hist_ft": 697.0, "sat_change_since_2018_ft": 33.0, "segment": "Town of Edisto Beach", "first_year": 1852, "trans_order": 4750 }, "geometry": { "type": "LineString", "coordinates": [ [ -80.345068, 32.491014 ], [ -80.344844, 32.491087 ], [ -80.342957, 32.491697 ] ] } },
{ "type": "Feature", "properties": { "lrr_hist_ft": 4.3, "lrr_sat_ft": 4.8, "lrr_since_2016_ft": 1.2, "usgs_lrr_ft": 4.3, "epr_hist_ft": 4.6, "net_since_first_ft": 773.0, "net_hist_ft": 759.0, "sat_change_since_2018_ft": 14.0, "segment": "Town of Edisto Beach", "first_year": 1852, "trans_order": 4751 }, "geometry": { "type": "LineString", "coordinates": [ [ -80.34536, 32.491412 ], [ -80.345053, 32.491502 ], [ -80.343034, 32.492095 ] ] } },
{ "type": "Feature", "properties": { "lrr_hist_ft": 4.8, "lrr_sat_ft": 4.8, "lrr_since_2016_ft": -0.3, "usgs_lrr_ft": 4.8, "epr_hist_ft": 5.0, "net_since_first_ft": 837.0, "net_hist_ft": 833.0, "sat_change_since_2018_ft": 4.0, "segment": "Town of Edisto Beach", "first_year": 1852, "trans_order": 4752 }, "geometry": { "type": "LineString", "coordinates": [ [ -80.345665, 32.49181 ], [ -80.345261, 32.491917 ], [ -80.343085, 32.492493 ] ] } },
{ "type": "Feature", "properties": { "lrr_hist_ft": 5.3, "lrr_sat_ft": 4.6, "lrr_since_2016_ft": -2.0, "usgs_lrr_ft": 5.3, "epr_hist_ft": 5.6, "net_since_first_ft": 920.0, "net_hist_ft": 931.0, "sat_change_since_2018_ft": -11.0, "segment": "Town of Edisto Beach", "first_year": 1852, "trans_order": 4753 }, "geometry": { "type": "LineString", "coordinates": [ [ -80.345949, 32.492219 ], [ -80.345438, 32.49234 ], [ -80.343039, 32.492906 ] ] } },
{ "type": "Feature", "properties": { "lrr_hist_ft": 5.9, "lrr_sat_ft": 4.2, "lrr_since_2016_ft": -1.4, "usgs_lrr_ft": 5.9, "epr_hist_ft": 6.4, "net_since_first_ft": 1062.0, "net_hist_ft": 1054.0, "sat_change_since_2018_ft": 8.0, "segment": "Town of Edisto Beach", "first_year": 1852, "trans_order": 4754 }, "geometry": { "type": "LineString", "coordinates": [ [ -80.346219, 32.49264 ], [ -80.345521, 32.492785 ], [ -80.342898, 32.493331 ] ] } },
{ "type": "Feature", "properties": { "lrr_hist_ft": 6.6, "lrr_sat_ft": 4.1, "lrr_since_2016_ft": 0.0, "usgs_lrr_ft": 6.6, "epr_hist_ft": 7.0, "net_since_first_ft": 1175.0, "net_hist_ft": 1162.0, "sat_change_since_2018_ft": 13.0, "segment": "Town of Edisto Beach", "first_year": 1852, "trans_order": 4755 }, "geometry": { "type": "LineString", "coordinates": [ [ -80.346386, 32.493089 ], [ -80.345604, 32.493231 ], [ -80.342698, 32.493756 ] ] } }
]
}
